$MeshFormat
2.2 0 8
$EndMeshFormat
$PhysicalNames
5
1 2 "inlet"
1 3 "outlet"
1 4 "side_walls"
1 5 "cylinder"
2 1 "fluid"
$EndPhysicalNames
$Nodes
1415
1 0.25 0.2 0
2 0 0 0
3 2.2 0 0
4 0 0.41 0
5 2.2 0.41 0
6 0.2488000450146984 0.2108883243230264 0
7 0.2453348617039235 0.2210891041603508 0
8 0.2397361092557236 0.2303486675361078 0
9 0.2322833933116482 0.2381809182221359 0
10 0.223354275038672 0.2442106077476669 0
11 0.2132914398884826 0.2482010127039967 0
12 0.2026257108898533 0.2499310088254074 0
13 0.1918654883329377 0.2493338597713419 0
14 0.181434933264549 0.246425621127867 0
15 0.1718998074700896 0.2413567307675785 0
16 0.163687934698125 0.2343719931559456 0
17 0.1571383684084239 0.2257464665014057 0
18 0.1526120323120841 0.2159493109070278 0
19 0.1502941416739992 0.2054155007225132 0
20 0.1502941416739992 0.1945844992774874 0
21 0.1526120323120839 0.1840506890929729 0
22 0.1571383684084236 0.1742535334985949 0
23 0.1636879346981248 0.1656280068440547 0
24 0.1718998074700895 0.1586432692324216 0
25 0.181434933264549 0.153574378872133 0
26 0.1918654883329377 0.1506661402286581 0
27 0.2026257108898534 0.1500689911745927 0
28 0.2132914398884828 0.1517989872960033 0
29 0.2233542750386721 0.1557893922523332 0
30 0.2322833933116482 0.1618190817778641 0
31 0.2397361092557238 0.1696513324638925 0
32 0.2453348617039237 0.1789108958396494 0
33 0.2488000450146984 0.1891116756769737 0
34 0.03519170245177779 0 0
35 0.06803239492096316 0 0
36 0.09841169898507141 0 0
37 0.1265678077718638 0 0
38 0.1531657414166888 0 0
39 0.1786661766707828 0 0
40 0.203652728756535 0 0
41 0.2288142988228982 0 0
42 0.2545346496008533 0 0
43 0.2815076395649908 0 0
44 0.310339119690456 0 0
45 0.3413717720045673 0 0
46 0.3749240547166357 0 0
47 0.410795109030882 0 0
48 0.448374016387992 0 0
49 0.4870617920695046 0 0
50 0.5263658181847786 0 0
51 0.5659758648373534 0 0
52 0.6057264101042351 0 0
53 0.6455387609824587 0 0
54 0.6853780325534156 0 0
55 0.7252287547765757 0 0
56 0.765084262623495 0 0
57 0.8049417447526537 0 0
58 0.8448000329933421 0 0
59 0.8846586476401389 0 0
60 0.9245173936692035 0 0
61 0.9643761922271754 0 0
62 1.004235011729933 0 0
63 1.044093839531999 0 0
64 1.083952670619165 0 0
65 1.123811503023386 0 0
66 1.163670335925864 0 0
67 1.203529169033723 0 0
68 1.243388002225186 0 0
69 1.283246835446949 0 0
70 1.323105668680951 0 0
71 1.362964501919951 0 0
72 1.402823335160759 0 0
73 1.442682168402288 0 0
74 1.482541001644111 0 0
75 1.522399834886041 0 0
76 1.562258668128014 0 0
77 1.602117501370004 0 0
78 1.641976334612 0 0
79 1.681835167853999 0 0
80 1.721694001095998 0 0
81 1.761552834337999 0 0
82 1.801411667579998 0 0
83 1.841270500821999 0 0
84 1.881129334063999 0 0
85 1.920988167305999 0 0
86 1.960847000547999 0 0
87 2.000705833789999 0 0
88 2.040564667032 0 0
89 2.080423500274 0 0
90 2.120282333516 0 0
91 2.160141166758 0 0
92 0 0.3742637748722061 0
93 0 0.3407678993969344 0
94 0 0.309813479029736 0
95 0 0.2811300191874048 0
96 0 0.2541563281162023 0
97 0 0.2284921415262045 0
98 0 0.2034310746390128 0
99 0 0.1784094653545395 0
100 0 0.1529854181529353 0
101 0 0.1264190813241184 0
102 0 0.0982565878779923 0
103 0 0.06797341896675918 0
104 0 0.03516176202709598 0
105 2.2 0.03727272727272726 0
106 2.2 0.07454545454545455 0
107 2.2 0.1118181818181818 0
108 2.2 0.1490909090909091 0
109 2.2 0.1863636363636364 0
110 2.2 0.2236363636363637 0
111 2.2 0.260909090909091 0
112 2.2 0.2981818181818182 0
113 2.2 0.3354545454545454 0
114 2.2 0.3727272727272727 0
115 2.160586451063784 0.41 0
116 2.121172902127569 0.41 0
117 2.081759353191353 0.41 0
118 2.042345804255138 0.41 0
119 2.002932255318922 0.41 0
120 1.963518706382707 0.41 0
121 1.924105157446491 0.41 0
122 1.884691608510276 0.41 0
123 1.84527805957406 0.41 0
124 1.805864510637845 0.41 0
125 1.766450961701629 0.41 0
126 1.727037412765414 0.41 0
127 1.687623863829198 0.41 0
128 1.648210314892984 0.41 0
129 1.608796765956772 0.41 0
130 1.569383217020565 0.41 0
131 1.529969668084371 0.41 0
132 1.490556119148212 0.41 0
133 1.451142570212138 0.41 0
134 1.411729021276277 0.41 0
135 1.372315472340974 0.41 0
136 1.332901923407106 0.41 0
137 1.293488374476755 0.41 0
138 1.254074825555179 0.41 0
139 1.214661276657272 0.41 0
140 1.175247727816868 0.41 0
141 1.135834179117419 0.41 0
142 1.096420630781245 0.41 0
143 1.057007083329369 0.41 0
144 1.017593538158297 0.41 0
145 0.9781799985426165 0.41 0
146 0.9387664728916709 0.41 0
147 0.8993529817342967 0.41 0
148 0.8599395758126669 0.41 0
149 0.8205263790608617 0.41 0
150 0.781113692376693 0.41 0
151 0.7417022399330042 0.41 0
152 0.7022937430947789 0.41 0
153 0.662892238847421 0.41 0
154 0.623507011264278 0.41 0
155 0.5841588730889287 0.41 0
156 0.5448947241401467 0.41 0
157 0.505814266944195 0.41 0
158 0.4671113004533916 0.41 0
159 0.4291192187707189 0.41 0
160 0.3923061279106355 0.41 0
161 0.357238083715941 0.41 0
162 0.3243333569219498 0.41 0
163 0.2935492418644292 0.41 0
164 0.2646298720189402 0.41 0
165 0.2371533463150857 0.41 0
166 0.2104017731689718 0.41 0
167 0.1839406455583914 0.41 0
168 0.1571362297792391 0.41 0
169 0.1293211396788925 0.41 0
170 0.1000967453225634 0.41 0
171 0.06888450811582425 0.41 0
172 0.03545158664994652 0.41 0
173 0.4342235609868441 0.2276129235205019 0
174 0.3390702163790683 0.115984866884985 0
175 0.3376741789285811 0.2836097344938906 0
176 0.1035224870598896 0.3085026943751439 0
177 0.09002834145794392 0.1166095481959723 0
178 0.6359608114415685 0.2056225282202696 0
179 0.2735860060901664 0.09816205609443474 0
180 0.3212169715767854 0.1863872127158702 0
181 0.2674155228270106 0.299271561887021 0
182 1.993043632953119 0.201481882691486 0
183 1.786013907625125 0.2010198253864257 0
184 1.545644602377898 0.211119263202913 0
185 1.308823724683693 0.2114040218365202 0
186 1.080318975825366 0.2078500602113948 0
187 0.8638230688049134 0.2051953380260563 0
188 0.0962078005837026 0.2479525280792785 0
189 0.1704088688996818 0.3098558886970015 0
190 0.08479055971351812 0.1822904405325938 0
191 0.1668823543229203 0.07718042410760881 0
192 0.2949003453956096 0.2312746067775511 0
193 0.2163454960055458 0.09922715514462135 0
194 0.2873518666821547 0.1471830951854642 0
195 0.1366756750243269 0.2744496542296303 0
196 0.2150212633157438 0.2952502413554471 0
197 0.4527396373274047 0.1122319080751595 0
198 0.1357777847445104 0.1273779139660736 0
199 0.350768947998634 0.229591673011134 0
200 1.668283747506681 0.2736051545552385 0
201 1.431803990779001 0.2736314388644558 0
202 1.195323870194133 0.2736515455120128 0
203 1.667890614730017 0.1362044359901953 0
204 1.430231039884528 0.1367628446276068 0
205 1.19631550735497 0.1351613704323827 0
206 0.5356147559530982 0.2899321140461538 0
207 0.1205020856641639 0.163613503653611 0
208 0.7514219656104673 0.2747968993972064 0
209 0.3900129103628349 0.1647527622034549 0
210 0.7475711385015339 0.129995548522328 0
211 0.2643542914771965 0.2610537039791384 0
212 0.2415343438426508 0.3478721065123922 0
213 0.9673613799269998 0.2822930717533329 0
214 0.9706863355802842 0.1302698912138074 0
215 0.1766121930408961 0.114975172161701 0
216 1.889975801262992 0.2806519174421699 0
217 1.888949927640697 0.1294709131023855 0
218 0.4267814479621985 0.3171283233441987 0
219 0.1219450566542216 0.08317487386567428 0
220 0.1113113830245985 0.211502684749718 0
221 0.2475294857351913 0.128725487370748 0
222 0.3164228936123322 0.3454481479648438 0
223 0.2413565295296789 0.05178250199373494 0
224 0.2858012932045841 0.1905442117196655 0
225 2.077047688283009 0.2868417545451058 0
226 2.081930422836042 0.1150496981761841 0
227 0.05343440981955783 0.2204832846405016 0
228 0.5676918062275681 0.1111881448788087 0
229 0.05672141202156 0.2859807480258649 0
230 0.06519908658273588 0.06047313471593879 0
231 0.312709056537911 0.05577462664634483 0
232 0.1383876127665409 0.3556827925373349 0
233 0.1881606643159789 0.35617220795932 0
234 0.1772427053983251 0.2806697087428843 0
235 0.0484183787020509 0.1475763363565478 0
236 0.1300017086804894 0.2413987976838645 0
237 0.2008690473260495 0.05949826050097443 0
238 0.3012925403159056 0.2709511418729041 0
239 0.2340894557950025 0.2733845393681211 0
240 0.6445274524389507 0.3154265599278603 0
241 1.789529081725362 0.3062075928252772 0
242 1.549254875495892 0.3106194030830967 0
243 1.312773226998833 0.310652843423965 0
244 1.08458446844072 0.3101357259877456 0
245 1.089437402422744 0.09751890237478442 0
246 1.303929776644428 0.1000758806955773 0
247 0.8497701893975719 0.3069788993170796 0
248 1.550367741945766 0.1007579252850918 0
249 1.77593514460103 0.09624046077502869 0
250 0.3786352528667383 0.06474319872838727 0
251 0.8647293403167405 0.1013009211036499 0
252 0.5212475864280642 0.193048846391761 0
253 0.05662256797537801 0.3425417894922044 0
254 1.9778730155032 0.3095322136856725 0
255 0.3929485581106978 0.2692960697539613 0
256 1.984711316310925 0.09728414552383727 0
257 0.301322432464004 0.1123653809964127 0
258 0.325139288220134 0.148536158588382 0
259 0.08794692975792673 0.1475721542285679 0
260 0.663350249210737 0.09293364862651256 0
261 2.111385667210181 0.205 0
262 0.2728015534299394 0.2266843442911023 0
263 0.2125894159358567 0.1234419229853908 0
264 0.04800767531324279 0.1840398356685029 0
265 0.2647045349689415 0.1608767002431848 0
266 0.04637181622215381 0.1018018471227311 0
267 0.137930698168372 0.04020646288429713 0
268 0.1037737725435944 0.2798395650341093 0
269 0.1363739390049632 0.3067352373843344 0
270 0.1262099727970958 0.1861592931180181 0
271 0.1987591579454993 0.3267130742101699 0
272 0.3081295057985772 0.307560878101935 0
273 0.2402213049452255 0.3183075292848982 0
274 0.2756409496143586 0.3393208876197563 0
275 0.3709142898537929 0.3320844642583619 0
276 0.1432764791786977 0.1499854200972068 0
277 0.1622179372066288 0.1355391300907573 0
278 0.1512256352021096 0.1009265399040105 0
279 0.08205598210941067 0.2207343645142336 0
280 0.363728074959112 0.1937973828622173 0
281 0.1585575661238039 0.2624193229487217 0
282 0.2116819228690759 0.2720210999102362 0
283 0.3922644699019442 0.1153924211460559 0
284 0.1907247181474312 0.09209214129903764 0
285 0.3242800788178276 0.2497363541269348 0
286 0.2795371082376382 0.06121835674883225 0
287 0.1741417062497927 0.04155830565141866 0
288 0.1112348151304019 0.1366761687897057 0
289 0.2419618241682306 0.08317881504336527 0
290 0.306447823943729 0.2080883308071745 0
291 0.2744559542559832 0.1247134820470953 0
292 0.3021104098033534 0.1686569661474141 0
293 0.09571198579985607 0.3527988186612064 0
294 0.06430838060430566 0.2529172148348364 0
295 1.870945918164256 0.2061747923885111 0
296 0.9447029124359247 0.206138071476144 0
297 1.70683095386654 0.2053159711041113 0
298 0.7173872705476891 0.2035622230695624 0
299 1.468157646155691 0.2067994432116705 0
300 1.233957495132986 0.2055121503398307 0
301 1.382906605013796 0.07900095838300855 0
302 1.155334955050623 0.2065676374549876 0
303 1.391796706146934 0.2065815704685669 0
304 1.628253405198353 0.2065979850488205 0
305 1.621270892407191 0.07851462596869505 0
306 0.1561049496834678 0.2894777262005461 0
307 0.1917742181671014 0.3000580017688063 0
308 0.4953411141459108 0.3433549611233986 0
309 1.024845268500264 0.07462286425278278 0
310 0.1031626410267182 0.05016436934998672 0
311 1.712128740284862 0.3384258279148282 0
312 1.621290395553677 0.3347780326341596 0
313 1.475239962405566 0.3386720999244295 0
314 1.384807659588192 0.3347884211591633 0
315 1.238764981994423 0.338701531831575 0
316 1.148325266188274 0.334796339034921 0
317 0.1165347840778849 0.1101155810390965 0
318 0.1312128358648844 0.2206815840687527 0
319 0.915575688336865 0.3375123889401905 0
320 0.4709210239128591 0.2743921542425284 0
321 0.4509887874033076 0.1717369292526528 0
322 0.5062530538126211 0.07241122281076207 0
323 0.3581641889607597 0.1453234232954372 0
324 1.711204985710216 0.07458554314088872 0
325 1.481055579143217 0.06738381477466079 0
326 0.7891372886329238 0.1977914242825282 0
327 0.7953699135577945 0.07394299371190441 0
328 0.2585477981542276 0.2411104265428017 0
329 1.232117021095925 0.07925787880786281 0
330 0.3908838117343698 0.2238912530680431 0
331 0.1921194081500945 0.1310316247024114 0
332 0.2953373886100368 0.08491549947154542 0
333 0.2380128333845755 0.1064645991050669 0
334 0.7103445700107021 0.338720419041083 0
335 0.2786303789847471 0.2452094163263052 0
336 1.157636464828465 0.07488219263740806 0
337 2.130086328108721 0.3412005734471322 0
338 1.846241430983079 0.07176294390302912 0
339 2.131512053936508 0.06727347460329716 0
340 0.2293905097282034 0.1367392565678989 0
341 0.2446531668020401 0.2948108518163783 0
342 0.2481327138218633 0.1489196469112939 0
343 1.009760500277987 0.3458296991336103 0
344 0.7798826566487889 0.3439843289178157 0
345 0.2676375815392341 0.1811257679386357 0
346 0.2701789988634347 0.2038983520178727 0
347 0.9281560981395015 0.06682832284051682 0
348 0.3327688702583708 0.2082016962987277 0
349 0.1373907121264173 0.1710741881213986 0
350 1.848904571792507 0.338777410806937 0
351 0.2779740563008104 0.2766810273156432 0
352 0.2434284742933217 0.2548746484254155 0
353 0.1633167832413081 0.3379306954069476 0
354 1.035260333787212 0.1457396863540776 0
355 0.08978741717261474 0.08331178832688207 0
356 1.356231422923234 0.1460906358745929 0
357 0.2615557116989633 0.3719783340621234 0
358 0.1981923139071496 0.1098078425057539 0
359 0.3454063908919087 0.169050297233437 0
360 0.582177870789422 0.3412212215562523 0
361 0.1163505877030252 0.2617501830907339 0
362 1.593281638366896 0.1460007866255141 0
363 0.8963985124437919 0.2617902152630489 0
364 0.1480170455519894 0.2462664729600206 0
365 0.7294861885180876 0.06396037994643847 0
366 1.00798191400383 0.2176189174523339 0
367 0.214663042009698 0.0321535892185798 0
368 0.4350460011419467 0.05965140924641413 0
369 1.919776595474322 0.3405272093810389 0
370 0.1055418513296197 0.1814760472317182 0
371 1.922341118505941 0.06836946892659224 0
372 1.929393727955274 0.1859617579627557 0
373 0.06986029346062006 0.1980503442145349 0
374 0.1128731588489233 0.2307741159255494 0
375 0.3230837487870231 0.0920368760913968 0
376 1.82744183265783 0.1503168181021289 0
377 1.737677267915554 0.2634673790279467 0
378 0.5791296219617509 0.2277018715896809 0
379 1.497724293968642 0.262781368901263 0
380 1.261257292912099 0.2628538084594665 0
381 0.08142112462417872 0.2956191653502279 0
382 0.08254008187404116 0.2683719246701945 0
383 1.127716569205899 0.2674900035843307 0
384 1.361479410323995 0.2681985872621736 0
385 0.1933495213797294 0.2677563595346458 0
386 1.597970544683961 0.2681994778940413 0
387 1.948365015727911 0.2519796885799848 0
388 2.045437026823287 0.3456052143235958 0
389 0.1236921865027303 0.3316267293715737 0
390 2.045065993447304 0.06379768847380266 0
391 0.2826089170029155 0.1686202353233954 0
392 0.2152624336265002 0.37648282477456 0
393 0.9074155914099932 0.1501908188321623 0
394 1.829219849190161 0.2591799221823137 0
395 0.0711762140561143 0.1619737510155109 0
396 1.734979479409773 0.1460408460951585 0
397 0.2661197853453232 0.1414528957383974 0
398 0.03191316191733451 0.2479951177996534 0
399 0.2874990259083665 0.2128436771968391 0
400 0.2204884105219447 0.07524596475343259 0
401 0.09171680294566009 0.2030682282202508 0
402 2.144628362814785 0.137793668868949 0
403 2.145739377376267 0.2725507113727874 0
404 1.495224569840975 0.1458822767366584 0
405 0.6880264569111867 0.2627723325362835 0
406 0.3362391585152799 0.3137920568686158 0
407 0.5102610282100709 0.1348304925304054 0
408 0.2534984282086115 0.2763391185627201 0
409 0.266271061264484 0.03059781956300836 0
410 0.6034340830196302 0.06615213295493189 0
411 2.053027282479303 0.2312852284418358 0
412 1.257771820849866 0.1465177186873157 0
413 0.3480443556299346 0.2616595570880491 0
414 2.024114434554546 0.1491590673371254 0
415 0.8116219761571464 0.2559584582062179 0
416 0.1227369804747626 0.2908235084999196 0
417 0.8135422736240536 0.1381676778552263 0
418 0.679657701664669 0.1559836202528785 0
419 0.3071212381365978 0.1362233470655629 0
420 0.3178772684599943 0.2260598998245999 0
421 0.2197455113915766 0.319981736076428 0
422 0.1431532948718992 0.0801495007980242 0
423 0.06830877993647966 0.129269525862698 0
424 0.2169370865030948 0.3443251029044858 0
425 0.3527411510635257 0.3677061301078497 0
426 0.1611995328640807 0.3770095405498438 0
427 0.1334827724302311 0.2037142052939666 0
428 0.402432943329132 0.3632475353857073 0
429 1.135746215258002 0.1492784211566956 0
430 0.5808191871199605 0.1756622818846586 0
431 0.2246755545617858 0.2610070012267929 0
432 0.170244314065592 0.09613423245113654 0
433 0.17562931576628 0.2619053984634391 0
434 0.2962651046449278 0.03655188252186167 0
435 0.2979010979777676 0.2513263905072403 0
436 0.1585132322807422 0.117922308128223 0
437 0.1994334064763317 0.2841530851556946 0
438 0.3565473001612318 0.08364303539563737 0
439 0.2568978436022622 0.1119854312434998 0
440 0.3462723487219701 0.03585691894950679 0
441 0.07559123100645371 0.3245269837876747 0
442 0.2292672267371672 0.1185811349778141 0
443 0.03497373153757222 0.3146510725795073 0
444 0.1591916916987702 0.1501545669954074 0
445 0.3698197828380296 0.2945683646843947 0
446 0.1526690997681459 0.325058484139118 0
447 1.026328033707237 0.2812083355788574 0
448 0.02825380333031124 0.2055775028717491 0
449 0.1320755173445389 0.1060402209119973 0
450 0.1783081172061389 0.1366481613476803 0
451 0.13659651916122 0.258758075952067 0
452 0.4273927919365312 0.1407357336174837 0
453 0.3081261359514968 0.1863272434723841 0
454 0.4819010962749269 0.2324335288110653 0
455 0.1159690547032132 0.384521310322141 0
456 0.2835712899374738 0.3173663770867804 0
457 0.02483871440829533 0.1649614905526109 0
458 0.1425474659999016 0.2315479396374725 0
459 0.3011041723090211 0.3762515027362272 0
460 0.3750012134981786 0.2462301064582467 0
461 0.2626492904624331 0.07586137856923283 0
462 0.1032589143074498 0.1590945244585669 0
463 0.1846773359138021 0.07065989711395895 0
464 0.1258478502865955 0.147136560995394 0
465 2.012227285629983 0.2676100566623233 0
466 0.1083373385056334 0.191759757774725 0
467 0.2886229547390244 0.2968500643378287 0
468 0.2821049017165056 0.2646689067844117 0
469 0.5945445743801373 0.282395244279115 0
470 0.4119145426026234 0.1941608562230645 0
471 0.3152375691443131 0.2941107833812862 0
472 1.327269901590417 0.05140987289834906 0
473 0.8434165000416087 0.3591327713157562 0
474 1.08131094263982 0.05551596060394695 0
475 0.07717710110843923 0.2404633477812618 0
476 1.565700658279379 0.05122573815935796 0
477 0.6230083991641706 0.1258590212377287 0
478 0.2614558148053576 0.3200472822573859 0
479 0.1776091346273113 0.3290953560175315 0
480 0.2849794630370437 0.1080529053584519 0
481 1.667917089361091 0.3605195340500918 0
482 1.431435795744207 0.3605221946680869 0
483 1.19495450223707 0.3605242216701949 0
484 0.3226810764329464 0.1684608109162331 0
485 1.661768961932405 0.05201522536412198 0
486 0.1525568203236887 0.05978164291538079 0
487 1.42319481735298 0.05215730206635535 0
488 1.762580492629152 0.3585471598570005 0
489 1.571120441455518 0.3593765457842492 0
490 1.33464657057994 0.3593844525037273 0
491 1.098841222905221 0.3593830432300957 0
492 0.2225976471620472 0.282170015464992 0
493 1.952032884876367 0.1360127929045351 0
494 0.6438848034068821 0.3560242979591177 0
495 0.3214710467169789 0.2692990413614139 0
496 1.767036129738851 0.05612499167088028 0
497 0.070759989618703 0.378985625744273 0
498 2.070155391893802 0.1718502947685064 0
499 0.8456558248103604 0.05905287773840401 0
500 0.1879046968348732 0.3870229689960434 0
501 0.4360057896317766 0.2639134646862024 0
502 0.978044095295068 0.05073585813289333 0
503 0.02747903329727852 0.1229834381282478 0
504 0.174617696054747 0.2945553727900574 0
505 0.1296386259342669 0.0627277816990294 0
506 0.2373740052094602 0.02734530840161348 0
507 0.03291618969022481 0.07154941859689348 0
508 0.4545766238521859 0.3509398826285278 0
509 1.546044590249456 0.1586838658583783 0
510 0.9635444693056798 0.3573130076769458 0
511 0.06975406849503218 0.09694305627643647 0
512 1.558672939488982 0.2531694731228514 0
513 1.069075196671562 0.250551633762508 0
514 1.322133172006107 0.2532474087814125 0
515 0.1400816619321399 0.1872053364478596 0
516 0.9970905835349066 0.1743766128846858 0
517 0.3030716490436192 0.1520773608953902 0
518 0.2887743558270105 0.1313087514089858 0
519 0.02838684869199071 0.2759446501095143 0
520 0.1438588752046926 0.1372655610117445 0
521 0.2306434640883213 0.3043346901976295 0
522 0.03908949924668259 0.03744607724301133 0
523 0.5583741346416377 0.05019622957708558 0
524 0.09563047404904124 0.2220664909237416 0
525 0.2052136960721782 0.3070081456665029 0
526 1.308359700919873 0.1561610844554823 0
527 1.983155517282791 0.3748009290838561 0
528 1.289348887716057 0.3596373381477019 0
529 1.525828356396006 0.3596218787136078 0
530 1.980914269623852 0.03547701708012371 0
531 0.1390071190300007 0.2928563773962249 0
532 0.220660367761695 0.05923001069652453 0
533 0.5389460705294272 0.3578330144865421 0
534 1.516487831244506 0.04996836719566117 0
535 0.2061061856967603 0.08492354971993626 0
536 1.279957905018578 0.04263060903847599 0
537 0.2394683402422454 0.3763297511377584 0
538 0.1537183732583192 0.1647624684271046 0
539 0.2511717667695421 0.09284518754656748 0
540 0.343883139929652 0.1941087725059719 0
541 0.3275121107894123 0.1287024952309128 0
542 0.06563010737665076 0.1827389233979119 0
543 0.07553598005526441 0.03086640019738385 0
544 0.1142562023947262 0.2486340658844348 0
545 1.904998768497064 0.2366815595212063 0
546 0.2569830954297756 0.2263529229209772 0
547 0.638844584024182 0.2548972449047337 0
548 0.09429573694113969 0.1329407657260006 0
549 2.149561136993624 0.1755085792650455 0
550 2.142200631513154 0.2301089081364381 0
551 0.1953842711021204 0.04052453615502621 0
552 0.1167534803121821 0.02704297729043686 0
553 0.08463616111793693 0.1660253425897137 0
554 0.1634116606928484 0.2767447639801769 0
555 0.2020035360445919 0.1345355777838298 0
556 0.6654583967679371 0.04521256376813257 0
557 0.2492389402154859 0.3354990233295168 0
558 0.8596793468340157 0.1555131050613811 0
559 0.530578528504815 0.246633701051263 0
560 1.093636496453759 0.1605811028246488 0
561 0.2531365686928022 0.1678712178981748 0
562 0.2346769635990991 0.1488259811012338 0
563 0.2614583616501067 0.1931321746172114 0
564 0.10304568585083 0.2648086469905949 0
565 0.05842198703405765 0.3069434296006056 0
566 0.1041628850282567 0.09499253568928009 0
567 1.783378032772439 0.2479816620750518 0
568 1.774600788314076 0.1591899624587485 0
569 2.085317406303235 0.3578970175404217 0
570 0.2956497283819435 0.3381012988280899 0
571 0.03024940008941401 0.3718105965133038 0
572 0.6975194372898864 0.1191268070384914 0
573 2.085124718576555 0.05167506208384509 0
574 0.1623452158765426 0.2504729845631092 0
575 0.1540055628122818 0.3056987250150152 0
576 0.3707297609990922 0.1144486472121563 0
577 0.2620023242340412 0.2126372327462679 0
578 1.052644137017663 0.3627409375033747 0
579 0.4123859156643087 0.08745200277045365 0
580 0.2173753712476298 0.1394486374521084 0
581 1.808042790040133 0.04746569485322619 0
582 0.2307554992838493 0.09324893573104594 0
583 0.3680538598548888 0.2146269542788284 0
584 1.122422308326634 0.04599101125955096 0
585 0.1568282325409713 0.02526658993265204 0
586 1.809839067040841 0.363098962396975 0
587 0.3862296841320759 0.1996448414715197 0
588 0.7567433615455551 0.228004076938582 0
589 0.369064645759529 0.171633936641422 0
590 0.8526375360961127 0.2486051488760845 0
591 0.8891767590635418 0.0453100208067384 0
592 0.2830249603338432 0.3585379229410228 0
593 0.1245125994613931 0.1751030860510532 0
594 0.7448654703130024 0.3620806027909351 0
595 0.1207712518862789 0.1249541470182501 0
596 0.3407396402649701 0.1399908237994374 0
597 2.105974971229881 0.249725268287577 0
598 0.3101742760213789 0.2442086314241712 0
599 0.2454826319981762 0.241808713154113 0
600 1.979459323085729 0.1620182239412639 0
601 1.944546519413833 0.2980838925155603 0
602 0.282653790980093 0.2324814530795972 0
603 1.66723451448708 0.182559008847808 0
604 1.429884410090349 0.1829537056505426 0
605 2.036522013096099 0.3006253652026154 0
606 1.190015756636498 0.1788027887471343 0
607 0.04606626415732751 0.2027928340609675 0
608 0.1502411967443854 0.2732961734099535 0
609 0.1305502024632914 0.1558386813422278 0
610 1.198629534768037 0.04725193460621482 0
611 0.1858373492880154 0.1045005963455163 0
612 0.4707490626556297 0.03893075678794852 0
613 0.8787436462969064 0.373727631871821 0
614 1.667474329403353 0.2281594971133901 0
615 1.431435474791269 0.2289517250536633 0
616 1.194549083859909 0.2284155214347221 0
617 1.882333059289918 0.04877665354428898 0
618 0.1221214441482078 0.2761797402345296 0
619 0.2282113800675121 0.3298575510624702 0
620 0.1105811833586111 0.1500563319706115 0
621 0.1843104642900352 0.3129358513053803 0
622 0.2110984381237317 0.1113022672689716 0
623 0.2773830667477906 0.1579110589594866 0
624 0.3321928065714461 0.2339367285050569 0
625 0.2340738868309633 0.07008613382158807 0
626 0.1062047998433422 0.3357133820738695 0
627 0.1712866490461888 0.1279974490612424 0
628 0.2093440539826694 0.259092687540414 0
629 0.1400623707710364 0.2134722914095952 0
630 0.4091988095671364 0.03325955971864711 0
631 0.2536086648856953 0.2645595598857374 0
632 0.2598651062401415 0.3497357443215208 0
633 0.2617945890959653 0.06010321562369053 0
634 0.1207379853345002 0.3049894429174917 0
635 0.1090842872450948 0.294326096636961 0
636 0.3902375771176798 0.1415516465021409 0
637 1.882854097919167 0.3609403463814137 0
638 0.0488871141126741 0.1643453361274788 0
639 0.28946450993994 0.1797994474410354 0
640 0.2612305189927914 0.1290420544727803 0
641 0.4916425365820869 0.1676421323704672 0
642 0.1677669604362413 0.05992225498294024 0
643 0.2948792568300427 0.2018169539468303 0
644 0.1208914791649711 0.2024356806026807 0
645 0.5500566330240193 0.1642367142522526 0
646 0.7643884521938773 0.0445057784016003 0
647 0.7507418062510716 0.177647717712336 0
648 0.182343266156283 0.02053812454451853 0
649 0.1450442465888628 0.1143802848739232 0
650 0.1007704462868155 0.06959172012356238 0
651 0.2641466213438324 0.2855199640769743 0
652 1.422083026359128 0.09577020667172631 0
653 0.4108696087917793 0.2457317701820671 0
654 1.591502535066988 0.2279728136327383 0
655 0.1056289066297988 0.1215255106715527 0
656 1.358150871715722 0.2213898743392245 0
657 1.123874493982286 0.2272495968741669 0
658 1.746775111462743 0.2220439516886047 0
659 1.507213926774948 0.2218714106687225 0
660 1.27361411970759 0.2243500251268842 0
661 0.1694207954407456 0.1465760767832867 0
662 0.1237677127602075 0.2308632813905502 0
663 0.06809827853291517 0.228509082379094 0
664 0.3216289813668776 0.1097885411607529 0
665 0.05027708269749542 0.1256379487112972 0
666 1.660011908600093 0.09542175090526331 0
667 0.7883136309228338 0.2950609347127958 0
668 0.3209435504249831 0.03591223777565589 0
669 0.0953482219125168 0.1895990020059827 0
670 1.673129281815393 0.3164048577831598 0
671 1.436584105101876 0.3164714613661398 0
672 1.200106951264462 0.3164963209248134 0
673 0.3337482649649902 0.07431159716727648 0
674 0.3205619046719852 0.2017989481009168 0
675 0.3980669335378 0.2985886585696188 0
676 0.1987641949413395 0.3423369250071104 0
677 0.2704644046870084 0.2380337230850957 0
678 0.4635466469387001 0.3137174647025934 0
679 0.02888756352177113 0.2258208948672298 0
680 0.2993787735193887 0.2195322554118436 0
681 0.2770002583545952 0.08401261069866794 0
682 0.3439797021608825 0.3405429208727148 0
683 0.1461330606776391 0.3394410007126013 0
684 0.3498276304600558 0.210518770826254 0
685 2.163592431773881 0.09707978354495267 0
686 2.116116801894834 0.1677192794787558 0
687 0.0913203638162452 0.2341837670846151 0
688 2.162799339139673 0.3131808508542149 0
689 0.2086390553094595 0.3586243672995196 0
690 0.6806423939310262 0.2198174237845461 0
691 1.828590724688696 0.3020953615288944 0
692 0.2543426153643963 0.308770537932592 0
693 0.9263971282589186 0.2930279552898717 0
694 0.6786761560542323 0.3745506032188576 0
695 0.1395938527011539 0.3791748785013889 0
696 1.037997607378693 0.1905631280288529 0
697 1.82381543304291 0.1077103779586292 0
698 0.2309873817668637 0.2533188873469825 0
699 0.2921529845767163 0.283793466299643 0
700 0.02617982896526527 0.1848273047679442 0
701 0.9045064856813463 0.2198647150319791 0
702 0.9355244492201136 0.2483746236735603 0
703 0.9069174287515124 0.1073754873986479 0
704 0.2418513035435796 0.1384585686560308 0
705 0.1185615364595458 0.3501151363064589 0
706 2.041248829762726 0.1052908107823708 0
707 0.04753225665507843 0.2683480374059384 0
708 1.350297662097174 0.1072600534897541 0
709 0.1685099554851064 0.3585331846737007 0
710 0.7487160210925451 0.3183357175558434 0
711 1.006280870824717 0.1094098186600055 0
712 1.051767683383481 0.1052843338111198 0
713 0.2369247187772565 0.2865907244534262 0
714 0.274091344512837 0.1917463889011028 0
715 0.2787318454520583 0.136922153928701 0
716 0.1892069258457931 0.117910498127191 0
717 2.160683764407852 0.37226483129556 0
718 0.2668369195650125 0.2491803023482292 0
719 1.197704271544194 0.09441607823515548 0
720 0.2924072733096377 0.159544856689738 0
721 0.1871842985580365 0.2881418131356607 0
722 1.589835957057852 0.106983215362893 0
723 0.3698975121598574 0.268684036308643 0
724 1.135189330003945 0.1130913607463541 0
725 0.2557313152954156 0.2526664609013176 0
726 2.160789382931359 0.03747902914419735 0
727 1.893497094056826 0.1736260912719253 0
728 0.05482623919440988 0.2385229861651386 0
729 0.1345218188370223 0.1379262379212862 0
730 1.826952217709735 0.1925055695409864 0
731 0.3103061326526767 0.2577262283387024 0
732 0.0729123186152667 0.1472781703863419 0
733 0.4984214813765995 0.3024784346735976 0
734 0.6836956537762141 0.304539046421228 0
735 1.58659836111139 0.1884491357829579 0
736 0.202301979379052 0.1230380792138636 0
737 0.05469774678052319 0.08029490796680802 0
738 1.515722917192776 0.1832108033107231 0
739 0.02882650309552237 0.3427654517428699 0
740 0.1575648441253319 0.08833765933150547 0
741 1.273516380684992 0.1858645046040222 0
742 0.08558811880995032 0.06345926331309332 0
743 1.886298025793498 0.0869527860689614 0
744 1.261801745675051 0.1081813929840682 0
745 1.384401996240658 0.03672836130322296 0
746 1.462118645682063 0.111400440972422 0
747 0.1476987903120414 0.258240288958356 0
748 1.699138937565828 0.1125806410073882 0
749 1.746161282993188 0.3070729694168245 0
750 1.504582922415468 0.3037205689089934 0
751 1.268106374467245 0.3037737084909162 0
752 0.06594920043329866 0.2702003450834396 0
753 0.4680417129284145 0.07928820211875151 0
754 1.623800925134319 0.03673670577961494 0
755 2.035821144257374 0.194815513624792 0
756 0.9507148724732295 0.1667249739837486 0
757 0.8250728762075599 0.2182781045854782 0
758 0.1330273601532321 0.09158791817735777 0
759 0.2404679873217265 0.1187896949973885 0
760 1.12296158753012 0.3039667966107016 0
761 1.161779457997844 0.2967201014298363 0
762 1.357307945296819 0.3046810535089642 0
763 1.397568734874391 0.2969170711092033 0
764 1.593798347162859 0.3046672597493668 0
765 1.634064265814155 0.296901907671448 0
766 0.8908852511742995 0.3071285977128308 0
767 0.2101489881465088 0.2839717296000134 0
768 0.2971479321332322 0.06547588030613019 0
769 1.341863967189197 0.1831787446863434 0
770 0.2564046767121108 0.1808394507567616 0
771 1.867716703913763 0.2471963866602189 0
772 0.7594384863052626 0.0911705078916857 0
773 1.397136100918225 0.158853922662785 0
774 0.2784792738332741 0.180349737041114 0
775 0.1779725106924095 0.08472448586443457 0
776 0.2544549763833621 0.1387512929790201 0
777 1.74473311445791 0.1854475369022009 0
778 1.700398825808588 0.3813099698902863 0
779 0.2816161781919584 0.2023199989675525 0
780 1.637330668284053 0.3743001243365262 0
781 0.2247197569529198 0.1075389617101089 0
782 1.463382224927839 0.3816122524204701 0
783 0.2431302200672368 0.1589597815938152 0
784 1.400850490131403 0.3743034758253669 0
785 1.226903068345768 0.3816172381644816 0
786 1.164370032554078 0.374306055967694 0
787 0.9782498084359653 0.3224739009138314 0
788 1.886968747713565 0.3213460877401329 0
789 0.4167884187673165 0.1710486995146923 0
790 0.6090212217607227 0.3742569063056158 0
791 0.1866926462767686 0.2602354130707086 0
792 0.2031168716569318 0.2953588973294691 0
793 0.1851765382253554 0.05450127012858111 0
794 0.1519986949757207 0.2357104077590226 0
795 0.9677147565071179 0.08916387342526261 0
796 1.693465662428474 0.03623419855143808 0
797 0.3173524576449078 0.3247417712893025 0
798 1.125025770293793 0.1873467666006866 0
799 1.455487585819295 0.03504717261330931 0
800 0.1663892385921411 0.1084124094153534 0
801 0.8219846385688807 0.1784141186612035 0
802 0.2706570086234961 0.1114705553925451 0
803 0.4581915826113393 0.2062209140872942 0
804 0.6378139033487755 0.16066603356198 0
805 0.7166628508599757 0.1561053771459566 0
806 0.266058840500523 0.2736032232504374 0
807 1.943811931914599 0.3752709471416317 0
808 0.08216327813306457 0.1948205629699665 0
809 0.7053033936649956 0.03486423506433572 0
810 1.956815033205393 0.2150373819980498 0
811 0.08187652325040862 0.2531208047159831 0
812 0.804599333897568 0.3750318217467068 0
813 1.737102159635895 0.1051861645709223 0
814 0.3216217313714148 0.3063026384070311 0
815 1.025521672499525 0.04214941676307635 0
816 0.4864627836987937 0.3767371007654494 0
817 0.324743565934498 0.3661226502441308 0
818 0.2036738594258981 0.09834951427571241 0
819 0.4217108586300358 0.1122888093627448 0
820 1.634870495751134 0.1586513319429803 0
821 0.1369623135091844 0.3233580455220133 0
822 0.1190951879107767 0.2211915990954639 0
823 1.388839618414365 0.1194391133515414 0
824 0.08884660768539887 0.2823462767876388 0
825 0.8257238953538977 0.1016222599004479 0
826 0.2716903562597537 0.1702546021136074 0
827 0.1881847107340232 0.1400661359051645 0
828 0.380968852160398 0.09044549955345946 0
829 1.706033030513484 0.2917767199113165 0
830 0.2592646821251671 0.1504080484699508 0
831 1.468046928148499 0.2911643613155452 0
832 0.3114601934097004 0.1757756104315555 0
833 1.231572092713145 0.2912008778578006 0
834 0.2741095643519101 0.2145396943631276 0
835 1.942144497486453 0.0344508956012389 0
836 1.508058125258791 0.09727796824839628 0
837 0.3069292095753717 0.0969085770539051 0
838 2.020589864682682 0.03408682444092442 0
839 0.5486053319274161 0.3241592897544303 0
840 0.1719147781975779 0.2521879562635557 0
841 1.626878989639543 0.1188843551384887 0
842 0.5323057371066158 0.1023504949401422 0
843 0.1810457840949553 0.3429417463924525 0
844 0.1665291626522024 0.3223956684578175 0
845 0.9470275492732743 0.02977498559682196 0
846 0.1229110076311393 0.04953548138524938 0
847 0.08835675508657159 0.1010722928407943 0
848 0.5588065094399276 0.195712082394117 0
849 0.3468733628793315 0.2962997973218461 0
850 2.02263902978703 0.3769843226386724 0
851 0.9928869429942139 0.3823568619450645 0
852 0.0204866827211494 0.1036445232636301 0
853 0.1195300760489959 0.09590460730588049 0
854 0.9257427490470937 0.3795246926500413 0
855 1.632454956356391 0.2462006230612054 0
856 1.396116712821861 0.2459411260441443 0
857 1.159884445578161 0.2447557373292945 0
858 0.2228243005200975 0.27126540107667 0
859 1.225873085446507 0.2517283519280199 0
860 1.462584465607388 0.2510336840442112 0
861 1.698817862565225 0.2516841307699011 0
862 0.1626483715915542 0.2993368691905466 0
863 0.3348288214736703 0.1784869979848986 0
864 0.8075167347595217 0.03797957990367776 0
865 0.7206035623809832 0.2428186070612181 0
866 0.1551372718204572 0.0458245167526031 0
867 0.2492158540342907 0.07014848764661383 0
868 0.07441494051910946 0.1148493992062401 0
869 0.1494328487667873 0.1250718386809854 0
870 2.097116757081144 0.08503464219699441 0
871 0.1458618376232506 0.1750508982543937 0
872 2.09494965398527 0.3250912472687979 0
873 0.3121049839984195 0.07781518937514514 0
874 0.06979815014041257 0.2140013807244062 0
875 0.4571712266684506 0.2453892027321491 0
876 1.697644690960989 0.1596582626717039 0
877 1.045393924246067 0.225210652393771 0
878 0.4891293746954579 0.1077737038618565 0
879 0.1382491920420157 0.0185032060214772 0
880 0.2356683000415598 0.2622526810426115 0
881 0.09618486256917302 0.1722613243518048 0
882 0.1981659195355008 0.07333623451595225 0
883 0.2238869430542532 0.1462190519384724 0
884 0.3749073934299418 0.3833945845587192 0
885 0.03097390363598995 0.1442603806257288 0
886 0.3348381927927306 0.1610856775207536 0
887 0.3551396890963262 0.05888412978844323 0
888 0.1967624655882901 0.2583381830189815 0
889 1.245143354992432 0.0381838599325508 0
890 0.2567011766027641 0.2946366037848832 0
891 0.1265038910758018 0.2523774690235917 0
892 0.3969747468604535 0.3316861339365536 0
893 0.2584879459524562 0.2041112167408757 0
894 0.6264910991869985 0.0349350233796723 0
895 0.08102425581948269 0.2076773035113293 0
896 1.460549492645448 0.1597727278789628 0
897 0.5194281115425238 0.03690397235769932 0
898 1.044413141627836 0.3183106308988187 0
899 0.2100241752368446 0.04729677084151288 0
900 0.4690740660551065 0.1414857713704775 0
901 0.09385760779337815 0.378526814515609 0
902 0.1000319426185086 0.1465061269379542 0
903 0.780652977309818 0.1555390621565514 0
904 0.1009423344560911 0.1088630936873392 0
905 0.2272290454612049 0.04218710392591721 0
906 0.377836129129293 0.03686321883030227 0
907 0.3333155829889304 0.2600026025282582 0
908 1.227276777442644 0.1186044539463264 0
909 0.2272963356185228 0.2938520014365194 0
910 1.919535517216366 0.1072750155365306 0
911 0.1655392919971139 0.2870202809754515 0
912 0.2221413663260636 0.128366392693503 0
913 0.2505664960830681 0.2324799458265656 0
914 0.1530886250144126 0.3516995303923832 0
915 0.1260531790561936 0.2119566289147526 0
916 0.07533630016719117 0.3466819986574766 0
917 0.1828821772905499 0.2698577165746192 0
918 1.223446440909076 0.1598628125461166 0
919 0.9714171326772546 0.2347240842197921 0
920 0.1295511565213987 0.2653454597217872 0
921 0.2891415322435433 0.2721316669617442 0
922 0.8930135843914511 0.1831394005885518 0
923 0.2901800643505388 0.242607548942833 0
924 1.156581869726694 0.03598436310552811 0
925 0.7178871416652095 0.2917467038316308 0
926 0.1403548504790654 0.1964481541650727 0
927 0.235626606211542 0.1284233247711619 0
928 0.1158364535362432 0.1822233228427487 0
929 0.3128753171989125 0.1238528699436117 0
930 0.8221593515984312 0.3290573873768473 0
931 0.6177604174669706 0.3387361425286767 0
932 0.3464437228551003 0.1543189482253076 0
933 1.847881781321551 0.0341204496971956 0
934 0.1399655126277954 0.2404772609918857 0
935 0.6984348272717883 0.07587189486006785 0
936 0.5869140559167734 0.03056084018588481 0
937 1.850934782101727 0.1313795601942119 0
938 0.01952669822461406 0.2979822677631165 0
939 0.3185824487084807 0.2139828150738238 0
940 0.08795915243471475 0.3102206449797963 0
941 0.3508458545887572 0.279498020487946 0
942 0.2118210489680434 0.3303154014034194 0
943 0.6119729167823182 0.2310289379083596 0
944 0.6722257271373961 0.3378521853136294 0
945 0.5718397520617294 0.3786622284696821 0
946 1.962854028157615 0.3395071167074253 0
947 0.07407614306172117 0.2829652989097622 0
948 1.843814329192461 0.3742664274482334 0
949 0.1240296407706747 0.1363842723446619 0
950 0.4406878260252125 0.08778134529212912 0
951 0.2014920353087352 0.2743751175727269 0
952 0.1017101058489518 0.2109840145828954 0
953 0.08218575502366443 0.137031324680646 0
954 0.9991650913884674 0.25902515001416 0
955 0.5980768368879112 0.103545239006354 0
956 0.1448481527348905 0.2219861412877009 0
957 0.181966986242157 0.1265645495897242 0
958 1.814174966346849 0.2255473370190124 0
959 0.2281879365144142 0.3584986438696422 0
960 0.1099526110935152 0.1687298474118149 0
961 0.7870497807753933 0.1150730083396906 0
962 0.2414851280972499 0.3063914369177306 0
963 2.120430945082078 0.3744541330260297 0
964 0.5054112376063837 0.263956919851207 0
965 0.2020250813934296 0.02140375158076455 0
966 0.278344444992203 0.3873313748054942 0
967 0.3756407809230886 0.3549627680910529 0
968 1.965328519759705 0.06830421203432527 0
969 2.054353748802508 0.02991191499971446 0
970 2.04566397058901 0.2611819769550139 0
971 2.120311580607514 0.03552455023915449 0
972 0.3407298292310837 0.09665708842130157 0
973 0.3012462463814138 0.2954577949029807 0
974 0.2781277627988703 0.2910313664790215 0
975 0.1902640240686181 0.2774923001193719 0
976 2.006957527227486 0.07316940475643124 0
977 0.1068689504873088 0.2212422738215722 0
978 0.2893492545701301 0.2234516852240589 0
979 0.9348861331314956 0.1306718504151129 0
980 2.169919164068173 0.2043734114441478 0
981 1.859786962055178 0.1639122907666915 0
982 0.2624358208686288 0.1723094955170793 0
983 0.3410894715956387 0.2467385402841168 0
984 0.0746250098669754 0.1744836355504898 0
985 0.2532961563622138 0.1577269045081187 0
986 0.8677488238896072 0.3355137443841222 0
987 2.004927617285341 0.3342076269147397 0
988 0.2205535614769581 0.08752288774141299 0
989 2.075736603195019 0.214005932734904 0
990 1.854935423163127 0.2799588751440867 0
991 0.6554460600949416 0.1269901613379895 0
992 0.254879410513663 0.04248002129012415 0
993 0.2761468367074593 0.04320645807276494 0
994 0.2280503367905153 0.3920380638893055 0
995 0.3399182490152599 0.3900658838008098 0
996 0.2435119689195355 0.2781402676990271 0
997 0.2515336753429922 0.3912795873157802 0
998 0.2968390737852017 0.3211872845083325 0
999 0.3116451800873723 0.160971743420735 0
1000 1.984112582204913 0.2399026847452279 0
1001 1.978856184804535 0.2765844604916849 0
1002 0.1338124585098341 0.2322224199616171 0
1003 2.055499724072009 0.3800973109005379 0
1004 1.549676442552468 0.3820568971373297 0
1005 1.31319514894193 0.3820571862355043 0
1006 1.154196207501391 0.1729972270474285 0
1007 0.5669186319838494 0.2624624290305402 0
1008 0.285432028854905 0.1197308997127821 0
1009 0.1678180468081728 0.2662661746269641 0
1010 2.019735340294654 0.2311364051832334 0
1011 1.984301985059813 0.1260667736259548 0
1012 0.1151358437102795 0.3202838247166069 0
1013 0.3524152365122918 0.1802598728615525 0
1014 1.544140264542506 0.02901864052406053 0
1015 1.005046754988882 0.3037325805062479 0
1016 0.6668081192026845 0.1887786565766657 0
1017 0.4285124872836751 0.3730500208310413 0
1018 1.305957081846496 0.02937818615313512 0
1019 0.2854283921862932 0.09563683554191631 0
1020 0.2839058761770822 0.02028676778108296 0
1021 0.2715397220946838 0.3128353626734168 0
1022 0.6381388887906831 0.0676592977391505 0
1023 0.7155764358811439 0.3790703250101751 0
1024 0.1458222827280373 0.2841493300194395 0
1025 0.2962721030433151 0.1400814417623427 0
1026 0.3566835958581671 0.1046221220304714 0
1027 2.177345186707275 0.1327019632100531 0
1028 2.177408616618514 0.2774190397181278 0
1029 0.2858921200996932 0.2538387986257907 0
1030 0.441546993117471 0.2921946109340792 0
1031 0.5728419839954665 0.3011536709268381 0
1032 0.1294652010622998 0.1171166319160833 0
1033 0.1049642588398251 0.2417483457217559 0
1034 0.5710038014004999 0.08163763512085205 0
1035 0.4352366985320114 0.0274056021372675 0
1036 0.7784342746591317 0.2556596853365748 0
1037 0.3394995483655174 0.2222722761835942 0
1038 0.2195661096343743 0.3074378722078158 0
1039 0.09579477424150062 0.03038753669896235 0
1040 0.3200675154849356 0.2373315532820699 0
1041 0.3089862822945961 0.1966182571715511 0
1042 0.3041890641143277 0.3568923045428629 0
1043 0.2302476816956125 0.08168414207525077 0
1044 1.73925515369149 0.03814218380810425 0
1045 0.1119953778173416 0.2718952647564317 0
1046 0.312892010093901 0.1466541861079587 0
1047 0.1548617254374471 0.1424579116827332 0
1048 0.2998385285021257 0.1261302300299514 0
1049 0.307144461827726 0.2302449422788925 0
1050 0.01467225817790396 0.216158600340916 0
1051 1.80164187988731 0.2793382239747994 0
1052 1.763121810218032 0.1280704124310799 0
1053 0.8803065834354358 0.1296963416660208 0
1054 0.3729618073443496 0.1533933285839749 0
1055 0.01555266408673184 0.238819788683954 0
1056 1.919947835119419 0.267874332324235 0
1057 1.795140773382489 0.1353535235711567 0
1058 0.3583759289550684 0.2474600311689503 0
1059 0.1546221979651976 0.072320516772411 0
1060 0.2752977922703874 0.1467844221318785 0
1061 0.2944397208343486 0.2617738555151323 0
1062 0.1414645449431221 0.1625680020853512 0
1063 0.1323948208267612 0.2854049517304453 0
1064 2.123183189377897 0.1024204034273758 0
1065 2.116227565163131 0.2975832413191822 0
1066 0.1889434091491957 0.3327302272213739 0
1067 1.09430014741675 0.2779042376561096 0
1068 0.365454072848166 0.2318562738635123 0
1069 0.8277078534940848 0.2869544944424349 0
1070 0.03856363017503583 0.2921566815238595 0
1071 1.170567380623941 0.1129400533652675 0
1072 0.3344028383480944 0.0524435661606644 0
1073 1.527029978537406 0.1280680929864504 0
1074 0.5951035025088071 0.2028081300527724 0
1075 1.783106609931578 0.02721336043607439 0
1076 2.060821785378003 0.1378963226470199 0
1077 0.6562877617840903 0.284058750101872 0
1078 0.1407444931931803 0.2659029019087721 0
1079 0.2415442326038191 0.09589877969780945 0
1080 1.812077419824619 0.3294054118078208 0
1081 2.064593559393061 0.319886072163769 0
1082 1.741025659820686 0.376653165742728 0
1083 0.3520556162181289 0.1265535947152885 0
1084 1.593790678723088 0.3744573769094834 0
1085 0.8885052952518717 0.07816872114506432 0
1086 1.357312741163892 0.3744612019623644 0
1087 0.1793594949374184 0.3736301788369545 0
1088 1.121139029529524 0.3744780036298744 0
1089 0.1450147303041832 0.09209579943384588 0
1090 1.920881423292576 0.1502003926983451 0
1091 1.080581487066057 0.3799588774553057 0
1092 0.867891724068325 0.2816667282867856 0
1093 0.1703050643533851 0.3916694301194825 0
1094 1.119739008438989 0.08007666366202049 0
1095 1.80566528431176 0.07887350370274979 0
1096 1.532014889022837 0.2781312532443 0
1097 1.295523650663273 0.2781918663991461 0
1098 0.2629277791219765 0.08912034563888019 0
1099 0.8617157098641504 0.02644198168415635 0
1100 0.02161840937591863 0.05294279784082173 0
1101 1.287465935850144 0.1294200227660591 0
1102 0.1328587031235963 0.1791843910115095 0
1103 0.1973222287032198 0.1427818902423661 0
1104 0.2538009769974953 0.2182760779634663 0
1105 0.04857389153672553 0.2511818717271993 0
1106 1.782103504808571 0.3805688459888322 0
1107 0.01714733608555141 0.260116956025214 0
1108 0.4867666193709352 0.1979842803237185 0
1109 0.27500955375567 0.2567289888286205 0
1110 0.4177032218586206 0.2811421495783545 0
1111 0.8441967578257727 0.1267295637706409 0
1112 0.2072536840699872 0.1419784841787328 0
1113 0.5890701875042041 0.1441724149626659 0
1114 1.587641985046814 0.03070142909062226 0
1115 0.1755253592072755 0.1045578502498226 0
1116 0.1959162121897482 0.3146040065587122 0
1117 0.1972218986084566 0.3716539442283657 0
1118 1.904348187877249 0.2023442627989246 0
1119 0.1302661580239173 0.1948620955105013 0
1120 0.1045836015848036 0.2538089034006464 0
1121 1.348765310495701 0.03067512152489069 0
1122 1.768547626598719 0.281911005712 0
1123 0.2199632408151478 0.1178461359271577 0
1124 0.3798192022823776 0.1835107273793378 0
1125 0.05485665836923803 0.01954826227130124 0
1126 0.09042752415450939 0.2129060803504901 0
1127 0.148315482041451 0.2971649532530183 0
1128 0.3795145994165293 0.3139845570069296 0
1129 0.1803867922579996 0.09524876162788481 0
1130 0.7922019554404633 0.2311383498698762 0
1131 0.2296463878626083 0.3152871867000026 0
1132 0.2025176675342619 0.2660010945458616 0
1133 0.05766986535507912 0.1942253816072874 0
1134 0.2092579861683901 0.07044680403736403 0
1135 0.412052971917634 0.2174115613487497 0
1136 0.2200424741316752 0.2544164678513301 0
1137 1.106078651305648 0.1296543629198066 0
1138 1.568275375258472 0.283208763707142 0
1139 1.33177444856883 0.2832488964534015 0
1140 0.09535407844315946 0.2948540349809919 0
1141 0.1817564943728172 0.3025371664840192 0
1142 0.05144484414895767 0.3242134543020618 0
1143 0.2053561527715762 0.392157250092977 0
1144 0.3096826692965249 0.2802847302772885 0
1145 0.04803742648969234 0.3885045275604319 0
1146 0.2955044225615246 0.1012731130242187 0
1147 0.131276767939519 0.07579748001682288 0
1148 0.1421894124937922 0.0677249840370624 0
1149 2.008129122083289 0.1765348061336538 0
1150 0.1311314983984709 0.2977835770938259 0
1151 0.2357783645397192 0.246109421554262 0
1152 0.3953423332724871 0.1838512858065962 0
1153 0.1144072405563663 0.2838388200218142 0
1154 0.06070280294291064 0.1132578638526403 0
1155 0.2512777516374188 0.1189238403910707 0
1156 0.01508650888815644 0.08321254390570064 0
1157 1.095326537481193 0.02789728565119765 0
1158 0.1196981871000923 0.2395986092325384 0
1159 0.07304267504574025 0.260932300653998 0
1160 1.072596972622064 0.1344216230155185 0
1161 0.07310460679436392 0.07532641366581322 0
1162 0.1606039853235266 0.1261632240125515 0
1163 0.2499271750791712 0.2866124050972331 0
1164 0.421855649857529 0.3472103792252058 0
1165 0.3304991794671116 0.1947665993468015 0
1166 1.323007775580774 0.126475431596603 0
1167 0.2149212629095804 0.01442152658588908 0
1168 0.09524358506190378 0.2727494288123973 0
1169 1.491594366547434 0.03047987091672624 0
1170 0.117078624011083 0.0681161453410484 0
1171 1.912468720103917 0.3803664354331409 0
1172 1.547303647242531 0.3424852209009177 0
1173 1.310835338815259 0.3425080687117911 0
1174 1.561539005167834 0.1275424976844328 0
1175 1.064023255075582 0.02411812784886802 0
1176 2.110503724953291 0.1342229584244355 0
1177 2.068307646151601 0.08547957815739102 0
1178 1.542212303025942 0.06966805176648744 0
1179 1.303582140387384 0.06766767413350785 0
1180 0.2923612076522337 0.05244544085918676 0
1181 0.9743758779881464 0.1987582074914776 0
1182 0.6302424195280123 0.0971899168171112 0
1183 0.03955207184834331 0.2154732575488494 0
1184 0.6922316672412089 0.1848494601659219 0
1185 0.06026048072584911 0.1555826181137676 0
1186 0.02139258883066786 0.02104034981201883 0
1187 0.2434289158458667 0.2679509060246788 0
1188 0.01578019883290027 0.3245707475314498 0
1189 1.07532209644994 0.3409134174671188 0
1190 0.1323199773033485 0.3421085999290974 0
1191 0.1673577070242256 0.1186756877041794 0
1192 0.3077977891202028 0.02146233357094501 0
1193 0.1944448550976037 0.1009747756252318 0
1194 0.1292030821565331 0.1674994341085431 0
1195 0.2684482952040048 0.1520028999608533 0
1196 1.910200914857959 0.02913644754820766 0
1197 0.2637362374001101 0.1189982980509239 0
1198 0.7358066823373473 0.02917134064773846 0
1199 1.00232953093178 0.1399490022781441 0
1200 0.2724629969411975 0.2664551781699787 0
1201 1.057536604370752 0.2813195180435739 0
1202 0.405845241821835 0.1496456574225917 0
1203 0.2808752662235158 0.2218454912613012 0
1204 0.03706554347357671 0.1933154389534539 0
1205 0.2464079924000961 0.3614453774635608 0
1206 0.01961214346669715 0.3902605620439469 0
1207 0.03737478675920713 0.173866034667136 0
1208 0.2924585219606635 0.1695400204507473 0
1209 0.3183970906753183 0.3890987071533999 0
1210 0.1270296251732699 0.3666711466116593 0
1211 0.1636138790358493 0.1572212712006152 0
1212 0.2970512200503816 0.2105703043406719 0
1213 0.2486711675819204 0.1064317338568735 0
1214 0.4074901878816052 0.1319228536102034 0
1215 0.99737943959929 0.07505731286159117 0
1216 0.3281841884727619 0.2208906831771605 0
1217 0.3923442318157176 0.2426194028830924 0
1218 0.2701345260115391 0.1330326465467435 0
1219 0.05916167546366657 0.2068675658116811 0
1220 0.2981072747484403 0.1889871967475261 0
1221 0.141921380035217 0.2047037973446049 0
1222 0.1595723680742813 0.3145066324541614 0
1223 0.2174059010840161 0.2639746160019051 0
1224 0.1023314412082686 0.2300029986954469 0
1225 0.357216581146976 0.3157083043980097 0
1226 0.1490957129014684 0.3669099786313315 0
1227 0.1515111638753504 0.3935707698341431 0
1228 0.0659714223927339 0.2396743544846837 0
1229 0.1381305779015561 0.2495863942616309 0
1230 0.2728082112583174 0.3253266679786615 0
1231 0.09391621303428188 0.2601353727781824 0
1232 1.247577524446889 0.1768853216654311 0
1233 0.1607718416916516 0.09976981598416593 0
1234 0.6227586600146752 0.2825990617156519 0
1235 0.3581479133606016 0.01677221714053867 0
1236 1.26542763794814 0.3793698131510296 0
1237 1.501904515555536 0.3793685782659553 0
1238 0.2927585757756097 0.3076456387372989 0
1239 0.06917270964509159 0.29584537251258 0
1240 0.08144456371460107 0.1254875760093293 0
1241 0.2798007710698404 0.3041396960831205 0
1242 0.5461708415110657 0.02267444086149545 0
1243 0.2850843983031269 0.07311404522527057 0
1244 0.5419544111233808 0.1321858239411964 0
1245 0.1589389643778745 0.2418811048483522 0
1246 0.1873369235039013 0.3223998990590912 0
1247 0.433764351076793 0.1949983909505461 0
1248 0.1018007175809483 0.1997029253164954 0
1249 0.7283975362979729 0.09800082397863401 0
1250 0.5156922624070858 0.381992698478518 0
1251 1.954665283188319 0.10308862585095 0
1252 1.485758974448987 0.1798013786256782 0
1253 0.1815074323676227 0.2540176497393825 0
1254 0.1672529845544753 0.2586503673731579 0
1255 0.229696766564097 0.3424821865727803 0
1256 1.027061719100664 0.3822477390684471 0
1257 0.06064965723702431 0.04167705617473713 0
1258 1.682004258547995 0.07480022898510585 0
1259 0.3304785645440353 0.2958610555354459 0
1260 0.1821043857742667 0.1452655527417581 0
1261 0.1463474790110655 0.3127394235426199 0
1262 0.0149088060053717 0.137948015156146 0
1263 0.4546922815178471 0.3836893960855975 0
1264 1.445756537115051 0.07362083732449756 0
1265 1.843520572716463 0.2265757751184091 0
1266 0.5374729677007797 0.06869991096130823 0
1267 0.5196005489658796 0.1610490578627799 0
1268 0.20850701680071 0.3183131091236481 0
1269 0.9469411835784108 0.3206915987151286 0
1270 0.04569509815218487 0.05739723208970174 0
1271 0.2510441705392623 0.3240106082835283 0
1272 0.1519915952691711 0.1543077927000261 0
1273 0.3575645998543551 0.1627607104272327 0
1274 0.771625250608299 0.3816842079521633 0
1275 0.2555142297095696 0.01717404091094757 0
1276 0.284901850595459 0.3282605032043241 0
1277 0.09617430416853967 0.3224219580389227 0
1278 0.08980372419707661 0.3364286282438299 0
1279 0.06025067850071952 0.1714149689897712 0
1280 2.003204499573414 0.2961937394971025 0
1281 0.914707289557132 0.02838266584881541 0
1282 1.960796924260851 0.185392807189781 0
1283 1.910791263220543 0.3032824966646344 0
1284 0.2606519286315606 0.1016692182954668 0
1285 0.08064200075643768 0.1559742947341394 0
1286 1.05468873681818 0.07553687480876151 0
1287 1.177036340998996 0.3360621846285427 0
1288 1.413481865683719 0.3360689170228386 0
1289 1.6499677495669 0.3360619132623234 0
1290 0.1271352378856594 0.3166108325111935 0
1291 2.174247413019051 0.2441014369847025 0
1292 2.178505138947712 0.1677272727272727 0
1293 1.164549456633205 0.1431782943335453 0
1294 1.060588484340046 0.1677721146666041 0
1295 1.860552106639695 0.3075560647566364 0
1296 0.261675532112154 0.3323233689650615 0
1297 0.5211094223808884 0.3249269357501379 0
1298 0.300601649340661 0.1783627910537523 0
1299 0.2531658544792006 0.08144911203955339 0
1300 0.0144999462000408 0.1967700704937426 0
1301 0.1678956060243056 0.01222227332879505 0
1302 0.6057684931809371 0.310255316822399 0
1303 0.9843056019785542 0.02184009963510683 0
1304 0.08191509652661932 0.04603960501098786 0
1305 1.269065892701953 0.07352025433713494 0
1306 0.1192516617253653 0.1535110963412425 0
1307 1.804508447961346 0.169530438458819 0
1308 0.9224360138565396 0.1839878231015832 0
1309 0.1346002529343786 0.1466896900842446 0
1310 0.1080867687527682 0.08217101763533997 0
1311 0.1102259619858525 0.3665266452834149 0
1312 1.610750975106943 0.1749248098500682 0
1313 0.03859730170495657 0.1574973337359165 0
1314 0.3000600491146043 0.2399324239861376 0
1315 0.4033568762989542 0.06073914888211471 0
1316 0.3245516606212069 0.2825553296800296 0
1317 1.821341084200998 0.0215472922842356 0
1318 0.1412774979185853 0.1010061526602269 0
1319 0.9584732357171437 0.3885951274112905 0
1320 0.1567205415310325 0.1088922372265181 0
1321 0.1901277706781878 0.0805547897638963 0
1322 0.7839565287906569 0.02229885822519981 0
1323 1.525492822514207 0.2480330923170503 0
1324 0.08449062671919116 0.3956808571091498 0
1325 1.292270391994552 0.2460094261206859 0
1326 1.371526757185748 0.1825415659833295 0
1327 0.06059502769693892 0.1403981899521227 0
1328 1.422483392351513 0.02225611786785339 0
1329 2.13922093867563 0.2006829452367992 0
1330 0.2294702400743499 0.2669928196241994 0
1331 0.5116171237167488 0.2242186063596326 0
1332 1.346100568846983 0.07141130771712342 0
1333 0.4054556341448206 0.3879384281550936 0
1334 2.172304687589874 0.06527238884825318 0
1335 2.172705636660639 0.3438433722092893 0
1336 0.1189054201199735 0.1934239623078828 0
1337 1.661557890747587 0.0222398878724748 0
1338 0.8405484995070366 0.3879944590694439 0
1339 0.2624870001498739 0.232780295629345 0
1340 1.02933502163455 0.2507841282562173 0
1341 0.1541950743878163 0.1332995330957544 0
1342 0.04286455630635722 0.2332462354580954 0
1343 1.586368959965658 0.07321332703325348 0
1344 0.09206687629169386 0.1584685936970823 0
1345 0.1701593834573916 0.1372390022773242 0
1346 0.1400606393952861 0.05430014494560373 0
1347 0.1538930795767851 0.2522601724699787 0
1348 0.1760256760849046 0.3182938789267775 0
1349 0.2399911510290391 0.3330048341742643 0
1350 1.099057076620372 0.246209106417702 0
1351 1.719198446069206 0.1790746646801569 0
1352 1.746377027535981 0.3395295218223415 0
1353 0.1559962452348 0.2816310015134623 0
1354 0.08351937023395273 0.01469202561998462 0
1355 0.3095975380354425 0.219250736740099 0
1356 2.07276386870843 0.2491477371975582 0
1357 1.667917089361091 0.3891841132542224 0
1358 1.431435795744208 0.389185654590824 0
1359 1.19495450223707 0.3891868288603496 0
1360 1.183599752479794 0.02083053915213548 0
1361 2.087549688948824 0.1461431482623896 0
1362 0.3398443959128949 0.1278079451576559 0
1363 1.509659578582657 0.3363039894575997 0
1364 0.08150697976495658 0.2321562860212732 0
1365 0.9394710399464997 0.1003765386885017 0
1366 1.273164057912927 0.3363381953726216 0
1367 0.112709291229821 0.1590010607671694 0
1368 1.113929851595417 0.336600894875938 0
1369 1.34935947874364 0.3368402811789104 0
1370 1.585840670401187 0.3368334794657858 0
1371 0.5488193225337871 0.2221348059665026 0
1372 0.01601021257303992 0.152037109629881 0
1373 0.1748912252244229 0.2711241128416679 0
1374 0.08693813972676412 0.2428704260525889 0
1375 0.1181890302543297 0.1447528860883231 0
1376 0.6434829544921765 0.3862651476674951 0
1377 0.8793414007565411 0.2338638542992922 0
1378 1.859100797677241 0.103353166021977 0
1379 0.3308120822204634 0.01833395123944107 0
1380 0.3928595818737581 0.01633307177799828 0
1381 1.216534204295555 0.02286693522709551 0
1382 0.3171079928877916 0.1367938113872856 0
1383 0.1953771987146002 0.2919279493474077 0
1384 0.1496663563694144 0.2282031465602437 0
1385 2.180070583379001 0.01863636363636362 0
1386 0.6095488602732265 0.1788687607035714 0
1387 0.2642179490543766 0.2217098886126697 0
1388 0.0778590803960082 0.3639094377517123 0
1389 2.009904728484028 0.1087647069149951 0
1390 1.722525298952516 0.235627858147641 0
1391 0.05362951860091303 0.3625539311799963 0
1392 0.07541384971016596 0.1864767813330994 0
1393 1.482399186680141 0.2313559798185945 0
1394 2.180305637948227 0.3913046514871423 0
1395 1.248675498299796 0.2361110839635503 0
1396 0.03394653941988501 0.08863599170674666 0
1397 0.07503815623012944 0.3074352392545676 0
1398 0.3810866347453518 0.2816599175712488 0
1399 0.1849416337051009 0.1335361077844305 0
1400 0.2358193375055927 0.2968823182527885 0
1401 0.6023614981911523 0.2568474649046802 0
1402 1.928508833986101 0.2159832104767352 0
1403 0.311031916546934 0.2679115387046809 0
1404 0.1681660058015635 0.08659420043867136 0
1405 1.782185011473263 0.3378330480064238 0
1406 0.3727355700903257 0.1327771769091756 0
1407 0.2106945851611821 0.1322116029766452 0
1408 0.3367902110332337 0.1509829020334701 0
1409 0.1378703191369207 0.2249656907803103 0
1410 0.3359837799123983 0.2727707142732645 0
1411 1.94851285669416 0.1639171949393362 0
1412 1.742866055119507 0.07346633367661001 0
1413 0.1108922772745033 0.2020544908251301 0
1414 0.8341959459848496 0.02621081027009334 0
1415 0.27364583933816 0.07205875792806693 0
$EndNodes
$Elements
2830
1 1 2 5 5 1 6
2 1 2 5 5 6 7
3 1 2 5 5 7 8
4 1 2 5 5 8 9
5 1 2 5 5 9 10
6 1 2 5 5 10 11
7 1 2 5 5 11 12
8 1 2 5 5 12 13
9 1 2 5 5 13 14
10 1 2 5 5 14 15
11 1 2 5 5 15 16
12 1 2 5 5 16 17
13 1 2 5 5 17 18
14 1 2 5 5 18 19
15 1 2 5 5 19 20
16 1 2 5 5 20 21
17 1 2 5 5 21 22
18 1 2 5 5 22 23
19 1 2 5 5 23 24
20 1 2 5 5 24 25
21 1 2 5 5 25 26
22 1 2 5 5 26 27
23 1 2 5 5 27 28
24 1 2 5 5 28 29
25 1 2 5 5 29 30
26 1 2 5 5 30 31
27 1 2 5 5 31 32
28 1 2 5 5 32 33
29 1 2 5 5 33 1
30 1 2 4 6 2 34
31 1 2 4 6 34 35
32 1 2 4 6 35 36
33 1 2 4 6 36 37
34 1 2 4 6 37 38
35 1 2 4 6 38 39
36 1 2 4 6 39 40
37 1 2 4 6 40 41
38 1 2 4 6 41 42
39 1 2 4 6 42 43
40 1 2 4 6 43 44
41 1 2 4 6 44 45
42 1 2 4 6 45 46
43 1 2 4 6 46 47
44 1 2 4 6 47 48
45 1 2 4 6 48 49
46 1 2 4 6 49 50
47 1 2 4 6 50 51
48 1 2 4 6 51 52
49 1 2 4 6 52 53
50 1 2 4 6 53 54
51 1 2 4 6 54 55
52 1 2 4 6 55 56
53 1 2 4 6 56 57
54 1 2 4 6 57 58
55 1 2 4 6 58 59
56 1 2 4 6 59 60
57 1 2 4 6 60 61
58 1 2 4 6 61 62
59 1 2 4 6 62 63
60 1 2 4 6 63 64
61 1 2 4 6 64 65
62 1 2 4 6 65 66
63 1 2 4 6 66 67
64 1 2 4 6 67 68
65 1 2 4 6 68 69
66 1 2 4 6 69 70
67 1 2 4 6 70 71
68 1 2 4 6 71 72
69 1 2 4 6 72 73
70 1 2 4 6 73 74
71 1 2 4 6 74 75
72 1 2 4 6 75 76
73 1 2 4 6 76 77
74 1 2 4 6 77 78
75 1 2 4 6 78 79
76 1 2 4 6 79 80
77 1 2 4 6 80 81
78 1 2 4 6 81 82
79 1 2 4 6 82 83
80 1 2 4 6 83 84
81 1 2 4 6 84 85
82 1 2 4 6 85 86
83 1 2 4 6 86 87
84 1 2 4 6 87 88
85 1 2 4 6 88 89
86 1 2 4 6 89 90
87 1 2 4 6 90 91
88 1 2 4 6 91 3
89 1 2 2 7 4 92
90 1 2 2 7 92 93
91 1 2 2 7 93 94
92 1 2 2 7 94 95
93 1 2 2 7 95 96
94 1 2 2 7 96 97
95 1 2 2 7 97 98
96 1 2 2 7 98 99
97 1 2 2 7 99 100
98 1 2 2 7 100 101
99 1 2 2 7 101 102
100 1 2 2 7 102 103
101 1 2 2 7 103 104
102 1 2 2 7 104 2
103 1 2 3 8 3 105
104 1 2 3 8 105 106
105 1 2 3 8 106 107
106 1 2 3 8 107 108
107 1 2 3 8 108 109
108 1 2 3 8 109 110
109 1 2 3 8 110 111
110 1 2 3 8 111 112
111 1 2 3 8 112 113
112 1 2 3 8 113 114
113 1 2 3 8 114 5
114 1 2 4 9 5 115
115 1 2 4 9 115 116
116 1 2 4 9 116 117
117 1 2 4 9 117 118
118 1 2 4 9 118 119
119 1 2 4 9 119 120
120 1 2 4 9 120 121
121 1 2 4 9 121 122
122 1 2 4 9 122 123
123 1 2 4 9 123 124
124 1 2 4 9 124 125
125 1 2 4 9 125 126
126 1 2 4 9 126 127
127 1 2 4 9 127 128
128 1 2 4 9 128 129
129 1 2 4 9 129 130
130 1 2 4 9 130 131
131 1 2 4 9 131 132
132 1 2 4 9 132 133
133 1 2 4 9 133 134
134 1 2 4 9 134 135
135 1 2 4 9 135 136
136 1 2 4 9 136 137
137 1 2 4 9 137 138
138 1 2 4 9 138 139
139 1 2 4 9 139 140
140 1 2 4 9 140 141
141 1 2 4 9 141 142
142 1 2 4 9 142 143
143 1 2 4 9 143 144
144 1 2 4 9 144 145
145 1 2 4 9 145 146
146 1 2 4 9 146 147
147 1 2 4 9 147 148
148 1 2 4 9 148 149
149 1 2 4 9 149 150
150 1 2 4 9 150 151
151 1 2 4 9 151 152
152 1 2 4 9 152 153
153 1 2 4 9 153 154
154 1 2 4 9 154 155
155 1 2 4 9 155 156
156 1 2 4 9 156 157
157 1 2 4 9 157 158
158 1 2 4 9 158 159
159 1 2 4 9 159 160
160 1 2 4 9 160 161
161 1 2 4 9 161 162
162 1 2 4 9 162 163
163 1 2 4 9 163 164
164 1 2 4 9 164 165
165 1 2 4 9 165 166
166 1 2 4 9 166 167
167 1 2 4 9 167 168
168 1 2 4 9 168 169
169 1 2 4 9 169 170
170 1 2 4 9 170 171
171 1 2 4 9 171 172
172 1 2 4 9 172 4
173 2 2 1 1 191 642 463
174 2 2 1 1 570 998 797
175 2 2 1 1 20 515 21
176 2 2 1 1 235 885 665
177 2 2 1 1 398 707 519
178 2 2 1 1 320 875 454
179 2 2 1 1 541 596 258
180 2 2 1 1 536 889 69
181 2 2 1 1 276 1309 520
182 2 2 1 1 452 900 321
183 2 2 1 1 550 597 261
184 2 2 1 1 403 597 550
185 2 2 1 1 499 825 327
186 2 2 1 1 251 825 499
187 2 2 1 1 463 775 191
188 2 2 1 1 274 1276 570
189 2 2 1 1 272 973 471
190 2 2 1 1 211 806 631
191 2 2 1 1 234 721 504
192 2 2 1 1 231 1180 434
193 2 2 1 1 496 1095 249
194 2 2 1 1 333 759 442
195 2 2 1 1 508 1164 218
196 2 2 1 1 474 1094 245
197 2 2 1 1 520 1047 276
198 2 2 1 1 331 736 555
199 2 2 1 1 596 1408 258
200 2 2 1 1 457 700 99
201 2 2 1 1 185 656 514
202 2 2 1 1 514 656 384
203 2 2 1 1 454 964 320
204 2 2 1 1 184 654 512
205 2 2 1 1 512 654 386
206 2 2 1 1 516 756 214
207 2 2 1 1 370 928 466
208 2 2 1 1 214 1199 516
209 2 2 1 1 585 648 287
210 2 2 1 1 498 755 414
211 2 2 1 1 122 948 637
212 2 2 1 1 449 1032 317
213 2 2 1 1 337 1065 688
214 2 2 1 1 40 965 648
215 2 2 1 1 736 1407 555
216 2 2 1 1 197 900 452
217 2 2 1 1 191 1059 642
218 2 2 1 1 367 1167 506
219 2 2 1 1 218 678 508
220 2 2 1 1 266 665 503
221 2 2 1 1 353 683 446
222 2 2 1 1 442 781 333
223 2 2 1 1 631 806 408
224 2 2 1 1 612 1035 48
225 2 2 1 1 731 1061 435
226 2 2 1 1 475 811 294
227 2 2 1 1 509 735 184
228 2 2 1 1 362 735 509
229 2 2 1 1 199 684 583
230 2 2 1 1 177 868 847
231 2 2 1 1 455 695 169
232 2 2 1 1 499 1085 251
233 2 2 1 1 49 612 48
234 2 2 1 1 526 769 185
235 2 2 1 1 356 769 526
236 2 2 1 1 178 690 547
237 2 2 1 1 547 690 405
238 2 2 1 1 238 1061 731
239 2 2 1 1 317 853 449
240 2 2 1 1 298 647 588
241 2 2 1 1 487 652 301
242 2 2 1 1 588 647 326
243 2 2 1 1 485 666 305
244 2 2 1 1 484 999 258
245 2 2 1 1 592 966 357
246 2 2 1 1 466 669 370
247 2 2 1 1 257 1008 480
248 2 2 1 1 120 527 119
249 2 2 1 1 87 530 86
250 2 2 1 1 22 538 23
251 2 2 1 1 180 1041 453
252 2 2 1 1 682 797 406
253 2 2 1 1 401 808 669
254 2 2 1 1 198 949 595
255 2 2 1 1 565 1070 229
256 2 2 1 1 446 844 353
257 2 2 1 1 599 725 352
258 2 2 1 1 217 981 937
259 2 2 1 1 328 725 599
260 2 2 1 1 554 608 281
261 2 2 1 1 729 949 198
262 2 2 1 1 515 871 21
263 2 2 1 1 486 866 642
264 2 2 1 1 534 836 325
265 2 2 1 1 414 1076 498
266 2 2 1 1 177 655 548
267 2 2 1 1 444 1047 661
268 2 2 1 1 481 670 311
269 2 2 1 1 482 671 313
270 2 2 1 1 661 1047 277
271 2 2 1 1 434 668 231
272 2 2 1 1 483 672 315
273 2 2 1 1 474 1286 815
274 2 2 1 1 263 1407 736
275 2 2 1 1 41 1275 506
276 2 2 1 1 92 739 571
277 2 2 1 1 520 1309 729
278 2 2 1 1 727 981 217
279 2 2 1 1 592 632 274
280 2 2 1 1 409 1020 993
281 2 2 1 1 462 902 620
282 2 2 1 1 93 739 92
283 2 2 1 1 301 745 487
284 2 2 1 1 504 911 234
285 2 2 1 1 245 1286 474
286 2 2 1 1 99 1372 457
287 2 2 1 1 123 948 122
288 2 2 1 1 570 592 274
289 2 2 1 1 928 960 593
290 2 2 1 1 305 754 485
291 2 2 1 1 480 802 179
292 2 2 1 1 576 1026 828
293 2 2 1 1 669 808 190
294 2 2 1 1 524 687 279
295 2 2 1 1 608 747 281
296 2 2 1 1 1144 1403 495
297 2 2 1 1 89 971 573
298 2 2 1 1 492 858 239
299 2 2 1 1 239 713 492
300 2 2 1 1 804 1386 1113
301 2 2 1 1 453 832 180
302 2 2 1 1 282 858 492
303 2 2 1 1 170 455 169
304 2 2 1 1 186 1350 513
305 2 2 1 1 190 881 669
306 2 2 1 1 170 901 455
307 2 2 1 1 1047 1272 276
308 2 2 1 1 492 767 282
309 2 2 1 1 804 1113 477
310 2 2 1 1 514 1325 185
311 2 2 1 1 498 686 261
312 2 2 1 1 512 1323 184
313 2 2 1 1 669 881 370
314 2 2 1 1 814 1259 406
315 2 2 1 1 222 797 682
316 2 2 1 1 69 889 68
317 2 2 1 1 400 1134 532
318 2 2 1 1 532 625 400
319 2 2 1 1 101 852 503
320 2 2 1 1 516 696 366
321 2 2 1 1 424 1255 959
322 2 2 1 1 569 963 117
323 2 2 1 1 280 587 583
324 2 2 1 1 688 1065 403
325 2 2 1 1 535 818 284
326 2 2 1 1 623 826 265
327 2 2 1 1 815 1175 474
328 2 2 1 1 501 653 173
329 2 2 1 1 495 731 285
330 2 2 1 1 540 684 348
331 2 2 1 1 249 1412 496
332 2 2 1 1 194 715 518
333 2 2 1 1 237 882 463
334 2 2 1 1 22 871 538
335 2 2 1 1 557 632 212
336 2 2 1 1 115 963 717
337 2 2 1 1 180 832 484
338 2 2 1 1 116 963 115
339 2 2 1 1 31 561 32
340 2 2 1 1 54 556 53
341 2 2 1 1 993 1020 434
342 2 2 1 1 463 793 237
343 2 2 1 1 581 1095 496
344 2 2 1 1 652 746 204
345 2 2 1 1 511 1161 355
346 2 2 1 1 506 1167 41
347 2 2 1 1 517 720 194
348 2 2 1 1 223 905 506
349 2 2 1 1 292 720 517
350 2 2 1 1 561 770 32
351 2 2 1 1 518 715 291
352 2 2 1 1 462 1344 902
353 2 2 1 1 287 648 551
354 2 2 1 1 311 778 481
355 2 2 1 1 313 782 482
356 2 2 1 1 315 785 483
357 2 2 1 1 179 1019 480
358 2 2 1 1 29 562 30
359 2 2 1 1 642 1059 486
360 2 2 1 1 538 1211 23
361 2 2 1 1 321 1108 803
362 2 2 1 1 31 783 561
363 2 2 1 1 593 960 207
364 2 2 1 1 33 770 563
365 2 2 1 1 623 720 391
366 2 2 1 1 351 1200 468
367 2 2 1 1 548 655 288
368 2 2 1 1 555 1103 331
369 2 2 1 1 443 1070 565
370 2 2 1 1 374 822 662
371 2 2 1 1 562 783 30
372 2 2 1 1 865 925 405
373 2 2 1 1 586 948 124
374 2 2 1 1 515 1102 871
375 2 2 1 1 509 738 404
376 2 2 1 1 196 767 492
377 2 2 1 1 237 793 551
378 2 2 1 1 726 971 91
379 2 2 1 1 33 563 1
380 2 2 1 1 389 705 626
381 2 2 1 1 471 814 272
382 2 2 1 1 597 989 261
383 2 2 1 1 871 1062 538
384 2 2 1 1 199 1037 684
385 2 2 1 1 846 1170 310
386 2 2 1 1 263 736 622
387 2 2 1 1 184 738 509
388 2 2 1 1 354 696 516
389 2 2 1 1 346 834 577
390 2 2 1 1 721 1141 504
391 2 2 1 1 391 826 623
392 2 2 1 1 1179 1332 246
393 2 2 1 1 261 989 498
394 2 2 1 1 310 1170 650
395 2 2 1 1 404 1073 509
396 2 2 1 1 90 971 89
397 2 2 1 1 702 919 213
398 2 2 1 1 423 1154 868
399 2 2 1 1 666 748 203
400 2 2 1 1 358 818 622
401 2 2 1 1 570 797 222
402 2 2 1 1 91 971 90
403 2 2 1 1 459 966 592
404 2 2 1 1 591 1085 499
405 2 2 1 1 506 992 223
406 2 2 1 1 761 857 202
407 2 2 1 1 763 856 201
408 2 2 1 1 8 599 9
409 2 2 1 1 765 855 200
410 2 2 1 1 208 925 865
411 2 2 1 1 307 1141 721
412 2 2 1 1 212 1349 557
413 2 2 1 1 355 847 511
414 2 2 1 1 273 962 692
415 2 2 1 1 246 1332 708
416 2 2 1 1 193 781 622
417 2 2 1 1 402 1292 549
418 2 2 1 1 284 1321 535
419 2 2 1 1 768 1180 231
420 2 2 1 1 566 853 317
421 2 2 1 1 550 1291 403
422 2 2 1 1 229 1070 707
423 2 2 1 1 413 1058 723
424 2 2 1 1 657 1350 186
425 2 2 1 1 257 1048 1008
426 2 2 1 1 236 1229 891
427 2 2 1 1 424 959 689
428 2 2 1 1 508 678 308
429 2 2 1 1 502 795 347
430 2 2 1 1 1027 1292 402
431 2 2 1 1 603 614 304
432 2 2 1 1 297 614 603
433 2 2 1 1 495 1316 1144
434 2 2 1 1 919 954 213
435 2 2 1 1 699 974 351
436 2 2 1 1 629 915 427
437 2 2 1 1 403 1291 1028
438 2 2 1 1 781 1123 622
439 2 2 1 1 584 1094 474
440 2 2 1 1 187 801 558
441 2 2 1 1 572 991 260
442 2 2 1 1 418 991 572
443 2 2 1 1 377 658 567
444 2 2 1 1 567 658 183
445 2 2 1 1 604 615 303
446 2 2 1 1 299 615 604
447 2 2 1 1 538 1272 1211
448 2 2 1 1 1255 1349 212
449 2 2 1 1 525 792 196
450 2 2 1 1 510 854 319
451 2 2 1 1 602 677 262
452 2 2 1 1 815 1215 502
453 2 2 1 1 606 616 302
454 2 2 1 1 300 616 606
455 2 2 1 1 563 770 345
456 2 2 1 1 196 1038 525
457 2 2 1 1 117 963 116
458 2 2 1 1 634 635 416
459 2 2 1 1 692 1271 273
460 2 2 1 1 1178 1343 248
461 2 2 1 1 318 915 629
462 2 2 1 1 307 792 525
463 2 2 1 1 610 719 336
464 2 2 1 1 329 719 610
465 2 2 1 1 148 613 147
466 2 2 1 1 597 1356 989
467 2 2 1 1 999 1046 258
468 2 2 1 1 643 1220 1041
469 2 2 1 1 185 1325 660
470 2 2 1 1 1211 1272 444
471 2 2 1 1 342 783 562
472 2 2 1 1 343 898 578
473 2 2 1 1 288 902 548
474 2 2 1 1 40 648 39
475 2 2 1 1 652 1264 746
476 2 2 1 1 184 1323 659
477 2 2 1 1 267 846 552
478 2 2 1 1 532 1134 237
479 2 2 1 1 258 1382 541
480 2 2 1 1 834 1387 577
481 2 2 1 1 494 931 240
482 2 2 1 1 622 736 358
483 2 2 1 1 240 944 494
484 2 2 1 1 641 1108 321
485 2 2 1 1 327 864 499
486 2 2 1 1 194 720 623
487 2 2 1 1 460 1068 330
488 2 2 1 1 261 1329 550
489 2 2 1 1 642 866 287
490 2 2 1 1 185 741 526
491 2 2 1 1 526 741 412
492 2 2 1 1 525 1116 307
493 2 2 1 1 347 845 502
494 2 2 1 1 533 1250 308
495 2 2 1 1 794 934 458
496 2 2 1 1 665 885 503
497 2 2 1 1 214 795 711
498 2 2 1 1 811 1159 294
499 2 2 1 1 124 948 123
500 2 2 1 1 406 1259 849
501 2 2 1 1 374 977 822
502 2 2 1 1 255 723 460
503 2 2 1 1 590 1092 1069
504 2 2 1 1 518 1025 194
505 2 2 1 1 234 911 554
506 2 2 1 1 622 818 193
507 2 2 1 1 363 702 693
508 2 2 1 1 693 702 213
509 2 2 1 1 364 934 794
510 2 2 1 1 353 844 479
511 2 2 1 1 248 1343 722
512 2 2 1 1 325 1169 534
513 2 2 1 1 847 868 511
514 2 2 1 1 510 787 343
515 2 2 1 1 193 818 535
516 2 2 1 1 434 1180 993
517 2 2 1 1 194 1025 517
518 2 2 1 1 24 661 25
519 2 2 1 1 520 729 198
520 2 2 1 1 863 1013 540
521 2 2 1 1 754 1343 1114
522 2 2 1 1 484 863 180
523 2 2 1 1 644 915 220
524 2 2 1 1 1113 1386 430
525 2 2 1 1 257 837 664
526 2 2 1 1 300 741 660
527 2 2 1 1 299 1252 659
528 2 2 1 1 348 1165 540
529 2 2 1 1 659 1252 738
530 2 2 1 1 646 772 365
531 2 2 1 1 327 772 646
532 2 2 1 1 388 1081 569
533 2 2 1 1 454 1331 964
534 2 2 1 1 412 1101 526
535 2 2 1 1 176 1140 635
536 2 2 1 1 802 1008 291
537 2 2 1 1 181 1021 692
538 2 2 1 1 331 1103 827
539 2 2 1 1 651 1163 408
540 2 2 1 1 563 714 346
541 2 2 1 1 576 828 283
542 2 2 1 1 177 904 655
543 2 2 1 1 546 913 7
544 2 2 1 1 534 1178 836
545 2 2 1 1 551 899 237
546 2 2 1 1 560 798 186
547 2 2 1 1 148 1338 613
548 2 2 1 1 468 921 351
549 2 2 1 1 519 1107 398
550 2 2 1 1 590 1069 415
551 2 2 1 1 645 1244 1113
552 2 2 1 1 386 1138 512
553 2 2 1 1 303 773 604
554 2 2 1 1 283 828 579
555 2 2 1 1 384 1139 514
556 2 2 1 1 275 967 682
557 2 2 1 1 366 1181 516
558 2 2 1 1 549 686 402
559 2 2 1 1 317 904 566
560 2 2 1 1 562 704 342
561 2 2 1 1 305 1343 754
562 2 2 1 1 326 903 801
563 2 2 1 1 665 1154 423
564 2 2 1 1 863 1165 180
565 2 2 1 1 745 1332 1121
566 2 2 1 1 260 935 572
567 2 2 1 1 304 820 603
568 2 2 1 1 9 1151 10
569 2 2 1 1 335 677 602
570 2 2 1 1 398 1105 707
571 2 2 1 1 300 1232 741
572 2 2 1 1 492 909 196
573 2 2 1 1 666 1258 748
574 2 2 1 1 530 835 86
575 2 2 1 1 773 823 204
576 2 2 1 1 120 807 527
577 2 2 1 1 271 942 676
578 2 2 1 1 313 1363 1237
579 2 2 1 1 540 1165 863
580 2 2 1 1 65 924 584
581 2 2 1 1 315 1366 1236
582 2 2 1 1 535 988 193
583 2 2 1 1 309 1215 815
584 2 2 1 1 682 817 222
585 2 2 1 1 6 893 577
586 2 2 1 1 667 710 208
587 2 2 1 1 344 710 667
588 2 2 1 1 509 1174 362
589 2 2 1 1 545 771 295
590 2 2 1 1 1024 1063 195
591 2 2 1 1 611 716 215
592 2 2 1 1 582 781 193
593 2 2 1 1 333 781 582
594 2 2 1 1 1144 1316 471
595 2 2 1 1 654 735 304
596 2 2 1 1 321 789 452
597 2 2 1 1 442 927 912
598 2 2 1 1 349 1062 871
599 2 2 1 1 580 883 28
600 2 2 1 1 20 926 515
601 2 2 1 1 358 716 611
602 2 2 1 1 527 850 119
603 2 2 1 1 334 710 594
604 2 2 1 1 594 710 344
605 2 2 1 1 871 1102 349
606 2 2 1 1 10 1151 698
607 2 2 1 1 506 905 367
608 2 2 1 1 695 1227 169
609 2 2 1 1 452 819 197
610 2 2 1 1 513 877 186
611 2 2 1 1 204 823 652
612 2 2 1 1 242 1370 1172
613 2 2 1 1 340 704 562
614 2 2 1 1 163 966 459
615 2 2 1 1 343 851 510
616 2 2 1 1 298 805 647
617 2 2 1 1 415 757 590
618 2 2 1 1 590 757 187
619 2 2 1 1 243 1369 1173
620 2 2 1 1 557 1296 632
621 2 2 1 1 183 777 568
622 2 2 1 1 465 1010 970
623 2 2 1 1 564 1120 361
624 2 2 1 1 558 922 187
625 2 2 1 1 393 922 558
626 2 2 1 1 198 869 520
627 2 2 1 1 216 771 545
628 2 2 1 1 608 1078 747
629 2 2 1 1 288 655 595
630 2 2 1 1 313 1237 782
631 2 2 1 1 315 1236 785
632 2 2 1 1 549 1329 686
633 2 2 1 1 686 1329 261
634 2 2 1 1 664 972 174
635 2 2 1 1 516 1199 354
636 2 2 1 1 361 1120 544
637 2 2 1 1 311 1352 1082
638 2 2 1 1 479 843 353
639 2 2 1 1 227 874 663
640 2 2 1 1 656 1326 303
641 2 2 1 1 244 1368 1189
642 2 2 1 1 291 1008 518
643 2 2 1 1 769 1326 656
644 2 2 1 1 304 1312 820
645 2 2 1 1 503 852 266
646 2 2 1 1 583 684 280
647 2 2 1 1 731 1403 238
648 2 2 1 1 1084 1370 312
649 2 2 1 1 37 552 36
650 2 2 1 1 1086 1369 314
651 2 2 1 1 884 995 425
652 2 2 1 1 345 714 563
653 2 2 1 1 1088 1368 316
654 2 2 1 1 308 816 508
655 2 2 1 1 517 999 292
656 2 2 1 1 780 1084 312
657 2 2 1 1 311 1082 778
658 2 2 1 1 301 1332 745
659 2 2 1 1 784 1086 314
660 2 2 1 1 786 1088 316
661 2 2 1 1 285 907 495
662 2 2 1 1 541 664 174
663 2 2 1 1 319 1269 510
664 2 2 1 1 820 841 203
665 2 2 1 1 7 1104 546
666 2 2 1 1 87 838 530
667 2 2 1 1 320 733 678
668 2 2 1 1 480 1146 257
669 2 2 1 1 383 857 761
670 2 2 1 1 384 856 763
671 2 2 1 1 599 1151 9
672 2 2 1 1 683 821 446
673 2 2 1 1 386 855 765
674 2 2 1 1 552 846 310
675 2 2 1 1 223 625 532
676 2 2 1 1 281 1009 554
677 2 2 1 1 42 1275 41
678 2 2 1 1 735 1312 304
679 2 2 1 1 170 1324 901
680 2 2 1 1 812 930 473
681 2 2 1 1 672 761 202
682 2 2 1 1 701 702 363
683 2 2 1 1 296 702 701
684 2 2 1 1 671 763 201
685 2 2 1 1 375 972 664
686 2 2 1 1 504 1141 189
687 2 2 1 1 551 793 287
688 2 2 1 1 670 765 200
689 2 2 1 1 548 902 259
690 2 2 1 1 940 1140 176
691 2 2 1 1 54 809 556
692 2 2 1 1 803 875 173
693 2 2 1 1 352 725 631
694 2 2 1 1 294 1228 475
695 2 2 1 1 480 1008 802
696 2 2 1 1 408 1187 631
697 2 2 1 1 619 942 421
698 2 2 1 1 558 801 417
699 2 2 1 1 891 1229 451
700 2 2 1 1 801 903 417
701 2 2 1 1 270 1102 515
702 2 2 1 1 368 1035 612
703 2 2 1 1 467 974 699
704 2 2 1 1 526 1166 356
705 2 2 1 1 598 1049 1040
706 2 2 1 1 493 1011 600
707 2 2 1 1 683 1190 821
708 2 2 1 1 795 1215 711
709 2 2 1 1 503 1262 101
710 2 2 1 1 633 1415 461
711 2 2 1 1 407 900 878
712 2 2 1 1 189 862 504
713 2 2 1 1 303 1326 773
714 2 2 1 1 253 1142 441
715 2 2 1 1 410 1034 523
716 2 2 1 1 813 1412 249
717 2 2 1 1 759 1213 1155
718 2 2 1 1 815 1286 309
719 2 2 1 1 424 689 676
720 2 2 1 1 220 915 822
721 2 2 1 1 553 881 190
722 2 2 1 1 203 841 666
723 2 2 1 1 459 1209 163
724 2 2 1 1 173 875 501
725 2 2 1 1 1020 1275 43
726 2 2 1 1 523 936 410
727 2 2 1 1 912 927 340
728 2 2 1 1 287 866 585
729 2 2 1 1 523 1266 897
730 2 2 1 1 196 792 767
731 2 2 1 1 676 689 233
732 2 2 1 1 277 1345 661
733 2 2 1 1 198 1032 649
734 2 2 1 1 1038 1268 525
735 2 2 1 1 661 1260 25
736 2 2 1 1 690 865 405
737 2 2 1 1 298 865 690
738 2 2 1 1 258 886 484
739 2 2 1 1 545 1402 387
740 2 2 1 1 460 1217 255
741 2 2 1 1 441 1142 565
742 2 2 1 1 654 855 386
743 2 2 1 1 304 855 654
744 2 2 1 1 613 986 319
745 2 2 1 1 388 987 605
746 2 2 1 1 429 798 560
747 2 2 1 1 552 1039 36
748 2 2 1 1 297 861 614
749 2 2 1 1 617 933 84
750 2 2 1 1 533 839 360
751 2 2 1 1 656 856 384
752 2 2 1 1 303 856 656
753 2 2 1 1 692 1021 478
754 2 2 1 1 657 857 383
755 2 2 1 1 302 857 657
756 2 2 1 1 583 1068 199
757 2 2 1 1 299 860 615
758 2 2 1 1 552 879 267
759 2 2 1 1 344 930 812
760 2 2 1 1 221 1155 640
761 2 2 1 1 297 777 658
762 2 2 1 1 706 976 390
763 2 2 1 1 300 859 616
764 2 2 1 1 764 1370 242
765 2 2 1 1 554 1373 234
766 2 2 1 1 574 1245 15
767 2 2 1 1 762 1369 243
768 2 2 1 1 330 1068 583
769 2 2 1 1 1113 1244 228
770 2 2 1 1 760 1368 244
771 2 2 1 1 280 684 540
772 2 2 1 1 643 1041 290
773 2 2 1 1 308 1297 533
774 2 2 1 1 935 1249 572
775 2 2 1 1 161 995 884
776 2 2 1 1 516 1181 756
777 2 2 1 1 568 777 396
778 2 2 1 1 628 888 12
779 2 2 1 1 493 1251 1011
780 2 2 1 1 603 876 297
781 2 2 1 1 714 779 346
782 2 2 1 1 266 737 511
783 2 2 1 1 890 1163 651
784 2 2 1 1 767 792 437
785 2 2 1 1 227 1219 874
786 2 2 1 1 533 945 156
787 2 2 1 1 587 1135 330
788 2 2 1 1 357 632 592
789 2 2 1 1 208 865 588
790 2 2 1 1 375 873 673
791 2 2 1 1 723 1058 460
792 2 2 1 1 604 896 299
793 2 2 1 1 534 1169 75
794 2 2 1 1 531 1127 269
795 2 2 1 1 707 1070 519
796 2 2 1 1 531 1063 1024
797 2 2 1 1 598 731 435
798 2 2 1 1 559 1007 206
799 2 2 1 1 595 655 317
800 2 2 1 1 678 733 308
801 2 2 1 1 75 1014 534
802 2 2 1 1 606 918 300
803 2 2 1 1 210 961 903
804 2 2 1 1 996 1187 408
805 2 2 1 1 704 776 342
806 2 2 1 1 307 1116 621
807 2 2 1 1 515 1119 270
808 2 2 1 1 606 1293 205
809 2 2 1 1 569 1081 872
810 2 2 1 1 1136 1223 628
811 2 2 1 1 583 587 330
812 2 2 1 1 1040 1049 420
813 2 2 1 1 517 1025 419
814 2 2 1 1 573 1177 390
815 2 2 1 1 843 1066 676
816 2 2 1 1 69 1018 536
817 2 2 1 1 613 1338 473
818 2 2 1 1 898 1189 578
819 2 2 1 1 964 1331 559
820 2 2 1 1 675 1110 218
821 2 2 1 1 210 805 572
822 2 2 1 1 632 1296 274
823 2 2 1 1 1173 1366 243
824 2 2 1 1 243 1366 751
825 2 2 1 1 202 857 616
826 2 2 1 1 15 840 574
827 2 2 1 1 201 856 615
828 2 2 1 1 242 1363 750
829 2 2 1 1 1172 1363 242
830 2 2 1 1 200 855 614
831 2 2 1 1 422 1059 740
832 2 2 1 1 693 766 363
833 2 2 1 1 250 828 438
834 2 2 1 1 333 1213 759
835 2 2 1 1 156 1250 533
836 2 2 1 1 641 900 407
837 2 2 1 1 405 1077 547
838 2 2 1 1 1201 1340 513
839 2 2 1 1 1041 1220 453
840 2 2 1 1 322 753 612
841 2 2 1 1 387 1056 545
842 2 2 1 1 545 1056 216
843 2 2 1 1 360 945 533
844 2 2 1 1 842 878 322
845 2 2 1 1 572 805 418
846 2 2 1 1 279 1126 524
847 2 2 1 1 297 1390 861
848 2 2 1 1 250 1315 828
849 2 2 1 1 100 1372 99
850 2 2 1 1 544 891 361
851 2 2 1 1 449 853 758
852 2 2 1 1 308 1250 816
853 2 2 1 1 631 725 211
854 2 2 1 1 567 958 394
855 2 2 1 1 183 958 567
856 2 2 1 1 392 959 537
857 2 2 1 1 941 1410 413
858 2 2 1 1 970 1010 411
859 2 2 1 1 673 972 375
860 2 2 1 1 706 1389 976
861 2 2 1 1 11 628 12
862 2 2 1 1 930 986 473
863 2 2 1 1 712 1286 245
864 2 2 1 1 299 1393 860
865 2 2 1 1 102 852 101
866 2 2 1 1 610 889 329
867 2 2 1 1 987 1280 605
868 2 2 1 1 262 1387 834
869 2 2 1 1 796 1044 324
870 2 2 1 1 322 878 753
871 2 2 1 1 1155 1197 640
872 2 2 1 1 535 1321 882
873 2 2 1 1 300 1395 859
874 2 2 1 1 406 1225 682
875 2 2 1 1 928 1336 466
876 2 2 1 1 645 1113 430
877 2 2 1 1 821 1190 389
878 2 2 1 1 653 1110 255
879 2 2 1 1 131 1237 1004
880 2 2 1 1 137 1236 1005
881 2 2 1 1 716 736 331
882 2 2 1 1 579 819 283
883 2 2 1 1 757 801 187
884 2 2 1 1 11 1136 628
885 2 2 1 1 676 942 424
886 2 2 1 1 298 1184 805
887 2 2 1 1 18 629 19
888 2 2 1 1 470 1247 1135
889 2 2 1 1 44 1192 1020
890 2 2 1 1 547 943 178
891 2 2 1 1 828 1026 438
892 2 2 1 1 295 1118 545
893 2 2 1 1 578 1256 343
894 2 2 1 1 186 798 657
895 2 2 1 1 737 1161 511
896 2 2 1 1 617 743 338
897 2 2 1 1 371 743 617
898 2 2 1 1 421 1268 1038
899 2 2 1 1 280 1013 589
900 2 2 1 1 687 1364 279
901 2 2 1 1 44 1020 43
902 2 2 1 1 818 1193 284
903 2 2 1 1 505 1170 846
904 2 2 1 1 817 1042 222
905 2 2 1 1 1006 1293 606
906 2 2 1 1 350 788 637
907 2 2 1 1 637 788 369
908 2 2 1 1 1044 1412 324
909 2 2 1 1 946 987 527
910 2 2 1 1 254 987 946
911 2 2 1 1 179 1098 681
912 2 2 1 1 403 1065 597
913 2 2 1 1 597 1065 225
914 2 2 1 1 556 894 53
915 2 2 1 1 400 988 535
916 2 2 1 1 542 1392 373
917 2 2 1 1 294 752 707
918 2 2 1 1 560 1137 429
919 2 2 1 1 247 986 930
920 2 2 1 1 746 836 404
921 2 2 1 1 317 1032 595
922 2 2 1 1 29 883 562
923 2 2 1 1 176 635 634
924 2 2 1 1 413 1410 907
925 2 2 1 1 223 867 625
926 2 2 1 1 585 866 267
927 2 2 1 1 530 976 968
928 2 2 1 1 968 976 256
929 2 2 1 1 309 712 711
930 2 2 1 1 711 712 354
931 2 2 1 1 361 1045 564
932 2 2 1 1 580 912 340
933 2 2 1 1 417 1111 558
934 2 2 1 1 175 941 849
935 2 2 1 1 465 970 605
936 2 2 1 1 233 843 676
937 2 2 1 1 441 916 253
938 2 2 1 1 359 1013 863
939 2 2 1 1 66 924 65
940 2 2 1 1 575 1261 1127
941 2 2 1 1 658 777 183
942 2 2 1 1 677 718 328
943 2 2 1 1 627 957 450
944 2 2 1 1 319 986 766
945 2 2 1 1 646 864 327
946 2 2 1 1 320 1030 501
947 2 2 1 1 259 953 548
948 2 2 1 1 682 967 425
949 2 2 1 1 561 985 265
950 2 2 1 1 581 933 338
951 2 2 1 1 345 774 714
952 2 2 1 1 651 806 351
953 2 2 1 1 187 1377 590
954 2 2 1 1 642 793 463
955 2 2 1 1 681 1019 179
956 2 2 1 1 644 1119 427
957 2 2 1 1 585 879 38
958 2 2 1 1 265 982 561
959 2 2 1 1 649 1032 449
960 2 2 1 1 556 935 260
961 2 2 1 1 644 1336 1119
962 2 2 1 1 862 1127 306
963 2 2 1 1 260 1022 556
964 2 2 1 1 1004 1237 529
965 2 2 1 1 1005 1236 528
966 2 2 1 1 657 798 302
967 2 2 1 1 954 1015 213
968 2 2 1 1 573 969 89
969 2 2 1 1 891 1158 236
970 2 2 1 1 767 951 282
971 2 2 1 1 612 753 368
972 2 2 1 1 563 893 1
973 2 2 1 1 604 773 204
974 2 2 1 1 558 1053 393
975 2 2 1 1 206 964 559
976 2 2 1 1 897 1266 322
977 2 2 1 1 849 941 445
978 2 2 1 1 409 1275 1020
979 2 2 1 1 438 887 250
980 2 2 1 1 153 694 152
981 2 2 1 1 237 899 532
982 2 2 1 1 799 1169 325
983 2 2 1 1 353 843 709
984 2 2 1 1 13 1253 14
985 2 2 1 1 84 933 83
986 2 2 1 1 221 776 704
987 2 2 1 1 241 1405 749
988 2 2 1 1 626 705 293
989 2 2 1 1 213 1269 693
990 2 2 1 1 749 1405 1352
991 2 2 1 1 224 779 714
992 2 2 1 1 718 725 328
993 2 2 1 1 640 776 221
994 2 2 1 1 639 774 391
995 2 2 1 1 1127 1261 269
996 2 2 1 1 591 1281 347
997 2 2 1 1 501 875 320
998 2 2 1 1 186 1294 560
999 2 2 1 1 459 1042 817
1000 2 2 1 1 346 893 563
1001 2 2 1 1 224 774 639
1002 2 2 1 1 43 1275 42
1003 2 2 1 1 755 1149 414
1004 2 2 1 1 478 1271 692
1005 2 2 1 1 28 883 29
1006 2 2 1 1 687 1033 188
1007 2 2 1 1 49 897 612
1008 2 2 1 1 633 867 223
1009 2 2 1 1 397 776 640
1010 2 2 1 1 1 893 6
1011 2 2 1 1 672 1287 761
1012 2 2 1 1 202 833 672
1013 2 2 1 1 184 735 654
1014 2 2 1 1 339 870 573
1015 2 2 1 1 671 1288 763
1016 2 2 1 1 201 831 671
1017 2 2 1 1 345 826 774
1018 2 2 1 1 200 829 670
1019 2 2 1 1 670 1289 765
1020 2 2 1 1 502 1303 815
1021 2 2 1 1 791 1253 13
1022 2 2 1 1 355 1310 566
1023 2 2 1 1 569 872 337
1024 2 2 1 1 635 1140 268
1025 2 2 1 1 358 736 716
1026 2 2 1 1 660 741 185
1027 2 2 1 1 659 738 184
1028 2 2 1 1 202 859 833
1029 2 2 1 1 1049 1314 192
1030 2 2 1 1 909 1038 196
1031 2 2 1 1 562 883 340
1032 2 2 1 1 117 1003 569
1033 2 2 1 1 667 930 344
1034 2 2 1 1 544 1158 891
1035 2 2 1 1 696 877 366
1036 2 2 1 1 1135 1247 173
1037 2 2 1 1 201 860 831
1038 2 2 1 1 655 904 317
1039 2 2 1 1 1007 1031 206
1040 2 2 1 1 500 1143 167
1041 2 2 1 1 286 1415 633
1042 2 2 1 1 445 941 723
1043 2 2 1 1 787 1269 213
1044 2 2 1 1 437 951 767
1045 2 2 1 1 266 1154 665
1046 2 2 1 1 806 1200 351
1047 2 2 1 1 828 1315 579
1048 2 2 1 1 748 813 396
1049 2 2 1 1 599 913 328
1050 2 2 1 1 292 999 832
1051 2 2 1 1 910 1090 217
1052 2 2 1 1 535 1134 400
1053 2 2 1 1 200 861 829
1054 2 2 1 1 95 1107 519
1055 2 2 1 1 664 837 375
1056 2 2 1 1 957 1399 450
1057 2 2 1 1 613 854 147
1058 2 2 1 1 776 830 342
1059 2 2 1 1 779 834 346
1060 2 2 1 1 419 1046 517
1061 2 2 1 1 740 1089 422
1062 2 2 1 1 336 924 610
1063 2 2 1 1 674 1041 180
1064 2 2 1 1 318 1002 662
1065 2 2 1 1 603 820 203
1066 2 2 1 1 470 1135 587
1067 2 2 1 1 211 725 718
1068 2 2 1 1 798 1006 302
1069 2 2 1 1 593 1102 270
1070 2 2 1 1 269 1150 531
1071 2 2 1 1 297 1351 777
1072 2 2 1 1 577 1104 6
1073 2 2 1 1 408 806 651
1074 2 2 1 1 620 902 288
1075 2 2 1 1 631 1187 352
1076 2 2 1 1 424 942 619
1077 2 2 1 1 264 1279 542
1078 2 2 1 1 602 923 335
1079 2 2 1 1 714 774 224
1080 2 2 1 1 336 1094 584
1081 2 2 1 1 902 1344 259
1082 2 2 1 1 643 779 224
1083 2 2 1 1 374 1158 1033
1084 2 2 1 1 38 879 37
1085 2 2 1 1 876 1351 297
1086 2 2 1 1 682 1225 275
1087 2 2 1 1 881 960 370
1088 2 2 1 1 220 977 952
1089 2 2 1 1 185 769 656
1090 2 2 1 1 399 779 643
1091 2 2 1 1 608 1024 195
1092 2 2 1 1 229 1239 565
1093 2 2 1 1 335 718 677
1094 2 2 1 1 19 1221 20
1095 2 2 1 1 454 875 803
1096 2 2 1 1 435 1314 598
1097 2 2 1 1 513 1340 877
1098 2 2 1 1 272 814 797
1099 2 2 1 1 394 1051 567
1100 2 2 1 1 598 1314 1049
1101 2 2 1 1 28 1112 580
1102 2 2 1 1 542 1133 264
1103 2 2 1 1 539 1079 289
1104 2 2 1 1 355 742 650
1105 2 2 1 1 537 1205 357
1106 2 2 1 1 367 899 551
1107 2 2 1 1 567 1122 377
1108 2 2 1 1 588 865 298
1109 2 2 1 1 511 1154 266
1110 2 2 1 1 568 1307 183
1111 2 2 1 1 254 946 601
1112 2 2 1 1 601 946 369
1113 2 2 1 1 338 1095 581
1114 2 2 1 1 396 1052 568
1115 2 2 1 1 371 1251 910
1116 2 2 1 1 572 1249 210
1117 2 2 1 1 1234 1401 547
1118 2 2 1 1 206 1297 733
1119 2 2 1 1 285 731 598
1120 2 2 1 1 1119 1336 270
1121 2 2 1 1 493 1090 910
1122 2 2 1 1 594 1023 334
1123 2 2 1 1 569 1003 388
1124 2 2 1 1 386 765 764
1125 2 2 1 1 764 765 312
1126 2 2 1 1 384 763 762
1127 2 2 1 1 762 763 314
1128 2 2 1 1 383 761 760
1129 2 2 1 1 760 761 316
1130 2 2 1 1 783 985 561
1131 2 2 1 1 344 1274 594
1132 2 2 1 1 585 1301 648
1133 2 2 1 1 1033 1158 544
1134 2 2 1 1 684 1037 348
1135 2 2 1 1 390 969 573
1136 2 2 1 1 573 971 339
1137 2 2 1 1 218 1110 1030
1138 2 2 1 1 575 1127 862
1139 2 2 1 1 647 805 210
1140 2 2 1 1 561 982 770
1141 2 2 1 1 662 822 318
1142 2 2 1 1 337 963 569
1143 2 2 1 1 681 1098 461
1144 2 2 1 1 340 883 580
1145 2 2 1 1 107 685 106
1146 2 2 1 1 405 925 734
1147 2 2 1 1 190 984 553
1148 2 2 1 1 189 1222 862
1149 2 2 1 1 772 961 210
1150 2 2 1 1 673 873 231
1151 2 2 1 1 421 1131 619
1152 2 2 1 1 113 688 112
1153 2 2 1 1 1069 1092 247
1154 2 2 1 1 862 1222 575
1155 2 2 1 1 319 766 693
1156 2 2 1 1 442 1123 781
1157 2 2 1 1 774 826 391
1158 2 2 1 1 968 1251 371
1159 2 2 1 1 267 879 585
1160 2 2 1 1 649 869 198
1161 2 2 1 1 687 1224 1033
1162 2 2 1 1 330 1217 460
1163 2 2 1 1 797 998 272
1164 2 2 1 1 1105 1342 728
1165 2 2 1 1 310 1039 552
1166 2 2 1 1 566 1310 853
1167 2 2 1 1 746 896 204
1168 2 2 1 1 404 896 746
1169 2 2 1 1 399 834 779
1170 2 2 1 1 708 823 356
1171 2 2 1 1 301 823 708
1172 2 2 1 1 748 876 203
1173 2 2 1 1 396 876 748
1174 2 2 1 1 626 1012 389
1175 2 2 1 1 577 893 346
1176 2 2 1 1 370 960 928
1177 2 2 1 1 193 988 582
1178 2 2 1 1 281 1347 574
1179 2 2 1 1 506 1275 992
1180 2 2 1 1 192 923 602
1181 2 2 1 1 584 1157 65
1182 2 2 1 1 20 1221 926
1183 2 2 1 1 397 830 776
1184 2 2 1 1 1005 1086 136
1185 2 2 1 1 329 908 719
1186 2 2 1 1 356 823 773
1187 2 2 1 1 1004 1084 130
1188 2 2 1 1 574 1254 281
1189 2 2 1 1 653 1217 330
1190 2 2 1 1 559 1371 1007
1191 2 2 1 1 709 843 233
1192 2 2 1 1 897 1242 523
1193 2 2 1 1 584 924 336
1194 2 2 1 1 461 867 633
1195 2 2 1 1 601 1001 254
1196 2 2 1 1 387 1001 601
1197 2 2 1 1 332 873 837
1198 2 2 1 1 647 903 326
1199 2 2 1 1 462 960 881
1200 2 2 1 1 347 1085 591
1201 2 2 1 1 836 1178 248
1202 2 2 1 1 189 1141 621
1203 2 2 1 1 1029 1109 335
1204 2 2 1 1 186 877 696
1205 2 2 1 1 1008 1048 518
1206 2 2 1 1 519 938 95
1207 2 2 1 1 586 1080 350
1208 2 2 1 1 521 1038 909
1209 2 2 1 1 582 1079 333
1210 2 2 1 1 564 1045 268
1211 2 2 1 1 698 880 431
1212 2 2 1 1 365 1249 935
1213 2 2 1 1 846 1346 505
1214 2 2 1 1 839 1297 206
1215 2 2 1 1 746 1264 325
1216 2 2 1 1 395 1279 1185
1217 2 2 1 1 362 841 820
1218 2 2 1 1 610 1381 889
1219 2 2 1 1 853 1310 219
1220 2 2 1 1 595 949 288
1221 2 2 1 1 143 1256 578
1222 2 2 1 1 283 1406 576
1223 2 2 1 1 625 867 289
1224 2 2 1 1 952 977 524
1225 2 2 1 1 700 1300 99
1226 2 2 1 1 373 1133 542
1227 2 2 1 1 744 908 329
1228 2 2 1 1 8 913 599
1229 2 2 1 1 621 1141 307
1230 2 2 1 1 472 1332 1179
1231 2 2 1 1 532 905 223
1232 2 2 1 1 670 829 311
1233 2 2 1 1 744 1305 246
1234 2 2 1 1 878 900 197
1235 2 2 1 1 578 1091 143
1236 2 2 1 1 548 1240 177
1237 2 2 1 1 614 855 304
1238 2 2 1 1 615 856 303
1239 2 2 1 1 616 857 302
1240 2 2 1 1 650 1310 355
1241 2 2 1 1 207 1306 609
1242 2 2 1 1 566 847 355
1243 2 2 1 1 671 831 313
1244 2 2 1 1 619 1131 273
1245 2 2 1 1 423 1327 665
1246 2 2 1 1 609 1306 464
1247 2 2 1 1 652 823 301
1248 2 2 1 1 616 859 202
1249 2 2 1 1 15 1245 16
1250 2 2 1 1 615 860 201
1251 2 2 1 1 76 1114 1014
1252 2 2 1 1 740 1059 191
1253 2 2 1 1 614 861 200
1254 2 2 1 1 1237 1363 529
1255 2 2 1 1 624 983 285
1256 2 2 1 1 203 876 603
1257 2 2 1 1 672 833 315
1258 2 2 1 1 768 873 332
1259 2 2 1 1 690 1184 298
1260 2 2 1 1 1012 1277 176
1261 2 2 1 1 153 1376 694
1262 2 2 1 1 447 1015 954
1263 2 2 1 1 429 1006 798
1264 2 2 1 1 1236 1366 528
1265 2 2 1 1 595 1032 198
1266 2 2 1 1 431 1223 1136
1267 2 2 1 1 268 1140 824
1268 2 2 1 1 476 1343 1178
1269 2 2 1 1 474 1157 584
1270 2 2 1 1 918 1232 300
1271 2 2 1 1 899 905 532
1272 2 2 1 1 7 913 8
1273 2 2 1 1 289 1299 539
1274 2 2 1 1 319 854 613
1275 2 2 1 1 637 948 350
1276 2 2 1 1 663 728 227
1277 2 2 1 1 517 1046 999
1278 2 2 1 1 253 1391 739
1279 2 2 1 1 270 928 593
1280 2 2 1 1 326 1130 588
1281 2 2 1 1 624 1040 420
1282 2 2 1 1 450 1260 661
1283 2 2 1 1 350 948 586
1284 2 2 1 1 896 1252 299
1285 2 2 1 1 639 1220 224
1286 2 2 1 1 246 1305 1179
1287 2 2 1 1 663 874 279
1288 2 2 1 1 849 1259 175
1289 2 2 1 1 913 1339 328
1290 2 2 1 1 330 1135 653
1291 2 2 1 1 537 997 994
1292 2 2 1 1 677 1339 262
1293 2 2 1 1 836 1073 404
1294 2 2 1 1 276 1062 609
1295 2 2 1 1 407 878 842
1296 2 2 1 1 343 1256 851
1297 2 2 1 1 565 1142 443
1298 2 2 1 1 199 983 624
1299 2 2 1 1 440 906 887
1300 2 2 1 1 72 745 71
1301 2 2 1 1 262 1203 602
1302 2 2 1 1 174 1362 541
1303 2 2 1 1 759 927 442
1304 2 2 1 1 425 817 682
1305 2 2 1 1 892 1128 675
1306 2 2 1 1 992 1275 409
1307 2 2 1 1 601 1056 387
1308 2 2 1 1 722 841 362
1309 2 2 1 1 305 841 722
1310 2 2 1 1 124 1106 586
1311 2 2 1 1 618 920 195
1312 2 2 1 1 496 1075 581
1313 2 2 1 1 1172 1370 489
1314 2 2 1 1 609 1309 276
1315 2 2 1 1 204 896 604
1316 2 2 1 1 1388 1391 916
1317 2 2 1 1 1173 1369 490
1318 2 2 1 1 427 915 644
1319 2 2 1 1 667 1069 930
1320 2 2 1 1 748 1258 324
1321 2 2 1 1 447 1340 1201
1322 2 2 1 1 497 1324 171
1323 2 2 1 1 590 1377 363
1324 2 2 1 1 1339 1387 262
1325 2 2 1 1 287 793 642
1326 2 2 1 1 628 1132 888
1327 2 2 1 1 707 752 229
1328 2 2 1 1 870 1177 573
1329 2 2 1 1 639 1298 1220
1330 2 2 1 1 151 1023 594
1331 2 2 1 1 321 900 641
1332 2 2 1 1 833 859 380
1333 2 2 1 1 666 841 305
1334 2 2 1 1 50 897 49
1335 2 2 1 1 334 925 710
1336 2 2 1 1 363 1092 590
1337 2 2 1 1 664 929 257
1338 2 2 1 1 832 999 484
1339 2 2 1 1 70 1121 1018
1340 2 2 1 1 59 1281 591
1341 2 2 1 1 78 754 77
1342 2 2 1 1 32 770 33
1343 2 2 1 1 831 860 379
1344 2 2 1 1 398 1342 1105
1345 2 2 1 1 348 939 674
1346 2 2 1 1 436 869 649
1347 2 2 1 1 645 848 252
1348 2 2 1 1 842 1034 228
1349 2 2 1 1 829 861 377
1350 2 2 1 1 602 978 192
1351 2 2 1 1 412 918 908
1352 2 2 1 1 594 1274 151
1353 2 2 1 1 387 1402 810
1354 2 2 1 1 469 1031 1007
1355 2 2 1 1 501 1110 653
1356 2 2 1 1 30 783 31
1357 2 2 1 1 903 961 417
1358 2 2 1 1 24 1211 661
1359 2 2 1 1 81 1075 1044
1360 2 2 1 1 808 895 373
1361 2 2 1 1 420 1216 624
1362 2 2 1 1 205 918 606
1363 2 2 1 1 416 1150 634
1364 2 2 1 1 537 994 392
1365 2 2 1 1 934 1229 236
1366 2 2 1 1 588 1036 208
1367 2 2 1 1 646 1322 864
1368 2 2 1 1 541 1362 596
1369 2 2 1 1 635 1153 416
1370 2 2 1 1 215 957 627
1371 2 2 1 1 37 879 552
1372 2 2 1 1 629 1409 318
1373 2 2 1 1 341 890 692
1374 2 2 1 1 352 1151 599
1375 2 2 1 1 734 925 334
1376 2 2 1 1 279 1364 663
1377 2 2 1 1 326 801 757
1378 2 2 1 1 218 892 675
1379 2 2 1 1 361 920 618
1380 2 2 1 1 553 984 395
1381 2 2 1 1 619 1349 1255
1382 2 2 1 1 870 1064 226
1383 2 2 1 1 872 1065 337
1384 2 2 1 1 1011 1251 256
1385 2 2 1 1 324 813 748
1386 2 2 1 1 887 906 250
1387 2 2 1 1 530 968 835
1388 2 2 1 1 737 1270 230
1389 2 2 1 1 395 1285 553
1390 2 2 1 1 565 1397 441
1391 2 2 1 1 412 908 744
1392 2 2 1 1 591 1099 59
1393 2 2 1 1 766 1092 363
1394 2 2 1 1 451 920 891
1395 2 2 1 1 311 829 749
1396 2 2 1 1 1189 1368 491
1397 2 2 1 1 443 1142 739
1398 2 2 1 1 127 778 126
1399 2 2 1 1 14 840 15
1400 2 2 1 1 129 780 128
1401 2 2 1 1 133 782 132
1402 2 2 1 1 135 784 134
1403 2 2 1 1 139 785 138
1404 2 2 1 1 141 786 140
1405 2 2 1 1 437 975 951
1406 2 2 1 1 352 1187 880
1407 2 2 1 1 17 1384 18
1408 2 2 1 1 347 1281 845
1409 2 2 1 1 473 986 613
1410 2 2 1 1 1128 1225 445
1411 2 2 1 1 499 1099 591
1412 2 2 1 1 289 1043 625
1413 2 2 1 1 430 848 645
1414 2 2 1 1 313 831 750
1415 2 2 1 1 334 1023 694
1416 2 2 1 1 790 931 494
1417 2 2 1 1 625 1043 400
1418 2 2 1 1 464 1309 609
1419 2 2 1 1 596 1083 323
1420 2 2 1 1 212 1205 959
1421 2 2 1 1 739 1142 253
1422 2 2 1 1 315 833 751
1423 2 2 1 1 209 1124 589
1424 2 2 1 1 450 1345 627
1425 2 2 1 1 161 884 160
1426 2 2 1 1 694 1376 494
1427 2 2 1 1 16 794 17
1428 2 2 1 1 546 1339 913
1429 2 2 1 1 225 1356 597
1430 2 2 1 1 84 1196 617
1431 2 2 1 1 155 790 154
1432 2 2 1 1 668 1379 440
1433 2 2 1 1 605 1280 465
1434 2 2 1 1 80 796 79
1435 2 2 1 1 280 1124 587
1436 2 2 1 1 661 1211 444
1437 2 2 1 1 182 1282 600
1438 2 2 1 1 88 838 87
1439 2 2 1 1 713 1163 341
1440 2 2 1 1 208 1036 667
1441 2 2 1 1 842 1266 1034
1442 2 2 1 1 667 1036 415
1443 2 2 1 1 1245 1347 364
1444 2 2 1 1 369 1283 601
1445 2 2 1 1 289 1079 582
1446 2 2 1 1 605 970 225
1447 2 2 1 1 634 1150 269
1448 2 2 1 1 438 972 673
1449 2 2 1 1 617 1196 371
1450 2 2 1 1 147 854 146
1451 2 2 1 1 74 799 73
1452 2 2 1 1 678 1030 320
1453 2 2 1 1 636 1406 283
1454 2 2 1 1 554 1353 608
1455 2 2 1 1 490 1086 1005
1456 2 2 1 1 518 1048 1025
1457 2 2 1 1 445 1398 675
1458 2 2 1 1 489 1084 1004
1459 2 2 1 1 382 947 752
1460 2 2 1 1 994 997 165
1461 2 2 1 1 268 1153 635
1462 2 2 1 1 589 1124 280
1463 2 2 1 1 254 1280 987
1464 2 2 1 1 1064 1176 226
1465 2 2 1 1 268 1168 564
1466 2 2 1 1 612 897 322
1467 2 2 1 1 195 1063 618
1468 2 2 1 1 749 829 377
1469 2 2 1 1 338 933 617
1470 2 2 1 1 288 1375 620
1471 2 2 1 1 750 831 379
1472 2 2 1 1 55 809 54
1473 2 2 1 1 600 1411 493
1474 2 2 1 1 507 1270 737
1475 2 2 1 1 121 807 120
1476 2 2 1 1 786 1287 483
1477 2 2 1 1 784 1288 482
1478 2 2 1 1 780 1289 481
1479 2 2 1 1 751 833 380
1480 2 2 1 1 1039 1354 36
1481 2 2 1 1 207 1194 593
1482 2 2 1 1 580 1407 912
1483 2 2 1 1 796 1258 485
1484 2 2 1 1 627 1345 277
1485 2 2 1 1 789 1152 209
1486 2 2 1 1 325 836 746
1487 2 2 1 1 142 1091 1088
1488 2 2 1 1 145 851 144
1489 2 2 1 1 551 965 367
1490 2 2 1 1 285 1040 624
1491 2 2 1 1 837 873 375
1492 2 2 1 1 674 939 290
1493 2 2 1 1 150 812 149
1494 2 2 1 1 723 941 413
1495 2 2 1 1 996 1163 713
1496 2 2 1 1 600 1011 414
1497 2 2 1 1 724 1293 429
1498 2 2 1 1 962 1131 521
1499 2 2 1 1 392 1143 1117
1500 2 2 1 1 63 815 62
1501 2 2 1 1 540 1013 280
1502 2 2 1 1 158 816 157
1503 2 2 1 1 61 845 60
1504 2 2 1 1 302 1006 606
1505 2 2 1 1 171 1145 497
1506 2 2 1 1 255 1217 653
1507 2 2 1 1 632 1205 212
1508 2 2 1 1 360 931 790
1509 2 2 1 1 210 903 647
1510 2 2 1 1 919 1181 366
1511 2 2 1 1 620 1367 462
1512 2 2 1 1 650 742 310
1513 2 2 1 1 649 1320 436
1514 2 2 1 1 611 1193 358
1515 2 2 1 1 402 1064 685
1516 2 2 1 1 18 1384 956
1517 2 2 1 1 732 953 259
1518 2 2 1 1 721 975 437
1519 2 2 1 1 745 1328 487
1520 2 2 1 1 649 1318 278
1521 2 2 1 1 761 1287 316
1522 2 2 1 1 763 1288 314
1523 2 2 1 1 373 895 874
1524 2 2 1 1 765 1289 312
1525 2 2 1 1 541 929 664
1526 2 2 1 1 469 1401 1234
1527 2 2 1 1 707 1105 294
1528 2 2 1 1 622 1123 263
1529 2 2 1 1 676 1066 271
1530 2 2 1 1 663 1364 475
1531 2 2 1 1 623 1060 194
1532 2 2 1 1 276 1272 1062
1533 2 2 1 1 637 1171 122
1534 2 2 1 1 267 1346 846
1535 2 2 1 1 665 1327 235
1536 2 2 1 1 716 957 215
1537 2 2 1 1 324 1258 796
1538 2 2 1 1 812 1274 344
1539 2 2 1 1 719 1071 336
1540 2 2 1 1 414 1149 600
1541 2 2 1 1 600 1149 182
1542 2 2 1 1 1082 1106 125
1543 2 2 1 1 215 1115 611
1544 2 2 1 1 53 894 52
1545 2 2 1 1 724 1094 336
1546 2 2 1 1 646 1198 56
1547 2 2 1 1 195 1078 608
1548 2 2 1 1 1185 1279 638
1549 2 2 1 1 278 1320 649
1550 2 2 1 1 755 989 411
1551 2 2 1 1 498 989 755
1552 2 2 1 1 357 997 537
1553 2 2 1 1 336 1071 724
1554 2 2 1 1 547 1401 943
1555 2 2 1 1 1016 1184 690
1556 2 2 1 1 217 1378 743
1557 2 2 1 1 1106 1405 586
1558 2 2 1 1 799 1264 487
1559 2 2 1 1 265 1195 623
1560 2 2 1 1 1014 1114 476
1561 2 2 1 1 225 1081 605
1562 2 2 1 1 605 1081 388
1563 2 2 1 1 213 1015 787
1564 2 2 1 1 734 944 240
1565 2 2 1 1 626 1277 1012
1566 2 2 1 1 192 978 680
1567 2 2 1 1 314 1288 784
1568 2 2 1 1 312 1289 780
1569 2 2 1 1 316 1287 786
1570 2 2 1 1 835 968 371
1571 2 2 1 1 697 1095 338
1572 2 2 1 1 906 1315 250
1573 2 2 1 1 709 914 353
1574 2 2 1 1 335 1109 718
1575 2 2 1 1 936 1242 51
1576 2 2 1 1 937 981 376
1577 2 2 1 1 894 936 52
1578 2 2 1 1 858 1330 239
1579 2 2 1 1 445 1225 849
1580 2 2 1 1 824 947 382
1581 2 2 1 1 694 944 334
1582 2 2 1 1 282 1132 628
1583 2 2 1 1 754 1337 485
1584 2 2 1 1 592 1042 459
1585 2 2 1 1 373 1392 808
1586 2 2 1 1 325 1264 799
1587 2 2 1 1 698 1136 10
1588 2 2 1 1 318 1409 1002
1589 2 2 1 1 916 1391 253
1590 2 2 1 1 444 1272 1047
1591 2 2 1 1 891 920 361
1592 2 2 1 1 352 880 698
1593 2 2 1 1 692 962 341
1594 2 2 1 1 18 956 629
1595 2 2 1 1 365 1198 646
1596 2 2 1 1 181 890 651
1597 2 2 1 1 609 1194 207
1598 2 2 1 1 214 1365 795
1599 2 2 1 1 367 905 899
1600 2 2 1 1 692 890 181
1601 2 2 1 1 674 1165 348
1602 2 2 1 1 959 1205 537
1603 2 2 1 1 956 1409 629
1604 2 2 1 1 175 1410 941
1605 2 2 1 1 638 1279 264
1606 2 2 1 1 837 1146 332
1607 2 2 1 1 86 835 85
1608 2 2 1 1 199 1058 983
1609 2 2 1 1 332 1146 1019
1610 2 2 1 1 369 1171 637
1611 2 2 1 1 351 921 699
1612 2 2 1 1 373 1219 1133
1613 2 2 1 1 911 1353 554
1614 2 2 1 1 163 1209 162
1615 2 2 1 1 1044 1075 496
1616 2 2 1 1 440 1379 1235
1617 2 2 1 1 234 975 721
1618 2 2 1 1 488 1405 1106
1619 2 2 1 1 484 886 863
1620 2 2 1 1 145 1319 851
1621 2 2 1 1 96 1107 95
1622 2 2 1 1 290 1041 674
1623 2 2 1 1 648 965 551
1624 2 2 1 1 733 964 206
1625 2 2 1 1 713 909 492
1626 2 2 1 1 265 985 830
1627 2 2 1 1 951 975 385
1628 2 2 1 1 703 1085 347
1629 2 2 1 1 167 1093 500
1630 2 2 1 1 527 987 850
1631 2 2 1 1 1025 1048 419
1632 2 2 1 1 621 1348 189
1633 2 2 1 1 826 982 265
1634 2 2 1 1 510 1319 854
1635 2 2 1 1 47 1035 630
1636 2 2 1 1 758 1147 422
1637 2 2 1 1 1087 1093 426
1638 2 2 1 1 675 1398 255
1639 2 2 1 1 1121 1332 472
1640 2 2 1 1 892 967 275
1641 2 2 1 1 232 1226 1210
1642 2 2 1 1 382 1231 1168
1643 2 2 1 1 704 927 221
1644 2 2 1 1 680 978 399
1645 2 2 1 1 582 1043 289
1646 2 2 1 1 334 944 734
1647 2 2 1 1 350 1080 691
1648 2 2 1 1 794 1245 364
1649 2 2 1 1 167 1143 166
1650 2 2 1 1 89 969 88
1651 2 2 1 1 618 1045 361
1652 2 2 1 1 169 1227 168
1653 2 2 1 1 952 1413 220
1654 2 2 1 1 1062 1272 538
1655 2 2 1 1 807 946 527
1656 2 2 1 1 579 1315 368
1657 2 2 1 1 522 1186 1125
1658 2 2 1 1 701 1308 296
1659 2 2 1 1 218 1030 678
1660 2 2 1 1 389 1190 705
1661 2 2 1 1 61 1303 845
1662 2 2 1 1 813 1052 396
1663 2 2 1 1 353 914 683
1664 2 2 1 1 524 1224 687
1665 2 2 1 1 1018 1121 472
1666 2 2 1 1 466 1248 669
1667 2 2 1 1 194 1060 715
1668 2 2 1 1 351 974 651
1669 2 2 1 1 788 1295 216
1670 2 2 1 1 486 1346 866
1671 2 2 1 1 607 1219 227
1672 2 2 1 1 1013 1273 589
1673 2 2 1 1 753 878 197
1674 2 2 1 1 431 1136 698
1675 2 2 1 1 119 850 118
1676 2 2 1 1 1204 1207 264
1677 2 2 1 1 340 927 704
1678 2 2 1 1 1257 1304 230
1679 2 2 1 1 959 1255 212
1680 2 2 1 1 908 918 205
1681 2 2 1 1 296 919 702
1682 2 2 1 1 273 1349 619
1683 2 2 1 1 187 922 701
1684 2 2 1 1 662 1002 236
1685 2 2 1 1 809 935 556
1686 2 2 1 1 719 908 205
1687 2 2 1 1 357 1205 632
1688 2 2 1 1 359 1273 1013
1689 2 2 1 1 221 927 759
1690 2 2 1 1 510 1269 787
1691 2 2 1 1 470 1152 789
1692 2 2 1 1 206 1031 839
1693 2 2 1 1 1160 1294 354
1694 2 2 1 1 651 974 181
1695 2 2 1 1 696 1294 186
1696 2 2 1 1 743 910 217
1697 2 2 1 1 371 910 743
1698 2 2 1 1 797 814 406
1699 2 2 1 1 468 1109 1029
1700 2 2 1 1 278 1089 740
1701 2 2 1 1 1114 1343 476
1702 2 2 1 1 685 1064 339
1703 2 2 1 1 966 997 357
1704 2 2 1 1 685 1027 402
1705 2 2 1 1 574 1347 1245
1706 2 2 1 1 710 925 208
1707 2 2 1 1 403 1028 688
1708 2 2 1 1 173 1247 803
1709 2 2 1 1 523 1242 936
1710 2 2 1 1 52 936 51
1711 2 2 1 1 13 888 791
1712 2 2 1 1 273 1131 962
1713 2 2 1 1 264 1133 607
1714 2 2 1 1 758 853 219
1715 2 2 1 1 477 991 804
1716 2 2 1 1 712 1160 354
1717 2 2 1 1 711 1215 309
1718 2 2 1 1 354 1199 711
1719 2 2 1 1 306 1353 911
1720 2 2 1 1 698 1151 352
1721 2 2 1 1 156 945 155
1722 2 2 1 1 804 991 418
1723 2 2 1 1 500 1093 1087
1724 2 2 1 1 72 1328 745
1725 2 2 1 1 675 1128 445
1726 2 2 1 1 284 1193 611
1727 2 2 1 1 449 1318 649
1728 2 2 1 1 331 957 716
1729 2 2 1 1 791 917 433
1730 2 2 1 1 697 937 376
1731 2 2 1 1 436 1162 869
1732 2 2 1 1 368 1315 630
1733 2 2 1 1 756 1181 296
1734 2 2 1 1 570 1042 592
1735 2 2 1 1 369 946 807
1736 2 2 1 1 401 895 808
1737 2 2 1 1 349 1194 1062
1738 2 2 1 1 662 1158 374
1739 2 2 1 1 1117 1143 500
1740 2 2 1 1 816 1263 508
1741 2 2 1 1 726 1334 339
1742 2 2 1 1 673 887 438
1743 2 2 1 1 385 917 791
1744 2 2 1 1 337 1335 717
1745 2 2 1 1 1007 1371 378
1746 2 2 1 1 339 1334 685
1747 2 2 1 1 979 1365 214
1748 2 2 1 1 689 1117 233
1749 2 2 1 1 668 1072 231
1750 2 2 1 1 339 971 726
1751 2 2 1 1 21 871 22
1752 2 2 1 1 688 1335 337
1753 2 2 1 1 618 1063 416
1754 2 2 1 1 937 1378 217
1755 2 2 1 1 1248 1413 952
1756 2 2 1 1 752 947 229
1757 2 2 1 1 209 1054 636
1758 2 2 1 1 494 944 694
1759 2 2 1 1 1220 1298 453
1760 2 2 1 1 78 1337 754
1761 2 2 1 1 717 963 337
1762 2 2 1 1 328 1339 677
1763 2 2 1 1 1083 1406 323
1764 2 2 1 1 356 1166 708
1765 2 2 1 1 473 1338 812
1766 2 2 1 1 699 921 238
1767 2 2 1 1 159 1263 158
1768 2 2 1 1 882 1134 535
1769 2 2 1 1 414 1389 706
1770 2 2 1 1 107 1027 685
1771 2 2 1 1 790 945 360
1772 2 2 1 1 389 1290 821
1773 2 2 1 1 688 1028 112
1774 2 2 1 1 365 935 809
1775 2 2 1 1 851 1319 510
1776 2 2 1 1 845 1303 502
1777 2 2 1 1 660 1395 300
1778 2 2 1 1 659 1393 299
1779 2 2 1 1 658 1390 297
1780 2 2 1 1 426 1226 709
1781 2 2 1 1 391 1208 639
1782 2 2 1 1 363 1377 701
1783 2 2 1 1 269 1290 634
1784 2 2 1 1 778 1357 481
1785 2 2 1 1 481 1357 780
1786 2 2 1 1 782 1358 482
1787 2 2 1 1 482 1358 784
1788 2 2 1 1 785 1359 483
1789 2 2 1 1 483 1359 786
1790 2 2 1 1 485 1337 796
1791 2 2 1 1 629 1221 19
1792 2 2 1 1 220 1413 644
1793 2 2 1 1 494 1376 790
1794 2 2 1 1 411 1010 755
1795 2 2 1 1 755 1010 182
1796 2 2 1 1 724 1137 245
1797 2 2 1 1 429 1137 724
1798 2 2 1 1 164 966 163
1799 2 2 1 1 1082 1352 488
1800 2 2 1 1 277 1162 627
1801 2 2 1 1 1071 1293 724
1802 2 2 1 1 507 1156 1100
1803 2 2 1 1 223 992 633
1804 2 2 1 1 377 1390 658
1805 2 2 1 1 989 1356 411
1806 2 2 1 1 379 1393 659
1807 2 2 1 1 380 1395 660
1808 2 2 1 1 164 997 966
1809 2 2 1 1 56 1322 646
1810 2 2 1 1 739 1391 571
1811 2 2 1 1 219 1147 758
1812 2 2 1 1 640 1218 397
1813 2 2 1 1 12 888 13
1814 2 2 1 1 224 1220 643
1815 2 2 1 1 362 1174 722
1816 2 2 1 1 758 1318 449
1817 2 2 1 1 323 932 596
1818 2 2 1 1 1062 1194 609
1819 2 2 1 1 165 997 164
1820 2 2 1 1 393 979 756
1821 2 2 1 1 756 979 214
1822 2 2 1 1 487 1328 799
1823 2 2 1 1 118 1003 117
1824 2 2 1 1 320 964 733
1825 2 2 1 1 81 1044 80
1826 2 2 1 1 285 983 907
1827 2 2 1 1 1088 1091 491
1828 2 2 1 1 709 1226 914
1829 2 2 1 1 791 888 385
1830 2 2 1 1 360 1302 931
1831 2 2 1 1 95 938 94
1832 2 2 1 1 71 1121 70
1833 2 2 1 1 715 1060 397
1834 2 2 1 1 77 1114 76
1835 2 2 1 1 643 1212 399
1836 2 2 1 1 1031 1302 360
1837 2 2 1 1 796 1337 79
1838 2 2 1 1 252 1267 645
1839 2 2 1 1 464 949 729
1840 2 2 1 1 348 1216 939
1841 2 2 1 1 235 1185 638
1842 2 2 1 1 127 1357 778
1843 2 2 1 1 780 1357 128
1844 2 2 1 1 133 1358 782
1845 2 2 1 1 784 1358 134
1846 2 2 1 1 703 979 393
1847 2 2 1 1 226 1076 706
1848 2 2 1 1 706 1076 414
1849 2 2 1 1 139 1359 785
1850 2 2 1 1 786 1359 140
1851 2 2 1 1 850 987 388
1852 2 2 1 1 1009 1373 554
1853 2 2 1 1 239 996 713
1854 2 2 1 1 611 1129 284
1855 2 2 1 1 717 1335 114
1856 2 2 1 1 48 1035 47
1857 2 2 1 1 105 1334 726
1858 2 2 1 1 799 1328 73
1859 2 2 1 1 659 1323 379
1860 2 2 1 1 660 1325 380
1861 2 2 1 1 1125 1186 34
1862 2 2 1 1 126 1082 125
1863 2 2 1 1 130 1084 129
1864 2 2 1 1 88 969 838
1865 2 2 1 1 136 1086 135
1866 2 2 1 1 723 1398 445
1867 2 2 1 1 142 1088 141
1868 2 2 1 1 394 990 691
1869 2 2 1 1 598 1040 285
1870 2 2 1 1 912 1407 263
1871 2 2 1 1 1133 1219 607
1872 2 2 1 1 451 1078 920
1873 2 2 1 1 730 958 183
1874 2 2 1 1 376 981 730
1875 2 2 1 1 730 981 295
1876 2 2 1 1 368 950 579
1877 2 2 1 1 1162 1341 869
1878 2 2 1 1 415 1069 667
1879 2 2 1 1 669 1248 401
1880 2 2 1 1 383 1350 657
1881 2 2 1 1 1000 1001 387
1882 2 2 1 1 75 1169 74
1883 2 2 1 1 1012 1290 389
1884 2 2 1 1 790 1376 154
1885 2 2 1 1 881 1344 462
1886 2 2 1 1 439 1197 1155
1887 2 2 1 1 399 1212 680
1888 2 2 1 1 332 1243 768
1889 2 2 1 1 63 1175 815
1890 2 2 1 1 56 1198 55
1891 2 2 1 1 295 1265 730
1892 2 2 1 1 747 1347 281
1893 2 2 1 1 410 936 894
1894 2 2 1 1 487 1264 652
1895 2 2 1 1 252 1108 641
1896 2 2 1 1 439 1284 802
1897 2 2 1 1 65 1157 64
1898 2 2 1 1 488 1106 1082
1899 2 2 1 1 491 1368 1088
1900 2 2 1 1 815 1303 62
1901 2 2 1 1 490 1369 1086
1902 2 2 1 1 822 915 318
1903 2 2 1 1 85 1196 84
1904 2 2 1 1 327 961 772
1905 2 2 1 1 489 1370 1084
1906 2 2 1 1 410 1182 955
1907 2 2 1 1 122 1171 121
1908 2 2 1 1 427 1221 629
1909 2 2 1 1 132 1237 131
1910 2 2 1 1 138 1236 137
1911 2 2 1 1 889 1305 329
1912 2 2 1 1 536 1305 889
1913 2 2 1 1 362 1312 735
1914 2 2 1 1 183 1307 730
1915 2 2 1 1 1054 1273 323
1916 2 2 1 1 292 1208 720
1917 2 2 1 1 752 1159 382
1918 2 2 1 1 747 1229 364
1919 2 2 1 1 157 1250 156
1920 2 2 1 1 230 1304 742
1921 2 2 1 1 178 1016 690
1922 2 2 1 1 236 1158 662
1923 2 2 1 1 640 1197 291
1924 2 2 1 1 862 911 504
1925 2 2 1 1 295 981 727
1926 2 2 1 1 266 1396 737
1927 2 2 1 1 241 1051 691
1928 2 2 1 1 691 1051 394
1929 2 2 1 1 699 973 467
1930 2 2 1 1 210 1249 772
1931 2 2 1 1 847 904 177
1932 2 2 1 1 151 1274 150
1933 2 2 1 1 306 911 862
1934 2 2 1 1 166 994 165
1935 2 2 1 1 259 1285 732
1936 2 2 1 1 217 1090 727
1937 2 2 1 1 485 1258 666
1938 2 2 1 1 812 1338 149
1939 2 2 1 1 216 1295 990
1940 2 2 1 1 356 1326 769
1941 2 2 1 1 727 1118 295
1942 2 2 1 1 152 1023 151
1943 2 2 1 1 465 1001 1000
1944 2 2 1 1 809 1198 365
1945 2 2 1 1 25 1260 26
1946 2 2 1 1 376 1057 697
1947 2 2 1 1 773 1326 356
1948 2 2 1 1 694 1023 152
1949 2 2 1 1 231 873 768
1950 2 2 1 1 1103 1112 27
1951 2 2 1 1 628 1223 282
1952 2 2 1 1 737 1396 507
1953 2 2 1 1 479 1066 843
1954 2 2 1 1 423 953 732
1955 2 2 1 1 1022 1182 410
1956 2 2 1 1 680 1049 192
1957 2 2 1 1 555 1112 1103
1958 2 2 1 1 804 1016 178
1959 2 2 1 1 244 1189 898
1960 2 2 1 1 26 1260 827
1961 2 2 1 1 418 1016 804
1962 2 2 1 1 397 1218 715
1963 2 2 1 1 481 1289 670
1964 2 2 1 1 482 1288 671
1965 2 2 1 1 252 1371 1331
1966 2 2 1 1 483 1287 672
1967 2 2 1 1 705 1190 232
1968 2 2 1 1 475 1228 663
1969 2 2 1 1 566 904 847
1970 2 2 1 1 627 1191 215
1971 2 2 1 1 371 1196 835
1972 2 2 1 1 381 1140 940
1973 2 2 1 1 1208 1298 639
1974 2 2 1 1 495 1403 731
1975 2 2 1 1 661 1345 450
1976 2 2 1 1 546 1387 1339
1977 2 2 1 1 943 1074 178
1978 2 2 1 1 106 1334 105
1979 2 2 1 1 920 1078 195
1980 2 2 1 1 114 1335 113
1981 2 2 1 1 703 1053 251
1982 2 2 1 1 393 1053 703
1983 2 2 1 1 770 982 345
1984 2 2 1 1 155 945 790
1985 2 2 1 1 771 990 394
1986 2 2 1 1 216 990 771
1987 2 2 1 1 653 1135 173
1988 2 2 1 1 720 1208 391
1989 2 2 1 1 630 1315 906
1990 2 2 1 1 807 1171 369
1991 2 2 1 1 715 1218 291
1992 2 2 1 1 255 1110 675
1993 2 2 1 1 788 1283 369
1994 2 2 1 1 697 1057 249
1995 2 2 1 1 601 1283 1056
1996 2 2 1 1 416 1153 618
1997 2 2 1 1 691 1080 241
1998 2 2 1 1 97 1055 96
1999 2 2 1 1 560 1294 1160
2000 2 2 1 1 630 1380 47
2001 2 2 1 1 633 993 286
2002 2 2 1 1 679 1342 398
2003 2 2 1 1 825 961 327
2004 2 2 1 1 366 954 919
2005 2 2 1 1 233 1087 709
2006 2 2 1 1 342 985 783
2007 2 2 1 1 463 1321 775
2008 2 2 1 1 581 1317 933
2009 2 2 1 1 953 1240 548
2010 2 2 1 1 227 1183 607
2011 2 2 1 1 930 1069 247
2012 2 2 1 1 810 1282 182
2013 2 2 1 1 1102 1194 349
2014 2 2 1 1 706 1177 226
2015 2 2 1 1 249 1095 697
2016 2 2 1 1 589 1054 209
2017 2 2 1 1 1125 1354 543
2018 2 2 1 1 291 1218 640
2019 2 2 1 1 345 982 826
2020 2 2 1 1 238 1403 1144
2021 2 2 1 1 529 1172 1004
2022 2 2 1 1 222 1042 570
2023 2 2 1 1 338 1378 697
2024 2 2 1 1 922 1308 701
2025 2 2 1 1 528 1173 1005
2026 2 2 1 1 732 1285 395
2027 2 2 1 1 498 1361 686
2028 2 2 1 1 766 986 247
2029 2 2 1 1 251 1085 703
2030 2 2 1 1 1017 1263 159
2031 2 2 1 1 451 1229 747
2032 2 2 1 1 428 967 892
2033 2 2 1 1 863 886 359
2034 2 2 1 1 955 1113 228
2035 2 2 1 1 917 975 234
2036 2 2 1 1 60 1281 59
2037 2 2 1 1 718 1109 211
2038 2 2 1 1 624 1037 199
2039 2 2 1 1 750 1096 242
2040 2 2 1 1 630 1035 368
2041 2 2 1 1 924 1360 610
2042 2 2 1 1 830 985 342
2043 2 2 1 1 751 1097 243
2044 2 2 1 1 377 1122 749
2045 2 2 1 1 1096 1138 242
2046 2 2 1 1 1097 1139 243
2047 2 2 1 1 188 1374 687
2048 2 2 1 1 70 1018 69
2049 2 2 1 1 695 1226 426
2050 2 2 1 1 634 1012 176
2051 2 2 1 1 681 1243 332
2052 2 2 1 1 578 1189 1091
2053 2 2 1 1 1091 1189 491
2054 2 2 1 1 477 1113 955
2055 2 2 1 1 820 1312 362
2056 2 2 1 1 290 1212 643
2057 2 2 1 1 686 1176 402
2058 2 2 1 1 197 950 753
2059 2 2 1 1 392 1117 689
2060 2 2 1 1 838 976 530
2061 2 2 1 1 390 976 838
2062 2 2 1 1 874 895 279
2063 2 2 1 1 587 1152 470
2064 2 2 1 1 553 1344 881
2065 2 2 1 1 205 1071 719
2066 2 2 1 1 1004 1172 489
2067 2 2 1 1 838 969 390
2068 2 2 1 1 332 1019 681
2069 2 2 1 1 641 1267 252
2070 2 2 1 1 880 1330 431
2071 2 2 1 1 542 1279 984
2072 2 2 1 1 1005 1173 490
2073 2 2 1 1 417 961 825
2074 2 2 1 1 1210 1226 695
2075 2 2 1 1 1100 1156 103
2076 2 2 1 1 244 1067 760
2077 2 2 1 1 691 1295 350
2078 2 2 1 1 744 1101 412
2079 2 2 1 1 246 1101 744
2080 2 2 1 1 240 1077 734
2081 2 2 1 1 180 1165 674
2082 2 2 1 1 810 1000 387
2083 2 2 1 1 734 1077 405
2084 2 2 1 1 693 1269 319
2085 2 2 1 1 840 1254 574
2086 2 2 1 1 753 950 368
2087 2 2 1 1 866 1346 267
2088 2 2 1 1 1168 1231 564
2089 2 2 1 1 680 1212 290
2090 2 2 1 1 984 1279 395
2091 2 2 1 1 76 1014 75
2092 2 2 1 1 607 1183 448
2093 2 2 1 1 701 1377 187
2094 2 2 1 1 35 1125 34
2095 2 2 1 1 292 1298 1208
2096 2 2 1 1 448 1183 679
2097 2 2 1 1 1026 1083 174
2098 2 2 1 1 245 1094 724
2099 2 2 1 1 762 1139 384
2100 2 2 1 1 593 1194 1102
2101 2 2 1 1 700 1207 1204
2102 2 2 1 1 789 1247 470
2103 2 2 1 1 764 1138 386
2104 2 2 1 1 144 1256 143
2105 2 2 1 1 407 1267 641
2106 2 2 1 1 354 1294 696
2107 2 2 1 1 775 1321 284
2108 2 2 1 1 727 1090 372
2109 2 2 1 1 270 1336 928
2110 2 2 1 1 294 1159 752
2111 2 2 1 1 269 1261 821
2112 2 2 1 1 768 1243 286
2113 2 2 1 1 432 1233 740
2114 2 2 1 1 38 1301 585
2115 2 2 1 1 683 914 232
2116 2 2 1 1 231 1072 673
2117 2 2 1 1 347 1365 703
2118 2 2 1 1 388 1003 850
2119 2 2 1 1 848 1371 252
2120 2 2 1 1 607 1204 264
2121 2 2 1 1 811 1231 382
2122 2 2 1 1 533 1297 839
2123 2 2 1 1 740 1233 278
2124 2 2 1 1 708 1166 246
2125 2 2 1 1 275 1128 892
2126 2 2 1 1 390 1177 706
2127 2 2 1 1 99 1300 98
2128 2 2 1 1 245 1160 712
2129 2 2 1 1 434 1192 668
2130 2 2 1 1 422 1089 758
2131 2 2 1 1 787 1015 343
2132 2 2 1 1 372 1118 727
2133 2 2 1 1 531 1150 1063
2134 2 2 1 1 448 1204 607
2135 2 2 1 1 802 1284 179
2136 2 2 1 1 663 1228 728
2137 2 2 1 1 679 1050 448
2138 2 2 1 1 182 1000 810
2139 2 2 1 1 306 1127 1024
2140 2 2 1 1 973 1238 467
2141 2 2 1 1 708 1332 301
2142 2 2 1 1 711 1199 214
2143 2 2 1 1 1155 1213 439
2144 2 2 1 1 398 1107 1055
2145 2 2 1 1 209 1202 789
2146 2 2 1 1 775 1129 432
2147 2 2 1 1 264 1207 638
2148 2 2 1 1 58 1414 57
2149 2 2 1 1 443 1188 938
2150 2 2 1 1 756 1308 393
2151 2 2 1 1 822 977 220
2152 2 2 1 1 496 1412 1044
2153 2 2 1 1 571 1206 92
2154 2 2 1 1 437 1383 721
2155 2 2 1 1 1014 1178 534
2156 2 2 1 1 476 1178 1014
2157 2 2 1 1 162 995 161
2158 2 2 1 1 215 1191 800
2159 2 2 1 1 284 1129 775
2160 2 2 1 1 238 1144 699
2161 2 2 1 1 309 1286 712
2162 2 2 1 1 993 1180 286
2163 2 2 1 1 1055 1107 96
2164 2 2 1 1 291 1197 802
2165 2 2 1 1 512 1138 1096
2166 2 2 1 1 168 1093 167
2167 2 2 1 1 514 1139 1097
2168 2 2 1 1 636 1202 209
2169 2 2 1 1 397 1195 830
2170 2 2 1 1 290 1355 680
2171 2 2 1 1 379 1096 750
2172 2 2 1 1 738 1252 404
2173 2 2 1 1 461 1415 681
2174 2 2 1 1 380 1097 751
2175 2 2 1 1 172 1145 171
2176 2 2 1 1 257 1146 837
2177 2 2 1 1 760 1067 383
2178 2 2 1 1 110 980 109
2179 2 2 1 1 722 1174 248
2180 2 2 1 1 951 1132 282
2181 2 2 1 1 729 1309 464
2182 2 2 1 1 248 1073 836
2183 2 2 1 1 166 1143 994
2184 2 2 1 1 673 1072 887
2185 2 2 1 1 800 1191 436
2186 2 2 1 1 364 1347 747
2187 2 2 1 1 125 1106 124
2188 2 2 1 1 131 1004 130
2189 2 2 1 1 137 1005 136
2190 2 2 1 1 1018 1179 536
2191 2 2 1 1 472 1179 1018
2192 2 2 1 1 394 1265 771
2193 2 2 1 1 143 1091 142
2194 2 2 1 1 293 1278 626
2195 2 2 1 1 401 1126 895
2196 2 2 1 1 1235 1380 906
2197 2 2 1 1 430 1074 848
2198 2 2 1 1 821 1261 446
2199 2 2 1 1 745 1121 71
2200 2 2 1 1 398 1055 679
2201 2 2 1 1 399 1203 834
2202 2 2 1 1 104 1100 103
2203 2 2 1 1 101 1262 100
2204 2 2 1 1 689 959 392
2205 2 2 1 1 182 1149 755
2206 2 2 1 1 848 1074 378
2207 2 2 1 1 749 1122 241
2208 2 2 1 1 747 1078 451
2209 2 2 1 1 247 1092 766
2210 2 2 1 1 827 1103 26
2211 2 2 1 1 160 1333 159
2212 2 2 1 1 722 1343 305
2213 2 2 1 1 26 1103 27
2214 2 2 1 1 381 947 824
2215 2 2 1 1 1074 1386 178
2216 2 2 1 1 741 1232 412
2217 2 2 1 1 619 1255 424
2218 2 2 1 1 754 1114 77
2219 2 2 1 1 983 1058 413
2220 2 2 1 1 249 1052 813
2221 2 2 1 1 777 1351 396
2222 2 2 1 1 382 1168 824
2223 2 2 1 1 80 1044 796
2224 2 2 1 1 98 1050 97
2225 2 2 1 1 824 1168 268
2226 2 2 1 1 114 1394 717
2227 2 2 1 1 700 1204 448
2228 2 2 1 1 36 1354 35
2229 2 2 1 1 726 1385 105
2230 2 2 1 1 955 1034 410
2231 2 2 1 1 82 1317 1075
2232 2 2 1 1 685 1334 106
2233 2 2 1 1 819 1214 283
2234 2 2 1 1 819 950 197
2235 2 2 1 1 759 1155 221
2236 2 2 1 1 113 1335 688
2237 2 2 1 1 275 1225 1128
2238 2 2 1 1 730 1307 376
2239 2 2 1 1 1011 1389 414
2240 2 2 1 1 709 1087 426
2241 2 2 1 1 425 967 884
2242 2 2 1 1 525 1268 1116
2243 2 2 1 1 94 1188 93
2244 2 2 1 1 778 1082 126
2245 2 2 1 1 82 1075 81
2246 2 2 1 1 415 1130 757
2247 2 2 1 1 1063 1150 416
2248 2 2 1 1 129 1084 780
2249 2 2 1 1 135 1086 784
2250 2 2 1 1 209 1152 1124
2251 2 2 1 1 757 1130 326
2252 2 2 1 1 141 1088 786
2253 2 2 1 1 341 1400 713
2254 2 2 1 1 926 1119 515
2255 2 2 1 1 376 1307 1057
2256 2 2 1 1 103 1156 102
2257 2 2 1 1 1024 1127 531
2258 2 2 1 1 740 1404 432
2259 2 2 1 1 771 1265 295
2260 2 2 1 1 728 1228 294
2261 2 2 1 1 923 1029 335
2262 2 2 1 1 428 1164 1017
2263 2 2 1 1 385 975 917
2264 2 2 1 1 14 1253 840
2265 2 2 1 1 45 1379 44
2266 2 2 1 1 242 1138 764
2267 2 2 1 1 243 1139 762
2268 2 2 1 1 35 1354 1125
2269 2 2 1 1 471 1259 814
2270 2 2 1 1 589 1273 1054
2271 2 2 1 1 232 1210 705
2272 2 2 1 1 59 1099 58
2273 2 2 1 1 1075 1317 581
2274 2 2 1 1 811 1374 188
2275 2 2 1 1 244 1201 1067
2276 2 2 1 1 973 1144 471
2277 2 2 1 1 57 1414 864
2278 2 2 1 1 34 1186 2
2279 2 2 1 1 850 1003 118
2280 2 2 1 1 743 1378 338
2281 2 2 1 1 994 1143 392
2282 2 2 1 1 854 1319 146
2283 2 2 1 1 539 1299 1098
2284 2 2 1 1 579 950 819
2285 2 2 1 1 2 1186 104
2286 2 2 1 1 46 1235 45
2287 2 2 1 1 171 1324 170
2288 2 2 1 1 92 1206 4
2289 2 2 1 1 1017 1164 508
2290 2 2 1 1 800 1115 215
2291 2 2 1 1 41 1167 40
2292 2 2 1 1 286 1180 768
2293 2 2 1 1 374 1224 977
2294 2 2 1 1 894 1022 410
2295 2 2 1 1 721 1383 307
2296 2 2 1 1 188 1231 811
2297 2 2 1 1 355 1161 742
2298 2 2 1 1 497 1391 1388
2299 2 2 1 1 556 1022 894
2300 2 2 1 1 329 1305 744
2301 2 2 1 1 802 1197 439
2302 2 2 1 1 1057 1307 568
2303 2 2 1 1 39 1301 38
2304 2 2 1 1 40 1167 965
2305 2 2 1 1 730 1265 958
2306 2 2 1 1 108 1027 107
2307 2 2 1 1 839 1031 360
2308 2 2 1 1 46 1380 1235
2309 2 2 1 1 947 1239 229
2310 2 2 1 1 112 1028 111
2311 2 2 1 1 977 1224 524
2312 2 2 1 1 749 1352 311
2313 2 2 1 1 886 932 359
2314 2 2 1 1 395 1185 732
2315 2 2 1 1 750 1363 313
2316 2 2 1 1 47 1380 46
2317 2 2 1 1 751 1366 315
2318 2 2 1 1 1046 1382 258
2319 2 2 1 1 4 1206 172
2320 2 2 1 1 1116 1268 271
2321 2 2 1 1 358 1193 818
2322 2 2 1 1 543 1304 1257
2323 2 2 1 1 457 1207 700
2324 2 2 1 1 6 1104 7
2325 2 2 1 1 861 1390 377
2326 2 2 1 1 860 1393 379
2327 2 2 1 1 859 1395 380
2328 2 2 1 1 296 1308 756
2329 2 2 1 1 717 1394 115
2330 2 2 1 1 468 1061 921
2331 2 2 1 1 27 1112 28
2332 2 2 1 1 343 1015 898
2333 2 2 1 1 898 1015 447
2334 2 2 1 1 263 1123 912
2335 2 2 1 1 294 1105 728
2336 2 2 1 1 638 1313 235
2337 2 2 1 1 792 1383 437
2338 2 2 1 1 521 1131 1038
2339 2 2 1 1 733 1297 308
2340 2 2 1 1 432 1404 775
2341 2 2 1 1 739 1188 443
2342 2 2 1 1 832 1298 292
2343 2 2 1 1 772 1249 365
2344 2 2 1 1 316 1368 760
2345 2 2 1 1 1100 1186 522
2346 2 2 1 1 314 1369 762
2347 2 2 1 1 312 1370 764
2348 2 2 1 1 970 1356 225
2349 2 2 1 1 453 1298 832
2350 2 2 1 1 825 1111 417
2351 2 2 1 1 952 1126 401
2352 2 2 1 1 426 1227 695
2353 2 2 1 1 251 1111 825
2354 2 2 1 1 91 1385 726
2355 2 2 1 1 939 1216 420
2356 2 2 1 1 1244 1267 407
2357 2 2 1 1 461 1299 867
2358 2 2 1 1 456 1241 1238
2359 2 2 1 1 884 967 428
2360 2 2 1 1 74 1169 799
2361 2 2 1 1 68 1381 67
2362 2 2 1 1 321 1247 789
2363 2 2 1 1 211 1200 806
2364 2 2 1 1 10 1136 11
2365 2 2 1 1 1067 1201 513
2366 2 2 1 1 821 1290 269
2367 2 2 1 1 868 1154 511
2368 2 2 1 1 805 1184 418
2369 2 2 1 1 803 1247 321
2370 2 2 1 1 440 1072 668
2371 2 2 1 1 732 1327 423
2372 2 2 1 1 782 1237 132
2373 2 2 1 1 785 1236 138
2374 2 2 1 1 502 1215 795
2375 2 2 1 1 1120 1231 188
2376 2 2 1 1 934 1002 458
2377 2 2 1 1 1056 1283 216
2378 2 2 1 1 588 1130 1036
2379 2 2 1 1 3 1385 91
2380 2 2 1 1 867 1299 289
2381 2 2 1 1 1098 1284 539
2382 2 2 1 1 576 1406 1083
2383 2 2 1 1 699 1144 973
2384 2 2 1 1 433 1253 791
2385 2 2 1 1 121 1171 807
2386 2 2 1 1 912 1123 442
2387 2 2 1 1 455 1210 695
2388 2 2 1 1 216 1283 788
2389 2 2 1 1 645 1267 1244
2390 2 2 1 1 350 1295 788
2391 2 2 1 1 178 1386 804
2392 2 2 1 1 938 1070 443
2393 2 2 1 1 16 1245 794
2394 2 2 1 1 1020 1192 434
2395 2 2 1 1 55 1198 809
2396 2 2 1 1 564 1231 1120
2397 2 2 1 1 938 1188 94
2398 2 2 1 1 182 1010 1000
2399 2 2 1 1 1000 1010 465
2400 2 2 1 1 1331 1371 559
2401 2 2 1 1 64 1175 63
2402 2 2 1 1 1104 1387 546
2403 2 2 1 1 988 1043 582
2404 2 2 1 1 435 1029 923
2405 2 2 1 1 226 1177 870
2406 2 2 1 1 115 1394 5
2407 2 2 1 1 795 1365 347
2408 2 2 1 1 323 1273 932
2409 2 2 1 1 432 1115 800
2410 2 2 1 1 232 1190 683
2411 2 2 1 1 452 1214 819
2412 2 2 1 1 272 1238 973
2413 2 2 1 1 436 1320 800
2414 2 2 1 1 576 1083 1026
2415 2 2 1 1 978 1203 399
2416 2 2 1 1 239 1187 996
2417 2 2 1 1 794 1384 17
2418 2 2 1 1 339 1064 870
2419 2 2 1 1 225 1065 872
2420 2 2 1 1 1050 1300 448
2421 2 2 1 1 475 1374 811
2422 2 2 1 1 307 1383 792
2423 2 2 1 1 433 1254 840
2424 2 2 1 1 23 1211 24
2425 2 2 1 1 1079 1213 333
2426 2 2 1 1 830 1195 265
2427 2 2 1 1 834 1203 262
2428 2 2 1 1 51 1242 50
2429 2 2 1 1 1038 1131 421
2430 2 2 1 1 1222 1261 575
2431 2 2 1 1 844 1222 189
2432 2 2 1 1 372 1282 810
2433 2 2 1 1 189 1348 844
2434 2 2 1 1 179 1284 1098
2435 2 2 1 1 396 1351 876
2436 2 2 1 1 323 1406 1054
2437 2 2 1 1 447 1201 898
2438 2 2 1 1 898 1201 244
2439 2 2 1 1 1030 1110 501
2440 2 2 1 1 230 1161 737
2441 2 2 1 1 57 1322 56
2442 2 2 1 1 810 1402 372
2443 2 2 1 1 872 1081 225
2444 2 2 1 1 191 1404 740
2445 2 2 1 1 998 1276 456
2446 2 2 1 1 808 1392 190
2447 2 2 1 1 555 1407 1112
2448 2 2 1 1 425 995 817
2449 2 2 1 1 158 1263 816
2450 2 2 1 1 419 1048 929
2451 2 2 1 1 283 1214 636
2452 2 2 1 1 150 1274 812
2453 2 2 1 1 236 1002 934
2454 2 2 1 1 249 1057 1052
2455 2 2 1 1 1052 1057 568
2456 2 2 1 1 477 1182 991
2457 2 2 1 1 1029 1061 468
2458 2 2 1 1 448 1300 700
2459 2 2 1 1 991 1182 260
2460 2 2 1 1 558 1111 1053
2461 2 2 1 1 1053 1111 251
2462 2 2 1 1 519 1070 938
2463 2 2 1 1 177 1240 868
2464 2 2 1 1 110 1291 980
2465 2 2 1 1 980 1292 109
2466 2 2 1 1 324 1412 813
2467 2 2 1 1 227 1342 1183
2468 2 2 1 1 618 1153 1045
2469 2 2 1 1 577 1387 1104
2470 2 2 1 1 62 1303 61
2471 2 2 1 1 835 1196 85
2472 2 2 1 1 458 1384 794
2473 2 2 1 1 104 1186 1100
2474 2 2 1 1 544 1120 1033
2475 2 2 1 1 248 1174 1073
2476 2 2 1 1 1073 1174 509
2477 2 2 1 1 803 1108 454
2478 2 2 1 1 83 1317 82
2479 2 2 1 1 992 993 633
2480 2 2 1 1 1246 1348 621
2481 2 2 1 1 972 1026 174
2482 2 2 1 1 393 1308 922
2483 2 2 1 1 73 1328 72
2484 2 2 1 1 858 1223 431
2485 2 2 1 1 713 1400 909
2486 2 2 1 1 341 1163 890
2487 2 2 1 1 602 1203 978
2488 2 2 1 1 79 1337 78
2489 2 2 1 1 228 1244 842
2490 2 2 1 1 1352 1405 488
2491 2 2 1 1 907 983 413
2492 2 2 1 1 67 1360 66
2493 2 2 1 1 827 1260 450
2494 2 2 1 1 868 1240 423
2495 2 2 1 1 1238 1241 467
2496 2 2 1 1 888 1132 385
2497 2 2 1 1 816 1250 157
2498 2 2 1 1 440 1235 906
2499 2 2 1 1 910 1251 493
2500 2 2 1 1 1060 1195 397
2501 2 2 1 1 528 1366 1173
2502 2 2 1 1 382 1159 811
2503 2 2 1 1 146 1319 145
2504 2 2 1 1 529 1363 1172
2505 2 2 1 1 149 1338 148
2506 2 2 1 1 976 1389 256
2507 2 2 1 1 128 1357 127
2508 2 2 1 1 134 1358 133
2509 2 2 1 1 140 1359 139
2510 2 2 1 1 228 1034 955
2511 2 2 1 1 154 1376 153
2512 2 2 1 1 1235 1379 45
2513 2 2 1 1 921 1061 238
2514 2 2 1 1 282 1223 858
2515 2 2 1 1 842 1244 407
2516 2 2 1 1 1112 1407 580
2517 2 2 1 1 687 1374 1364
2518 2 2 1 1 840 1253 433
2519 2 2 1 1 800 1233 432
2520 2 2 1 1 404 1252 896
2521 2 2 1 1 916 1278 293
2522 2 2 1 1 775 1404 191
2523 2 2 1 1 817 1209 459
2524 2 2 1 1 1179 1305 536
2525 2 2 1 1 108 1292 1027
2526 2 2 1 1 1033 1224 374
2527 2 2 1 1 1028 1291 111
2528 2 2 1 1 974 1241 181
2529 2 2 1 1 889 1381 68
2530 2 2 1 1 728 1342 227
2531 2 2 1 1 400 1043 988
2532 2 2 1 1 679 1055 1050
2533 2 2 1 1 50 1242 897
2534 2 2 1 1 958 1265 394
2535 2 2 1 1 378 1074 943
2536 2 2 1 1 895 1126 279
2537 2 2 1 1 929 1382 419
2538 2 2 1 1 1019 1146 480
2539 2 2 1 1 438 1026 972
2540 2 2 1 1 322 1266 842
2541 2 2 1 1 789 1202 452
2542 2 2 1 1 539 1213 1079
2543 2 2 1 1 293 1311 901
2544 2 2 1 1 845 1281 60
2545 2 2 1 1 385 1132 951
2546 2 2 1 1 824 1140 381
2547 2 2 1 1 697 1378 937
2548 2 2 1 1 111 1291 110
2549 2 2 1 1 109 1292 108
2550 2 2 1 1 929 1048 257
2551 2 2 1 1 235 1313 885
2552 2 2 1 1 851 1256 144
2553 2 2 1 1 1100 1270 507
2554 2 2 1 1 849 1225 406
2555 2 2 1 1 233 1117 1087
2556 2 2 1 1 450 1399 827
2557 2 2 1 1 246 1166 1101
2558 2 2 1 1 1101 1166 526
2559 2 2 1 1 844 1348 479
2560 2 2 1 1 1051 1122 567
2561 2 2 1 1 241 1122 1051
2562 2 2 1 1 427 1119 926
2563 2 2 1 1 549 1292 980
2564 2 2 1 1 980 1291 550
2565 2 2 1 1 852 1396 266
2566 2 2 1 1 887 1072 440
2567 2 2 1 1 869 1341 520
2568 2 2 1 1 219 1310 1170
2569 2 2 1 1 648 1301 39
2570 2 2 1 1 446 1261 1222
2571 2 2 1 1 827 1399 331
2572 2 2 1 1 446 1222 844
2573 2 2 1 1 864 1322 57
2574 2 2 1 1 105 1385 3
2575 2 2 1 1 98 1300 1050
2576 2 2 1 1 412 1232 918
2577 2 2 1 1 5 1394 114
2578 2 2 1 1 441 1278 916
2579 2 2 1 1 1207 1313 638
2580 2 2 1 1 431 1330 858
2581 2 2 1 1 705 1311 293
2582 2 2 1 1 237 1134 882
2583 2 2 1 1 1033 1120 188
2584 2 2 1 1 742 1161 230
2585 2 2 1 1 159 1333 1017
2586 2 2 1 1 1021 1241 456
2587 2 2 1 1 1045 1153 268
2588 2 2 1 1 962 1400 341
2589 2 2 1 1 524 1126 952
2590 2 2 1 1 634 1290 1012
2591 2 2 1 1 190 1392 984
2592 2 2 1 1 479 1348 1246
2593 2 2 1 1 880 1187 239
2594 2 2 1 1 456 1238 998
2595 2 2 1 1 93 1188 739
2596 2 2 1 1 199 1068 1058
2597 2 2 1 1 378 1371 848
2598 2 2 1 1 874 1219 373
2599 2 2 1 1 521 1400 962
2600 2 2 1 1 931 1302 240
2601 2 2 1 1 1115 1129 611
2602 2 2 1 1 901 1324 497
2603 2 2 1 1 296 1181 919
2604 2 2 1 1 882 1321 463
2605 2 2 1 1 586 1405 1080
2606 2 2 1 1 271 1268 942
2607 2 2 1 1 1364 1374 475
2608 2 2 1 1 1145 1391 497
2609 2 2 1 1 939 1355 290
2610 2 2 1 1 219 1170 1147
2611 2 2 1 1 624 1216 1037
2612 2 2 1 1 877 1340 366
2613 2 2 1 1 940 1277 441
2614 2 2 1 1 1093 1227 426
2615 2 2 1 1 522 1270 1100
2616 2 2 1 1 420 1355 939
2617 2 2 1 1 435 1061 1029
2618 2 2 1 1 1145 1206 571
2619 2 2 1 1 926 1221 427
2620 2 2 1 1 742 1304 310
2621 2 2 1 1 168 1227 1093
2622 2 2 1 1 464 1375 949
2623 2 2 1 1 864 1414 499
2624 2 2 1 1 901 1388 293
2625 2 2 1 1 917 1373 433
2626 2 2 1 1 1009 1254 433
2627 2 2 1 1 176 1277 940
2628 2 2 1 1 1089 1318 758
2629 2 2 1 1 942 1268 421
2630 2 2 1 1 901 1311 455
2631 2 2 1 1 255 1398 723
2632 2 2 1 1 432 1129 1115
2633 2 2 1 1 1183 1342 679
2634 2 2 1 1 923 1314 435
2635 2 2 1 1 218 1164 892
2636 2 2 1 1 456 1230 1021
2637 2 2 1 1 364 1229 934
2638 2 2 1 1 252 1331 1108
2639 2 2 1 1 955 1182 477
2640 2 2 1 1 998 1238 272
2641 2 2 1 1 467 1241 974
2642 2 2 1 1 441 1397 940
2643 2 2 1 1 570 1276 998
2644 2 2 1 1 1147 1148 422
2645 2 2 1 1 965 1167 367
2646 2 2 1 1 66 1360 924
2647 2 2 1 1 885 1313 457
2648 2 2 1 1 423 1240 953
2649 2 2 1 1 239 1330 880
2650 2 2 1 1 892 1164 428
2651 2 2 1 1 192 1314 923
2652 2 2 1 1 1036 1130 415
2653 2 2 1 1 644 1413 1336
2654 2 2 1 1 541 1382 929
2655 2 2 1 1 1054 1406 636
2656 2 2 1 1 933 1317 83
2657 2 2 1 1 703 1365 979
2658 2 2 1 1 1002 1409 458
2659 2 2 1 1 408 1163 996
2660 2 2 1 1 172 1206 1145
2661 2 2 1 1 1077 1234 547
2662 2 2 1 1 240 1234 1077
2663 2 2 1 1 258 1408 886
2664 2 2 1 1 422 1148 1059
2665 2 2 1 1 256 1251 968
2666 2 2 1 1 418 1184 1016
2667 2 2 1 1 381 1239 947
2668 2 2 1 1 1047 1341 277
2669 2 2 1 1 310 1304 1039
2670 2 2 1 1 984 1392 542
2671 2 2 1 1 1147 1170 505
2672 2 2 1 1 1185 1327 732
2673 2 2 1 1 623 1195 1060
2674 2 2 1 1 949 1375 288
2675 2 2 1 1 181 1241 1021
2676 2 2 1 1 102 1156 852
2677 2 2 1 1 260 1182 1022
2678 2 2 1 1 409 993 992
2679 2 2 1 1 571 1391 1145
2680 2 2 1 1 1001 1280 254
2681 2 2 1 1 465 1280 1001
2682 2 2 1 1 1170 1310 650
2683 2 2 1 1 1213 1284 439
2684 2 2 1 1 990 1295 691
2685 2 2 1 1 401 1248 952
2686 2 2 1 1 1336 1413 466
2687 2 2 1 1 940 1397 381
2688 2 2 1 1 885 1262 503
2689 2 2 1 1 886 1408 932
2690 2 2 1 1 457 1313 1207
2691 2 2 1 1 366 1340 954
2692 2 2 1 1 907 1410 495
2693 2 2 1 1 914 1226 232
2694 2 2 1 1 520 1341 1047
2695 2 2 1 1 932 1273 359
2696 2 2 1 1 1034 1266 523
2697 2 2 1 1 960 1367 207
2698 2 2 1 1 234 1373 917
2699 2 2 1 1 1049 1355 420
2700 2 2 1 1 433 1373 1009
2701 2 2 1 1 1037 1216 348
2702 2 2 1 1 293 1388 916
2703 2 2 1 1 1021 1230 478
2704 2 2 1 1 331 1399 957
2705 2 2 1 1 505 1148 1147
2706 2 2 1 1 402 1176 1064
2707 2 2 1 1 1262 1372 100
2708 2 2 1 1 469 1302 1031
2709 2 2 1 1 954 1340 447
2710 2 2 1 1 560 1160 1137
2711 2 2 1 1 1137 1160 245
2712 2 2 1 1 207 1367 1306
2713 2 2 1 1 281 1254 1009
2714 2 2 1 1 478 1296 1271
2715 2 2 1 1 943 1401 378
2716 2 2 1 1 456 1276 1230
2717 2 2 1 1 1058 1068 460
2718 2 2 1 1 428 1333 884
2719 2 2 1 1 909 1400 521
2720 2 2 1 1 462 1367 960
2721 2 2 1 1 277 1341 1162
2722 2 2 1 1 457 1372 885
2723 2 2 1 1 1162 1191 627
2724 2 2 1 1 1108 1331 454
2725 2 2 1 1 1050 1055 97
2726 2 2 1 1 411 1356 970
2727 2 2 1 1 1087 1117 500
2728 2 2 1 1 995 1209 817
2729 2 2 1 1 884 1333 160
2730 2 2 1 1 539 1284 1213
2731 2 2 1 1 1066 1246 271
2732 2 2 1 1 429 1293 1006
2733 2 2 1 1 1157 1175 64
2734 2 2 1 1 1109 1200 211
2735 2 2 1 1 474 1175 1157
2736 2 2 1 1 956 1384 458
2737 2 2 1 1 1285 1344 553
2738 2 2 1 1 980 1329 549
2739 2 2 1 1 550 1329 980
2740 2 2 1 1 468 1200 1109
2741 2 2 1 1 1277 1278 441
2742 2 2 1 1 278 1318 1089
2743 2 2 1 1 259 1344 1285
2744 2 2 1 1 596 1362 1083
2745 2 2 1 1 466 1413 1248
2746 2 2 1 1 1017 1333 428
2747 2 2 1 1 458 1409 956
2748 2 2 1 1 1306 1367 620
2749 2 2 1 1 240 1302 1234
2750 2 2 1 1 1116 1246 621
2751 2 2 1 1 479 1246 1066
2752 2 2 1 1 436 1191 1162
2753 2 2 1 1 67 1381 1360
2754 2 2 1 1 205 1293 1071
2755 2 2 1 1 1059 1148 486
2756 2 2 1 1 608 1353 1024
2757 2 2 1 1 508 1263 1017
2758 2 2 1 1 1360 1381 610
2759 2 2 1 1 226 1361 1076
2760 2 2 1 1 1076 1361 498
2761 2 2 1 1 1230 1296 478
2762 2 2 1 1 543 1257 1125
2763 2 2 1 1 800 1320 1233
2764 2 2 1 1 1024 1353 306
2765 2 2 1 1 1271 1296 557
2766 2 2 1 1 1210 1311 705
2767 2 2 1 1 680 1355 1049
2768 2 2 1 1 932 1408 596
2769 2 2 1 1 906 1380 630
2770 2 2 1 1 1067 1350 383
2771 2 2 1 1 256 1389 1011
2772 2 2 1 1 378 1401 1007
2773 2 2 1 1 1007 1401 469
2774 2 2 1 1 1124 1152 587
2775 2 2 1 1 271 1246 1116
2776 2 2 1 1 379 1323 1096
2777 2 2 1 1 1096 1323 512
2778 2 2 1 1 497 1388 901
2779 2 2 1 1 380 1325 1097
2780 2 2 1 1 1097 1325 514
2781 2 2 1 1 419 1382 1046
2782 2 2 1 1 1083 1362 174
2783 2 2 1 1 513 1350 1067
2784 2 2 1 1 1233 1320 278
2785 2 2 1 1 372 1402 1118
2786 2 2 1 1 636 1214 1202
2787 2 2 1 1 230 1270 1257
2788 2 2 1 1 1282 1411 600
2789 2 2 1 1 1099 1414 58
2790 2 2 1 1 162 1209 995
2791 2 2 1 1 499 1414 1099
2792 2 2 1 1 505 1346 1148
2793 2 2 1 1 430 1386 1074
2794 2 2 1 1 381 1397 1239
2795 2 2 1 1 1271 1349 273
2796 2 2 1 1 493 1411 1090
2797 2 2 1 1 1090 1411 372
2798 2 2 1 1 1080 1405 241
2799 2 2 1 1 1098 1299 461
2800 2 2 1 1 1230 1276 274
2801 2 2 1 1 1039 1304 543
2802 2 2 1 1 1156 1396 852
2803 2 2 1 1 1118 1402 545
2804 2 2 1 1 1125 1257 522
2805 2 2 1 1 1306 1375 464
2806 2 2 1 1 1234 1302 469
2807 2 2 1 1 1148 1346 486
2808 2 2 1 1 471 1316 1259
2809 2 2 1 1 686 1361 1176
2810 2 2 1 1 1176 1361 226
2811 2 2 1 1 274 1296 1230
2812 2 2 1 1 44 1379 1192
2813 2 2 1 1 681 1415 1243
2814 2 2 1 1 620 1375 1306
2815 2 2 1 1 626 1278 1277
2816 2 2 1 1 507 1396 1156
2817 2 2 1 1 543 1354 1039
2818 2 2 1 1 1192 1379 668
2819 2 2 1 1 455 1311 1210
2820 2 2 1 1 1243 1415 286
2821 2 2 1 1 235 1327 1185
2822 2 2 1 1 1257 1270 522
2823 2 2 1 1 557 1349 1271
2824 2 2 1 1 885 1372 1262
2825 2 2 1 1 372 1411 1282
2826 2 2 1 1 1259 1316 175
2827 2 2 1 1 1202 1214 452
2828 2 2 1 1 495 1410 1316
2829 2 2 1 1 1239 1397 565
2830 2 2 1 1 1316 1410 175
$EndElements
