$MeshFormat
2.2 0 8
$EndMeshFormat
$PhysicalNames
5
1 2 "inlet"
1 3 "outlet"
1 4 "side_walls"
1 5 "cylinder"
2 1 "fluid"
$EndPhysicalNames
$Nodes
2235
1 0.25 0.2 0
2 0 0 0
3 2.2 0 0
4 0 0.41 0
5 2.2 0.41 0
6 0.2496212274722889 0.2061427830942789 0
7 0.2485301980962932 0.2120341128769237 0
8 0.2467889376651728 0.2176293877421928 0
9 0.2443772763879729 0.2230360009633935 0
10 0.2413221937395004 0.2281509556597142 0
11 0.2377499943904806 0.2327862459503781 0
12 0.2335890656319093 0.237037476560577 0
13 0.2289666560532656 0.2407545437600743 0
14 0.2240034753810929 0.2438615226551617 0
15 0.218606242230479 0.2464091343386271 0
16 0.2130070955468314 0.2482785197104841 0
17 0.2072591366628463 0.2494702429235002 0
18 0.2013052766727917 0.2499829596243306 0
19 0.1954324234030954 0.2497909353600774 0
20 0.1896034785097389 0.2489071808725727 0
21 0.183847090782573 0.2473189552274093 0
22 0.1784233473003383 0.2451048562604758 0
23 0.1732402355773491 0.2422364180304654 0
24 0.1684085905397147 0.2387554234696591 0
25 0.1640969056275737 0.2347989628363354 0
26 0.1602162076112222 0.2302861331828055 0
27 0.1569115527798394 0.2253650491061112 0
28 0.1542411117895632 0.2201525221683229 0
29 0.1521653746690198 0.2145550204206229 0
30 0.1507840301944543 0.2088197684833343 0
31 0.1500893613172141 0.2029880003809228 0
32 0.1500893613172141 0.1970119996190767 0
33 0.1507840301944544 0.1911802315166652 0
34 0.15216537466902 0.1854449795793766 0
35 0.1542411117895634 0.1798474778316766 0
36 0.1569115527798396 0.1746349508938884 0
37 0.1602162076112226 0.1697138668171941 0
38 0.1640969056275741 0.1652010371636642 0
39 0.1684085905397153 0.1612445765303405 0
40 0.1732402355773497 0.1577635819695342 0
41 0.1784233473003388 0.154895143739524 0
42 0.1838470907825737 0.1526810447725905 0
43 0.1896034785097396 0.1510928191274272 0
44 0.1954324234030957 0.1502090646399225 0
45 0.2013052766727919 0.1500170403756694 0
46 0.2072591366628465 0.1505297570764998 0
47 0.2130070955468316 0.151721480289516 0
48 0.2186062422304789 0.1535908656613728 0
49 0.224003475381093 0.1561384773448383 0
50 0.2289666560532657 0.1592454562399257 0
51 0.2335890656319093 0.162962523439423 0
52 0.2377499943904805 0.1672137540496218 0
53 0.2413221937395004 0.1718490443402858 0
54 0.2443772763879728 0.1769639990366064 0
55 0.2467889376651728 0.1823706122578073 0
56 0.2485301980962932 0.1879658871230764 0
57 0.2496212274722889 0.1938572169057211 0
58 0.03442862672249482 0 0
59 0.0661972520271876 0 0
60 0.09522181342214212 0 0
61 0.1217372965811559 0 0
62 0.1464336800043838 0 0
63 0.1698762055465463 0 0
64 0.1925025703109494 0 0
65 0.215023105946985 0 0
66 0.2379220580007721 0 0
67 0.2616325895961868 0 0
68 0.2869023345314958 0 0
69 0.3142599505203458 0 0
70 0.3441126636120121 0 0
71 0.3768026040088599 0 0
72 0.4121000852820326 0 0
73 0.4493344623786806 0 0
74 0.487834679884592 0 0
75 0.5270411942231908 0 0
76 0.5665992667098126 0 0
77 0.6063189075754976 0 0
78 0.6461096969953883 0 0
79 0.6859314871291678 0 0
80 0.7257664654658856 0 0
81 0.7656069570325711 0 0
82 0.8054497231691194 0 0
83 0.845293418439131 0 0
84 0.8851374898142311 0 0
85 0.9249817128181261 0 0
86 0.9648259963215448 0 0
87 1.004670303993847 0 0
88 1.044514621282235 0 0
89 1.084358942339981 0 0
90 1.124203264916714 0 0
91 1.164047588069311 0 0
92 1.203891911460027 0 0
93 1.243736234946942 0 0
94 1.28358055846898 0 0
95 1.3234248820052 0 0
96 1.363269205547217 0 0
97 1.403113529091313 0 0
98 1.442957852636245 0 0
99 1.482802176181519 0 0
100 1.522646499726917 0 0
101 1.562490823272363 0 0
102 1.60233514681783 0 0
103 1.642179470363304 0 0
104 1.68202379390878 0 0
105 1.721868117454258 0 0
106 1.761712440999736 0 0
107 1.801556764545215 0 0
108 1.841401088090693 0 0
109 1.881245411636172 0 0
110 1.92108973518165 0 0
111 1.960934058727129 0 0
112 2.000778382272608 0 0
113 2.040622705818086 0 0
114 2.080467029363565 0 0
115 2.120311352909043 0 0
116 2.160155676454522 0 0
117 0 0.3750101028123304 0
118 0 0.3425442951035733 0
119 0 0.3129158991744688 0
120 0 0.2858405875549839 0
121 0 0.2606961538399307 0
122 0 0.2370854014138527 0
123 0 0.2143789184374442 0
124 0 0.1918976209353846 0
125 0 0.1693154473300587 0
126 0 0.1460305273170499 0
127 0 0.1213483977604771 0
128 0 0.09487782464865463 0
129 0 0.06601400934417351 0
130 0 0.03432636267454059 0
131 2.2 0.03727272727272726 0
132 2.2 0.07454545454545455 0
133 2.2 0.1118181818181818 0
134 2.2 0.1490909090909091 0
135 2.2 0.1863636363636364 0
136 2.2 0.2236363636363637 0
137 2.2 0.260909090909091 0
138 2.2 0.2981818181818182 0
139 2.2 0.3354545454545454 0
140 2.2 0.3727272727272727 0
141 2.16007692685389 0.41 0
142 2.120153853707781 0.41 0
143 2.080230780561671 0.41 0
144 2.040307707415561 0.41 0
145 2.000384634269451 0.41 0
146 1.960461561123342 0.41 0
147 1.920538487977232 0.41 0
148 1.880615414831122 0.41 0
149 1.840692341685012 0.41 0
150 1.800769268538903 0.41 0
151 1.760846195392793 0.41 0
152 1.720923122246683 0.41 0
153 1.681000049100574 0.41 0
154 1.641076975954466 0.41 0
155 1.601153902808361 0.41 0
156 1.561230829662263 0.41 0
157 1.521307756516185 0.41 0
158 1.481384683370156 0.41 0
159 1.441461610224254 0.41 0
160 1.401538537078689 0.41 0
161 1.361615463933954 0.41 0
162 1.321692390791367 0.41 0
163 1.281769317654507 0.41 0
164 1.241846244531708 0.41 0
165 1.201923171444691 0.41 0
166 1.162000098453999 0.41 0
167 1.122077025698339 0.41 0
168 1.082153953521462 0.41 0
169 1.042230882861332 0.41 0
170 1.00230781601871 0.41 0
171 0.9623847586487522 0.41 0
172 0.9224617254413983 0.41 0
173 0.8825387523171304 0.41 0
174 0.8426159292619595 0.41 0
175 0.802693477580823 0.41 0
176 0.7627719390493362 0.41 0
177 0.7228526252871239 0.41 0
178 0.6829386705241332 0.41 0
179 0.6430374386797704 0.41 0
180 0.6031658408067488 0.41 0
181 0.5633620601267797 0.41 0
182 0.5237115694364491 0.41 0
183 0.4843883638547939 0.41 0
184 0.4457124064151585 0.41 0
185 0.4081791077617456 0.41 0
186 0.372401985329023 0.41 0
187 0.3390044777877368 0.41 0
188 0.30814951304694 0.41 0
189 0.2795479587684027 0.41 0
190 0.2528995858338769 0.41 0
191 0.2275213410084744 0.41 0
192 0.2027172548103633 0.41 0
193 0.1780876963826996 0.41 0
194 0.1528944749744761 0.41 0
195 0.1264986559957926 0.41 0
196 0.09846407951278513 0.41 0
197 0.06813598813518151 0.41 0
198 0.03524603027057704 0.41 0
199 0.443070263121765 0.2127678963688885 0
200 0.3574256085071779 0.1300862807531975 0
201 0.3449918182545086 0.2268513797106951 0
202 0.2948587725349495 0.2928438447202825 0
203 0.2260555902819714 0.3238161794670501 0
204 0.1520677599230711 0.3128964598714893 0
205 0.09981333267042913 0.2672783372669415 0
206 0.07925325178887643 0.1992071172743154 0
207 0.1001242367677926 0.1339676769009896 0
208 0.1544956843679754 0.08820203040858862 0
209 0.223573164639251 0.08057278220376299 0
210 0.2857529479801713 0.1163040751770194 0
211 0.3007712599380328 0.1686431608287245 0
212 0.2919070090050445 0.2414559088378749 0
213 0.2506976957216909 0.2809860098912935 0
214 0.1969968647513517 0.2918476252623877 0
215 0.1472591523032558 0.2732046691264023 0
216 0.1161116620164603 0.2311085453800227 0
217 0.1396862422860219 0.1349269813519435 0
218 0.1970916446544205 0.1110511149871741 0
219 0.2381081491135082 0.1207521542930667 0
220 0.6506302445853129 0.1995904267258941 0
221 0.1165781708589411 0.1690644513897845 0
222 0.2863106426508706 0.2056655957106871 0
223 1.995797332816054 0.205 0
224 1.780496863579621 0.2067194537894382 0
225 1.538802067384999 0.2040129650554942 0
226 1.299732273365335 0.2039986205712355 0
227 1.064436781811108 0.2048987874308243 0
228 0.8566711779808067 0.2006981467028722 0
229 0.2678995676777189 0.1476730094023287 0
230 0.3890817611419947 0.3215898096600559 0
231 0.1694571536159196 0.1251810481471151 0
232 0.1191880432925969 0.1999999999999998 0
233 0.08583881153385553 0.3385134349194376 0
234 0.2626092841928686 0.2498429841301072 0
235 0.09101193325688994 0.06571911363509422 0
236 0.224433189841663 0.2731818146929155 0
237 0.1885862035301489 0.07562779187460317 0
238 0.1211274829496664 0.1031616556876011 0
239 0.1878768123272099 0.3276993768668433 0
240 0.120627531945581 0.297252272868688 0
241 0.2596449016177511 0.08955180820564587 0
242 0.07984550428296755 0.2362099606752612 0
243 0.2648533129727316 0.3171495685151405 0
244 0.08054122656777762 0.1640845070352994 0
245 0.2729497515999756 0.1772791292638347 0
246 0.175656078903162 0.2741245018875395 0
247 0.3275052502696713 0.2656059396888215 0
248 0.1384704691872813 0.2471362482560819 0
249 0.3152071399164424 0.06028279912418136 0
250 0.3200273856333253 0.1984126939106965 0
251 0.374152825830095 0.1831037421235585 0
252 0.2157680616930666 0.1270364886926164 0
253 0.458440760280291 0.1042880578620474 0
254 0.1378891642062301 0.1587679381464027 0
255 0.2706922028823209 0.2249310420065336 0
256 0.2449421713037805 0.1438103113853554 0
257 0.315142277069418 0.3506769782291266 0
258 0.2426876286015969 0.2598001203848808 0
259 0.0509180830553384 0.1222672161840053 0
260 1.653704875986931 0.1319228296971241 0
261 1.419253168171966 0.13497599202192 0
262 1.180194468550345 0.1349695187382441 0
263 1.661555392737715 0.2738709329777809 0
264 1.422465240780788 0.2738358258888124 0
265 1.175123804789308 0.2780734528074577 0
266 0.5453692352850121 0.286538381298852 0
267 0.05010967471282357 0.2776510834383 0
268 0.317389226425816 0.1363017503182932 0
269 0.3344343939623803 0.1660994005930189 0
270 0.1894511706064145 0.1304234987272743 0
271 0.1588765936978066 0.142920421586463 0
272 0.2601927411714662 0.1259552725055539 0
273 0.1316196893222039 0.1835304943258487 0
274 0.1315319373619044 0.2163683651683322 0
275 0.196213526152559 0.2707708351684207 0
276 1.885204616635427 0.1338921883551549 0
277 1.893399449527003 0.2796028985825998 0
278 0.7527828218385981 0.1277914905754152 0
279 0.75400475794973 0.2808924594635085 0
280 0.283987602991421 0.2674217354982755 0
281 0.2518656894966973 0.04559577180530533 0
282 0.2130343552462638 0.04653063165696145 0
283 0.1531160881180588 0.3576019695383174 0
284 0.9615887770441813 0.1282358628019013 0
285 0.9623401263603617 0.2806150959605612 0
286 0.1591060580312638 0.2567610802979292 0
287 0.1583507866901668 0.0461887243832452 0
288 0.2313578127832545 0.2962554809669569 0
289 0.3356438474319073 0.3096623352310569 0
290 0.2590357745852331 0.1647388527792387 0
291 0.3079092844926909 0.220003418278036 0
292 2.074177228655057 0.1200778841054021 0
293 2.080341425429672 0.2900666064546995 0
294 0.1733940550459472 0.2981918898782451 0
295 0.2689037857456658 0.195741474471418 0
296 0.04205590400935799 0.1807176434105441 0
297 0.04721129201160856 0.2204658813257657 0
298 0.1239997610986724 0.2665306039465237 0
299 0.2516456737581754 0.3640054839043255 0
300 0.2119118035079665 0.359106675125162 0
301 0.1488122860602216 0.1123165467018577 0
302 0.1750046506691652 0.1019425945953603 0
303 0.09946746370533388 0.1858272510309698 0
304 0.535454700258696 0.1840794064337464 0
305 0.09960647240705534 0.2137699296269239 0
306 0.08300841466528408 0.3023860742224117 0
307 0.3834309051101299 0.06281500496222128 0
308 0.1229072556520235 0.336524195658862 0
309 0.2937903389756026 0.1434127481127707 0
310 0.2196987518450428 0.1054831977996932 0
311 0.119992928230661 0.1454977527023439 0
312 0.1269250783911773 0.06830349487385617 0
313 0.08710119727099963 0.1016744552644435 0
314 0.0478949415519121 0.07746989418278796 0
315 0.3777809186935948 0.264968618670878 0
316 0.3179248425624757 0.09864773468224487 0
317 0.2286594982593632 0.140127339910408 0
318 0.1399777025365013 0.2298725817384332 0
319 0.2907895514134754 0.08594847211759774 0
320 0.6203272425281987 0.1083987967225797 0
321 0.2572822554889146 0.2329494910770259 0
322 0.2394563488517757 0.09808442692816886 0
323 0.1006097336673673 0.1560017864043926 0
324 0.2899720262701906 0.1858569848182182 0
325 0.2823756849154291 0.1595403897097353 0
326 0.3906828536675645 0.2207321007528263 0
327 1.287512795057474 0.3068585183471198 0
328 1.526601033581227 0.3068549480806096 0
329 1.760888044782158 0.306583922018944 0
330 1.764571927689083 0.1030207728802887 0
331 1.559669812578467 0.1063835910282369 0
332 1.314085931569981 0.1020387396117373 0
333 1.077282802688539 0.09930955079569999 0
334 1.078291089955976 0.309624655232266 0
335 0.8618661531028238 0.3084314015870521 0
336 0.6542109976442136 0.3084333263064217 0
337 0.8608811589709779 0.09956733468991025 0
338 0.3173792929380505 0.2429456136459091 0
339 0.2029039329115423 0.09170206796862979 0
340 0.1220824703030057 0.124507291979814 0
341 0.2729040202353542 0.288878659840637 0
342 0.1753486589992083 0.1396131103089161 0
343 0.420154325113192 0.1406699636498481 0
344 0.2634025920323623 0.2679602703859932 0
345 0.134621184912818 0.199872500307835 0
346 0.4653786938937045 0.290285720518696 0
347 1.976342837277425 0.1015453861042663 0
348 1.989262656415807 0.3097111929238276 0
349 0.2883990202210386 0.2235576278379953 0
350 0.2153126222653963 0.2894534749931733 0
351 0.2091030102413057 0.3097910152598944 0
352 0.1215567103388633 0.2496556848267227 0
353 0.09858018682695313 0.2448391692977617 0
354 0.1620139075012497 0.2850003721271884 0
355 0.1411913547407038 0.293904768992895 0
356 0.3025562200777938 0.2604956921878251 0
357 0.2283781722819448 0.2582033489130916 0
358 0.2135025583476603 0.2634719644276865 0
359 0.2639951315540054 0.2127314929884516 0
360 0.2451562797187641 0.2461589359510767 0
361 2.111384587237121 0.205 0
362 0.1757295918118911 0.2594537417646413 0
363 0.2526621467874252 0.3026353236820932 0
364 0.04250086625771488 0.3245046660397432 0
365 0.07389071177898687 0.1366076281797143 0
366 0.1526913167668521 0.2407944225226235 0
367 0.2029965377011524 0.1356111843460949 0
368 0.1414651007193668 0.1721150554889762 0
369 0.1511527966625699 0.1563761283240874 0
370 0.2947137081391458 0.3250414677423797 0
371 0.07295937253582507 0.2628709884480943 0
372 0.05402884943721564 0.1567961493894724 0
373 0.1819335618612609 0.1166364085486301 0
374 0.1545666459959975 0.1278099073812903 0
375 0.1159319915753189 0.2153843902479183 0
376 0.2703064851460844 0.06434684225539139 0
377 0.1159238173497072 0.1854011272234614 0
378 0.2526914312913526 0.1097748326035957 0
379 0.2752182085457837 0.2412345034034395 0
380 0.0534751253956971 0.2438963020853537 0
381 0.2604676195653056 0.1811823590711029 0
382 0.3052169972051042 0.1989045871678886 0
383 0.2764652972565141 0.131436349689146 0
384 0.1891914682795547 0.3093479295047878 0
385 0.2475475532696945 0.1569447797559522 0
386 0.1848509748834863 0.04580818755419905 0
387 0.2460852674930056 0.06954083194569455 0
388 0.1613715818704833 0.3370708007789502 0
389 0.1835648102336286 0.3555140749809232 0
390 0.5408818383245765 0.08079043359824577 0
391 0.1658808810113188 0.06829220797077432 0
392 0.171779814800999 0.3170816973775197 0
393 0.2083490712191342 0.074032923193284 0
394 0.1066640215606948 0.1147392065455304 0
395 0.2746088472055402 0.3456916088666158 0
396 0.3507566750108523 0.1988728167124642 0
397 0.1339326629712925 0.3124464329910218 0
398 0.3588160881309913 0.3476404039579322 0
399 0.06560357112191184 0.181028419928218 0
400 0.1612530812551395 0.2704937021261745 0
401 0.1884181280431012 0.2615642674517689 0
402 0.2483885872417549 0.3398969541645383 0
403 0.3106004825777329 0.1531951642799658 0
404 0.1876568901225276 0.2811338496456046 0
405 0.3116833475181378 0.182911023220144 0
406 1.244810541517409 0.08188633676920537 0
407 1.483870119496657 0.08188622809042977 0
408 1.359800047781084 0.326224090371719 0
409 1.598885694820565 0.3262412274096322 0
410 0.2387800325561227 0.2729962902552551 0
411 0.1287755203630794 0.2370515674536502 0
412 0.1452939066877434 0.2592224812777417 0
413 0.1110984392421729 0.03482277272613379 0
414 0.1123893664553339 0.2796272358283745 0
415 0.2101326148870907 0.2750110072519271 0
416 0.115682286225199 0.3719807864878281 0
417 0.1330370875820537 0.2811458947708777 0
418 0.9403716735073115 0.2040546460245758 0
419 0.7290922610235473 0.204947799838905 0
420 0.1382231714578522 0.09784101748023312 0
421 0.2684967279350244 0.1055563580165536 0
422 0.08179609743074057 0.2182892468380377 0
423 1.700877644042405 0.2058802117297412 0
424 1.461646590814809 0.2081987725891142 0
425 1.222584682039102 0.2081807171676703 0
426 1.860852943077367 0.2051877182187324 0
427 1.623526668497222 0.2043800827391821 0
428 1.387033431533371 0.2035644389309789 0
429 1.144899235385708 0.206395572882746 0
430 0.6937762414691853 0.07834992528682336 0
431 0.3001995538294515 0.1259767752572792 0
432 0.2258895228270534 0.0631631056206968 0
433 0.1032394743257967 0.1716256647395997 0
434 0.2054018742928512 0.3260544636208145 0
435 0.2767822380350946 0.2543028854430316 0
436 0.2168072093002025 0.1407171833224081 0
437 0.3114498302585391 0.2808347323979814 0
438 1.831107671720371 0.3394935835485861 0
439 1.837507474456086 0.07431371345070945 0
440 0.1379787761552692 0.1213445222128431 0
441 0.1436900980218958 0.1474443961416065 0
442 0.1030681447856765 0.229330664706476 0
443 0.2027963729089666 0.1231874154388745 0
444 0.1058071571660849 0.2002394766481777 0
445 0.1908464574884312 0.09924407039249485 0
446 0.1647050870714856 0.1127711958516656 0
447 0.1302194432853492 0.1678465504051646 0
448 0.2472413795064961 0.1297756057513329 0
449 0.3565673269960914 0.09154365857009014 0
450 0.2803166446117138 0.3049040479978264 0
451 0.2584294436755671 0.22222880122094 0
452 1.015862842255869 0.07263375406335507 0
453 1.015043012585669 0.3376312887005017 0
454 0.2242886517051603 0.1175297877103241 0
455 0.3280167589194501 0.2181568899146775 0
456 0.1720362978085677 0.08459943789332575 0
457 0.2752516994132415 0.2133897943037751 0
458 0.2346650843016688 0.149046746078231 0
459 0.102529979547244 0.3195251610540024 0
460 0.2565199672946054 0.1396067242942 0
461 0.04947811496662613 0.3600361184501969 0
462 0.2391529064948609 0.3108870520456397 0
463 0.3541362600833478 0.2832830351230335 0
464 0.4185971881896584 0.2560232301169839 0
465 0.2884068632539728 0.03508566757808143 0
466 0.4436159899208312 0.3503318669955757 0
467 0.2318938865824843 0.2840256298158218 0
468 0.2365578427984792 0.2516962366955058 0
469 0.3521927707229732 0.2541614650933534 0
470 0.3913706232661818 0.1045731418062787 0
471 0.2859494179418642 0.1735581989557231 0
472 1.217967364499333 0.3401195895620756 0
473 1.453001005300375 0.3433850415511679 0
474 1.695079070553966 0.07154326741449765 0
475 1.393481517085798 0.06549377693127026 0
476 1.155674363101652 0.06504106311899907 0
477 1.690096295841526 0.3456222348721423 0
478 0.2554635650332789 0.2581041074284796 0
479 0.5030072222491505 0.2413900436378877 0
480 0.08241038938830902 0.1832387163943548 0
481 2.131380167501069 0.06737245800577799 0
482 2.131371312918921 0.3426322110249419 0
483 0.06066238445929617 0.2037897931477426 0
484 0.3589043191892924 0.1584250488017222 0
485 0.3348257758881288 0.116704063921671 0
486 0.7949564679725776 0.07085656858262709 0
487 0.792233622561219 0.3442711500954945 0
488 0.06419820562273415 0.03864337786523309 0
489 0.2719565783527178 0.165613885197062 0
490 0.1440016905948016 0.3301891246687952 0
491 0.5155378316473245 0.3425039481472067 0
492 0.7217951248211827 0.3403506296093161 0
493 0.149553377982944 0.1666070585421672 0
494 0.4633979893655318 0.162085434765131 0
495 0.2789205280838667 0.1902305966797523 0
496 0.107039216466169 0.08416406613384081 0
497 1.624744880254979 0.06822006359142757 0
498 1.146321782792569 0.3425123565238597 0
499 1.811286642026149 0.1486506319530164 0
500 1.812303858571995 0.2633581435314538 0
501 0.1425874032520326 0.2193168900807002 0
502 0.2027515385487951 0.2598849333357064 0
503 0.5920012664864013 0.3431599468026022 0
504 0.126362605222384 0.1556879538073309 0
505 0.9247073697370626 0.07190123491545095 0
506 0.9238408230726676 0.3381939389569409 0
507 1.033578909188019 0.1407867902218089 0
508 0.0934417498965181 0.2841885014968973 0
509 0.4117031205610897 0.1863567844264163 0
510 0.1861115589000997 0.1409684345025912 0
511 1.028796807042096 0.2637879448994963 0
512 1.932867483500234 0.2193252365957285 0
513 0.1461515231475943 0.07139189848765817 0
514 0.3149797711209037 0.1678297168804415 0
515 0.1686216354876272 0.1481151116387585 0
516 0.6865544281119915 0.1500508318050136 0
517 0.1401533937603772 0.1904959456938404 0
518 0.2115877787663014 0.1164511136213122 0
519 1.915520756781293 0.07004592727275186 0
520 1.912794042357741 0.3469252776295092 0
521 1.500684079912565 0.1438185360566687 0
522 0.0871557936518581 0.122640709439876 0
523 1.261620182346742 0.1438141975572937 0
524 1.341565546828681 0.2621367486423704 0
525 1.580635269367295 0.2621531125831947 0
526 0.2901452323217248 0.3759005089200181 0
527 0.2270035727472887 0.3440814010889421 0
528 0.4394845190639554 0.05311955252221678 0
529 0.1589991290700159 0.2995635085049189 0
530 0.3386390830622642 0.1453057792343093 0
531 0.258086869954949 0.153411207897374 0
532 0.1130130485776742 0.1571747867231842 0
533 0.2809207992428342 0.1458620195315199 0
534 0.1756999521042368 0.2859874102739655 0
535 0.7952224955010342 0.1875689049713339 0
536 0.3148674800400129 0.3009962873722375 0
537 0.2426169896358976 0.2900658560843609 0
538 0.1323305775321393 0.2569990833623214 0
539 0.06447398422808792 0.2253755909425071 0
540 0.1687450335639622 0.2515513786555938 0
541 0.1401918122917538 0.2095801649434726 0
542 0.5849529093849288 0.225163021653898 0
543 0.8152994191096203 0.2579794584087338 0
544 0.1121698246491285 0.259855066289067 0
545 0.133031160884278 0.1452947918803484 0
546 0.2972297167500233 0.2123933534516174 0
547 0.2498388332911259 0.2690314239390819 0
548 1.950889686396307 0.1566388717707377 0
549 0.02746859716970995 0.1585713834772924 0
550 0.2299023889600242 0.1278790127466352 0
551 0.3292762607126215 0.182895499039452 0
552 2.043586662503528 0.0653407613757713 0
553 2.04097358475969 0.3451921989510465 0
554 0.3483364350422113 0.1796292409114574 0
555 0.2906301559987694 0.2547277547552003 0
556 0.0280621731019719 0.2400424412075897 0
557 0.3013529529801854 0.1084250958567589 0
558 0.305505013845859 0.2344214437613368 0
559 0.08775840325078121 0.2548257684739611 0
560 0.2600414265512687 0.2016873268188074 0
561 0.3486880645999155 0.0411171940166539 0
562 0.2951480669302193 0.1566546764479009 0
563 0.2538911764126159 0.1734709202670443 0
564 0.08844063536270719 0.1439293784570866 0
565 0.2595455185174802 0.1913715583073101 0
566 0.6921251101687477 0.2580965169693521 0
567 0.1608686623719734 0.2452621708511594 0
568 2.143564005179994 0.137155595796228 0
569 2.144657384698923 0.2722202842905815 0
570 0.1261415993030808 0.2262000501958555 0
571 0.8970147851521926 0.2625123615083864 0
572 0.8973469153098473 0.1509186438770188 0
573 0.1257012764542288 0.0867513448287118 0
574 0.2322224615806233 0.1080151468550599 0
575 0.02493163700822554 0.2027314650514099 0
576 0.07336120457652306 0.2829619653430142 0
577 0.1983097648454795 0.3848501199472563 0
578 0.1852862574252694 0.2948591263615585 0
579 0.1787833546049611 0.129879417101553 0
580 0.2067095128195615 0.1029392510642487 0
581 0.2186905755621442 0.3014847644692055 0
582 0.1660930394130371 0.1350600694160091 0
583 0.2724468284436156 0.1196517440955355 0
584 2.053231437231434 0.1785382860335764 0
585 2.026469904652611 0.2599917981054116 0
586 0.1264699850575493 0.1927407004197874 0
587 0.1262055518681057 0.2074896603651167 0
588 0.2001288829997496 0.2807840281882136 0
589 0.238244338871679 0.1360930952695904 0
590 1.000175806974156 0.1963300335140029 0
591 0.2672275597027944 0.2349504531587836 0
592 0.3316940300847848 0.2866228273723909 0
593 0.2312886685226798 0.02858866947037364 0
594 0.2593745459947696 0.2910339154259637 0
595 0.198881038981559 0.02536411101393485 0
596 0.199199637443824 0.342337046736181 0
597 0.6039333622476206 0.1636068740775876 0
598 0.2188568296353124 0.2555444744434183 0
599 0.2975657375043419 0.2744697176372425 0
600 0.1502957592710432 0.232199364424775 0
601 0.2474823213115078 0.2360843005038912 0
602 0.3197926810769678 0.3245478573372544 0
603 0.2857707029384583 0.2817275405822951 0
604 0.1489120830415462 0.1380939123975633 0
605 0.1233785002494254 0.17635485970383 0
606 0.1930628155124963 0.1199712914247805 0
607 0.08331101469185787 0.3719089717962234 0
608 0.3184588540376052 0.2279459681755655 0
609 0.2407978898530623 0.08391622817083469 0
610 0.229032770810363 0.3786505323882431 0
611 0.3172174517828273 0.1165012153477951 0
612 0.1850312527523416 0.2712038467705433 0
613 0.1364340316629391 0.2691094735092218 0
614 0.09217029873058991 0.196139701264479 0
615 0.2802744134000467 0.2297435461454907 0
616 0.143808001533992 0.1821493703151074 0
617 0.1621466775813548 0.1546887654087433 0
618 0.1494015830371973 0.2854685764055617 0
619 0.155230162216345 0.1017508250524849 0
620 0.38350309377874 0.1432386701986811 0
621 0.2077447575125928 0.2970956454328912 0
622 0.3363239161783328 0.2433933619039126 0
623 0.2649577656334603 0.1725072790617478 0
624 0.1955219888784354 0.1410027985700538 0
625 0.06907011280670039 0.1126290878578247 0
626 0.3679474724017349 0.2348103915591965 0
627 0.5107353522368309 0.1334610255631133 0
628 0.1110311676796638 0.2416798345188283 0
629 0.1026240669467947 0.2997148813275628 0
630 1.102009449923745 0.2489773858764934 0
631 1.719741493335225 0.1490300894356109 0
632 1.584636326593131 0.1611877900780787 0
633 1.34322715703393 0.1603486437168112 0
634 1.104151493094696 0.160334213296701 0
635 0.05847679991655452 0.3005985551364006 0
636 1.718721067193527 0.262375287140991 0
637 1.480294408635014 0.2613316694132466 0
638 1.241216199200478 0.2613227460906974 0
639 0.2657857341321063 0.304207846233035 0
640 0.2160670600710675 0.09263265471721194 0
641 0.2761014219614639 0.2030519282418359 0
642 0.1130155221771266 0.1336920956052529 0
643 0.1344796997097321 0.04602266523568246 0
644 0.2690741057547853 0.1859323371773143 0
645 0.2623547345865518 0.2794343846324133 0
646 0.1966099377975831 0.05979236904175655 0
647 0.1509743260783709 0.2513623593524947 0
648 0.2856425025007656 0.1012347283843769 0
649 0.2480184564316957 0.1662303625410004 0
650 0.1699153591146811 0.3763886462217219 0
651 0.2555455056149577 0.2436158889779813 0
652 0.1720353135045587 0.02173180804444427 0
653 0.2741656285675487 0.2753084963519919 0
654 0.166800731256774 0.2631694359666649 0
655 0.1280698229750007 0.1326198611406812 0
656 0.03405740803013813 0.2597049036396825 0
657 0.03015391333447948 0.2952786659853114 0
658 0.2928515123522453 0.06516702359312246 0
659 0.1535053940088316 0.264896614479434 0
660 0.2903553642147918 0.1306371495748807 0
661 0.2747356136292244 0.08984102514466838 0
662 0.2275856260737369 0.09642428526551233 0
663 0.314515182733336 0.207800360269904 0
664 0.3327476267125304 0.07873791393792057 0
665 0.1078307835942824 0.1452795829628488 0
666 0.225180121416623 0.146632686248745 0
667 0.3039503728077573 0.247018698604104 0
668 0.4933621943463833 0.05578187955237976 0
669 0.8104409723319917 0.1288985435695828 0
670 0.5929636540814525 0.05624602296527756 0
671 0.1990727274553763 0.3180726725078851 0
672 0.2349147421702026 0.2644066399163632 0
673 1.53441692162382 0.05529852327768875 0
674 1.292135350691033 0.05169839095068557 0
675 0.06883227703770878 0.320890966772407 0
676 1.553375654665576 0.3582976150709207 0
677 1.31429136528988 0.3582788219348665 0
678 0.02749989117033858 0.09919779134070053 0
679 0.07136068555457653 0.08047365092001414 0
680 0.2217279442653904 0.1328082706267121 0
681 0.7462256287635038 0.05390606847977147 0
682 0.1424919757142535 0.238774467953506 0
683 0.1153758442384852 0.3141391904205964 0
684 1.788998117688586 0.04317578205355713 0
685 0.2929647364785894 0.1981516631306271 0
686 2.01170494814307 0.1433988837721425 0
687 1.789594368623985 0.3604491657578941 0
688 0.08551221813709842 0.2704007609423204 0
689 0.1805957079814635 0.0622323213043221 0
690 0.2488114691797879 0.1196915469729286 0
691 0.301249675602798 0.1811941017089141 0
692 0.3226219530476488 0.03205766644059874 0
693 0.16587327031537 0.09445662424233511 0
694 0.08893054931662703 0.2083134851214107 0
695 0.3617111593370856 0.2157131316866004 0
696 0.2697164802500542 0.1369315124666896 0
697 0.1092595594486276 0.1765272724984576 0
698 1.065781428903692 0.0520326757147225 0
699 0.2666226280395346 0.2584979455506397 0
700 0.2286575167478685 0.3099474587893178 0
701 0.106483784440766 0.09811552004453021 0
702 0.1390389779861242 0.3516634792252276 0
703 0.2751937114473513 0.1561596974132283 0
704 1.06531902962689 0.3577072858017675 0
705 0.3275288051143548 0.1513907697905439 0
706 0.4096932387496517 0.3505369575838789 0
707 0.4289600594906157 0.2954372037958788 0
708 0.02554312603779652 0.1300586280257757 0
709 0.1091027613676524 0.2237470805564653 0
710 0.2076119007104726 0.1424305652743238 0
711 0.6039471411074849 0.2806562667485303 0
712 1.958839956738198 0.2583915919191965 0
713 0.06846657997882311 0.2092386324756373 0
714 0.5648753304319405 0.1286832030204986 0
715 0.1876927781412188 0.1070193757935405 0
716 0.2392592669249944 0.1572123111737426 0
717 0.2840259589888353 0.2470495250294167 0
718 0.144066085349256 0.1248616510756375 0
719 0.2510933154453515 0.3219930894393503 0
720 0.644869303978834 0.05373890938931383 0
721 0.2626577408778584 0.1155645985395677 0
722 0.1730844873725284 0.1157675312442171 0
723 0.1603942387443994 0.1208407243205746 0
724 0.1117911768088797 0.2070295114127085 0
725 0.1062292078577534 0.3545160971922285 0
726 0.1963661881717067 0.3037093685805374 0
727 0.6629880546019519 0.3599752870186683 0
728 0.3438135942133291 0.373400702722454 0
729 0.2067284856019539 0.2695685961842274 0
730 0.339604320592946 0.2050808051457774 0
731 0.2218007960004056 0.2647437729373806 0
732 0.2213642078847363 0.2828805514641444 0
733 0.3060592370206177 0.1403803938838009 0
734 0.1118786111156574 0.1935265919351046 0
735 0.0700403011676578 0.1528841647965422 0
736 0.1838145529746722 0.2560074196359937 0
737 0.2514100090077226 0.2274449917928897 0
738 0.1428639776576519 0.08408411542582796 0
739 0.06458042202563563 0.1690173772773173 0
740 0.2962508692376759 0.3109864128711483 0
741 0.2778486875152301 0.3229839562858351 0
742 1.646367000242063 0.3529326117609838 0
743 1.407621439059353 0.3525451509038804 0
744 1.437965010715598 0.05726282921641143 0
745 1.198802449310282 0.05849606137766042 0
746 0.26314994612864 0.3353234273071181 0
747 0.2653256279406149 0.1585083917264547 0
748 0.8640863407977994 0.0533723576651188 0
749 0.3092843973530751 0.08092374921225651 0
750 0.08991961263344161 0.1737627389187217 0
751 2.070108989021503 0.2381349486917106 0
752 0.1840140453035979 0.08689326452006585 0
753 0.3666759869037264 0.309569576453015 0
754 0.1328205592234052 0.108421786906568 0
755 0.8619095894395978 0.3548653921048596 0
756 0.2608980427207669 0.07307545010455468 0
757 0.178006874446911 0.1461183371672534 0
758 0.1431484252643694 0.02386764396101476 0
759 0.249204716962137 0.2528959967657531 0
760 0.13560845906271 0.2252699458329961 0
761 0.2831901580833254 0.1953620905718279 0
762 0.08910978471300646 0.2281898885919943 0
763 0.1427279142851163 0.1999999999999998 0
764 0.2680437353152337 0.02725722389669485 0
765 0.166812015931328 0.279167168154738 0
766 0.2480373177864419 0.09664994049267724 0
767 0.07006116938668594 0.2481613175703452 0
768 0.141155280537673 0.3877747730553667 0
769 0.1287309222442332 0.2469356234650466 0
770 0.242291151584481 0.1103364295914715 0
771 0.3970854851616574 0.1677874514620921 0
772 0.2856352621021635 0.2129629648488065 0
773 0.057648334690096 0.1411610399599516 0
774 0.1297059882818409 0.2915178059626755 0
775 1.613377014457169 0.1187627738251548 0
776 0.1008981442941755 0.2558535243663945 0
777 0.3171716384958608 0.2566310034130497 0
778 0.4678534219008804 0.2539075708113201 0
779 0.02402680331666973 0.04724175956975452 0
780 0.1788705995550197 0.3411872711307253 0
781 0.1676998980762161 0.3554605080901155 0
782 0.2964375605459471 0.2310695228893972 0
783 1.134831066508063 0.2911051610946422 0
784 0.7723968701777205 0.2328007915082337 0
785 0.1936786935346952 0.2583684513224671 0
786 0.1480609368998937 0.303135996331737 0
787 0.1477435574975998 0.2239376356805372 0
788 0.2559238508574405 0.2145838786142776 0
789 0.1330858579983962 0.1754370719209877 0
790 1.980566667437222 0.03582254873017354 0
791 1.980532233407364 0.3740112834348702 0
792 0.1538436550786798 0.1470942419177796 0
793 1.292473047148914 0.2548668881792687 0
794 1.531550366534202 0.2548806642854298 0
795 0.157954534161624 0.1636851199245301 0
796 0.1980478275106716 0.1299211931422057 0
797 0.160923669428151 0.32442391276463 0
798 0.1499747722890542 0.1739505812481827 0
799 1.376150801325522 0.120570144238073 0
800 1.137063765239594 0.120518625432124 0
801 0.9683870624166226 0.05034202052806111 0
802 0.15415340275695 0.2770350156172625 0
803 0.1652790635324263 0.3069776826391231 0
804 1.771746625747044 0.2527399544199671 0
805 0.2275993441592207 0.250427608493645 0
806 0.9668777554688883 0.3600871903522137 0
807 1.255321531775766 0.3688318373821063 0
808 1.351335037934601 0.0406604311933926 0
809 1.494017861129515 0.3692674441330686 0
810 0.2153027860029759 0.2714666135345377 0
811 0.2312495465459321 0.04467026574438182 0
812 0.2736375108191711 0.2648962341198415 0
813 0.2670202287873547 0.385933882273759 0
814 0.241541596519173 0.2823311273959103 0
815 0.4217440711454137 0.11107212722746 0
816 0.236185911520764 0.3267487021820616 0
817 1.897272208599549 0.1821265756193214 0
818 0.2540965328140981 0.1467916366855958 0
819 1.770632644687034 0.1557383757367216 0
820 0.2412106389886399 0.3021099585999902 0
821 0.1071179993870571 0.05543433376073992 0
822 0.112985493754358 0.2687302790382294 0
823 0.2952365919294414 0.3452792393896764 0
824 0.2683121003959622 0.2050242783103124 0
825 0.121997648582479 0.2779921670867148 0
826 0.03435651247106764 0.1465168951570563 0
827 0.05513641883353837 0.2633976435776274 0
828 1.875316423032915 0.3609468348753764 0
829 0.2120374011800751 0.3440173979104548 0
830 0.2053431207189222 0.2892714786122199 0
831 0.2256299535975677 0.2932481461806051 0
832 1.877266212775958 0.04950169168374632 0
833 0.2385256535544025 0.242673115914915 0
834 0.1204874620400488 0.2379202461067678 0
835 0.08917671382969505 0.04402837305846072 0
836 2.141832789967462 0.179843706155545 0
837 2.149558490752322 0.2344965989691375 0
838 0.5006154298198645 0.1925168854233516 0
839 0.2782795235545046 0.1693723415230089 0
840 0.1803367318317979 0.3092072855059185 0
841 0.2084562853825015 0.2567988653345326 0
842 0.1099133110508348 0.1244375048955798 0
843 0.2622977418917884 0.2293096261811656 0
844 0.09392575587700214 0.1600256263499498 0
845 0.281659455695537 0.1802272140122174 0
846 0.2115576184111708 0.08246613919918999 0
847 0.1173608040418412 0.112216925950622 0
848 0.3795110020561088 0.2042894096599241 0
849 0.2099079183660513 0.1341245406970602 0
850 0.1970068736838901 0.07921812371965037 0
851 0.3329044431013559 0.2295250796960876 0
852 0.09253111613573695 0.08186862715481832 0
853 0.2784028494503434 0.2215241750361466 0
854 0.1087065087852778 0.1645194746206901 0
855 0.2994220830404778 0.1895454857808788 0
856 0.2292815958741214 0.3606162462710655 0
857 1.579967546306829 0.04145699418839388 0
858 0.1606036983722489 0.07833562135220326 0
859 0.2702940124303546 0.04346717515414944 0
860 0.2653280763229072 0.2194227759608169 0
861 0.2983204327423253 0.2222988085223543 0
862 0.2829950053362676 0.2932698971726042 0
863 1.93482564413076 0.2925897124344904 0
864 0.290744415682608 0.165047584042038 0
865 0.6529075278564893 0.2533004860617655 0
866 0.2719789228723406 0.2472578096042771 0
867 2.084524797423666 0.05236233077280675 0
868 2.083646398596099 0.3572870264605258 0
869 0.1243525043245595 0.2579243293468229 0
870 0.01713695749843325 0.1842772111435393 0
871 0.2580505763616048 0.06084179079583912 0
872 0.123654178347667 0.2192939422089435 0
873 0.1749073831274828 0.2526300849770892 0
874 0.1575456097593225 0.2365753769318888 0
875 0.8547242971186043 0.1612514865167132 0
876 0.169072009844661 0.2909116851341507 0
877 0.1355071490625575 0.1503690977939657 0
878 0.1788611231842854 0.2676630207732719 0
879 0.1688830542903139 0.05162286494564777 0
880 0.04011571195195573 0.2005738465367476 0
881 0.1427999225349728 0.1657272199477384 0
882 1.72891637506442 0.363704387668732 0
883 0.08764100398098917 0.2442135942091634 0
884 0.7592469800067021 0.3627318102218448 0
885 0.3410834057149735 0.3363081807804765 0
886 0.1828110818405149 0.3180526430785142 0
887 0.1451458831943571 0.154512699242297 0
888 0.2791860266555513 0.08013772819505974 0
889 1.729711961185909 0.04766123927525387 0
890 0.2296744709200831 0.07333453733558129 0
891 0.2613955599321773 0.1024603988569676 0
892 0.2147589730739807 0.3194511997534392 0
893 0.05895616193838893 0.344878457670493 0
894 0.1247861271532267 0.1860311150163046 0
895 0.07328537237586064 0.1902323812713275 0
896 0.3757079480233654 0.2882290154495499 0
897 0.4032380464275309 0.278959932537441 0
898 0.1845536720758614 0.1251965600316074 0
899 0.1586988725430338 0.135746463519906 0
900 0.1984167527935718 0.1027424275725266 0
901 0.2443264347708626 0.150643219956328 0
902 0.3833972148266052 0.03334256287586254 0
903 0.1234583847229909 0.1635517594155434 0
904 1.117369156253734 0.04682614234902027 0
905 0.04834255183273406 0.1005293017470023 0
906 0.2850002246666186 0.2360179820536861 0
907 0.2577209210832491 0.3485432368916347 0
908 0.269893890069915 0.3646430829238664 0
909 0.1767623407412794 0.327665502803922 0
910 0.25375805251358 0.183270389399986 0
911 0.3869446767423251 0.2470582865223664 0
912 0.2046537930010919 0.1142363132403744 0
913 0.2187334824701817 0.1474015797970684 0
914 2.035491376396776 0.1099992261584328 0
915 0.2689946749187919 0.1283951018902716 0
916 0.3366509150802468 0.09752065549556618 0
917 0.3125511996787848 0.1935210763388402 0
918 2.109778491330643 0.169162509051769 0
919 0.2401085550634217 0.1271516006507753 0
920 0.2226914818725262 0.1250487713401443 0
921 0.1244405884353236 0.1169483925427232 0
922 0.193751290650662 0.08910988444387236 0
923 0.3599550115744552 0.06749974787710414 0
924 0.1512570287717212 0.05903560302718236 0
925 1.93882063086582 0.1114383912488591 0
926 0.2399726689385896 0.0526995846647548 0
927 0.9691939873226607 0.2388439757744759 0
928 0.2581700204541146 0.2728427192273542 0
929 0.0538866214098852 0.1749852780647807 0
930 1.180555736123392 0.2292865200967224 0
931 1.42144502138011 0.2275058529721304 0
932 1.660114213520195 0.2272720549663801 0
933 0.339451151707826 0.1909059165135809 0
934 0.3443265702567896 0.2685575120020079 0
935 0.08853123542415631 0.1325691076564635 0
936 0.2625643376048912 0.2410043672345273 0
937 0.1126598514855999 0.2504426917626127 0
938 1.658607842458388 0.1814352561794994 0
939 0.2506312963572732 0.1360206562604289 0
940 1.422682425186221 0.1832672526001076 0
941 0.2503777068983093 0.08813736649013645 0
942 1.182806744370278 0.1840309224818741 0
943 0.1335965404676154 0.3016231991818754 0
944 1.182352255872968 0.3684126448521554 0
945 0.3127029381347627 0.2676934397928875 0
946 1.661266402677379 0.04121579045268439 0
947 0.1338500534228311 0.2320071346192281 0
948 0.1419744250784997 0.280283998844501 0
949 0.3331156290095818 0.131731121938972 0
950 0.0944598820019984 0.2355416662427155 0
951 0.4811349482305656 0.3652436360964068 0
952 0.2434092005020294 0.1616236798612497 0
953 0.284267954813908 0.1390893315775377 0
954 0.2316507568975181 0.2765028959693427 0
955 0.5495764815189276 0.3694355326512506 0
956 0.1452996395785284 0.2132037535061394 0
957 0.1457090589293195 0.2466155090730865 0
958 0.105801884788876 0.3336611014876689 0
959 0.0858418837616266 0.1555447750774371 0
960 1.102132308971417 0.3689748117190581 0
961 0.120533064010276 0.2871564629704079 0
962 0.1118395726322672 0.2927058494645273 0
963 0.9281487476857538 0.1167429225793715 0
964 0.3042027535989833 0.1604058374583437 0
965 0.2564668520322012 0.2503629260613647 0
966 1.464076578236369 0.1191012618992351 0
967 1.225013868896661 0.1190970720411992 0
968 0.1690187635901111 0.2691655454727362 0
969 0.9284731784625956 0.2933807436402764 0
970 1.618801536883138 0.2873338291816547 0
971 1.379723590717745 0.2873259992732192 0
972 0.2937148597436253 0.264276761789444 0
973 0.3076470254858015 0.1741945885077141 0
974 0.6431363065531321 0.1408052037452182 0
975 0.5495761654603886 0.2213168250835807 0
976 0.1193781537741868 0.1918063863406578 0
977 0.1619244761255332 0.1284351319306388 0
978 0.1511148513066853 0.2935896957100727 0
979 0.2344360163846666 0.257643944218245 0
980 0.1772762840851105 0.1224844137112543 0
981 0.1464079980479631 0.1032348531080829 0
982 0.5111229200923285 0.3002766329079052 0
983 0.2198155223874346 0.0717897704049765 0
984 0.2143382385061746 0.06105649065638627 0
985 0.07334089660825938 0.1722088464877382 0
986 0.235140687388373 0.1418730043783631 0
987 0.3708834784297175 0.3767377410817329 0
988 0.05317539260128523 0.1870165790807819 0
989 0.07295664719043571 0.06180944959208337 0
990 0.1075161005835408 0.1864691734436129 0
991 0.1191565082146941 0.2084645352647713 0
992 0.2564565456525566 0.2070942933323074 0
993 0.1153700910059381 0.2234401289670492 0
994 0.2872952261166009 0.1529310924256969 0
995 0.2542740629100643 0.1594020781370727 0
996 0.1357819457217023 0.2401883739830639 0
997 0.9671469777704753 0.1728640662047067 0
998 0.2409297073990192 0.3514823833974698 0
999 0.1074710383044127 0.2138040547205764 0
1000 0.3018260373679698 0.1491017156508703 0
1001 0.1775673594725047 0.0710972875931643 0
1002 1.281381186991985 0.1119083030472252 0
1003 1.528491361722525 0.1089824479994049 0
1004 1.327206643494443 0.3007519457110175 0
1005 1.566285575696696 0.3007682694109307 0
1006 0.201961434095099 0.1419528060282226 0
1007 0.2285355931639544 0.152087928950958 0
1008 0.1524375019016253 0.1195505240447499 0
1009 0.0287694732323025 0.3462632773895885 0
1010 0.09140106729584829 0.2191688320853953 0
1011 0.3020779054497738 0.0902492995701627 0
1012 0.1671896572568499 0.2451904663364067 0
1013 0.190695994773827 0.2752955650754137 0
1014 0.1777904190822513 0.1092832849908988 0
1015 0.1085657754459335 0.233890304295281 0
1016 0.3527442999213679 0.1117507375259625 0
1017 0.5467070684189029 0.02923593595499976 0
1018 0.1970231680375595 0.04778458980537156 0
1019 0.1947210211043372 0.2645549172050627 0
1020 0.5022645919431964 0.0945163884157967 0
1021 0.02032710032864715 0.2760709525684499 0
1022 0.4336637482349885 0.1671969761244106 0
1023 0.1725043066263572 0.1326348000583053 0
1024 0.0296020972511315 0.2198508085377401 0
1025 0.09680684533737294 0.2048735694418123 0
1026 0.150141350814274 0.3426375753442698 0
1027 0.1431654125210902 0.3187306608546046 0
1028 0.2495734172585629 0.3122222953102917 0
1029 0.09881488009809902 0.1435551319715945 0
1030 1.503544563322663 0.2247317118071903 0
1031 1.264479863821109 0.224712077598567 0
1032 0.2057345712084833 0.1291060741829592 0
1033 0.7955197484332281 0.2993750986053174 0
1034 0.2737372462652834 0.143037601667155 0
1035 0.1016440612511107 0.2777467468663275 0
1036 1.743837504442393 0.1838465509298242 0
1037 0.6266151660152204 0.3758981110563733 0
1038 0.08391065790179209 0.3200224100131856 0
1039 0.1277056307935043 0.2 0
1040 0.1382077495334968 0.0592564138417587 0
1041 0.4170526088290107 0.2143642944846277 0
1042 0.1344640794839348 0.3239909201212177 0
1043 0.24189528013276 0.2664299440550674 0
1044 0.1332631054328079 0.2099463632928746 0
1045 1.619209544710623 0.1591261355051269 0
1046 0.2424836064162487 0.2509145614866752 0
1047 0.1802651603356358 0.2797886938011109 0
1048 0.2279862345529919 0.267366657045648 0
1049 0.6943059262787286 0.3003245788035852 0
1050 0.1763263903649003 0.09251242803883407 0
1051 2.116110783978867 0.2422844404965089 0
1052 2.163601455290387 0.3129167221751609 0
1053 0.2190737373788292 0.3088027754864041 0
1054 2.16348045070245 0.09592377794334771 0
1055 0.3445985326465333 0.1568494066323126 0
1056 0.2172215606480122 0.3325018916200526 0
1057 0.1897770385045566 0.2886975100083119 0
1058 1.818648396329096 0.194299863376028 0
1059 1.855724980512576 0.1638776020855657 0
1060 1.144791512122876 0.2505065648320944 0
1061 0.2939200604119639 0.2044265612079814 0
1062 1.855902259089044 0.2493791710876782 0
1063 1.139356835172333 0.1599894453242585 0
1064 1.379052576735148 0.1594269114799549 0
1065 0.135205596245529 0.368349996622731 0
1066 0.3471166071962177 0.2129291285387361 0
1067 0.1657043938686974 0.1028145441698137 0
1068 1.426625479947568 0.09374098079164608 0
1069 0.09937138303248116 0.1229309231912015 0
1070 1.187563148478692 0.0937369321125328 0
1071 0.690962138263109 0.1911231023380449 0
1072 0.1389176444203247 0.2547621891317388 0
1073 0.0909477759865176 0.1868356268830075 0
1074 0.07398136445042525 0.1233154774526134 0
1075 0.7218995672362853 0.1618855051264321 0
1076 0.1402923840639201 0.1119687871188688 0
1077 1.802688896242378 0.3022628313685962 0
1078 0.04366991657180064 0.1630122233629067 0
1079 1.418637499116509 0.3139234178172881 0
1080 0.8278294531580086 0.03623885877582644 0
1081 0.2548485997040087 0.1309754297665491 0
1082 1.657337176483595 0.3143592433746285 0
1083 0.3075710007191386 0.2917144924346161 0
1084 1.805306017000145 0.1078942708349278 0
1085 1.660434282501429 0.08707612481128504 0
1086 0.2511997215511227 0.2895609608800972 0
1087 0.2558374587314768 0.1965158683869428 0
1088 1.182051914973071 0.3232541222118134 0
1089 1.256167198765075 0.04640380355008381 0
1090 1.501714941966586 0.04048920175971607 0
1091 0.09577489898824809 0.1782013446387959 0
1092 0.1687457853974638 0.1412212355940567 0
1093 0.3264217943020074 0.2490404610141918 0
1094 0.1337736132970763 0.1932798296647758 0
1095 0.1313905020012209 0.1609070220870791 0
1096 0.2736013264788579 0.2988166800136095 0
1097 0.1811916770636735 0.1361409200590177 0
1098 1.588945627582427 0.3632413723714168 0
1099 0.3053394114911838 0.2080429626382347 0
1100 1.349766371467071 0.3631982898878741 0
1101 0.3174367386560503 0.2183237423072285 0
1102 0.3199415345366561 0.1768386574657791 0
1103 2.024338301447331 0.3022788025680642 0
1104 0.134958312813654 0.1283026756508407 0
1105 0.4468976177329297 0.1359169796390755 0
1106 0.8262703507024669 0.3746207844874139 0
1107 0.1368026581791146 0.1696054861595047 0
1108 0.2670156328587241 0.1791632291769667 0
1109 1.582913305684579 0.2188193299517172 0
1110 1.343219525192801 0.2191417231680272 0
1111 0.02712406220975128 0.07605496907565815 0
1112 0.7136867585817632 0.03842485794630104 0
1113 0.2607085204864406 0.1468788856917632 0
1114 0.4039385466112766 0.08390047736269252 0
1115 1.8756434347706 0.09171548415017811 0
1116 1.846693691163716 0.292451216653791 0
1117 0.7143583672348083 0.1150505176282371 0
1118 0.2932745159581344 0.1790468912058578 0
1119 2.160657644676508 0.03751093729048641 0
1120 0.2028537354193021 0.2745687520631944 0
1121 2.16063249742402 0.3724901145100295 0
1122 0.2982316018869734 0.1361888128338289 0
1123 1.550684557711627 0.1446049297928597 0
1124 0.04237132874677418 0.2337867028594681 0
1125 1.309195067625539 0.1442799068271546 0
1126 1.696783834530439 0.1139399649008754 0
1127 0.8571151294475381 0.2466194282762957 0
1128 0.1199472159338799 0.1377612566452043 0
1129 0.2962870782096525 0.1169195054963262 0
1130 0.3372143315568188 0.2561593662470222 0
1131 1.218356273704325 0.2964238739355493 0
1132 0.998498803375834 0.3007027089583782 0
1133 1.041536763439199 0.3043124860643441 0
1134 0.6611948435275528 0.1044991655738689 0
1135 0.1891155687655462 0.2550332780336104 0
1136 1.45762270374552 0.2954725196926775 0
1137 1.820427297718838 0.03709412115816602 0
1138 1.69636976484392 0.295552307857976 0
1139 0.07505733577345897 0.2266040732574895 0
1140 0.3486657524070255 0.2402477343522004 0
1141 1.821112265687469 0.3731433399980646 0
1142 0.9991659895221251 0.1086493946824462 0
1143 1.041804231305161 0.1050457899629567 0
1144 0.06891559139474612 0.2359215123862057 0
1145 0.3780923917289579 0.1624095079493281 0
1146 0.2142282631324472 0.02783225600293401 0
1147 0.2830642170426997 0.1254486434805006 0
1148 0.1436913776373467 0.2668791049774186 0
1149 0.5491097463508898 0.3245726499099517 0
1150 1.383475142054285 0.2457891754382787 0
1151 0.1525368386443142 0.2581397054783374 0
1152 1.622270207625539 0.2458322630244852 0
1153 0.2734039682751642 0.2314774821691031 0
1154 1.460554801362284 0.1624891161386699 0
1155 0.2182593623030711 0.2772572853923528 0
1156 1.221355994379993 0.1626086006840292 0
1157 0.210005892980923 0.1236111529467194 0
1158 0.2445127477966357 0.2750279546772891 0
1159 0.1170046750809339 0.09327506975076404 0
1160 2.034125082291809 0.215087555941037 0
1161 0.8208451132698584 0.2182201542302979 0
1162 0.275982786739012 0.1968478674939918 0
1163 0.08207681442702897 0.02133329749444249 0
1164 0.05903848566055103 0.2148288713191517 0
1165 0.7321273381682081 0.2460106024069159 0
1166 0.2498180714163842 0.02803744256920171 0
1167 0.7586709163811685 0.3219877790665479 0
1168 0.89892251940386 0.214524491779833 0
1169 1.878676935323254 0.3220724452736539 0
1170 0.3358754648242597 0.05711827113202086 0
1171 0.4759602482960824 0.3290127456988175 0
1172 0.1971386299470661 0.3661294476357538 0
1173 0.2252469682194692 0.1100867850740721 0
1174 0.2696302337795814 0.2144940537503102 0
1175 0.2227792460210141 0.1411151031306579 0
1176 0.1240472877829772 0.3520256844460482 0
1177 0.2108409781014056 0.3759039593367102 0
1178 0.3202956448797454 0.1875470976915403 0
1179 0.06464812244396456 0.2719315188620529 0
1180 0.123180799500933 0.2324641870224409 0
1181 1.024592462638041 0.03540339019743072 0
1182 0.3162203046088341 0.3729873772443335 0
1183 0.07048805025524274 0.2004158810968737 0
1184 0.2766672252099995 0.1117896252189145 0
1185 0.4267514600538538 0.3803032037224229 0
1186 0.2412065302953673 0.2372929983925429 0
1187 0.1455693710052413 0.1878262917583282 0
1188 0.1912992998793259 0.1451134727709808 0
1189 0.2844207429168629 0.2592536255104609 0
1190 0.896979512129596 0.3733917616176474 0
1191 0.168150307551152 0.1542106333830524 0
1192 0.361188234339976 0.26801673057043 0
1193 0.1476243363317888 0.1606735713740783 0
1194 0.1388040783620795 0.1415500662048981 0
1195 0.2111896905955527 0.1086385447018019 0
1196 0.2308381821622358 0.1205687584255855 0
1197 0.2287224020179561 0.3335954108788802 0
1198 1.0293271021455 0.3743731916808968 0
1199 0.3237660663960972 0.2079094563442918 0
1200 0.2667875328510954 0.08385976961635677 0
1201 0.4208510792875795 0.3231761578189145 0
1202 0.1943475319261322 0.1345989970648828 0
1203 1.064829014586402 0.2427955527943559 0
1204 1.064412606411839 0.1664426873729945 0
1205 0.7624339456867932 0.08786098493753065 0
1206 0.1286673454130594 0.2733839214844794 0
1207 0.07863538377103318 0.1477100230217245 0
1208 0.159262304538988 0.1501594029499894 0
1209 0.1377538151235864 0.2148113954402917 0
1210 0.1600075202691152 0.263377236395068 0
1211 0.2484929011706191 0.2610029010843481 0
1212 1.941011896954389 0.03469499291477582 0
1213 0.06912799751958554 0.09968108260904157 0
1214 0.1160755382459691 0.1770125177040789 0
1215 0.2526679261508848 0.2219758388924231 0
1216 0.2341347496747525 0.09150562629036492 0
1217 0.1842021916859596 0.1469502318828305 0
1218 0.1742180195421755 0.150974706051199 0
1219 0.1572423118056433 0.2507735269422946 0
1220 1.104149318584965 0.2096970857580569 0
1221 0.07980608570178038 0.2092515787888374 0
1222 0.9609516810930926 0.3179277860925578 0
1223 1.9394892073014 0.375661608113714 0
1224 0.1380910015713277 0.1807888118157483 0
1225 0.5798018181181046 0.09369664859970556 0
1226 0.8989754804285648 0.03640500622758697 0
1227 1.740497837629771 0.2278981277856365 0
1228 0.1450135228888348 0.194642800889882 0
1229 0.2622967570850463 0.1338585692401111 0
1230 0.1471951358521231 0.09426823644908894 0
1231 0.9613046419597814 0.09202052454639512 0
1232 0.127431850905805 0.09556882352663516 0
1233 0.1261900013122548 0.1486449439909886 0
1234 0.2843639685723033 0.3347719694295523 0
1235 1.960464949420941 0.1935052324272141 0
1236 0.1024867873216148 0.2203521212986456 0
1237 0.07930662009178358 0.252596045653944 0
1238 0.0934234371754803 0.1130896483901896 0
1239 0.1134991336080428 0.06955777509374036 0
1240 0.1820346284666442 0.1021640216346685 0
1241 0.3722891532126239 0.1176507776872933 0
1242 0.1816639708078891 0.2611095682388355 0
1243 0.2511155532928914 0.1525402076063754 0
1244 0.3083854269998072 0.3156853761891646 0
1245 0.2172417880861599 0.1204980223063656 0
1246 0.3009765492544795 0.0519642148311629 0
1247 0.3016257795501222 0.2826834876683555 0
1248 0.1895845904625764 0.1137027535627945 0
1249 0.3194493619155463 0.2893011516874559 0
1250 0.322901591369114 0.2774321584243855 0
1251 0.2108718490056299 0.2835383695811637 0
1252 0.2817092255764372 0.05456933024054456 0
1253 0.318622576853787 0.1586480882714232 0
1254 0.3066507214163762 0.1168896729418493 0
1255 0.2561621373874716 0.117970449073568 0
1256 0.0193085092328833 0.2554703853621566 0
1257 0.1478466495217636 0.1311272847222958 0
1258 0.2478936301085526 0.1716064308872263 0
1259 0.3590803075570949 0.1874877038099106 0
1260 0.7809591568908348 0.03063837909323566 0
1261 0.3926312938052555 0.1870196422259128 0
1262 2.018382929000436 0.3751332595668008 0
1263 0.2484257606427946 0.3827981311609029 0
1264 0.2321450271524678 0.1339738875538238 0
1265 2.019075004185651 0.03475705128817394 0
1266 0.3087792451609448 0.3343660150311364 0
1267 0.1375413442722012 0.28691963931271 0
1268 0.3188482191690185 0.1478456668802924 0
1269 0.3275379120986119 0.1420300440622416 0
1270 0.1566702161852798 0.1136856619286864 0
1271 0.2618485292750949 0.2551544483345961 0
1272 0.2883103408286777 0.2295040139893541 0
1273 0.2352110958877646 0.291018814878675 0
1274 1.384807582191472 0.02902424681441157 0
1275 0.06056188588494882 0.2870565355656733 0
1276 0.1036074350204963 0.1924489182766888 0
1277 0.1042965380047612 0.2079433083700398 0
1278 0.6990507584923812 0.3757571194016441 0
1279 0.3123903553676718 0.1261028414648281 0
1280 0.411403905479786 0.05674718313548524 0
1281 0.1725659309739502 0.2648499098322913 0
1282 1.460814122865843 0.3789182227059286 0
1283 0.1897758209626922 0.3014944227953929 0
1284 0.144980478189501 0.2054753646014608 0
1285 1.220454283442981 0.3787422194104085 0
1286 0.467403081450499 0.03381283839274749 0
1287 0.1977597712518382 0.3332304860710819 0
1288 0.1484074173573486 0.2182331643712646 0
1289 0.29592407049131 0.2484764180090027 0
1290 0.1198531087584158 0.152495884971625 0
1291 0.2325722162194791 0.2464993473236109 0
1292 0.3606805768442594 0.1732845004918376 0
1293 0.1329493823720953 0.07825637735781232 0
1294 0.2694194854917802 0.241146136382407 0
1295 1.031963486106718 0.2203444491838661 0
1296 0.1969547726553683 0.07006738236264876 0
1297 0.2863506641899674 0.3587124489074897 0
1298 0.9340060718641148 0.2498957598931265 0
1299 0.291355387717548 0.1086228923706547 0
1300 0.08346805185320672 0.1922227954747602 0
1301 1.846802204501523 0.1209953935666178 0
1302 0.1702460181570903 0.2577745982788783 0
1303 0.1990505014252112 0.1178143400327581 0
1304 0.2219287286836757 0.2502848330655648 0
1305 1.828323412407955 0.2264950243818017 0
1306 0.2539316414598768 0.1900122710322965 0
1307 0.3774075502728595 0.08835383452005802 0
1308 0.2561474396546387 0.2651506913794853 0
1309 0.8336269072539628 0.07222620882645953 0
1310 1.69797017748401 0.380422412652514 0
1311 0.5764357829506322 0.1929851401223557 0
1312 0.8280502298541699 0.3288011347035411 0
1313 0.474990905036802 0.2160132145662174 0
1314 0.1379218872444102 0.2619797195190801 0
1315 0.1232646066460906 0.1702162884248312 0
1316 0.1514297202906389 0.07954219212362332 0
1317 0.3983161757838058 0.2025524463099415 0
1318 0.1241917895905287 0.306693664576448 0
1319 0.1730163722277949 0.2799200614413307 0
1320 0.250369306040377 0.1776793097246449 0
1321 0.26517824081991 0.1654929123018352 0
1322 0.2581245735874573 0.3085444749849412 0
1323 2.095104195465437 0.3236297955865496 0
1324 2.096334124719045 0.08954130366357593 0
1325 0.2182089382029478 0.1131145752022615 0
1326 0.3690482716711911 0.2506553722143461 0
1327 0.1332914975175753 0.2504929113813145 0
1328 0.1828352935911329 0.2872936092213053 0
1329 1.697989869156058 0.03208405942848716 0
1330 0.3536202204792135 0.1444116938509243 0
1331 0.2596208650570901 0.1752445159836339 0
1332 0.3427662860845673 0.2965609734919094 0
1333 0.2156942243481332 0.3943079017301561 0
1334 0.2304900254265635 0.1455478882640193 0
1335 0.2136560692875193 0.1006593291772638 0
1336 1.922251351951171 0.2554454209717297 0
1337 0.1128531398132953 0.3038405192497122 0
1338 0.1712578076128257 0.1085158301703911 0
1339 0.2851387507111278 0.1900539290873653 0
1340 0.3242737529083141 0.2360710527271818 0
1341 1.148159746537067 0.03097317339191016 0
1342 1.497720831713794 0.1859605185510191 0
1343 0.2631146535111296 0.1865582337805917 0
1344 0.2017738635975752 0.3108539533128799 0
1345 1.258637097999912 0.1859632781765231 0
1346 0.161757620311263 0.3153408586773675 0
1347 0.1939101227911177 0.2834571894735751 0
1348 0.2035661261270307 0.2543569073344044 0
1349 0.2711791940297681 0.1715210747971582 0
1350 1.893062361643756 0.230551121173775 0
1351 0.2754149760419552 0.1830722335020573 0
1352 0.1242309774725538 0.01985681229624689 0
1353 0.2498997031891044 0.2420199961783922 0
1354 0.2729758564534246 0.3109740908877517 0
1355 0.2799091267089915 0.2086604161307133 0
1356 0.2618733600533935 0.2615867100154645 0
1357 0.1604134284201314 0.2925111714979938 0
1358 0.0225114757229572 0.3181565639213326 0
1359 0.1724833006595249 0.04026177377718482 0
1360 0.06302046386911719 0.192387015935233 0
1361 0.3378062249786118 0.1771057271490493 0
1362 0.2115028134036824 0.1453918366369834 0
1363 0.1548194588080997 0.2713246198557134 0
1364 0.03978672727916654 0.02569155989842006 0
1365 0.2665157156768008 0.09538136014617188 0
1366 1.622098689284064 0.03017856964650115 0
1367 0.1545530675315996 0.1690020539779158 0
1368 0.05041781829972281 0.0572180334305189 0
1369 0.262647594239825 0.1961599152216557 0
1370 0.3257393307130569 0.1078123531860761 0
1371 0.2397831468356221 0.1461401454881894 0
1372 0.1306176845459633 0.2643211885280749 0
1373 0.1628834526196783 0.2402864155852462 0
1374 0.06291597929548454 0.131217192301113 0
1375 0.130002868036215 0.123000234679219 0
1376 0.1899649533727017 0.2682605497790426 0
1377 0.9357693460211147 0.1546164678155462 0
1378 0.2891828284326717 0.2739895108342255 0
1379 0.1486564872498146 0.1795831609863695 0
1380 1.117705104193109 0.08641363662323751 0
1381 1.729275499845963 0.326927990770731 0
1382 0.180519238242703 0.3009775792599797 0
1383 1.73008383315457 0.08361772731227664 0
1384 0.3345771246843349 0.3534531875147263 0
1385 1.251784772530656 0.3265641537955889 0
1386 0.9345089149522605 0.3783345781853604 0
1387 0.1616894556053924 0.1601702612500457 0
1388 0.2530925011755909 0.1667099806224613 0
1389 1.490674797896912 0.3266282032629753 0
1390 0.09698946177820034 0.3873717014358893 0
1391 0.1778011343756583 0.2930368833548674 0
1392 0.6168767524573719 0.3100421087571153 0
1393 1.357158624307057 0.08989947580207686 0
1394 0.4655553854087293 0.0715271656970404 0
1395 0.1876628923777003 0.03333296276723649 0
1396 0.1725011313651964 0.2473426408520062 0
1397 1.142976694357858 0.3799799626190146 0
1398 0.8871563934406281 0.3360098861775266 0
1399 0.2140260328593991 0.2964507840001349 0
1400 0.1175224179747971 0.255521364455799 0
1401 0.3280019645684231 0.29921986780693 0
1402 0.1265888867088016 0.2130889385260516 0
1403 0.1136096418185768 0.1495304900300247 0
1404 0.2738151722060141 0.3322007688672783 0
1405 0.1671412579938394 0.1194382327350958 0
1406 0.3243361989510988 0.1686347812028328 0
1407 0.2467580747425359 0.2292022761337809 0
1408 0.07089082721923301 0.2952380068685962 0
1409 0.6737021277158011 0.2258476451194341 0
1410 0.7581376675198537 0.1806087252341314 0
1411 0.2462166549750356 0.1052797501450097 0
1412 0.1452374288102178 0.1187876234276777 0
1413 0.2512403772044411 0.2471714541574978 0
1414 0.1131244025646279 0.200077574233637 0
1415 0.2518861735700371 0.125042175897488 0
1416 0.2134701114875558 0.2537677397017393 0
1417 0.02946820789587212 0.3812746551903022 0
1418 0.6130103040489712 0.2051917358503594 0
1419 0.491531602441461 0.2694054116426245 0
1420 0.1891532223147147 0.3383637053872713 0
1421 0.1562816095595041 0.01415046310956192 0
1422 0.2900859489061796 0.3023121581837172 0
1423 0.173122368550553 0.1448075519469466 0
1424 0.4796101472201618 0.1320064233073888 0
1425 0.1333552894120438 0.1374888435098763 0
1426 1.031514954850715 0.1795670319830807 0
1427 0.2991577617130701 0.2398889605730206 0
1428 0.2802831072030663 0.1534520290419317 0
1429 0.8878764708588821 0.07350275017079286 0
1430 0.2157729599279715 0.1336407817120564 0
1431 1.959767405760891 0.07084501651360361 0
1432 0.4273891859982257 0.02830625677721121 0
1433 0.2325224517083972 0.3175191672120097 0
1434 0.3041159565219658 0.2268076813728832 0
1435 0.01392545321931893 0.2269641843114277 0
1436 1.113676128963146 0.3233605887128074 0
1437 0.3236263678936055 0.1260448136970402 0
1438 1.955018032236672 0.3299113142597258 0
1439 0.1805856714017706 0.1417649323256465 0
1440 0.1156337045443898 0.3262844744585133 0
1441 0.3706362019226214 0.3289846096790475 0
1442 0.3649699710505516 0.2011875825414153 0
1443 0.1538147799900041 0.3319327157744071 0
1444 0.3677793706209661 0.145159264528187 0
1445 0.2839066404620063 0.1650325572388635 0
1446 0.166575983835163 0.2984668846314054 0
1447 0.2448981106386463 0.1372865175782626 0
1448 0.09422317969459337 0.2511552349011517 0
1449 0.1388645188301955 0.1962504834869667 0
1450 0.2121673830584647 0.3029605592957365 0
1451 1.905750715100082 0.3807067441237199 0
1452 0.2345911833921789 0.1562485048476179 0
1453 1.593106146196158 0.09031042228585298 0
1454 0.1185336634681377 0.2629363248407759 0
1455 0.1629615081728759 0.2504862245555115 0
1456 0.1040021939832683 0.1799903991230337 0
1457 0.1620091818196143 0.3920032288236077 0
1458 0.5868070974990296 0.380788164867186 0
1459 0.09318063045633007 0.2952198481311596 0
1460 0.1357274657832929 0.0894616525113849 0
1461 0.1446351670784395 0.2524153603493766 0
1462 0.3285167576089172 0.1914543053234352 0
1463 0.1912545571900262 0.3179116717396388 0
1464 0.8362079041914725 0.2877478343021739 0
1465 0.2637069364862881 0.1529047048363558 0
1466 0.1010434980132381 0.1632232754141318 0
1467 0.3006190140238773 0.3607113105381289 0
1468 0.2912280586321248 0.2181733092412548 0
1469 0.1074850055352998 0.1533222607556716 0
1470 2.052708280066692 0.3795224969956745 0
1471 0.2728715686129527 0.2081062082401995 0
1472 0.1563015913274275 0.06916098454496705 0
1473 2.053655239858899 0.0304920286873504 0
1474 0.05549151438140187 0.2320673700384038 0
1475 2.119631155787203 0.03561753590012287 0
1476 0.7845134679458241 0.1491995959788812 0
1477 2.119608280053721 0.3743857481133436 0
1478 0.09436153602075903 0.3078210137979588 0
1479 0.9363755243443842 0.03172965233421979 0
1480 1.907226802665893 0.03084852237425481 0
1481 0.2565092147548239 0.2276858249451267 0
1482 0.3379841816916965 0.2178650108541019 0
1483 0.2342036222423166 0.3035220106339999 0
1484 0.3027127256555601 0.01953700806997702 0
1485 0.2263939003015637 0.1029860751198031 0
1486 0.2572639582313501 0.284231511843081 0
1487 0.3019447409320222 0.3004945629976183 0
1488 0.5136031881606381 0.3769811761816859 0
1489 0.4485266563547939 0.3160738488387794 0
1490 0.1417799223582776 0.2246626341308879 0
1491 0.293609757718774 0.1714189659589627 0
1492 2.001417956211217 0.3393730086173892 0
1493 0.1233351028480472 0.05655624155233746 0
1494 2.045030590294409 0.1487117447641433 0
1495 0.1646444782418469 0.257186659024941 0
1496 0.2670887724198427 0.2743971568895367 0
1497 0.2592617104008128 0.298910381454904 0
1498 0.2297710629726439 0.1139438387628407 0
1499 0.08348852515517313 0.2898051240624796 0
1500 2.002812673240828 0.07676000516686038 0
1501 0.7297332238384502 0.3036618921858715 0
1502 0.4525596129269682 0.1900514214769389 0
1503 0.1390290448096615 0.2351139155955334 0
1504 0.4422526120672053 0.2711264689164016 0
1505 0.1121509101103639 0.1053105756349981 0
1506 0.4047026901929771 0.2375890862002344 0
1507 0.7886432739801095 0.3803247489609506 0
1508 0.06331562890572684 0.3863384324896974 0
1509 0.07992160546928484 0.1118554734130454 0
1510 0.5349619788378975 0.2526856026111373 0
1511 0.27436816391742 0.1494649051907865 0
1512 2.169866416734647 0.2056200435541977 0
1513 0.2503486308089858 0.07762260424896564 0
1514 0.2770436202384826 0.1625724827163631 0
1515 0.09369734713504574 0.2737573231543842 0
1516 0.09582309962414826 0.09406107394070082 0
1517 0.2377542938220739 0.3374240577037656 0
1518 0.2082292121339376 0.2632804244197867 0
1519 0.273450439307149 0.2195089194627634 0
1520 0.2048549253100319 0.05586073701530173 0
1521 0.1642133177538749 0.08630135606370307 0
1522 0.1482053598010538 0.2373129305183827 0
1523 0.1419615406291563 0.3083486382121659 0
1524 0.2908647481094292 0.2107243568920694 0
1525 0.1523057659468287 0.3220654154002894 0
1526 0.1853945624548472 0.09398473380598711 0
1527 0.04636133063769354 0.2914099926655555 0
1528 0.9976219700023277 0.1527466482652282 0
1529 0.2335710248042349 0.2701758083012065 0
1530 0.2034213088353589 0.1080102881156464 0
1531 0.1036452297054312 0.238629905090964 0
1532 0.2907426982072703 0.1228568655348788 0
1533 0.201173490645197 0.2663601244461574 0
1534 0.03299510885078627 0.1896672731863971 0
1535 0.1876672710902628 0.1356637004309423 0
1536 0.1359167237414916 0.1871610295182767 0
1537 0.1639644899586665 0.1455496842174344 0
1538 0.5804734507742119 0.3009742486112261 0
1539 0.6181369108760206 0.03265075889793689 0
1540 0.3120987480121562 0.2497097599133512 0
1541 1.527656565554292 0.1734423381854858 0
1542 0.2206384726880912 0.09812190696747483 0
1543 1.288580179062579 0.1734353004210543 0
1544 0.1026721829743289 0.2875015500512522 0
1545 1.977626551583082 0.1343365790631023 0
1546 0.09316832764393324 0.2616316850455047 0
1547 0.2660373819651289 0.2946674623550983 0
1548 0.2853652858105615 0.3128670223281098 0
1549 0.04148105653778367 0.2460724089562874 0
1550 0.1382631346480268 0.2036872910258071 0
1551 2.07631170148857 0.2004404184165665 0
1552 0.3449376864293153 0.1253226362724593 0
1553 0.1163413080667652 0.162549970945016 0
1554 0.1809815667326007 0.3918377495541284 0
1555 0.309552720581583 0.2413155330888133 0
1556 0.03900779337374716 0.1160479110099788 0
1557 0.196760452427311 0.2769752739937635 0
1558 0.3117737787876377 0.1080613338079108 0
1559 0.1550651243557339 0.2460186107653168 0
1560 0.1686353301410433 0.2843382723563931 0
1561 0.3336712280438827 0.2761826689673283 0
1562 0.5743155025449223 0.2601179339745479 0
1563 0.1577620492752516 0.3075150767422394 0
1564 0.1839087183041246 0.3709335008164593 0
1565 1.997129543753045 0.2395629690539039 0
1566 0.2976337982129165 0.0763602666323957 0
1567 0.2779379383728307 0.2824696713144316 0
1568 0.07309331478773817 0.2184302887569007 0
1569 1.906198587993162 0.1031662875548295 0
1570 0.1299670247447345 0.2219463870580855 0
1571 0.2069117559682988 0.317115455949723 0
1572 0.1458410442951928 0.170195142820085 0
1573 0.281764294059333 0.2746968619865143 0
1574 0.1549734101844663 0.2311656096459591 0
1575 0.1267644031246865 0.1412179083115738 0
1576 0.1549175238235172 0.288460662864063 0
1577 0.1067280088424769 0.2634014432140679 0
1578 0.1138345031294331 0.1416411445182866 0
1579 0.6602739986092327 0.1720612400355216 0
1580 0.264842298932199 0.286423810099952 0
1581 0.6694039582547734 0.03417702378468532 0
1582 1.212253596154979 0.25101136419596 0
1583 1.451682559078533 0.2501959516253983 0
1584 1.687379613982431 0.2510704004597126 0
1585 0.2545362985408193 0.202288011578545 0
1586 1.688664113674652 0.1592431870542229 0
1587 0.8276997128497803 0.1854207425027978 0
1588 0.08873562798277845 0.3557146973347407 0
1589 0.1327597087089417 0.1551223670981878 0
1590 0.1976997884314797 0.09631715759425763 0
1591 0.5973627742502176 0.1308113576607562 0
1592 0.3216911492135204 0.08600280008429116 0
1593 0.2425608026128683 0.09165871767443642 0
1594 1.462880014408882 0.02775572691595088 0
1595 1.222532042510462 0.02873132480030602 0
1596 0.2447570890025392 0.1236610197034208 0
1597 0.1883048887894239 0.06626530211749926 0
1598 0.2383539514566329 0.1055713428637207 0
1599 1.621607673383599 0.3819530421215774 0
1600 2.019880512244889 0.1793389546287225 0
1601 0.9921313639252953 0.2634846457616986 0
1602 0.2244950685063343 0.08979573891236733 0
1603 0.3474600804438815 0.1685655540965663 0
1604 0.09420929647027587 0.1377859021446864 0
1605 0.2685654953076332 0.2526697646267875 0
1606 0.2945220605871891 0.0981843910095021 0
1607 0.2722697830160756 0.1905617733768702 0
1608 0.2597793390572904 0.1591993688952461 0
1609 0.1066634960430888 0.1379327926376493 0
1610 0.01691322015675767 0.114617274664635 0
1611 1.383743192180344 0.3808745770157751 0
1612 0.3058818848806422 0.1894978226498305 0
1613 0.1044480958077501 0.01697030034629088 0
1614 0.72829579087452 0.08311511523579398 0
1615 0.4993230436747961 0.1623220554158872 0
1616 0.2656268105779205 0.121040434504374 0
1617 0.2635080791713519 0.1412873745174024 0
1618 0.2699238741612358 0.2810904704541756 0
1619 0.1863640335486234 0.01502307235484099 0
1620 0.3113724847084269 0.2011705967149637 0
1621 0.3042381263009103 0.2681802470735746 0
1622 0.2046601716907821 0.3035738788002333 0
1623 0.09818951970715784 0.368298450849382 0
1624 0.269645348282985 0.1127964563964751 0
1625 0.221695883603284 0.05265456028375584 0
1626 2.177109853299544 0.1323431474751879 0
1627 2.177352730110421 0.2773001285658758 0
1628 0.2179360570293722 0.261121597931987 0
1629 0.1272626382484234 0.2521116442708877 0
1630 0.2084090113079091 0.09610057562294941 0
1631 0.08418264994108982 0.278969890552998 0
1632 1.068705887869753 0.276220777321396 0
1633 0.1695478841136211 0.07716405136264806 0
1634 0.09596158511181008 0.2259484289673354 0
1635 0.09410138414675151 0.3288974101560872 0
1636 0.157997205934175 0.030463397579962 0
1637 1.071049464483802 0.1334299817361609 0
1638 0.07635055891773268 0.272133770612236 0
1639 0.2255397229849159 0.3015967707627515 0
1640 0.1600701408079316 0.2771109877492275 0
1641 0.1916938828357195 0.1247021275592474 0
1642 1.917683490176315 0.147554649230612 0
1643 0.1536019619349992 0.1402781965110095 0
1644 0.2775016833622342 0.01602632359737002 0
1645 0.3507039517609256 0.3184303563359158 0
1646 0.265753509349972 0.1911947626884775 0
1647 0.1319552854559807 0.2042994460589478 0
1648 0.1056693552403306 0.2477916530206516 0
1649 0.1268964941369359 0.1793087681648827 0
1650 0.1445762979852652 0.1410888999195259 0
1651 0.2770744152882523 0.1007401861770488 0
1652 0.1455958129264086 0.04941667573843794 0
1653 0.3567553773604096 0.2300067675362623 0
1654 1.993387291109206 0.2764463278695938 0
1655 0.6380768693459378 0.3390374531237138 0
1656 2.058614383668502 0.3141469353443034 0
1657 1.986060663434057 0.1687030869436532 0
1658 0.1305802111309687 0.1888727478443724 0
1659 0.1634457495342065 0.1399482842876557 0
1660 0.1841041535814437 0.1315237180705751 0
1661 0.8699388714890259 0.2806088892817654 0
1662 0.049718478703344 0.2081794858188147 0
1663 0.5073556858014086 0.02960051072817169 0
1664 0.1409175850259299 0.2728846116446659 0
1665 0.2787994825473368 0.2474651770350846 0
1666 0.09510298858620114 0.1513594534431881 0
1667 0.1248838852774394 0.2423828379783299 0
1668 0.2363080345294366 0.1135733442490494 0
1669 0.110488047729807 0.1707390007224369 0
1670 0.05716294178892101 0.08723012663995663 0
1671 0.1926696748676566 0.2958108364143398 0
1672 0.1345529432789476 0.3379831570983882 0
1673 0.2598186283523312 0.2167415483716097 0
1674 0.2581634971134744 0.1864789623182574 0
1675 0.5373554685629931 0.1129047099308454 0
1676 0.2556214039177936 0.1781694988892824 0
1677 0.2487978105828015 0.1474398612569561 0
1678 0.3351657199089828 0.1563592622719124 0
1679 0.07458153879108353 0.1816128953247068 0
1680 0.8718727740616835 0.1316117614937565 0
1681 0.2240971368877405 0.01383693057476112 0
1682 0.6658023056112041 0.2798812148095091 0
1683 2.065602614077533 0.08872090625479527 0
1684 2.123400173868484 0.3076268358973435 0
1685 2.128795182242362 0.1038334588140664 0
1686 0.2052282899303504 0.2814028128009155 0
1687 0.1199779845474905 0.3898590002025556 0
1688 0.2592960539473168 0.1696940768359936 0
1689 0.03771706021031074 0.2778287327596882 0
1690 0.3074049847409184 0.1667247170772493 0
1691 0.7843051989175748 0.2677619519964484 0
1692 0.2519924934962994 0.2322928018857224 0
1693 0.3603743998315576 0.02281380589231546 0
1694 0.2435636225218054 0.167371070764871 0
1695 0.2612899978743206 0.2355487745970175 0
1696 0.07102648868162609 0.3086074082878749 0
1697 2.057167691981348 0.2749455666668342 0
1698 0.8849073977580093 0.1825482823885166 0
1699 0.7875847985243726 0.1109505180104753 0
1700 1.417319628019114 0.03024888481562385 0
1701 0.570104177565999 0.158511498040552 0
1702 0.2517257012625713 0.2159714573050914 0
1703 1.251275584434873 0.2937577976333778 0
1704 1.490367736699529 0.2937602925241085 0
1705 1.729460982483526 0.2937635064311519 0
1706 0.397645892004336 0.2582969769096154 0
1707 0.1982811358051926 0.2549093724421315 0
1708 0.200805827563047 0.2970327309194608 0
1709 0.2879089993815852 0.1458596174119136 0
1710 0.02965593748455575 0.1739418100861158 0
1711 1.730168684232018 0.1168295341722788 0
1712 0.3231719430589239 0.3121133890961909 0
1713 0.6815668897163494 0.3327886730760286 0
1714 0.2358442920560435 0.3955152049748414 0
1715 1.797906568012074 0.2329363095368173 0
1716 0.2629373999963809 0.2064600169365705 0
1717 0.3144759088507468 0.2348131949178287 0
1718 0.2756416834288893 0.125316157877982 0
1719 0.1365339706282807 0.06865734719056402 0
1720 0.3942793393912334 0.1283081936733782 0
1721 0.1549188740315748 0.3752094890153551 0
1722 0.04612840593782641 0.1337480940844783 0
1723 1.968452979447304 0.2241364633574345 0
1724 0.2970418446500209 0.1632920313105304 0
1725 0.1188150984953142 0.07941700033474577 0
1726 0.1971319094533306 0.1456347840699733 0
1727 0.08857866389985602 0.1797499924081346 0
1728 0.2678736328268801 0.2294259090421818 0
1729 0.1003673844756827 0.1049830097475735 0
1730 0.2263327956695113 0.2785568397516843 0
1731 0.1808646615282481 0.2514204277844485 0
1732 0.3681561485218137 0.04789718976785082 0
1733 0.1988640708270546 0.3525211198705123 0
1734 1.428894765623439 0.3798490635431778 0
1735 0.2471908163028305 0.2968899804190495 0
1736 0.1460353520204132 0.2287969340998739 0
1737 0.2465140008569711 0.2857359885629155 0
1738 0.09883954790998439 0.1969765622043345 0
1739 0.6127221109879055 0.2483960597535199 0
1740 0.2115607427802267 0.2683407328003188 0
1741 0.1589672883328348 0.1076209652988626 0
1742 0.2981548136673215 0.2554258420484006 0
1743 0.137766757365211 0.104844775487243 0
1744 1.666805744355603 0.3807555502406029 0
1745 1.180578294453282 0.02886743018297855 0
1746 0.2832539161285794 0.2247423440007769 0
1747 0.2429038228958783 0.2327033553280614 0
1748 1.286625060889267 0.3433034083776387 0
1749 0.1022398797707791 0.07134878315564674 0
1750 1.52564822157283 0.3433543672746953 0
1751 0.2193738247343489 0.3530502437326828 0
1752 0.3033746355608488 0.2151442994963182 0
1753 0.2398397279324267 0.2559589668409444 0
1754 0.1187205177682087 0.1301616598675319 0
1755 0.1246773741537653 0.31834387971788 0
1756 0.1262383474339209 0.2830283462462138 0
1757 0.3116858187930694 0.2261795581081658 0
1758 1.295044308728428 0.3785499215658734 0
1759 0.3328252925432643 0.3231960593256042 0
1760 1.319539932161077 0.06730333911407502 0
1761 0.6260214662768259 0.07498847392294636 0
1762 0.3739404838456196 0.2224997843940981 0
1763 0.169029230251402 0.3309211950882759 0
1764 0.1569607577349754 0.1570177601289515 0
1765 1.534165198237617 0.378590430589514 0
1766 0.9130415071826177 0.1813263900712903 0
1767 1.311173300382805 0.03153154832281357 0
1768 0.2934811864599355 0.1500916655889225 0
1769 0.2227112200075342 0.2591081449859916 0
1770 0.1971130239750409 0.1231251127879013 0
1771 0.1273689804632394 0.1738327077239392 0
1772 0.2371998570212894 0.06448486430808578 0
1773 0.08179264190003854 0.2623733687345955 0
1774 0.08232534989821971 0.1377894120350711 0
1775 0.193391380773421 0.1062613519782913 0
1776 0.3700757907338249 0.1027744300219365 0
1777 0.2713191329762217 0.2005338683789671 0
1778 0.1494189321359048 0.2791520894787217 0
1779 0.1437004536966902 0.1763975726659464 0
1780 0.2042213890976584 0.06416198045387547 0
1781 0.2175593230247215 0.08565692531756949 0
1782 0.06224920568483583 0.2555648518168676 0
1783 0.2336193665276766 0.241807821469161 0
1784 0.2872972648948076 0.1812423759765827 0
1785 0.2808743070056006 0.06854841625406763 0
1786 0.1409459309919752 0.3012590800422674 0
1787 0.2929614918258995 0.2823777778104614 0
1788 0.2518832075577708 0.2751394070154438 0
1789 0.121469720815651 0.2133111839228305 0
1790 0.3276588602906425 0.160338624418436 0
1791 0.3112242259066713 0.161650870585093 0
1792 0.1442875696740666 0.2338131052611452 0
1793 0.2834966142979169 0.09240937719150122 0
1794 0.2242638013582516 0.3155711185889072 0
1795 0.200339879181092 0.2858724565016551 0
1796 0.1065565375892636 0.1306665572492274 0
1797 0.2917811523124764 0.2355523979977947 0
1798 0.3068539949061062 0.132990114751606 0
1799 0.2319872380246609 0.08273676050647333 0
1800 0.2411226734074898 0.03792162350915632 0
1801 0.2886234663267456 0.1589370701516254 0
1802 0.2785253689776983 0.1755523955154307 0
1803 0.01679212984726908 0.1448282398573344 0
1804 0.1145493394094019 0.2368641742749383 0
1805 0.1208916660348159 0.2265013707548623 0
1806 0.3253666710416505 0.337091379703054 0
1807 0.2724575608633422 0.2593139547180385 0
1808 0.07753178914641801 0.156354440977197 0
1809 0.1587853273957311 0.09463226939766906 0
1810 0.2169982368150705 0.2839155119597925 0
1811 1.54256866149964 0.02466146334777455 0
1812 0.2879097903018475 0.1996613130002478 0
1813 1.104599972311487 0.2814352157244926 0
1814 0.1856371308173037 0.2516921397654899 0
1815 0.08694067436701625 0.2013584564525429 0
1816 0.5383129904442023 0.1471390091289334 0
1817 1.583246566832969 0.1286623945290684 0
1818 1.564109709881516 0.1811138243025215 0
1819 0.4546172508335254 0.3817375057126151 0
1820 1.324141051762403 0.1809659302082258 0
1821 0.1175280693718362 0.2431575782446999 0
1822 0.1208828818496601 0.1810910351808903 0
1823 1.345327626297428 0.1290566352179019 0
1824 1.105769966812119 0.1281415569397598 0
1825 0.243080242870118 0.1169230554702263 0
1826 0.2829111251147631 0.2531256826828441 0
1827 0.2759514762786645 0.2264051212359402 0
1828 0.398690766642209 0.3792128920424677 0
1829 0.2345670529266876 0.1249142369089795 0
1830 0.1958365368097672 0.3252217654499238 0
1831 0.1681260541451048 0.129786440412516 0
1832 0.3407214824853058 0.2350043889157239 0
1833 0.1737429011129764 0.1276310345438388 0
1834 0.1847878856320637 0.2659602506026924 0
1835 0.1456324826719625 0.03696655266930152 0
1836 0.1808614996577803 0.2741264837996019 0
1837 0.2565348856800043 0.3166767082563489 0
1838 0.9723815966780649 0.2067201375216587 0
1839 0.210139327656977 0.08909209599586849 0
1840 0.1793461310108783 0.08116037544395144 0
1841 0.2551509449399996 0.2376450886363654 0
1842 0.3245456239811274 0.3937385864735721 0
1843 0.2330556364256966 0.1002418826968796 0
1844 0.1647315894720226 0.3660399955866024 0
1845 0.5835111234039995 0.02833618036003355 0
1846 0.2171738015167709 0.2508569402519667 0
1847 2.110223424643499 0.2748112490314437 0
1848 0.4404871575702628 0.2388757426580757 0
1849 0.1285071779651787 0.2309870288352329 0
1850 0.2379728535273326 0.1612309713842883 0
1851 0.2056648377089876 0.14609232828378 0
1852 0.8404029858249091 0.1285663220822247 0
1853 0.993914246609525 0.03191313744603427 0
1854 0.1227164050468897 0.2029816965345786 0
1855 0.1229082324542455 0.1970055022009004 0
1856 0.3249441965439166 0.2253853091623567 0
1857 1.315574046167967 0.2337766599124355 0
1858 1.554648067059443 0.2337912659541817 0
1859 0.2056811567086885 0.0369699094017136 0
1860 0.1523104751614386 0.2263577629932867 0
1861 0.4334278646649088 0.08010909396782376 0
1862 0.2229635640659757 0.1512947947027215 0
1863 0.7200970750731508 0.2758630504220582 0
1864 0.2261714713915095 0.1346018201807672 0
1865 0.08098037562747429 0.1301569620604146 0
1866 0.2815798510354164 0.201696884690286 0
1867 0.2371122279234439 0.2785964717051418 0
1868 0.1494664759555943 0.1502082947677305 0
1869 1.79605013258624 0.07309435380996088 0
1870 0.1602660670143243 0.3473601216882993 0
1871 0.249573270523527 0.1617481925633058 0
1872 1.560286775650198 0.07263404350432509 0
1873 0.2404720372451052 0.1409248612872699 0
1874 0.187656961503805 0.1196858018753821 0
1875 0.07145674495380372 0.1622009359956507 0
1876 0.09700650427058455 0.1916456119318959 0
1877 0.1526808129482564 0.1339644664912578 0
1878 0.08312119647595351 0.08883612076094738 0
1879 0.08677581081761776 0.2342998267103056 0
1880 0.07167567215071302 0.3560603460767287 0
1881 0.2264311364502509 0.2865234248169535 0
1882 0.1071467351719843 0.27285827242009 0
1883 0.2653938458008737 0.224676161777872 0
1884 0.3380114063222961 0.01919773326991361 0
1885 1.850158474916387 0.3793189188087821 0
1886 0.3549124635157848 0.3930457885219641 0
1887 0.2422842219268527 0.1323605422980064 0
1888 0.1897820846460464 0.08267221053188178 0
1889 0.04291316732242545 0.3075343489768198 0
1890 0.2316236383812014 0.2532377285406628 0
1891 0.2837097806003146 0.1324763118013269 0
1892 0.1528791373459188 0.1074087071071383 0
1893 0.2061146124939501 0.3359864756950095 0
1894 0.1483991434149068 0.263847772105181 0
1895 0.213431383631228 0.2585377544098775 0
1896 0.1260231594972965 0.1096430172332231 0
1897 0.271004375131741 0.07391821539978138 0
1898 0.2706833109587795 0.1601779931863896 0
1899 1.851370105982676 0.02916623710119332 0
1900 0.2722840011339308 0.2367143242205224 0
1901 0.2530458690096237 0.2107896658417418 0
1902 0.2905390653726297 0.137623680680829 0
1903 1.786789327822444 0.3290521843449744 0
1904 1.784980410212858 0.1778509751570057 0
1905 0.2052425207862278 0.01316033744678144 0
1906 0.309781413032144 0.2135640455223718 0
1907 0.1984301416192527 0.1371720358983486 0
1908 0.1368198034617536 0.1637304879656806 0
1909 0.2790899448022122 0.1194747345477801 0
1910 1.62887782293125 0.3282495664641384 0
1911 1.39033439164529 0.3285990813463945 0
1912 0.2591226149981022 0.3246091148534716 0
1913 0.2835904870125948 0.3919405247593875 0
1914 0.26030788283364 0.1095508340943228 0
1915 0.2801605689853117 0.2163677764893348 0
1916 0.2656935733175543 0.2009344800229552 0
1917 1.215640024760064 0.08067180494138126 0
1918 1.454705271749913 0.08060725297800031 0
1919 0.2780102096247909 0.2361680823399568 0
1920 0.1370842533689455 0.2199280826911835 0
1921 0.1199504273889429 0.1584393825758778 0
1922 0.05933599867440376 0.01962003717125388 0
1923 1.761062688057733 0.0662079554779523 0
1924 1.761559204334834 0.3795203267372921 0
1925 0.2400875573297067 0.01694821693076065 0
1926 0.2676993301758084 0.2094810400832808 0
1927 0.1579163808117126 0.2416193904515038 0
1928 0.2576113629793819 0.08244939973313188 0
1929 0.1504624769511024 0.2458409926328484 0
1930 0.9928776375020896 0.3775221614795025 0
1931 0.2423039307389326 0.3196849667833424 0
1932 1.045972309221571 0.07514377955449036 0
1933 0.3494061423294962 0.1892239194868533 0
1934 0.2209450933483326 0.03896253208060943 0
1935 0.2833001629077002 0.2423279224358403 0
1936 0.6344048975612132 0.2806009858684119 0
1937 1.047907906888936 0.3353254010072476 0
1938 0.2114521799603691 0.1390018727936647 0
1939 0.08237093839469023 0.1743452596656485 0
1940 0.7456867112492284 0.0228287787211888 0
1941 0.2302735230494865 0.2622269686360655 0
1942 0.01710547974079968 0.01716318133727035 0
1943 1.516700546016552 0.07820088459156135 0
1944 1.277922897838648 0.08003302783106205 0
1945 0.6330225667299294 0.176961250223065 0
1946 0.2680241383589589 0.2636146836651924 0
1947 1.779839853873233 0.1268369274409517 0
1948 0.1440175117660045 0.2880157593208913 0
1949 0.1308148628997069 0.2272821093082796 0
1950 0.05714460235579177 0.3298038705741992 0
1951 1.564815439194157 0.3323665677295787 0
1952 2.108063231852424 0.1293720903269269 0
1953 0.1850509591588885 0.2763362936994196 0
1954 0.2781362597381516 0.1381388544555625 0
1955 0.2592562865676065 0.3741147611112978 0
1956 1.325737899616786 0.3323367405907605 0
1957 0.2398042496224247 0.07509918978444557 0
1958 1.760734701065283 0.03021504072638351 0
1959 0.3192112230144918 0.0734593235661406 0
1960 0.09313755743732632 0.212619322543268 0
1961 0.0869279500550113 0.2142456271776645 0
1962 0.4035677788742172 0.3014784238523681 0
1963 0.2891075810446641 0.2473921645454405 0
1964 0.3750553131021482 0.1328886373681474 0
1965 1.779463077574187 0.2832381716734942 0
1966 0.140871908335203 0.1857740206616358 0
1967 0.1909895301348512 0.1394694806678902 0
1968 0.2600053771646675 0.03608940335633784 0
1969 2.001956557841397 0.1148657388942866 0
1970 0.1870318913922944 0.0563559900788157 0
1971 0.1729808145481727 0.3051505032153652 0
1972 0.2168327095088285 0.2664835669611579 0
1973 0.0627012365398818 0.1201335237515814 0
1974 0.2948856475789668 0.1855267174960148 0
1975 1.758240321230438 0.3429151723450173 0
1976 1.087349572904217 0.03168745977519213 0
1977 0.1647292411312182 0.1508324076483264 0
1978 1.540646198656376 0.2835835636554659 0
1979 1.301562810644253 0.2835715420897678 0
1980 0.2499809814985343 0.1418259512434665 0
1981 0.2393249653586766 0.1524191399737497 0
1982 0.2560739233102955 0.2785268065219172 0
1983 0.1490150953363302 0.1440346569425359 0
1984 1.086414578566018 0.07135269758163204 0
1985 1.063233355555643 0.3858563026792772 0
1986 1.088210869973406 0.1850833394794792 0
1987 1.118681801009862 0.1846508575473019 0
1988 0.03806340808196929 0.2112326014816511 0
1989 0.2388781943278768 0.2961773202792015 0
1990 0.2908945802111298 0.1921766382920496 0
1991 0.1110038409764329 0.1815731093063664 0
1992 0.08278308275067392 0.07525783467666577 0
1993 0.2209437634899788 0.2886174453921627 0
1994 0.1108985239322293 0.2288112259818796 0
1995 0.2482055638109547 0.1135238380114204 0
1996 0.01327515669702395 0.2987493404770379 0
1997 0.2447353635245867 0.2406784169362365 0
1998 0.1132115701334127 0.3419595824741155 0
1999 1.713607570584567 0.1775894652580204 0
2000 0.1425947684372575 0.1601675691207637 0
2001 1.158361554578918 0.100622733624155 0
2002 1.597370372438501 0.1847736742636523 0
2003 1.397424013049263 0.1006258349836452 0
2004 0.28300617539745 0.1853637474180997 0
2005 1.356922565549446 0.184661488656306 0
2006 0.2665805543223838 0.05429135270223454 0
2007 0.2381163357629632 0.2607084733345828 0
2008 1.235483971536333 0.2340658062677364 0
2009 1.474579757275233 0.234004692714569 0
2010 0.1075040410588615 0.2554219949753557 0
2011 0.732388233036952 0.3816599637170403 0
2012 0.144712994363896 0.1355906397259142 0
2013 0.5217858964848821 0.05877241046890286 0
2014 0.06109594665226936 0.07187768316299725 0
2015 0.05730309635461994 0.3152747400018574 0
2016 0.220769179701656 0.2700832850939988 0
2017 0.2695295530713619 0.1541481169592573 0
2018 0.1355850450455997 0.2750973308200728 0
2019 0.2104215485830655 0.2920077253410846 0
2020 0.1715217385796408 0.0966467155226316 0
2021 0.8188339885953573 0.1568175992702556 0
2022 0.2251939046727185 0.2544835790874898 0
2023 0.8208578669568527 0.1014777228242903 0
2024 2.178504810562797 0.2422727272727273 0
2025 2.175217752918846 0.1663712695021084 0
2026 0.1108734561715019 0.2184363388102588 0
2027 0.08786797468608376 0.1661727110236715 0
2028 0.1270304625713913 0.2992717356474217 0
2029 0.1525756330896171 0.1622625288475715 0
2030 0.1896374107237877 0.3469825700930296 0
2031 0.01630227570780596 0.2133177364708531 0
2032 0.1652160264600915 0.1576502071685359 0
2033 0.1396813503307648 0.1534737171887827 0
2034 0.09529520242063505 0.1688352268474784 0
2035 1.965700049703875 0.2920761949573075 0
2036 0.0822195225164728 0.2253978399460249 0
2037 0.1061715589157712 0.1588483167836141 0
2038 0.7052069981964713 0.2257351484078752 0
2039 0.06694241159510139 0.14359494789887 0
2040 0.2198419410382962 0.3680449953215453 0
2041 0.9858299053529427 0.07625171177113974 0
2042 0.1477302017669732 0.1838760066592167 0
2043 0.04529293421808189 0.2668567982608298 0
2044 1.71132083597001 0.2334832274633245 0
2045 0.2402845414953531 0.3701162885244254 0
2046 0.2988692109824886 0.174861607893495 0
2047 0.01517560366666149 0.1628274365352318 0
2048 0.1297777198706096 0.03415814775370987 0
2049 0.253789461765811 0.3316259329885702 0
2050 0.220527753466613 0.1367735040405973 0
2051 0.316222262295981 0.04726448057783292 0
2052 0.2463832006814071 0.3057416818022327 0
2053 0.1834223485945115 0.1105654963441427 0
2054 0.1526904526900859 0.2357810923596291 0
2055 0.3304264928107585 0.2006691766737766 0
2056 0.1494052904542958 0.1246037077529563 0
2057 0.2479211100944604 0.06029767050576398 0
2058 0.9991071746748318 0.2315851977758664 0
2059 0.2199264239268509 0.2956835629383076 0
2060 0.2832984957393473 0.1077383014656029 0
2061 0.2887651299948527 0.2885525654203674 0
2062 0.1197622131286734 0.2715334220375163 0
2063 0.1739640750401347 0.3648673451391644 0
2064 0.894715034119989 0.303189536858658 0
2065 0.2603035337887912 0.2455584097648869 0
2066 0.2069448270909745 0.1381746274399303 0
2067 0.05655381907041246 0.2231844284064571 0
2068 0.1701336978335125 0.3445856619595482 0
2069 0.3055164823497353 0.2747723249140083 0
2070 1.123962379004323 0.2288941523373477 0
2071 0.05655444268422549 0.1116977227463185 0
2072 0.9856793998182083 0.3345870386869764 0
2073 0.06309803912722156 0.1594372978452101 0
2074 0.1793960320500366 0.2561242484802016 0
2075 0.1496833951056826 0.2682516264454649 0
2076 0.2882670391279577 0.07523238135844865 0
2077 0.5632658197895364 0.06219789662459665 0
2078 0.183165743734556 0.3337289640471904 0
2079 0.2167415064911296 0.07869719619114215 0
2080 0.2028277996528129 0.09796029596452242 0
2081 0.2988675375248115 0.1960852072837944 0
2082 0.2111940257197413 0.1294570571060444 0
2083 0.1702505385206429 0.09054228040245534 0
2084 0.04060328746384134 0.08953855613845568 0
2085 0.2677579467641436 0.3264533671657687 0
2086 0.06078756343274438 0.1499901764160537 0
2087 0.4767584518314186 0.1857061493974669 0
2088 0.2541715971963797 0.2953813718458959 0
2089 0.2390591197414746 0.2475884394743567 0
2090 0.4000462140606371 0.1493851633827458 0
2091 0.4141015607966558 0.1613525536757477 0
2092 0.3463091384676523 0.1360886149743365 0
2093 0.2701511783459496 0.2694329872011766 0
2094 0.8938797913200264 0.1070580249262446 0
2095 1.325186895093045 0.3816536342213106 0
2096 0.3296493413214865 0.1744166933497845 0
2097 2.139177585902536 0.2093106926528524 0
2098 0.3012064875061184 0.3926061488693389 0
2099 0.1647746833024155 0.26733407096328 0
2100 1.56550700956707 0.3824587832869929 0
2101 1.278760001610029 0.02685674845070693 0
2102 2.172288988128426 0.344720082665689 0
2103 2.172285219616015 0.06521863495136274 0
2104 0.3820910505084703 0.3488140364888812 0
2105 0.1740911198302376 0.2695227547358453 0
2106 0.1165302855266516 0.1205018302969669 0
2107 0.184955814829187 0.3052568042665197 0
2108 0.2772026937959755 0.2692957489124324 0
2109 0.1055489133133156 0.3090081531699665 0
2110 0.3578371656361692 0.2977126660234367 0
2111 0.198062344708365 0.2609626494055914 0
2112 0.2371876810511164 0.2858421108946509 0
2113 0.2039513524222294 0.08427020575341583 0
2114 0.1718865455387952 0.06076098579221348 0
2115 0.09615235229598396 0.0298673527991363 0
2116 0.07671773544713312 0.243337843352847 0
2117 0.4316098707347644 0.1941474745762564 0
2118 0.2296795172893173 0.2909882921599461 0
2119 0.6618956091305852 0.07235313994438355 0
2120 0.1319263892352383 0.1152211234489075 0
2121 0.6629880546019518 0.3889659479508102 0
2122 0.2782005584409377 0.2622005741842391 0
2123 0.0113962074932783 0.2013361939720511 0
2124 0.2932446745273297 0.2254159477686163 0
2125 1.616261920479012 0.3514585899790039 0
2126 0.2358716745661062 0.1302514007892702 0
2127 0.3000884920453831 0.1423820480355519 0
2128 0.5170316938002719 0.2161112029252308 0
2129 0.1406486882658464 0.129088407608081 0
2130 1.914942820715086 0.3142203296359958 0
2131 0.1208516501119075 0.044831291470909 0
2132 1.229124940700387 0.05760337386124284 0
2133 1.469788661304983 0.05590392462515983 0
2134 0.1934335959699887 0.2536861911174282 0
2135 0.07105969715304195 0.3350282476710751 0
2136 1.377434280987482 0.3512659621113373 0
2137 0.2845839977097012 0.2197018949690795 0
2138 0.300342114237258 0.2044296215041561 0
2139 1.933056951170153 0.1794942839588124 0
2140 0.2240153462089783 0.1298675661462514 0
2141 0.305564856446978 0.2546495281791118 0
2142 0.1622057093952676 0.05894589202429718 0
2143 2.086790463010978 0.2640485622682394 0
2144 0.1019686782962498 0.1499036431075391 0
2145 0.3315842387809245 0.2100908547342895 0
2146 0.3417699562231286 0.2825768565478848 0
2147 0.1171953071855376 0.203710663489139 0
2148 0.2543207910051973 0.103542022758139 0
2149 0.1541371979941615 0.1521711656177077 0
2150 0.2197935028402094 0.1293471088301401 0
2151 0.2558342825034197 0.01471153449900456 0
2152 2.076501199486981 0.1592847774698208 0
2153 0.3061880707015284 0.03718180749953062 0
2154 0.05069379990917433 0.1978989899056835 0
2155 0.04344283445684205 0.1910032786258166 0
2156 1.082543090130698 0.3365466518491824 0
2157 0.1953293477998191 0.31206989550749 0
2158 0.1798028942172216 0.1504920898057207 0
2159 0.3119063680975653 0.09072106684627451 0
2160 0.1651561218335317 0.1245570933169524 0
2161 0.2567153321527798 0.0959538161582897 0
2162 0.1483844989208971 0.2553159475832386 0
2163 0.04946084210611756 0.1470681829829369 0
2164 0.1383536285318052 0.1754232908968889 0
2165 0.2312014957872297 0.05553447612433501 0
2166 0.2590931862885442 0.2110539043315517 0
2167 0.1722325773916624 0.1209661027522977 0
2168 0.1946973880136761 0.1156348750018768 0
2169 1.253870397290884 0.1092496386122834 0
2170 1.49333417746309 0.1089993612543446 0
2171 0.8647302410658984 0.02289355998029083 0
2172 0.1784279896035035 0.05392898783171457 0
2173 0.1470150502522372 0.1999999999999998 0
2174 0.3048459765076663 0.06737019117426388 0
2175 1.268977295398106 0.2712435051925711 0
2176 1.508056844235401 0.2712463612460196 0
2177 2.180038463426945 0.3913636363636364 0
2178 0.229038393641498 0.2723378921798657 0
2179 2.180077838227263 0.01863636363636362 0
2180 0.3591073659249255 0.2428432977605897 0
2181 0.6860050253998655 0.1187010373957388 0
2182 0.01225922711083482 0.2440517132269915 0
2183 0.1334112573956052 0.2452396211438251 0
2184 1.591152019191924 0.294124109646353 0
2185 1.352073957205489 0.2941096959995815 0
2186 0.170499848481762 0.274572943383902 0
2187 1.747886332621843 0.2712197867736772 0
2188 0.2431811961887372 0.1553657057817857 0
2189 0.3065929847441379 0.09904815362880899 0
2190 0.1244661640939607 0.3265085957394832 0
2191 0.1313552849638309 0.1502215943903504 0
2192 0.1170268399840382 0.1962980820121813 0
2193 0.04861535811667927 0.2559154847227747 0
2194 0.2531441185699963 0.06837495809008953 0
2195 0.1713176752071467 0.1374216932995859 0
2196 0.3529643220896737 0.220465259526155 0
2197 0.2449192500891149 0.3295622838769381 0
2198 0.1305654968998728 0.1032468460535839 0
2199 0.2687153433411021 0.1422323745133939 0
2200 0.3811797862770561 0.2335911888981112 0
2201 0.8622098307756916 0.3860305095496548 0
2202 0.2665617198862346 0.2459863902396981 0
2203 0.2446032080491772 0.2557933537734507 0
2204 0.2060269841943736 0.119075893293684 0
2205 0.3435991927162876 0.2484904818991221 0
2206 0.06263514937388015 0.2423595885743283 0
2207 0.1766978043594621 0.1352310342099768 0
2208 0.1468807897105628 0.2421775363486691 0
2209 0.2556867247753566 0.3391935176562414 0
2210 0.3854519522120947 0.1745474231110347 0
2211 0.6365371795849613 0.2271503592019309 0
2212 0.3265279069783 0.2571505484045633 0
2213 0.1654593513181959 0.2734087431851235 0
2214 0.1417764078820736 0.2434541299875274 0
2215 0.2260727372648511 0.262415712117513 0
2216 0.05675477005651608 0.1651812495185268 0
2217 1.630450427292497 0.09605309533436419 0
2218 0.04615725361527345 0.3411695615721343 0
2219 0.3561420230459272 0.2073527505627927 0
2220 1.152165642714258 0.3136064855452328 0
2221 1.061319405613633 0.02382470513746907 0
2222 0.3482990431349484 0.07956319211302923 0
2223 0.517098424826134 0.2739274465870599 0
2224 1.747562035495112 0.1392360389936063 0
2225 0.2557131100597589 0.2183003048808684 0
2226 0.2485088961668191 0.2242591123589898 0
2227 0.0989864144072381 0.3422103872607131 0
2228 0.09450063326381919 0.1293522494631768 0
2229 0.1198242040001066 0.1731620293056312 0
2230 0.3100392774529644 0.2600682078109708 0
2231 0.3109585207538035 0.1460133653616206 0
2232 0.1384755160732634 0.1470544295335212 0
2233 0.1304494908023615 0.2420982744701647 0
2234 0.1552715264505535 0.2823683434458283 0
2235 0.1356010928028362 0.01066887269827285 0
$EndNodes
$Elements
4470
1 1 2 5 5 1 6
2 1 2 5 5 6 7
3 1 2 5 5 7 8
4 1 2 5 5 8 9
5 1 2 5 5 9 10
6 1 2 5 5 10 11
7 1 2 5 5 11 12
8 1 2 5 5 12 13
9 1 2 5 5 13 14
10 1 2 5 5 14 15
11 1 2 5 5 15 16
12 1 2 5 5 16 17
13 1 2 5 5 17 18
14 1 2 5 5 18 19
15 1 2 5 5 19 20
16 1 2 5 5 20 21
17 1 2 5 5 21 22
18 1 2 5 5 22 23
19 1 2 5 5 23 24
20 1 2 5 5 24 25
21 1 2 5 5 25 26
22 1 2 5 5 26 27
23 1 2 5 5 27 28
24 1 2 5 5 28 29
25 1 2 5 5 29 30
26 1 2 5 5 30 31
27 1 2 5 5 31 32
28 1 2 5 5 32 33
29 1 2 5 5 33 34
30 1 2 5 5 34 35
31 1 2 5 5 35 36
32 1 2 5 5 36 37
33 1 2 5 5 37 38
34 1 2 5 5 38 39
35 1 2 5 5 39 40
36 1 2 5 5 40 41
37 1 2 5 5 41 42
38 1 2 5 5 42 43
39 1 2 5 5 43 44
40 1 2 5 5 44 45
41 1 2 5 5 45 46
42 1 2 5 5 46 47
43 1 2 5 5 47 48
44 1 2 5 5 48 49
45 1 2 5 5 49 50
46 1 2 5 5 50 51
47 1 2 5 5 51 52
48 1 2 5 5 52 53
49 1 2 5 5 53 54
50 1 2 5 5 54 55
51 1 2 5 5 55 56
52 1 2 5 5 56 57
53 1 2 5 5 57 1
54 1 2 4 6 2 58
55 1 2 4 6 58 59
56 1 2 4 6 59 60
57 1 2 4 6 60 61
58 1 2 4 6 61 62
59 1 2 4 6 62 63
60 1 2 4 6 63 64
61 1 2 4 6 64 65
62 1 2 4 6 65 66
63 1 2 4 6 66 67
64 1 2 4 6 67 68
65 1 2 4 6 68 69
66 1 2 4 6 69 70
67 1 2 4 6 70 71
68 1 2 4 6 71 72
69 1 2 4 6 72 73
70 1 2 4 6 73 74
71 1 2 4 6 74 75
72 1 2 4 6 75 76
73 1 2 4 6 76 77
74 1 2 4 6 77 78
75 1 2 4 6 78 79
76 1 2 4 6 79 80
77 1 2 4 6 80 81
78 1 2 4 6 81 82
79 1 2 4 6 82 83
80 1 2 4 6 83 84
81 1 2 4 6 84 85
82 1 2 4 6 85 86
83 1 2 4 6 86 87
84 1 2 4 6 87 88
85 1 2 4 6 88 89
86 1 2 4 6 89 90
87 1 2 4 6 90 91
88 1 2 4 6 91 92
89 1 2 4 6 92 93
90 1 2 4 6 93 94
91 1 2 4 6 94 95
92 1 2 4 6 95 96
93 1 2 4 6 96 97
94 1 2 4 6 97 98
95 1 2 4 6 98 99
96 1 2 4 6 99 100
97 1 2 4 6 100 101
98 1 2 4 6 101 102
99 1 2 4 6 102 103
100 1 2 4 6 103 104
101 1 2 4 6 104 105
102 1 2 4 6 105 106
103 1 2 4 6 106 107
104 1 2 4 6 107 108
105 1 2 4 6 108 109
106 1 2 4 6 109 110
107 1 2 4 6 110 111
108 1 2 4 6 111 112
109 1 2 4 6 112 113
110 1 2 4 6 113 114
111 1 2 4 6 114 115
112 1 2 4 6 115 116
113 1 2 4 6 116 3
114 1 2 2 7 4 117
115 1 2 2 7 117 118
116 1 2 2 7 118 119
117 1 2 2 7 119 120
118 1 2 2 7 120 121
119 1 2 2 7 121 122
120 1 2 2 7 122 123
121 1 2 2 7 123 124
122 1 2 2 7 124 125
123 1 2 2 7 125 126
124 1 2 2 7 126 127
125 1 2 2 7 127 128
126 1 2 2 7 128 129
127 1 2 2 7 129 130
128 1 2 2 7 130 2
129 1 2 3 8 3 131
130 1 2 3 8 131 132
131 1 2 3 8 132 133
132 1 2 3 8 133 134
133 1 2 3 8 134 135
134 1 2 3 8 135 136
135 1 2 3 8 136 137
136 1 2 3 8 137 138
137 1 2 3 8 138 139
138 1 2 3 8 139 140
139 1 2 3 8 140 5
140 1 2 4 9 5 141
141 1 2 4 9 141 142
142 1 2 4 9 142 143
143 1 2 4 9 143 144
144 1 2 4 9 144 145
145 1 2 4 9 145 146
146 1 2 4 9 146 147
147 1 2 4 9 147 148
148 1 2 4 9 148 149
149 1 2 4 9 149 150
150 1 2 4 9 150 151
151 1 2 4 9 151 152
152 1 2 4 9 152 153
153 1 2 4 9 153 154
154 1 2 4 9 154 155
155 1 2 4 9 155 156
156 1 2 4 9 156 157
157 1 2 4 9 157 158
158 1 2 4 9 158 159
159 1 2 4 9 159 160
160 1 2 4 9 160 161
161 1 2 4 9 161 162
162 1 2 4 9 162 163
163 1 2 4 9 163 164
164 1 2 4 9 164 165
165 1 2 4 9 165 166
166 1 2 4 9 166 167
167 1 2 4 9 167 168
168 1 2 4 9 168 169
169 1 2 4 9 169 170
170 1 2 4 9 170 171
171 1 2 4 9 171 172
172 1 2 4 9 172 173
173 1 2 4 9 173 174
174 1 2 4 9 174 175
175 1 2 4 9 175 176
176 1 2 4 9 176 177
177 1 2 4 9 177 178
178 1 2 4 9 178 179
179 1 2 4 9 179 180
180 1 2 4 9 180 181
181 1 2 4 9 181 182
182 1 2 4 9 182 183
183 1 2 4 9 183 184
184 1 2 4 9 184 185
185 1 2 4 9 185 186
186 1 2 4 9 186 187
187 1 2 4 9 187 188
188 1 2 4 9 188 189
189 1 2 4 9 189 190
190 1 2 4 9 190 191
191 1 2 4 9 191 192
192 1 2 4 9 192 193
193 1 2 4 9 193 194
194 1 2 4 9 194 195
195 1 2 4 9 195 196
196 1 2 4 9 196 197
197 1 2 4 9 197 198
198 1 2 4 9 198 4
199 2 2 1 1 465 859 764
200 2 2 1 1 438 1169 828
201 2 2 1 1 1039 1094 345
202 2 2 1 1 903 1095 447
203 2 2 1 1 519 1115 832
204 2 2 1 1 1038 1635 233
205 2 2 1 1 681 1260 486
206 2 2 1 1 247 945 777
207 2 2 1 1 389 2068 780
208 2 2 1 1 724 991 375
209 2 2 1 1 1033 1312 487
210 2 2 1 1 236 1730 1155
211 2 2 1 1 625 2071 1213
212 2 2 1 1 414 2062 825
213 2 2 1 1 1033 1464 1312
214 2 2 1 1 553 1656 868
215 2 2 1 1 1244 1266 370
216 2 2 1 1 1111 1368 314
217 2 2 1 1 701 1516 496
218 2 2 1 1 377 976 734
219 2 2 1 1 777 1540 338
220 2 2 1 1 784 1410 535
221 2 2 1 1 208 1230 738
222 2 2 1 1 243 1354 741
223 2 2 1 1 107 1137 684
224 2 2 1 1 375 999 724
225 2 2 1 1 340 1375 655
226 2 2 1 1 734 990 377
227 2 2 1 1 684 1958 107
228 2 2 1 1 947 996 411
229 2 2 1 1 723 977 374
230 2 2 1 1 535 1161 784
231 2 2 1 1 399 929 739
232 2 2 1 1 485 1437 611
233 2 2 1 1 361 918 836
234 2 2 1 1 836 918 568
235 2 2 1 1 212 1935 906
236 2 2 1 1 538 1372 869
237 2 2 1 1 373 980 722
238 2 2 1 1 920 1196 550
239 2 2 1 1 947 1503 996
240 2 2 1 1 687 1141 150
241 2 2 1 1 780 1763 909
242 2 2 1 1 796 1032 367
243 2 2 1 1 916 1016 485
244 2 2 1 1 547 1158 1043
245 2 2 1 1 868 1656 1323
246 2 2 1 1 12 1186 833
247 2 2 1 1 286 1210 1151
248 2 2 1 1 486 1205 681
249 2 2 1 1 556 1549 656
250 2 2 1 1 355 943 774
251 2 2 1 1 197 1508 1390
252 2 2 1 1 438 1141 687
253 2 2 1 1 687 1903 438
254 2 2 1 1 96 808 95
255 2 2 1 1 570 1805 872
256 2 2 1 1 235 835 821
257 2 2 1 1 150 1924 687
258 2 2 1 1 696 915 383
259 2 2 1 1 767 1237 371
260 2 2 1 1 663 1620 250
261 2 2 1 1 402 2209 907
262 2 2 1 1 660 1532 431
263 2 2 1 1 445 1526 922
264 2 2 1 1 822 2062 414
265 2 2 1 1 586 1094 1039
266 2 2 1 1 214 1795 830
267 2 2 1 1 907 998 402
268 2 2 1 1 1155 2016 236
269 2 2 1 1 1390 1508 607
270 2 2 1 1 815 1720 470
271 2 2 1 1 529 1563 786
272 2 2 1 1 585 1160 751
273 2 2 1 1 317 1334 666
274 2 2 1 1 813 908 526
275 2 2 1 1 666 1175 317
276 2 2 1 1 243 1322 639
277 2 2 1 1 374 1008 723
278 2 2 1 1 950 1634 442
279 2 2 1 1 14 1291 805
280 2 2 1 1 562 1000 964
281 2 2 1 1 384 886 840
282 2 2 1 1 973 1102 405
283 2 2 1 1 722 1014 373
284 2 2 1 1 192 1554 577
285 2 2 1 1 739 985 399
286 2 2 1 1 1043 1158 410
287 2 2 1 1 318 947 760
288 2 2 1 1 912 1195 518
289 2 2 1 1 418 1298 1168
290 2 2 1 1 712 1336 512
291 2 2 1 1 759 965 478
292 2 2 1 1 776 2010 1577
293 2 2 1 1 1013 1376 275
294 2 2 1 1 534 1391 876
295 2 2 1 1 37 795 38
296 2 2 1 1 35 798 36
297 2 2 1 1 158 809 157
298 2 2 1 1 315 897 896
299 2 2 1 1 112 790 111
300 2 2 1 1 923 1307 449
301 2 2 1 1 907 2209 746
302 2 2 1 1 146 791 145
303 2 2 1 1 439 1301 1084
304 2 2 1 1 691 973 405
305 2 2 1 1 504 1095 903
306 2 2 1 1 419 1410 784
307 2 2 1 1 702 1026 283
308 2 2 1 1 164 807 163
309 2 2 1 1 327 1956 1748
310 2 2 1 1 718 2129 440
311 2 2 1 1 332 1944 1760
312 2 2 1 1 810 2016 1155
313 2 2 1 1 478 1211 759
314 2 2 1 1 328 1951 1750
315 2 2 1 1 647 1219 1151
316 2 2 1 1 1151 1219 286
317 2 2 1 1 738 1293 513
318 2 2 1 1 325 1514 703
319 2 2 1 1 784 1161 543
320 2 2 1 1 1624 1914 421
321 2 2 1 1 206 1221 1183
322 2 2 1 1 431 1122 660
323 2 2 1 1 203 1056 892
324 2 2 1 1 476 1745 745
325 2 2 1 1 355 978 786
326 2 2 1 1 527 998 856
327 2 2 1 1 786 978 529
328 2 2 1 1 464 1504 897
329 2 2 1 1 1002 1944 332
330 2 2 1 1 454 1196 920
331 2 2 1 1 1230 1809 619
332 2 2 1 1 1210 1495 654
333 2 2 1 1 1200 1365 241
334 2 2 1 1 235 989 835
335 2 2 1 1 706 2104 230
336 2 2 1 1 759 1046 360
337 2 2 1 1 808 1767 95
338 2 2 1 1 1004 1956 327
339 2 2 1 1 400 1363 1210
340 2 2 1 1 1005 1951 328
341 2 2 1 1 72 1432 902
342 2 2 1 1 1096 1354 639
343 2 2 1 1 322 1593 766
344 2 2 1 1 449 2222 923
345 2 2 1 1 872 1805 993
346 2 2 1 1 395 907 746
347 2 2 1 1 399 988 929
348 2 2 1 1 912 1530 1195
349 2 2 1 1 207 1609 1029
350 2 2 1 1 888 1793 661
351 2 2 1 1 212 1963 1935
352 2 2 1 1 751 1697 585
353 2 2 1 1 655 1754 340
354 2 2 1 1 512 1723 712
355 2 2 1 1 197 1390 196
356 2 2 1 1 1116 1169 438
357 2 2 1 1 1151 1210 659
358 2 2 1 1 842 1754 642
359 2 2 1 1 392 1971 840
360 2 2 1 1 946 1085 497
361 2 2 1 1 474 1085 946
362 2 2 1 1 209 983 890
363 2 2 1 1 498 1088 944
364 2 2 1 1 944 1088 472
365 2 2 1 1 1210 1363 659
366 2 2 1 1 764 2151 1644
367 2 2 1 1 776 1577 205
368 2 2 1 1 443 1032 796
369 2 2 1 1 830 1708 214
370 2 2 1 1 463 1192 896
371 2 2 1 1 590 1528 1426
372 2 2 1 1 477 1744 742
373 2 2 1 1 803 1971 392
374 2 2 1 1 1073 1091 303
375 2 2 1 1 514 1102 973
376 2 2 1 1 394 2106 842
377 2 2 1 1 118 1009 117
378 2 2 1 1 856 1751 527
379 2 2 1 1 981 1230 619
380 2 2 1 1 851 1856 455
381 2 2 1 1 496 1516 852
382 2 2 1 1 382 2081 1612
383 2 2 1 1 829 1733 596
384 2 2 1 1 405 1612 691
385 2 2 1 1 838 1615 304
386 2 2 1 1 697 1456 433
387 2 2 1 1 671 1571 434
388 2 2 1 1 417 1267 774
389 2 2 1 1 619 1809 1067
390 2 2 1 1 230 2104 1441
391 2 2 1 1 892 1056 434
392 2 2 1 1 247 1250 945
393 2 2 1 1 868 1477 143
394 2 2 1 1 383 1954 696
395 2 2 1 1 743 1079 473
396 2 2 1 1 744 1068 475
397 2 2 1 1 745 1070 476
398 2 2 1 1 742 1082 477
399 2 2 1 1 353 1648 776
400 2 2 1 1 814 1158 213
401 2 2 1 1 1078 2163 372
402 2 2 1 1 805 1304 14
403 2 2 1 1 847 2106 394
404 2 2 1 1 114 1475 867
405 2 2 1 1 709 1994 442
406 2 2 1 1 230 1201 706
407 2 2 1 1 341 1567 862
408 2 2 1 1 361 1051 751
409 2 2 1 1 873 1302 540
410 2 2 1 1 846 2113 393
411 2 2 1 1 835 989 488
412 2 2 1 1 288 1639 831
413 2 2 1 1 1213 2071 905
414 2 2 1 1 1639 2059 831
415 2 2 1 1 729 1740 415
416 2 2 1 1 869 1372 298
417 2 2 1 1 817 1059 276
418 2 2 1 1 426 1059 817
419 2 2 1 1 362 1302 873
420 2 2 1 1 1009 1417 117
421 2 2 1 1 1050 1240 302
422 2 2 1 1 811 1800 926
423 2 2 1 1 512 1350 817
424 2 2 1 1 817 1350 426
425 2 2 1 1 392 1763 797
426 2 2 1 1 473 1734 743
427 2 2 1 1 823 1234 370
428 2 2 1 1 344 1496 928
429 2 2 1 1 1108 1351 644
430 2 2 1 1 317 1264 986
431 2 2 1 1 1119 1475 116
432 2 2 1 1 393 2113 850
433 2 2 1 1 286 1495 1210
434 2 2 1 1 433 1669 697
435 2 2 1 1 1425 1575 655
436 2 2 1 1 343 1720 815
437 2 2 1 1 762 1634 950
438 2 2 1 1 1123 1818 1541
439 2 2 1 1 1125 1820 1543
440 2 2 1 1 766 1411 322
441 2 2 1 1 141 1477 1121
442 2 2 1 1 250 1199 663
443 2 2 1 1 475 1700 744
444 2 2 1 1 182 955 181
445 2 2 1 1 728 1384 398
446 2 2 1 1 738 1316 208
447 2 2 1 1 275 1376 1019
448 2 2 1 1 840 2107 384
449 2 2 1 1 460 1113 818
450 2 2 1 1 420 1460 1230
451 2 2 1 1 1043 1529 672
452 2 2 1 1 1720 1964 1241
453 2 2 1 1 301 1076 981
454 2 2 1 1 1155 1730 732
455 2 2 1 1 736 1135 401
456 2 2 1 1 551 1361 933
457 2 2 1 1 338 1093 777
458 2 2 1 1 692 1484 69
459 2 2 1 1 922 1526 752
460 2 2 1 1 774 1756 417
461 2 2 1 1 260 1045 775
462 2 2 1 1 116 1475 115
463 2 2 1 1 360 1413 759
464 2 2 1 1 741 2085 243
465 2 2 1 1 17 1416 841
466 2 2 1 1 815 1105 343
467 2 2 1 1 290 1608 1321
468 2 2 1 1 440 2129 1104
469 2 2 1 1 883 950 353
470 2 2 1 1 816 2197 1517
471 2 2 1 1 72 902 71
472 2 2 1 1 972 1189 555
473 2 2 1 1 367 1907 796
474 2 2 1 1 628 1648 1531
475 2 2 1 1 909 2078 780
476 2 2 1 1 142 1477 141
477 2 2 1 1 901 1243 385
478 2 2 1 1 756 871 376
479 2 2 1 1 894 1822 1649
480 2 2 1 1 11 1186 12
481 2 2 1 1 421 1914 891
482 2 2 1 1 305 1236 1010
483 2 2 1 1 434 1830 671
484 2 2 1 1 398 987 728
485 2 2 1 1 756 2194 871
486 2 2 1 1 632 1818 1123
487 2 2 1 1 1168 1298 571
488 2 2 1 1 633 1820 1125
489 2 2 1 1 876 1391 294
490 2 2 1 1 280 1189 972
491 2 2 1 1 275 1533 1120
492 2 2 1 1 639 1354 243
493 2 2 1 1 1120 1533 729
494 2 2 1 1 1041 1848 1506
495 2 2 1 1 78 1581 1539
496 2 2 1 1 829 1056 527
497 2 2 1 1 785 1019 401
498 2 2 1 1 262 1063 800
499 2 2 1 1 261 1064 799
500 2 2 1 1 661 1365 1200
501 2 2 1 1 519 1569 1115
502 2 2 1 1 581 1639 1053
503 2 2 1 1 1003 1943 1872
504 2 2 1 1 783 1060 265
505 2 2 1 1 319 1566 1011
506 2 2 1 1 69 1884 692
507 2 2 1 1 999 2026 1236
508 2 2 1 1 862 1567 603
509 2 2 1 1 1003 1872 331
510 2 2 1 1 840 886 392
511 2 2 1 1 809 1765 157
512 2 2 1 1 623 1349 1108
513 2 2 1 1 804 1227 224
514 2 2 1 1 502 2111 1707
515 2 2 1 1 1427 1797 782
516 2 2 1 1 797 1346 392
517 2 2 1 1 445 1775 715
518 2 2 1 1 501 1209 956
519 2 2 1 1 361 1551 918
520 2 2 1 1 986 1264 589
521 2 2 1 1 611 1370 485
522 2 2 1 1 227 1220 1203
523 2 2 1 1 1203 1220 630
524 2 2 1 1 1612 2081 855
525 2 2 1 1 102 857 101
526 2 2 1 1 761 1162 495
527 2 2 1 1 781 2068 389
528 2 2 1 1 721 1914 1624
529 2 2 1 1 278 1410 1075
530 2 2 1 1 1183 1221 713
531 2 2 1 1 190 1263 813
532 2 2 1 1 1615 1816 304
533 2 2 1 1 1013 1557 1347
534 2 2 1 1 1395 1859 1018
535 2 2 1 1 297 1124 1024
536 2 2 1 1 320 1761 1134
537 2 2 1 1 1761 2119 1134
538 2 2 1 1 1539 1581 720
539 2 2 1 1 780 2068 1763
540 2 2 1 1 775 2217 260
541 2 2 1 1 382 1612 917
542 2 2 1 1 751 1551 361
543 2 2 1 1 446 1405 723
544 2 2 1 1 502 1707 1348
545 2 2 1 1 1411 1995 770
546 2 2 1 1 529 1446 803
547 2 2 1 1 451 1883 843
548 2 2 1 1 1321 1608 747
549 2 2 1 1 240 961 774
550 2 2 1 1 245 1351 1108
551 2 2 1 1 774 1267 355
552 2 2 1 1 936 1841 1695
553 2 2 1 1 1108 1343 381
554 2 2 1 1 228 1168 1127
555 2 2 1 1 1127 1168 571
556 2 2 1 1 233 2135 1038
557 2 2 1 1 168 1985 960
558 2 2 1 1 722 1405 446
559 2 2 1 1 926 1800 281
560 2 2 1 1 1093 1340 622
561 2 2 1 1 1109 1152 525
562 2 2 1 1 74 1663 1286
563 2 2 1 1 1110 1150 524
564 2 2 1 1 713 1164 483
565 2 2 1 1 1013 1347 404
566 2 2 1 1 278 1476 1410
567 2 2 1 1 956 1209 541
568 2 2 1 1 941 2161 766
569 2 2 1 1 772 1355 222
570 2 2 1 1 898 1874 1641
571 2 2 1 1 928 1496 645
572 2 2 1 1 1671 1708 726
573 2 2 1 1 902 1432 1280
574 2 2 1 1 447 1107 789
575 2 2 1 1 786 1563 204
576 2 2 1 1 415 1120 729
577 2 2 1 1 1935 1963 717
578 2 2 1 1 300 1733 829
579 2 2 1 1 25 874 26
580 2 2 1 1 340 2106 921
581 2 2 1 1 898 1641 270
582 2 2 1 1 703 1428 325
583 2 2 1 1 251 1442 1259
584 2 2 1 1 730 933 396
585 2 2 1 1 651 1841 936
586 2 2 1 1 723 1270 446
587 2 2 1 1 997 1528 590
588 2 2 1 1 492 1167 884
589 2 2 1 1 860 1883 451
590 2 2 1 1 833 2089 1291
591 2 2 1 1 568 2025 836
592 2 2 1 1 837 2024 569
593 2 2 1 1 450 1354 1096
594 2 2 1 1 258 1211 1043
595 2 2 1 1 1215 1481 737
596 2 2 1 1 451 1481 1215
597 2 2 1 1 622 1340 851
598 2 2 1 1 444 1414 724
599 2 2 1 1 128 1111 678
600 2 2 1 1 277 1350 1336
601 2 2 1 1 621 1708 830
602 2 2 1 1 1164 1568 539
603 2 2 1 1 688 1546 1515
604 2 2 1 1 1643 1877 899
605 2 2 1 1 440 1412 718
606 2 2 1 1 1117 1614 278
607 2 2 1 1 429 942 930
608 2 2 1 1 395 908 907
609 2 2 1 1 428 940 931
610 2 2 1 1 964 1000 403
611 2 2 1 1 513 1040 924
612 2 2 1 1 1626 2025 568
613 2 2 1 1 569 2024 1627
614 2 2 1 1 427 938 932
615 2 2 1 1 740 1244 370
616 2 2 1 1 713 1568 1164
617 2 2 1 1 826 2163 1078
618 2 2 1 1 894 1649 273
619 2 2 1 1 444 1276 734
620 2 2 1 1 410 1529 1043
621 2 2 1 1 760 1490 318
622 2 2 1 1 828 1885 438
623 2 2 1 1 644 1343 1108
624 2 2 1 1 586 976 894
625 2 2 1 1 634 1824 1063
626 2 2 1 1 1063 1824 800
627 2 2 1 1 265 2220 783
628 2 2 1 1 278 1614 1205
629 2 2 1 1 821 1749 235
630 2 2 1 1 633 1823 1064
631 2 2 1 1 1064 1823 799
632 2 2 1 1 807 1758 163
633 2 2 1 1 922 2113 339
634 2 2 1 1 239 909 886
635 2 2 1 1 143 1477 142
636 2 2 1 1 283 1065 702
637 2 2 1 1 522 1238 1069
638 2 2 1 1 777 2212 247
639 2 2 1 1 733 1798 268
640 2 2 1 1 168 960 167
641 2 2 1 1 1108 1349 245
642 2 2 1 1 337 1309 748
643 2 2 1 1 491 1171 982
644 2 2 1 1 1025 1815 614
645 2 2 1 1 401 1242 736
646 2 2 1 1 816 1517 1197
647 2 2 1 1 834 1180 411
648 2 2 1 1 897 1504 707
649 2 2 1 1 725 1176 416
650 2 2 1 1 395 1234 823
651 2 2 1 1 271 1643 899
652 2 2 1 1 115 1475 114
653 2 2 1 1 748 1429 337
654 2 2 1 1 1030 1858 794
655 2 2 1 1 225 1858 1030
656 2 2 1 1 734 1414 444
657 2 2 1 1 450 1548 1354
658 2 2 1 1 439 1899 832
659 2 2 1 1 1031 1857 793
660 2 2 1 1 226 1857 1031
661 2 2 1 1 899 977 582
662 2 2 1 1 1062 1350 277
663 2 2 1 1 784 1165 419
664 2 2 1 1 279 1165 784
665 2 2 1 1 620 1964 1720
666 2 2 1 1 982 1171 346
667 2 2 1 1 351 1053 892
668 2 2 1 1 381 1331 1108
669 2 2 1 1 1649 1822 605
670 2 2 1 1 842 2106 1754
671 2 2 1 1 378 1995 1411
672 2 2 1 1 1029 1604 207
673 2 2 1 1 1291 2089 468
674 2 2 1 1 1158 1867 410
675 2 2 1 1 683 1440 459
676 2 2 1 1 579 980 898
677 2 2 1 1 1043 1211 547
678 2 2 1 1 415 1740 810
679 2 2 1 1 1551 2152 918
680 2 2 1 1 708 1803 127
681 2 2 1 1 1050 1526 1240
682 2 2 1 1 821 835 413
683 2 2 1 1 1038 2135 675
684 2 2 1 1 465 1252 859
685 2 2 1 1 378 1914 1255
686 2 2 1 1 818 1113 531
687 2 2 1 1 932 938 423
688 2 2 1 1 577 1333 192
689 2 2 1 1 100 1811 1090
690 2 2 1 1 1388 1871 995
691 2 2 1 1 931 940 424
692 2 2 1 1 268 2231 733
693 2 2 1 1 182 1488 955
694 2 2 1 1 930 942 425
695 2 2 1 1 696 1954 1034
696 2 2 1 1 897 1962 896
697 2 2 1 1 695 1442 848
698 2 2 1 1 376 1897 756
699 2 2 1 1 746 1404 395
700 2 2 1 1 753 896 230
701 2 2 1 1 1230 1460 738
702 2 2 1 1 356 1621 972
703 2 2 1 1 1515 1546 205
704 2 2 1 1 263 1082 970
705 2 2 1 1 872 993 375
706 2 2 1 1 212 1797 1427
707 2 2 1 1 401 1135 785
708 2 2 1 1 844 1666 323
709 2 2 1 1 836 2097 361
710 2 2 1 1 264 1079 971
711 2 2 1 1 1060 1813 630
712 2 2 1 1 783 1813 1060
713 2 2 1 1 367 1032 849
714 2 2 1 1 656 2043 1689
715 2 2 1 1 1162 1866 641
716 2 2 1 1 1036 1904 224
717 2 2 1 1 819 1904 1036
718 2 2 1 1 1240 2053 1014
719 2 2 1 1 1743 2198 420
720 2 2 1 1 13 1291 14
721 2 2 1 1 261 1068 966
722 2 2 1 1 755 1312 335
723 2 2 1 1 262 1070 967
724 2 2 1 1 335 1398 755
725 2 2 1 1 798 1367 36
726 2 2 1 1 430 1581 1112
727 2 2 1 1 455 1482 851
728 2 2 1 1 411 1667 834
729 2 2 1 1 470 1114 815
730 2 2 1 1 213 1737 814
731 2 2 1 1 1556 2071 259
732 2 2 1 1 396 1066 730
733 2 2 1 1 848 1442 251
734 2 2 1 1 430 2119 1581
735 2 2 1 1 628 1531 1015
736 2 2 1 1 886 909 392
737 2 2 1 1 442 1236 709
738 2 2 1 1 881 1193 493
739 2 2 1 1 37 1367 795
740 2 2 1 1 632 1817 1045
741 2 2 1 1 1045 1817 775
742 2 2 1 1 558 1427 782
743 2 2 1 1 1020 1424 253
744 2 2 1 1 885 1645 398
745 2 2 1 1 204 1523 786
746 2 2 1 1 700 1483 462
747 2 2 1 1 290 1388 995
748 2 2 1 1 1494 1600 686
749 2 2 1 1 784 1691 279
750 2 2 1 1 754 2198 1743
751 2 2 1 1 825 961 414
752 2 2 1 1 787 1288 28
753 2 2 1 1 1506 1848 464
754 2 2 1 1 602 1266 1244
755 2 2 1 1 715 1240 445
756 2 2 1 1 1067 1809 693
757 2 2 1 1 863 1336 712
758 2 2 1 1 928 1308 344
759 2 2 1 1 782 1434 558
760 2 2 1 1 316 1592 916
761 2 2 1 1 488 1163 835
762 2 2 1 1 1127 1661 1464
763 2 2 1 1 841 1348 17
764 2 2 1 1 1868 1983 792
765 2 2 1 1 796 1202 270
766 2 2 1 1 814 1867 1158
767 2 2 1 1 544 1454 822
768 2 2 1 1 367 2066 1006
769 2 2 1 1 1030 1342 225
770 2 2 1 1 1031 1345 226
771 2 2 1 1 896 1962 230
772 2 2 1 1 338 1340 1093
773 2 2 1 1 790 1212 111
774 2 2 1 1 427 1152 1109
775 2 2 1 1 428 1150 1110
776 2 2 1 1 319 1793 888
777 2 2 1 1 271 1208 792
778 2 2 1 1 849 2066 367
779 2 2 1 1 1402 1789 587
780 2 2 1 1 1332 2110 1645
781 2 2 1 1 1026 1870 283
782 2 2 1 1 685 2081 1061
783 2 2 1 1 1053 1639 700
784 2 2 1 1 496 1159 701
785 2 2 1 1 1286 1663 668
786 2 2 1 1 1029 1609 665
787 2 2 1 1 1108 1331 623
788 2 2 1 1 561 1170 692
789 2 2 1 1 691 1612 855
790 2 2 1 1 982 1149 491
791 2 2 1 1 1341 1745 476
792 2 2 1 1 833 1783 12
793 2 2 1 1 894 976 377
794 2 2 1 1 495 1339 761
795 2 2 1 1 384 1283 726
796 2 2 1 1 1211 2203 759
797 2 2 1 1 1313 1848 199
798 2 2 1 1 1170 2051 692
799 2 2 1 1 945 1250 437
800 2 2 1 1 1127 1464 543
801 2 2 1 1 862 1096 341
802 2 2 1 1 832 1115 439
803 2 2 1 1 380 2206 1782
804 2 2 1 1 1332 1645 289
805 2 2 1 1 28 1860 787
806 2 2 1 1 786 1786 355
807 2 2 1 1 1644 2151 67
808 2 2 1 1 867 1683 552
809 2 2 1 1 352 1667 769
810 2 2 1 1 939 1081 460
811 2 2 1 1 569 1051 837
812 2 2 1 1 782 2124 861
813 2 2 1 1 266 1149 982
814 2 2 1 1 1050 1840 752
815 2 2 1 1 247 1130 934
816 2 2 1 1 724 1277 444
817 2 2 1 1 118 1358 1009
818 2 2 1 1 1044 1550 541
819 2 2 1 1 789 1224 273
820 2 2 1 1 1255 1995 378
821 2 2 1 1 1065 1176 702
822 2 2 1 1 446 1338 722
823 2 2 1 1 190 1714 1263
824 2 2 1 1 1214 1669 221
825 2 2 1 1 354 1640 765
826 2 2 1 1 542 1562 975
827 2 2 1 1 921 2106 847
828 2 2 1 1 55 910 56
829 2 2 1 1 1058 1715 224
830 2 2 1 1 1237 1773 371
831 2 2 1 1 882 1924 152
832 2 2 1 1 908 1297 526
833 2 2 1 1 1069 1238 394
834 2 2 1 1 370 1266 823
835 2 2 1 1 1236 2026 709
836 2 2 1 1 1754 2106 340
837 2 2 1 1 391 2114 1001
838 2 2 1 1 531 1243 818
839 2 2 1 1 656 1256 556
840 2 2 1 1 1073 1727 1091
841 2 2 1 1 1084 1301 499
842 2 2 1 1 975 1562 1510
843 2 2 1 1 403 1268 1253
844 2 2 1 1 848 1762 695
845 2 2 1 1 1305 1715 1058
846 2 2 1 1 705 1269 530
847 2 2 1 1 146 1223 791
848 2 2 1 1 524 1979 793
849 2 2 1 1 245 1802 1351
850 2 2 1 1 861 1434 782
851 2 2 1 1 525 1978 794
852 2 2 1 1 661 1200 888
853 2 2 1 1 961 962 414
854 2 2 1 1 909 1763 392
855 2 2 1 1 898 980 373
856 2 2 1 1 240 962 961
857 2 2 1 1 896 1192 315
858 2 2 1 1 543 1691 784
859 2 2 1 1 418 1377 997
860 2 2 1 1 516 1117 1075
861 2 2 1 1 850 2113 922
862 2 2 1 1 1001 1597 237
863 2 2 1 1 1075 1117 278
864 2 2 1 1 374 977 899
865 2 2 1 1 688 1773 1546
866 2 2 1 1 907 908 299
867 2 2 1 1 587 1789 991
868 2 2 1 1 216 1180 834
869 2 2 1 1 371 1782 767
870 2 2 1 1 1239 1749 821
871 2 2 1 1 829 1751 300
872 2 2 1 1 1022 2117 509
873 2 2 1 1 427 1045 938
874 2 2 1 1 1175 2050 1864
875 2 2 1 1 1930 2072 453
876 2 2 1 1 1248 1775 218
877 2 2 1 1 839 1349 489
878 2 2 1 1 441 1983 1868
879 2 2 1 1 164 1285 807
880 2 2 1 1 47 913 48
881 2 2 1 1 914 1500 552
882 2 2 1 1 609 1513 941
883 2 2 1 1 530 1678 705
884 2 2 1 1 627 1424 1020
885 2 2 1 1 779 1368 1111
886 2 2 1 1 1651 2060 1184
887 2 2 1 1 807 1285 472
888 2 2 1 1 281 2006 871
889 2 2 1 1 801 1231 505
890 2 2 1 1 283 1721 1065
891 2 2 1 1 972 1742 356
892 2 2 1 1 828 1169 520
893 2 2 1 1 604 1877 1643
894 2 2 1 1 712 2035 863
895 2 2 1 1 493 1367 798
896 2 2 1 1 224 1715 804
897 2 2 1 1 815 1861 253
898 2 2 1 1 506 1222 806
899 2 2 1 1 130 779 129
900 2 2 1 1 791 1262 145
901 2 2 1 1 1292 1603 484
902 2 2 1 1 1354 1548 741
903 2 2 1 1 158 1282 809
904 2 2 1 1 1641 1874 606
905 2 2 1 1 217 1425 1104
906 2 2 1 1 726 2157 384
907 2 2 1 1 1051 2097 837
908 2 2 1 1 859 2006 281
909 2 2 1 1 1349 1802 245
910 2 2 1 1 361 2097 1051
911 2 2 1 1 999 1236 305
912 2 2 1 1 112 1265 790
913 2 2 1 1 1078 2216 929
914 2 2 1 1 262 1156 942
915 2 2 1 1 261 1154 940
916 2 2 1 1 809 1282 473
917 2 2 1 1 100 1090 99
918 2 2 1 1 215 1363 802
919 2 2 1 1 1067 1741 619
920 2 2 1 1 1179 1782 371
921 2 2 1 1 930 1060 429
922 2 2 1 1 642 1796 842
923 2 2 1 1 978 1357 529
924 2 2 1 1 810 1155 415
925 2 2 1 1 960 1985 704
926 2 2 1 1 905 1670 1213
927 2 2 1 1 452 2041 1853
928 2 2 1 1 214 1708 1671
929 2 2 1 1 241 2161 941
930 2 2 1 1 418 1766 1377
931 2 2 1 1 96 1274 808
932 2 2 1 1 886 1463 239
933 2 2 1 1 1236 1634 1010
934 2 2 1 1 1345 1543 226
935 2 2 1 1 1342 1541 225
936 2 2 1 1 761 1866 1162
937 2 2 1 1 195 768 194
938 2 2 1 1 368 1107 881
939 2 2 1 1 808 1274 475
940 2 2 1 1 694 1815 1025
941 2 2 1 1 913 1362 436
942 2 2 1 1 662 1602 1216
943 2 2 1 1 1667 1821 834
944 2 2 1 1 1044 1647 1550
945 2 2 1 1 1225 1675 390
946 2 2 1 1 545 1575 1425
947 2 2 1 1 263 1152 932
948 2 2 1 1 264 1150 931
949 2 2 1 1 543 1161 1127
950 2 2 1 1 1127 1161 228
951 2 2 1 1 1602 1799 1216
952 2 2 1 1 270 1641 796
953 2 2 1 1 818 1980 460
954 2 2 1 1 171 1386 806
955 2 2 1 1 774 2028 240
956 2 2 1 1 1577 2010 544
957 2 2 1 1 1056 1197 527
958 2 2 1 1 776 1448 353
959 2 2 1 1 240 1337 962
960 2 2 1 1 2081 2138 1061
961 2 2 1 1 450 1096 862
962 2 2 1 1 766 1593 941
963 2 2 1 1 416 1176 1065
964 2 2 1 1 792 1643 271
965 2 2 1 1 969 1222 506
966 2 2 1 1 285 1222 969
967 2 2 1 1 461 1417 1009
968 2 2 1 1 943 1786 1523
969 2 2 1 1 435 1605 866
970 2 2 1 1 362 1242 878
971 2 2 1 1 1026 1672 490
972 2 2 1 1 505 1479 801
973 2 2 1 1 967 1156 262
974 2 2 1 1 190 813 189
975 2 2 1 1 966 1154 261
976 2 2 1 1 826 1078 549
977 2 2 1 1 942 1063 262
978 2 2 1 1 940 1064 261
979 2 2 1 1 1062 1116 500
980 2 2 1 1 277 1116 1062
981 2 2 1 1 308 1672 1176
982 2 2 1 1 1115 1301 439
983 2 2 1 1 933 1361 554
984 2 2 1 1 459 2109 683
985 2 2 1 1 203 1433 816
986 2 2 1 1 16 1416 17
987 2 2 1 1 429 1063 942
988 2 2 1 1 816 1197 203
989 2 2 1 1 372 2216 1078
990 2 2 1 1 428 1064 940
991 2 2 1 1 505 1231 963
992 2 2 1 1 963 1231 284
993 2 2 1 1 1556 1722 708
994 2 2 1 1 1974 1990 324
995 2 2 1 1 500 1965 804
996 2 2 1 1 438 1885 1141
997 2 2 1 1 1763 2068 388
998 2 2 1 1 1291 1783 833
999 2 2 1 1 1175 1864 317
1000 2 2 1 1 417 1756 1206
1001 2 2 1 1 578 1391 1328
1002 2 2 1 1 801 1479 86
1003 2 2 1 1 260 2217 1085
1004 2 2 1 1 1351 1802 845
1005 2 2 1 1 385 1243 995
1006 2 2 1 1 499 1059 1058
1007 2 2 1 1 1058 1059 426
1008 2 2 1 1 516 1075 1071
1009 2 2 1 1 927 1298 418
1010 2 2 1 1 273 1649 789
1011 2 2 1 1 1071 1075 419
1012 2 2 1 1 1459 1544 629
1013 2 2 1 1 799 2003 261
1014 2 2 1 1 800 2001 262
1015 2 2 1 1 793 1857 524
1016 2 2 1 1 456 1840 1050
1017 2 2 1 1 484 1603 1055
1018 2 2 1 1 284 1231 1142
1019 2 2 1 1 794 1858 525
1020 2 2 1 1 778 1313 479
1021 2 2 1 1 1132 1222 285
1022 2 2 1 1 1436 1813 783
1023 2 2 1 1 833 1997 360
1024 2 2 1 1 914 1969 1500
1025 2 2 1 1 359 1174 860
1026 2 2 1 1 25 1373 874
1027 2 2 1 1 1137 1899 439
1028 2 2 1 1 860 1519 255
1029 2 2 1 1 1001 1633 391
1030 2 2 1 1 500 1116 1077
1031 2 2 1 1 1077 1116 438
1032 2 2 1 1 714 1675 1225
1033 2 2 1 1 1514 1898 703
1034 2 2 1 1 352 1821 1667
1035 2 2 1 1 1239 1493 312
1036 2 2 1 1 858 1521 208
1037 2 2 1 1 1112 1614 430
1038 2 2 1 1 681 1614 1112
1039 2 2 1 1 890 983 432
1040 2 2 1 1 778 1848 1313
1041 2 2 1 1 1198 1930 453
1042 2 2 1 1 839 1802 1349
1043 2 2 1 1 938 1045 260
1044 2 2 1 1 666 1334 1007
1045 2 2 1 1 442 1994 1015
1046 2 2 1 1 854 1553 221
1047 2 2 1 1 393 984 983
1048 2 2 1 1 757 1423 342
1049 2 2 1 1 483 1183 713
1050 2 2 1 1 86 1853 801
1051 2 2 1 1 585 1565 1160
1052 2 2 1 1 970 1152 263
1053 2 2 1 1 265 1060 930
1054 2 2 1 1 302 1240 1014
1055 2 2 1 1 795 1387 38
1056 2 2 1 1 971 1150 264
1057 2 2 1 1 806 1386 506
1058 2 2 1 1 913 1175 666
1059 2 2 1 1 105 1958 889
1060 2 2 1 1 1255 1914 721
1061 2 2 1 1 959 1666 844
1062 2 2 1 1 708 1722 826
1063 2 2 1 1 876 1560 534
1064 2 2 1 1 1283 1671 726
1065 2 2 1 1 342 1439 757
1066 2 2 1 1 104 946 103
1067 2 2 1 1 501 1288 787
1068 2 2 1 1 843 1695 321
1069 2 2 1 1 678 1610 128
1070 2 2 1 1 715 2053 1240
1071 2 2 1 1 869 1629 538
1072 2 2 1 1 914 1494 686
1073 2 2 1 1 1057 1347 214
1074 2 2 1 1 765 1560 354
1075 2 2 1 1 873 1396 22
1076 2 2 1 1 14 1304 15
1077 2 2 1 1 63 1619 652
1078 2 2 1 1 421 1651 1184
1079 2 2 1 1 385 2188 901
1080 2 2 1 1 939 1447 448
1081 2 2 1 1 238 1505 1159
1082 2 2 1 1 107 1958 106
1083 2 2 1 1 462 1433 700
1084 2 2 1 1 166 944 165
1085 2 2 1 1 819 1947 499
1086 2 2 1 1 901 1677 1243
1087 2 2 1 1 865 1409 566
1088 2 2 1 1 1144 1474 539
1089 2 2 1 1 655 1575 1128
1090 2 2 1 1 297 2067 1474
1091 2 2 1 1 1009 1358 364
1092 2 2 1 1 1090 1811 673
1093 2 2 1 1 276 1642 817
1094 2 2 1 1 152 1924 151
1095 2 2 1 1 222 1524 772
1096 2 2 1 1 257 1384 1182
1097 2 2 1 1 315 1706 897
1098 2 2 1 1 287 1359 879
1099 2 2 1 1 854 1669 433
1100 2 2 1 1 828 1451 148
1101 2 2 1 1 299 998 907
1102 2 2 1 1 769 1629 352
1103 2 2 1 1 1006 1907 367
1104 2 2 1 1 905 2071 1556
1105 2 2 1 1 804 1715 500
1106 2 2 1 1 614 1300 1073
1107 2 2 1 1 1707 2111 785
1108 2 2 1 1 472 1385 807
1109 2 2 1 1 806 1930 171
1110 2 2 1 1 1065 1687 416
1111 2 2 1 1 488 1368 1364
1112 2 2 1 1 1362 1938 436
1113 2 2 1 1 296 1078 929
1114 2 2 1 1 1506 1706 911
1115 2 2 1 1 747 1898 1321
1116 2 2 1 1 473 1389 809
1117 2 2 1 1 957 1461 248
1118 2 2 1 1 475 1393 808
1119 2 2 1 1 656 1689 1021
1120 2 2 1 1 1159 1232 238
1121 2 2 1 1 436 1175 913
1122 2 2 1 1 448 1081 939
1123 2 2 1 1 35 1379 798
1124 2 2 1 1 796 1907 1202
1125 2 2 1 1 1308 1356 344
1126 2 2 1 1 1006 2066 710
1127 2 2 1 1 920 1245 454
1128 2 2 1 1 775 1817 1453
1129 2 2 1 1 617 1764 1208
1130 2 2 1 1 866 1665 435
1131 2 2 1 1 584 1600 1494
1132 2 2 1 1 608 1757 1101
1133 2 2 1 1 443 1157 1032
1134 2 2 1 1 1417 1508 198
1135 2 2 1 1 870 1534 575
1136 2 2 1 1 274 1570 872
1137 2 2 1 1 571 1298 969
1138 2 2 1 1 969 1298 285
1139 2 2 1 1 386 1395 1018
1140 2 2 1 1 998 2045 856
1141 2 2 1 1 874 1574 26
1142 2 2 1 1 978 1576 1357
1143 2 2 1 1 218 2168 1248
1144 2 2 1 1 102 1366 857
1145 2 2 1 1 525 1152 970
1146 2 2 1 1 1053 1450 581
1147 2 2 1 1 524 1150 971
1148 2 2 1 1 244 2027 1939
1149 2 2 1 1 866 1294 379
1150 2 2 1 1 938 1586 423
1151 2 2 1 1 883 2116 242
1152 2 2 1 1 462 1483 820
1153 2 2 1 1 1310 1744 477
1154 2 2 1 1 852 1749 496
1155 2 2 1 1 1021 1256 656
1156 2 2 1 1 423 1584 932
1157 2 2 1 1 969 2064 571
1158 2 2 1 1 424 1583 931
1159 2 2 1 1 425 1582 930
1160 2 2 1 1 817 2139 512
1161 2 2 1 1 573 1725 1293
1162 2 2 1 1 513 1316 738
1163 2 2 1 1 1088 2220 265
1164 2 2 1 1 1782 2206 767
1165 2 2 1 1 803 1563 529
1166 2 2 1 1 614 1815 1300
1167 2 2 1 1 690 1995 1255
1168 2 2 1 1 370 1234 741
1169 2 2 1 1 884 1167 487
1170 2 2 1 1 934 1561 247
1171 2 2 1 1 741 1548 370
1172 2 2 1 1 423 2044 1584
1173 2 2 1 1 370 1548 740
1174 2 2 1 1 1104 1425 655
1175 2 2 1 1 707 1504 346
1176 2 2 1 1 208 1316 858
1177 2 2 1 1 697 1669 1214
1178 2 2 1 1 452 1853 1181
1179 2 2 1 1 1206 1756 825
1180 2 2 1 1 802 1778 215
1181 2 2 1 1 441 1868 887
1182 2 2 1 1 224 1227 1036
1183 2 2 1 1 1145 1292 484
1184 2 2 1 1 655 1375 1104
1185 2 2 1 1 449 1016 916
1186 2 2 1 1 663 1199 1101
1187 2 2 1 1 1367 2029 795
1188 2 2 1 1 916 1370 316
1189 2 2 1 1 612 1836 878
1190 2 2 1 1 1606 1793 319
1191 2 2 1 1 571 2064 1661
1192 2 2 1 1 1094 1536 517
1193 2 2 1 1 398 1645 1441
1194 2 2 1 1 843 1481 451
1195 2 2 1 1 1438 2130 863
1196 2 2 1 1 873 2074 362
1197 2 2 1 1 369 1193 887
1198 2 2 1 1 834 1804 216
1199 2 2 1 1 1103 1697 1656
1200 2 2 1 1 499 1904 819
1201 2 2 1 1 1782 2193 380
1202 2 2 1 1 929 988 296
1203 2 2 1 1 521 1154 966
1204 2 2 1 1 109 1480 832
1205 2 2 1 1 523 1156 967
1206 2 2 1 1 857 1366 497
1207 2 2 1 1 578 1328 1057
1208 2 2 1 1 246 2105 878
1209 2 2 1 1 1011 1566 749
1210 2 2 1 1 855 1990 1974
1211 2 2 1 1 253 1861 1394
1212 2 2 1 1 310 1325 1195
1213 2 2 1 1 353 1448 883
1214 2 2 1 1 1170 2222 664
1215 2 2 1 1 995 1243 531
1216 2 2 1 1 910 1306 56
1217 2 2 1 1 221 1669 854
1218 2 2 1 1 1224 1779 616
1219 2 2 1 1 55 1320 910
1220 2 2 1 1 832 1480 519
1221 2 2 1 1 29 956 30
1222 2 2 1 1 978 1948 618
1223 2 2 1 1 904 1976 90
1224 2 2 1 1 787 1490 501
1225 2 2 1 1 1176 1672 702
1226 2 2 1 1 1648 2010 776
1227 2 2 1 1 1056 1893 434
1228 2 2 1 1 532 1553 854
1229 2 2 1 1 768 1687 1065
1230 2 2 1 1 1001 2114 689
1231 2 2 1 1 1692 1841 601
1232 2 2 1 1 1990 2081 685
1233 2 2 1 1 530 1330 1055
1234 2 2 1 1 520 1451 828
1235 2 2 1 1 471 1802 839
1236 2 2 1 1 435 1807 1605
1237 2 2 1 1 459 1440 958
1238 2 2 1 1 208 1809 1230
1239 2 2 1 1 515 1537 1092
1240 2 2 1 1 495 1607 1351
1241 2 2 1 1 1284 1550 763
1242 2 2 1 1 321 1481 843
1243 2 2 1 1 405 1178 917
1244 2 2 1 1 972 1378 280
1245 2 2 1 1 1447 1887 448
1246 2 2 1 1 1097 1535 510
1247 2 2 1 1 796 1770 443
1248 2 2 1 1 438 1903 1077
1249 2 2 1 1 1027 1523 204
1250 2 2 1 1 304 2128 838
1251 2 2 1 1 1245 1325 454
1252 2 2 1 1 943 1523 397
1253 2 2 1 1 603 2061 862
1254 2 2 1 1 1155 1251 415
1255 2 2 1 1 1546 1773 559
1256 2 2 1 1 238 1896 847
1257 2 2 1 1 549 1803 826
1258 2 2 1 1 148 1885 828
1259 2 2 1 1 9 1407 10
1260 2 2 1 1 334 1813 1436
1261 2 2 1 1 22 1731 873
1262 2 2 1 1 330 1869 1084
1263 2 2 1 1 832 1899 109
1264 2 2 1 1 273 1658 894
1265 2 2 1 1 1066 1482 730
1266 2 2 1 1 451 1673 860
1267 2 2 1 1 1293 1719 513
1268 2 2 1 1 591 1695 843
1269 2 2 1 1 1764 2149 1208
1270 2 2 1 1 646 1970 1018
1271 2 2 1 1 823 1297 395
1272 2 2 1 1 878 1281 362
1273 2 2 1 1 762 2036 1010
1274 2 2 1 1 307 1307 923
1275 2 2 1 1 251 1261 848
1276 2 2 1 1 900 1775 445
1277 2 2 1 1 471 1445 864
1278 2 2 1 1 332 1125 1002
1279 2 2 1 1 331 1123 1003
1280 2 2 1 1 1431 1500 347
1281 2 2 1 1 790 1500 1431
1282 2 2 1 1 878 1836 246
1283 2 2 1 1 789 1771 447
1284 2 2 1 1 480 1300 895
1285 2 2 1 1 596 1893 829
1286 2 2 1 1 248 1461 1072
1287 2 2 1 1 850 1296 393
1288 2 2 1 1 304 1311 975
1289 2 2 1 1 348 1492 1438
1290 2 2 1 1 1438 1492 791
1291 2 2 1 1 845 1802 471
1292 2 2 1 1 244 1939 985
1293 2 2 1 1 330 1923 1869
1294 2 2 1 1 772 1915 1355
1295 2 2 1 1 1031 2175 638
1296 2 2 1 1 892 1571 351
1297 2 2 1 1 867 1473 114
1298 2 2 1 1 250 1620 917
1299 2 2 1 1 471 1784 845
1300 2 2 1 1 1030 2176 637
1301 2 2 1 1 1293 1725 312
1302 2 2 1 1 351 1450 1053
1303 2 2 1 1 278 1699 1476
1304 2 2 1 1 119 1358 118
1305 2 2 1 1 963 2094 505
1306 2 2 1 1 43 1188 44
1307 2 2 1 1 857 1811 101
1308 2 2 1 1 841 1518 502
1309 2 2 1 1 447 1908 1107
1310 2 2 1 1 143 1470 868
1311 2 2 1 1 1246 1252 465
1312 2 2 1 1 39 1191 40
1313 2 2 1 1 609 1957 1513
1314 2 2 1 1 33 1187 34
1315 2 2 1 1 1102 1178 405
1316 2 2 1 1 343 1105 1022
1317 2 2 1 1 890 1799 209
1318 2 2 1 1 934 1130 469
1319 2 2 1 1 270 1660 898
1320 2 2 1 1 900 1530 218
1321 2 2 1 1 850 1888 237
1322 2 2 1 1 727 1713 1278
1323 2 2 1 1 887 2033 441
1324 2 2 1 1 929 2216 739
1325 2 2 1 1 779 1111 129
1326 2 2 1 1 863 2035 1438
1327 2 2 1 1 43 1217 1188
1328 2 2 1 1 1244 1487 536
1329 2 2 1 1 855 2081 1990
1330 2 2 1 1 673 1811 857
1331 2 2 1 1 1081 1229 460
1332 2 2 1 1 664 1959 1170
1333 2 2 1 1 491 1149 955
1334 2 2 1 1 933 1462 551
1335 2 2 1 1 1880 2135 233
1336 2 2 1 1 820 2052 462
1337 2 2 1 1 972 1621 599
1338 2 2 1 1 931 1150 428
1339 2 2 1 1 894 1658 586
1340 2 2 1 1 1268 2231 268
1341 2 2 1 1 932 1152 427
1342 2 2 1 1 360 2089 833
1343 2 2 1 1 259 1722 1556
1344 2 2 1 1 469 1192 934
1345 2 2 1 1 613 1372 1314
1346 2 2 1 1 1082 1910 970
1347 2 2 1 1 394 1505 847
1348 2 2 1 1 572 2094 963
1349 2 2 1 1 860 1673 359
1350 2 2 1 1 872 1570 570
1351 2 2 1 1 1079 1911 971
1352 2 2 1 1 1033 1167 279
1353 2 2 1 1 706 1201 466
1354 2 2 1 1 1347 1795 214
1355 2 2 1 1 487 1167 1033
1356 2 2 1 1 485 1370 916
1357 2 2 1 1 658 1252 1246
1358 2 2 1 1 631 2224 1036
1359 2 2 1 1 975 1311 542
1360 2 2 1 1 1224 2164 1779
1361 2 2 1 1 822 1577 544
1362 2 2 1 1 1453 1817 331
1363 2 2 1 1 683 2109 1337
1364 2 2 1 1 458 1452 1007
1365 2 2 1 1 151 1924 150
1366 2 2 1 1 434 1571 892
1367 2 2 1 1 951 1171 491
1368 2 2 1 1 1324 1683 867
1369 2 2 1 1 299 2045 998
1370 2 2 1 1 899 1659 271
1371 2 2 1 1 597 1591 974
1372 2 2 1 1 648 1793 1606
1373 2 2 1 1 844 2027 959
1374 2 2 1 1 734 1276 990
1375 2 2 1 1 493 2029 1367
1376 2 2 1 1 715 1775 1248
1377 2 2 1 1 601 1841 1353
1378 2 2 1 1 842 1069 394
1379 2 2 1 1 763 1550 1449
1380 2 2 1 1 1191 1218 40
1381 2 2 1 1 1068 1918 966
1382 2 2 1 1 489 1514 839
1383 2 2 1 1 1070 1917 967
1384 2 2 1 1 696 1229 915
1385 2 2 1 1 392 1346 803
1386 2 2 1 1 237 1296 850
1387 2 2 1 1 355 1948 978
1388 2 2 1 1 974 1591 320
1389 2 2 1 1 466 1185 706
1390 2 2 1 1 1586 1999 423
1391 2 2 1 1 985 1875 244
1392 2 2 1 1 520 2130 1438
1393 2 2 1 1 855 1974 691
1394 2 2 1 1 974 2181 516
1395 2 2 1 1 940 1154 424
1396 2 2 1 1 1318 1337 240
1397 2 2 1 1 942 1156 425
1398 2 2 1 1 895 1300 206
1399 2 2 1 1 1748 1956 677
1400 2 2 1 1 2048 2131 413
1401 2 2 1 1 206 1183 895
1402 2 2 1 1 872 1402 274
1403 2 2 1 1 864 1491 471
1404 2 2 1 1 199 1502 1313
1405 2 2 1 1 861 1468 546
1406 2 2 1 1 1095 1908 447
1407 2 2 1 1 1027 1042 397
1408 2 2 1 1 502 1348 841
1409 2 2 1 1 917 1178 250
1410 2 2 1 1 920 2150 252
1411 2 2 1 1 830 1795 1686
1412 2 2 1 1 253 1105 815
1413 2 2 1 1 652 1421 63
1414 2 2 1 1 884 2011 492
1415 2 2 1 1 1007 1334 458
1416 2 2 1 1 461 1508 1417
1417 2 2 1 1 925 1642 1569
1418 2 2 1 1 1826 1963 555
1419 2 2 1 1 875 1698 228
1420 2 2 1 1 572 1698 875
1421 2 2 1 1 898 1660 579
1422 2 2 1 1 582 1659 899
1423 2 2 1 1 1101 1856 608
1424 2 2 1 1 887 1868 369
1425 2 2 1 1 49 1007 50
1426 2 2 1 1 1346 1525 204
1427 2 2 1 1 1321 1898 489
1428 2 2 1 1 505 2094 1429
1429 2 2 1 1 320 1134 974
1430 2 2 1 1 1750 1951 676
1431 2 2 1 1 955 1149 503
1432 2 2 1 1 793 2175 1031
1433 2 2 1 1 1281 1302 362
1434 2 2 1 1 794 2176 1030
1435 2 2 1 1 352 1629 869
1436 2 2 1 1 180 1037 179
1437 2 2 1 1 287 1636 1359
1438 2 2 1 1 354 1560 876
1439 2 2 1 1 1253 1268 705
1440 2 2 1 1 152 1310 882
1441 2 2 1 1 1144 2206 1474
1442 2 2 1 1 614 1738 1025
1443 2 2 1 1 871 2057 281
1444 2 2 1 1 1069 2228 522
1445 2 2 1 1 1036 2224 819
1446 2 2 1 1 127 1803 126
1447 2 2 1 1 312 1493 1040
1448 2 2 1 1 460 1980 939
1449 2 2 1 1 323 1466 844
1450 2 2 1 1 889 1329 105
1451 2 2 1 1 458 1981 1452
1452 2 2 1 1 689 1597 1001
1453 2 2 1 1 277 1336 863
1454 2 2 1 1 533 1954 953
1455 2 2 1 1 1255 1616 272
1456 2 2 1 1 913 1862 48
1457 2 2 1 1 106 1958 105
1458 2 2 1 1 1680 2094 572
1459 2 2 1 1 649 1388 1258
1460 2 2 1 1 559 1237 883
1461 2 2 1 1 1036 1227 423
1462 2 2 1 1 851 1482 201
1463 2 2 1 1 761 1990 1812
1464 2 2 1 1 717 1963 1826
1465 2 2 1 1 1003 1123 521
1466 2 2 1 1 798 1572 493
1467 2 2 1 1 1002 1125 523
1468 2 2 1 1 629 1544 962
1469 2 2 1 1 1231 2041 1142
1470 2 2 1 1 868 1323 482
1471 2 2 1 1 1351 1607 644
1472 2 2 1 1 1195 1325 518
1473 2 2 1 1 764 1644 465
1474 2 2 1 1 1010 2036 422
1475 2 2 1 1 481 1324 867
1476 2 2 1 1 1107 2164 789
1477 2 2 1 1 268 1798 1279
1478 2 2 1 1 1482 2145 730
1479 2 2 1 1 1024 1124 556
1480 2 2 1 1 1076 1743 981
1481 2 2 1 1 466 1171 951
1482 2 2 1 1 956 1284 30
1483 2 2 1 1 1196 1668 219
1484 2 2 1 1 924 1472 513
1485 2 2 1 1 949 1269 268
1486 2 2 1 1 1132 2072 1222
1487 2 2 1 1 431 1532 1129
1488 2 2 1 1 915 1229 272
1489 2 2 1 1 1094 1658 1536
1490 2 2 1 1 433 1456 1091
1491 2 2 1 1 830 2019 621
1492 2 2 1 1 479 1419 778
1493 2 2 1 1 1665 1826 435
1494 2 2 1 1 1282 1734 473
1495 2 2 1 1 23 1012 24
1496 2 2 1 1 68 1644 67
1497 2 2 1 1 1085 1126 260
1498 2 2 1 1 474 1126 1085
1499 2 2 1 1 1011 1606 319
1500 2 2 1 1 1426 1528 507
1501 2 2 1 1 90 1341 904
1502 2 2 1 1 1008 1270 723
1503 2 2 1 1 1760 1944 674
1504 2 2 1 1 1128 1754 655
1505 2 2 1 1 1195 1530 580
1506 2 2 1 1 1672 2190 1042
1507 2 2 1 1 1449 1550 345
1508 2 2 1 1 203 1197 1056
1509 2 2 1 1 1198 1937 704
1510 2 2 1 1 506 2064 969
1511 2 2 1 1 962 1337 629
1512 2 2 1 1 965 1271 478
1513 2 2 1 1 1143 1932 333
1514 2 2 1 1 1258 1388 563
1515 2 2 1 1 575 2123 870
1516 2 2 1 1 274 1402 1044
1517 2 2 1 1 186 1828 185
1518 2 2 1 1 1134 2181 974
1519 2 2 1 1 555 1742 972
1520 2 2 1 1 854 2037 532
1521 2 2 1 1 537 2112 814
1522 2 2 1 1 464 1706 1506
1523 2 2 1 1 983 984 432
1524 2 2 1 1 595 1859 1395
1525 2 2 1 1 277 1169 1116
1526 2 2 1 1 452 1143 1142
1527 2 2 1 1 1142 1143 507
1528 2 2 1 1 615 1272 906
1529 2 2 1 1 1686 1795 588
1530 2 2 1 1 76 1017 75
1531 2 2 1 1 845 2004 1351
1532 2 2 1 1 264 1136 1079
1533 2 2 1 1 1079 1136 473
1534 2 2 1 1 550 2140 920
1535 2 2 1 1 585 1697 1103
1536 2 2 1 1 1087 1369 560
1537 2 2 1 1 42 1217 43
1538 2 2 1 1 263 1138 1082
1539 2 2 1 1 1082 1138 477
1540 2 2 1 1 1537 1659 1092
1541 2 2 1 1 1803 2047 126
1542 2 2 1 1 255 1883 860
1543 2 2 1 1 1170 1959 249
1544 2 2 1 1 987 1828 186
1545 2 2 1 1 1237 2116 883
1546 2 2 1 1 424 2009 1583
1547 2 2 1 1 630 1632 1203
1548 2 2 1 1 242 2036 1879
1549 2 2 1 1 1278 1713 492
1550 2 2 1 1 425 2008 1582
1551 2 2 1 1 70 1884 69
1552 2 2 1 1 1097 1660 1535
1553 2 2 1 1 1932 1984 333
1554 2 2 1 1 876 1357 354
1555 2 2 1 1 487 1507 884
1556 2 2 1 1 346 1489 707
1557 2 2 1 1 252 1245 920
1558 2 2 1 1 121 1021 120
1559 2 2 1 1 1048 2016 731
1560 2 2 1 1 827 1782 1179
1561 2 2 1 1 1295 1426 227
1562 2 2 1 1 547 1308 928
1563 2 2 1 1 447 1315 903
1564 2 2 1 1 492 1501 1167
1565 2 2 1 1 541 1209 1044
1566 2 2 1 1 334 1937 1133
1567 2 2 1 1 1531 1648 353
1568 2 2 1 1 313 1729 1238
1569 2 2 1 1 862 1422 450
1570 2 2 1 1 882 1310 477
1571 2 2 1 1 740 1487 1244
1572 2 2 1 1 847 1896 921
1573 2 2 1 1 40 1218 41
1574 2 2 1 1 962 1544 414
1575 2 2 1 1 193 1554 192
1576 2 2 1 1 205 1546 776
1577 2 2 1 1 497 1453 857
1578 2 2 1 1 851 1832 622
1579 2 2 1 1 985 1679 399
1580 2 2 1 1 695 1762 1653
1581 2 2 1 1 1364 1368 779
1582 2 2 1 1 800 1824 1380
1583 2 2 1 1 83 1080 82
1584 2 2 1 1 125 870 124
1585 2 2 1 1 951 1488 183
1586 2 2 1 1 1044 1402 587
1587 2 2 1 1 654 1302 1281
1588 2 2 1 1 857 1872 673
1589 2 2 1 1 297 1474 1124
1590 2 2 1 1 265 1131 1088
1591 2 2 1 1 1088 1131 472
1592 2 2 1 1 1339 1990 761
1593 2 2 1 1 526 1913 813
1594 2 2 1 1 1274 1700 475
1595 2 2 1 1 1498 1668 1196
1596 2 2 1 1 281 1968 859
1597 2 2 1 1 253 1394 1020
1598 2 2 1 1 839 1445 471
1599 2 2 1 1 389 2030 1733
1600 2 2 1 1 1074 1509 522
1601 2 2 1 1 414 1544 1035
1602 2 2 1 1 281 2057 926
1603 2 2 1 1 922 1888 850
1604 2 2 1 1 198 1508 197
1605 2 2 1 1 219 1596 919
1606 2 2 1 1 612 1376 1013
1607 2 2 1 1 1174 1519 860
1608 2 2 1 1 841 1895 1518
1609 2 2 1 1 1351 2004 495
1610 2 2 1 1 1517 2197 402
1611 2 2 1 1 235 1992 989
1612 2 2 1 1 493 1572 881
1613 2 2 1 1 863 2130 277
1614 2 2 1 1 892 1794 203
1615 2 2 1 1 93 2101 1089
1616 2 2 1 1 274 1920 1570
1617 2 2 1 1 368 2164 1107
1618 2 2 1 1 826 1803 708
1619 2 2 1 1 814 1737 537
1620 2 2 1 1 884 1507 176
1621 2 2 1 1 546 1752 861
1622 2 2 1 1 393 2079 846
1623 2 2 1 1 1132 1133 453
1624 2 2 1 1 511 1133 1132
1625 2 2 1 1 580 1530 900
1626 2 2 1 1 202 2061 1787
1627 2 2 1 1 622 1130 1093
1628 2 2 1 1 666 1862 913
1629 2 2 1 1 1186 1997 833
1630 2 2 1 1 1446 1971 803
1631 2 2 1 1 963 1377 572
1632 2 2 1 1 284 1377 963
1633 2 2 1 1 827 1179 267
1634 2 2 1 1 1554 1564 577
1635 2 2 1 1 420 2198 1232
1636 2 2 1 1 1159 1505 701
1637 2 2 1 1 1204 1637 634
1638 2 2 1 1 865 2211 1409
1639 2 2 1 1 650 1564 1554
1640 2 2 1 1 868 1470 553
1641 2 2 1 1 1853 2041 801
1642 2 2 1 1 620 2090 1145
1643 2 2 1 1 566 1682 865
1644 2 2 1 1 1188 1726 44
1645 2 2 1 1 482 1477 868
1646 2 2 1 1 334 2156 1937
1647 2 2 1 1 552 1473 867
1648 2 2 1 1 573 1232 1159
1649 2 2 1 1 867 1475 481
1650 2 2 1 1 462 1931 1433
1651 2 2 1 1 1177 1333 577
1652 2 2 1 1 17 1348 18
1653 2 2 1 1 630 1813 1632
1654 2 2 1 1 1040 1719 312
1655 2 2 1 1 906 1919 615
1656 2 2 1 1 346 1504 778
1657 2 2 1 1 221 2229 1214
1658 2 2 1 1 313 1509 1213
1659 2 2 1 1 338 1717 1340
1660 2 2 1 1 90 1976 89
1661 2 2 1 1 1034 1954 533
1662 2 2 1 1 916 1592 664
1663 2 2 1 1 310 1542 1485
1664 2 2 1 1 1101 1757 291
1665 2 2 1 1 864 1724 1491
1666 2 2 1 1 251 1292 1145
1667 2 2 1 1 881 1572 368
1668 2 2 1 1 218 1775 900
1669 2 2 1 1 9 2226 1407
1670 2 2 1 1 1007 1862 666
1671 2 2 1 1 1004 1979 524
1672 2 2 1 1 1355 1915 457
1673 2 2 1 1 1321 1349 623
1674 2 2 1 1 1159 1725 573
1675 2 2 1 1 1226 1429 748
1676 2 2 1 1 1569 1642 276
1677 2 2 1 1 1005 1978 525
1678 2 2 1 1 831 2118 288
1679 2 2 1 1 1735 2052 820
1680 2 2 1 1 869 1400 352
1681 2 2 1 1 94 2101 93
1682 2 2 1 1 474 1329 889
1683 2 2 1 1 258 2203 1211
1684 2 2 1 1 121 1256 1021
1685 2 2 1 1 843 1728 591
1686 2 2 1 1 2033 2232 441
1687 2 2 1 1 1083 1247 437
1688 2 2 1 1 806 2072 1930
1689 2 2 1 1 1283 1382 578
1690 2 2 1 1 795 2029 1764
1691 2 2 1 1 953 1709 533
1692 2 2 1 1 1314 1372 538
1693 2 2 1 1 228 1587 875
1694 2 2 1 1 925 1431 347
1695 2 2 1 1 519 1431 925
1696 2 2 1 1 477 1381 882
1697 2 2 1 1 541 1284 956
1698 2 2 1 1 847 1505 238
1699 2 2 1 1 559 1773 1237
1700 2 2 1 1 155 2100 1098
1701 2 2 1 1 540 1396 873
1702 2 2 1 1 771 2091 509
1703 2 2 1 1 385 1871 952
1704 2 2 1 1 1016 1241 200
1705 2 2 1 1 503 1655 1037
1706 2 2 1 1 952 1871 649
1707 2 2 1 1 265 1582 1131
1708 2 2 1 1 1131 1582 638
1709 2 2 1 1 730 2055 933
1710 2 2 1 1 861 1752 291
1711 2 2 1 1 1138 1381 477
1712 2 2 1 1 989 1992 679
1713 2 2 1 1 80 1112 79
1714 2 2 1 1 780 2030 389
1715 2 2 1 1 623 1688 1321
1716 2 2 1 1 474 1383 1126
1717 2 2 1 1 53 1258 54
1718 2 2 1 1 264 1583 1136
1719 2 2 1 1 1136 1583 637
1720 2 2 1 1 508 1544 1459
1721 2 2 1 1 1764 2029 369
1722 2 2 1 1 263 1584 1138
1723 2 2 1 1 1138 1584 636
1724 2 2 1 1 1016 1552 485
1725 2 2 1 1 29 1288 956
1726 2 2 1 1 956 1288 501
1727 2 2 1 1 379 1665 866
1728 2 2 1 1 470 1720 1241
1729 2 2 1 1 944 1285 165
1730 2 2 1 1 268 1437 949
1731 2 2 1 1 691 2046 973
1732 2 2 1 1 565 1369 1087
1733 2 2 1 1 945 2230 777
1734 2 2 1 1 875 1680 572
1735 2 2 1 1 472 1285 944
1736 2 2 1 1 389 1733 1172
1737 2 2 1 1 878 1834 612
1738 2 2 1 1 959 1207 564
1739 2 2 1 1 1126 1586 260
1740 2 2 1 1 631 1586 1126
1741 2 2 1 1 1101 1199 455
1742 2 2 1 1 1516 1729 313
1743 2 2 1 1 176 2011 884
1744 2 2 1 1 336 1713 1655
1745 2 2 1 1 175 1106 174
1746 2 2 1 1 509 1261 771
1747 2 2 1 1 1012 1373 24
1748 2 2 1 1 139 1052 138
1749 2 2 1 1 133 1054 132
1750 2 2 1 1 1253 1406 514
1751 2 2 1 1 649 1871 1388
1752 2 2 1 1 925 1545 548
1753 2 2 1 1 347 1545 925
1754 2 2 1 1 1465 1608 531
1755 2 2 1 1 236 2016 1048
1756 2 2 1 1 952 2188 385
1757 2 2 1 1 288 1989 1483
1758 2 2 1 1 1229 1617 460
1759 2 2 1 1 1637 1824 634
1760 2 2 1 1 161 2095 1100
1761 2 2 1 1 1131 1385 472
1762 2 2 1 1 1065 1721 768
1763 2 2 1 1 975 2128 304
1764 2 2 1 1 973 2046 211
1765 2 2 1 1 57 1087 1
1766 2 2 1 1 326 1317 1041
1767 2 2 1 1 1044 1209 274
1768 2 2 1 1 799 1823 1393
1769 2 2 1 1 457 1915 1519
1770 2 2 1 1 1502 2117 1022
1771 2 2 1 1 1594 1700 98
1772 2 2 1 1 721 1616 1255
1773 2 2 1 1 1136 1389 473
1774 2 2 1 1 641 1777 1162
1775 2 2 1 1 242 1144 1139
1776 2 2 1 1 307 1732 902
1777 2 2 1 1 34 1379 35
1778 2 2 1 1 889 1383 474
1779 2 2 1 1 39 2032 1191
1780 2 2 1 1 200 1444 1330
1781 2 2 1 1 904 1341 476
1782 2 2 1 1 127 1610 708
1783 2 2 1 1 1024 1988 297
1784 2 2 1 1 470 1307 1114
1785 2 2 1 1 716 2188 952
1786 2 2 1 1 156 2100 155
1787 2 2 1 1 202 1787 1247
1788 2 2 1 1 1518 1895 358
1789 2 2 1 1 1081 1415 272
1790 2 2 1 1 400 1640 1363
1791 2 2 1 1 38 1387 39
1792 2 2 1 1 285 1298 927
1793 2 2 1 1 922 1590 445
1794 2 2 1 1 667 1742 1289
1795 2 2 1 1 797 1525 1346
1796 2 2 1 1 1438 2035 348
1797 2 2 1 1 626 2200 1326
1798 2 2 1 1 897 1706 464
1799 2 2 1 1 842 1796 1069
1800 2 2 1 1 1398 2064 506
1801 2 2 1 1 484 1444 1145
1802 2 2 1 1 902 1280 307
1803 2 2 1 1 57 1306 1087
1804 2 2 1 1 209 2079 983
1805 2 2 1 1 1076 1412 440
1806 2 2 1 1 627 1816 1615
1807 2 2 1 1 1025 1277 305
1808 2 2 1 1 1879 2036 762
1809 2 2 1 1 1221 1815 694
1810 2 2 1 1 664 2222 916
1811 2 2 1 1 1433 1931 816
1812 2 2 1 1 212 1427 1289
1813 2 2 1 1 1157 2082 1032
1814 2 2 1 1 399 1360 988
1815 2 2 1 1 883 1448 559
1816 2 2 1 1 548 1642 925
1817 2 2 1 1 307 1280 1114
1818 2 2 1 1 599 1378 972
1819 2 2 1 1 589 2126 1887
1820 2 2 1 1 1695 1841 321
1821 2 2 1 1 1454 2062 822
1822 2 2 1 1 554 1603 1292
1823 2 2 1 1 129 1111 128
1824 2 2 1 1 1411 2148 378
1825 2 2 1 1 469 1326 1192
1826 2 2 1 1 1497 1547 639
1827 2 2 1 1 949 1437 485
1828 2 2 1 1 375 1789 872
1829 2 2 1 1 934 1192 463
1830 2 2 1 1 654 1281 968
1831 2 2 1 1 216 1994 993
1832 2 2 1 1 104 1329 946
1833 2 2 1 1 895 1679 480
1834 2 2 1 1 1611 1734 160
1835 2 2 1 1 202 1247 1083
1836 2 2 1 1 959 2027 244
1837 2 2 1 1 928 1788 547
1838 2 2 1 1 946 1366 103
1839 2 2 1 1 917 1612 405
1840 2 2 1 1 1380 1824 333
1841 2 2 1 1 382 1620 1099
1842 2 2 1 1 1328 1391 534
1843 2 2 1 1 47 1362 913
1844 2 2 1 1 937 1821 352
1845 2 2 1 1 541 1550 1284
1846 2 2 1 1 856 2040 1751
1847 2 2 1 1 467 1730 954
1848 2 2 1 1 117 1417 4
1849 2 2 1 1 1570 1920 760
1850 2 2 1 1 917 1620 382
1851 2 2 1 1 460 1617 1113
1852 2 2 1 1 1939 2027 750
1853 2 2 1 1 797 1763 388
1854 2 2 1 1 437 1249 1083
1855 2 2 1 1 300 1177 1172
1856 2 2 1 1 1380 2001 800
1857 2 2 1 1 272 1415 1255
1858 2 2 1 1 497 1366 946
1859 2 2 1 1 364 2218 1009
1860 2 2 1 1 388 1443 797
1861 2 2 1 1 1012 1455 567
1862 2 2 1 1 591 1294 936
1863 2 2 1 1 162 2095 161
1864 2 2 1 1 346 1419 982
1865 2 2 1 1 1157 1245 252
1866 2 2 1 1 896 2110 463
1867 2 2 1 1 166 1397 944
1868 2 2 1 1 983 2079 393
1869 2 2 1 1 476 1380 904
1870 2 2 1 1 1286 1394 528
1871 2 2 1 1 53 1694 1258
1872 2 2 1 1 33 1228 1187
1873 2 2 1 1 1340 1717 608
1874 2 2 1 1 1038 1696 306
1875 2 2 1 1 1037 2121 179
1876 2 2 1 1 862 2061 202
1877 2 2 1 1 4 1417 198
1878 2 2 1 1 702 1672 1026
1879 2 2 1 1 150 1141 149
1880 2 2 1 1 291 1434 861
1881 2 2 1 1 363 2052 1735
1882 2 2 1 1 901 1371 256
1883 2 2 1 1 798 1779 1572
1884 2 2 1 1 829 1893 1056
1885 2 2 1 1 986 1334 317
1886 2 2 1 1 1160 1565 223
1887 2 2 1 1 505 1429 1226
1888 2 2 1 1 903 1315 221
1889 2 2 1 1 1219 1455 286
1890 2 2 1 1 49 1862 1007
1891 2 2 1 1 1588 1880 233
1892 2 2 1 1 1187 2042 34
1893 2 2 1 1 1020 1394 668
1894 2 2 1 1 1069 1796 207
1895 2 2 1 1 710 1938 1362
1896 2 2 1 1 489 1349 1321
1897 2 2 1 1 540 1455 1012
1898 2 2 1 1 1018 1970 386
1899 2 2 1 1 108 1137 107
1900 2 2 1 1 414 1882 822
1901 2 2 1 1 698 1932 1181
1902 2 2 1 1 215 1778 948
1903 2 2 1 1 1390 1687 196
1904 2 2 1 1 490 1042 1027
1905 2 2 1 1 196 1687 195
1906 2 2 1 1 783 2220 1436
1907 2 2 1 1 912 1303 218
1908 2 2 1 1 521 1342 1154
1909 2 2 1 1 747 1608 1465
1910 2 2 1 1 1500 1969 347
1911 2 2 1 1 237 1840 1001
1912 2 2 1 1 1195 1335 310
1913 2 2 1 1 768 1457 194
1914 2 2 1 1 523 1345 1156
1915 2 2 1 1 272 1616 915
1916 2 2 1 1 433 1466 854
1917 2 2 1 1 955 1488 491
1918 2 2 1 1 305 1277 999
1919 2 2 1 1 874 1927 366
1920 2 2 1 1 130 1942 779
1921 2 2 1 1 126 2047 125
1922 2 2 1 1 1605 1807 699
1923 2 2 1 1 446 1741 1067
1924 2 2 1 1 422 1568 1221
1925 2 2 1 1 1491 1724 211
1926 2 2 1 1 32 1228 33
1927 2 2 1 1 518 1325 1245
1928 2 2 1 1 1645 2110 753
1929 2 2 1 1 686 1969 914
1930 2 2 1 1 739 1875 985
1931 2 2 1 1 1055 1330 484
1932 2 2 1 1 1409 2211 220
1933 2 2 1 1 315 1326 911
1934 2 2 1 1 1519 1915 853
1935 2 2 1 1 936 2065 651
1936 2 2 1 1 613 1314 1148
1937 2 2 1 1 760 1920 1490
1938 2 2 1 1 237 1888 1840
1939 2 2 1 1 944 1397 498
1940 2 2 1 1 545 2232 877
1941 2 2 1 1 445 1590 900
1942 2 2 1 1 1799 1957 609
1943 2 2 1 1 318 1503 947
1944 2 2 1 1 773 1722 1374
1945 2 2 1 1 647 1559 1219
1946 2 2 1 1 821 1493 1239
1947 2 2 1 1 394 1729 1505
1948 2 2 1 1 384 1463 886
1949 2 2 1 1 234 1271 965
1950 2 2 1 1 530 1269 949
1951 2 2 1 1 966 1918 407
1952 2 2 1 1 496 1725 1159
1953 2 2 1 1 310 1485 1173
1954 2 2 1 1 967 1917 406
1955 2 2 1 1 1476 1699 669
1956 2 2 1 1 958 1635 459
1957 2 2 1 1 554 1292 1259
1958 2 2 1 1 567 1373 1012
1959 2 2 1 1 217 2012 1650
1960 2 2 1 1 954 1867 467
1961 2 2 1 1 946 1329 474
1962 2 2 1 1 1344 2157 726
1963 2 2 1 1 6 1585 992
1964 2 2 1 1 46 1362 47
1965 2 2 1 1 696 1617 1229
1966 2 2 1 1 217 1650 1194
1967 2 2 1 1 993 1994 709
1968 2 2 1 1 442 1531 950
1969 2 2 1 1 921 1375 340
1970 2 2 1 1 242 1879 883
1971 2 2 1 1 580 1335 1195
1972 2 2 1 1 704 1985 1198
1973 2 2 1 1 283 1870 781
1974 2 2 1 1 416 1623 725
1975 2 2 1 1 1521 1809 208
1976 2 2 1 1 46 1851 1362
1977 2 2 1 1 458 1334 986
1978 2 2 1 1 971 1911 408
1979 2 2 1 1 948 1267 417
1980 2 2 1 1 970 1910 409
1981 2 2 1 1 1022 2091 343
1982 2 2 1 1 1589 2033 254
1983 2 2 1 1 639 1547 1096
1984 2 2 1 1 1653 1762 626
1985 2 2 1 1 1055 1603 269
1986 2 2 1 1 95 1767 94
1987 2 2 1 1 999 1277 724
1988 2 2 1 1 321 1692 1481
1989 2 2 1 1 628 1821 937
1990 2 2 1 1 2012 2129 1257
1991 2 2 1 1 326 1762 848
1992 2 2 1 1 1173 1325 310
1993 2 2 1 1 998 1517 402
1994 2 2 1 1 302 1338 1067
1995 2 2 1 1 590 1426 1295
1996 2 2 1 1 1502 2087 1313
1997 2 2 1 1 173 1190 172
1998 2 2 1 1 222 1812 1061
1999 2 2 1 1 763 2173 1284
2000 2 2 1 1 1087 1306 565
2001 2 2 1 1 864 1801 562
2002 2 2 1 1 1139 2036 242
2003 2 2 1 1 1434 1757 558
2004 2 2 1 1 546 2138 1099
2005 2 2 1 1 891 1365 421
2006 2 2 1 1 1291 1890 805
2007 2 2 1 1 467 1881 1730
2008 2 2 1 1 354 2234 1640
2009 2 2 1 1 1072 1461 412
2010 2 2 1 1 624 1907 1006
2011 2 2 1 1 183 1488 182
2012 2 2 1 1 618 1576 978
2013 2 2 1 1 683 1337 1318
2014 2 2 1 1 861 2124 1468
2015 2 2 1 1 1887 2126 919
2016 2 2 1 1 1118 1784 471
2017 2 2 1 1 294 1971 1446
2018 2 2 1 1 1393 1823 332
2019 2 2 1 1 412 1314 1072
2020 2 2 1 1 1254 1279 431
2021 2 2 1 1 551 1178 1102
2022 2 2 1 1 1213 1509 625
2023 2 2 1 1 927 1601 285
2024 2 2 1 1 1457 1554 193
2025 2 2 1 1 1468 2124 349
2026 2 2 1 1 453 1937 1198
2027 2 2 1 1 935 1604 564
2028 2 2 1 1 824 1777 1471
2029 2 2 1 1 1047 1319 246
2030 2 2 1 1 1014 1338 302
2031 2 2 1 1 1280 1861 1114
2032 2 2 1 1 763 1449 1228
2033 2 2 1 1 352 1400 937
2034 2 2 1 1 269 1678 1055
2035 2 2 1 1 693 1809 1521
2036 2 2 1 1 509 2091 1022
2037 2 2 1 1 1038 1478 459
2038 2 2 1 1 478 1308 1211
2039 2 2 1 1 900 2080 580
2040 2 2 1 1 1363 1640 802
2041 2 2 1 1 444 1277 1025
2042 2 2 1 1 504 1290 1233
2043 2 2 1 1 1061 2138 546
2044 2 2 1 1 993 2026 375
2045 2 2 1 1 83 2171 1080
2046 2 2 1 1 1008 1412 301
2047 2 2 1 1 1025 1738 444
2048 2 2 1 1 1041 1506 326
2049 2 2 1 1 404 1328 1047
2050 2 2 1 1 1393 2003 799
2051 2 2 1 1 292 1494 914
2052 2 2 1 1 727 2121 1037
2053 2 2 1 1 879 2142 287
2054 2 2 1 1 960 1397 167
2055 2 2 1 1 293 1684 1323
2056 2 2 1 1 979 1941 357
2057 2 2 1 1 1736 1860 600
2058 2 2 1 1 1481 1692 737
2059 2 2 1 1 778 1419 346
2060 2 2 1 1 357 1890 979
2061 2 2 1 1 648 2060 1651
2062 2 2 1 1 420 1230 981
2063 2 2 1 1 915 1616 583
2064 2 2 1 1 22 1396 23
2065 2 2 1 1 311 1578 1128
2066 2 2 1 1 195 1687 768
2067 2 2 1 1 534 1560 1319
2068 2 2 1 1 468 1890 1291
2069 2 2 1 1 298 1454 869
2070 2 2 1 1 1430 2082 252
2071 2 2 1 1 355 1786 943
2072 2 2 1 1 527 1517 998
2073 2 2 1 1 986 1371 458
2074 2 2 1 1 272 1229 1081
2075 2 2 1 1 1053 1794 892
2076 2 2 1 1 395 1297 908
2077 2 2 1 1 538 1629 1327
2078 2 2 1 1 1463 1830 239
2079 2 2 1 1 294 1446 876
2080 2 2 1 1 183 1819 951
2081 2 2 1 1 515 1218 1191
2082 2 2 1 1 303 1456 990
2083 2 2 1 1 849 2082 1430
2084 2 2 1 1 881 2000 1193
2085 2 2 1 1 1188 1217 510
2086 2 2 1 1 1008 2056 1412
2087 2 2 1 1 1456 1991 990
2088 2 2 1 1 1080 1260 82
2089 2 2 1 1 1521 1633 456
2090 2 2 1 1 744 1700 1594
2091 2 2 1 1 1751 2040 300
2092 2 2 1 1 1077 1965 500
2093 2 2 1 1 874 2054 1574
2094 2 2 1 1 549 2047 1803
2095 2 2 1 1 202 1422 862
2096 2 2 1 1 820 1989 1735
2097 2 2 1 1 1211 1308 547
2098 2 2 1 1 955 1458 181
2099 2 2 1 1 1145 2090 771
2100 2 2 1 1 287 2142 924
2101 2 2 1 1 306 1478 1038
2102 2 2 1 1 720 2119 1761
2103 2 2 1 1 363 1322 1028
2104 2 2 1 1 890 1957 1799
2105 2 2 1 1 147 1223 146
2106 2 2 1 1 397 1318 943
2107 2 2 1 1 1027 1525 490
2108 2 2 1 1 923 2222 1170
2109 2 2 1 1 923 1170 561
2110 2 2 1 1 1374 1722 259
2111 2 2 1 1 518 2204 912
2112 2 2 1 1 50 1452 51
2113 2 2 1 1 1452 1850 51
2114 2 2 1 1 952 1694 52
2115 2 2 1 1 513 1719 1040
2116 2 2 1 1 1453 2217 775
2117 2 2 1 1 948 1664 215
2118 2 2 1 1 28 1288 29
2119 2 2 1 1 1287 1830 434
2120 2 2 1 1 362 2074 1242
2121 2 2 1 1 209 1799 1602
2122 2 2 1 1 1059 1301 276
2123 2 2 1 1 499 1301 1059
2124 2 2 1 1 811 1934 593
2125 2 2 1 1 88 1181 87
2126 2 2 1 1 194 1457 193
2127 2 2 1 1 1010 1960 305
2128 2 2 1 1 1072 1327 248
2129 2 2 1 1 827 2193 1782
2130 2 2 1 1 914 1683 292
2131 2 2 1 1 552 1683 914
2132 2 2 1 1 293 1847 1684
2133 2 2 1 1 1693 1732 561
2134 2 2 1 1 722 1338 1014
2135 2 2 1 1 1392 1655 503
2136 2 2 1 1 1057 1328 404
2137 2 2 1 1 1352 2048 413
2138 2 2 1 1 219 1825 1596
2139 2 2 1 1 1572 1779 368
2140 2 2 1 1 1251 2019 830
2141 2 2 1 1 157 1765 156
2142 2 2 1 1 518 1245 1157
2143 2 2 1 1 984 1520 282
2144 2 2 1 1 486 1260 1080
2145 2 2 1 1 448 1887 919
2146 2 2 1 1 1155 1810 1251
2147 2 2 1 1 366 2054 874
2148 2 2 1 1 682 2214 996
2149 2 2 1 1 954 1529 410
2150 2 2 1 1 991 1854 587
2151 2 2 1 1 522 1509 1238
2152 2 2 1 1 1099 1620 663
2153 2 2 1 1 748 1309 1080
2154 2 2 1 1 903 1921 504
2155 2 2 1 1 1655 1713 727
2156 2 2 1 1 877 2191 545
2157 2 2 1 1 266 1562 1538
2158 2 2 1 1 145 1262 144
2159 2 2 1 1 823 1266 257
2160 2 2 1 1 476 2001 1380
2161 2 2 1 1 499 1947 1084
2162 2 2 1 1 350 2019 1251
2163 2 2 1 1 1599 1744 154
2164 2 2 1 1 490 1672 1042
2165 2 2 1 1 1483 1989 820
2166 2 2 1 1 1028 2052 363
2167 2 2 1 1 113 1265 112
2168 2 2 1 1 404 1347 1057
2169 2 2 1 1 1019 1533 275
2170 2 2 1 1 987 2104 1828
2171 2 2 1 1 990 1276 303
2172 2 2 1 1 948 1778 618
2173 2 2 1 1 413 2131 821
2174 2 2 1 1 1845 2077 1017
2175 2 2 1 1 325 1801 1445
2176 2 2 1 1 308 2190 1672
2177 2 2 1 1 206 1815 1221
2178 2 2 1 1 381 1674 910
2179 2 2 1 1 1324 1952 292
2180 2 2 1 1 667 2141 1742
2181 2 2 1 1 965 1413 651
2182 2 2 1 1 918 1952 568
2183 2 2 1 1 426 1305 1058
2184 2 2 1 1 1095 1589 254
2185 2 2 1 1 210 1299 1129
2186 2 2 1 1 743 1734 1611
2187 2 2 1 1 468 1753 979
2188 2 2 1 1 681 1940 1260
2189 2 2 1 1 1062 1305 426
2190 2 2 1 1 1046 2089 360
2191 2 2 1 1 558 1757 1717
2192 2 2 1 1 211 1724 964
2193 2 2 1 1 1129 1254 431
2194 2 2 1 1 1145 1444 620
2195 2 2 1 1 1067 1338 446
2196 2 2 1 1 1080 2171 748
2197 2 2 1 1 668 1394 1286
2198 2 2 1 1 925 1569 519
2199 2 2 1 1 951 1819 466
2200 2 2 1 1 562 1724 864
2201 2 2 1 1 654 1495 1302
2202 2 2 1 1 1113 1617 229
2203 2 2 1 1 1206 1372 613
2204 2 2 1 1 74 1286 73
2205 2 2 1 1 875 2021 1852
2206 2 2 1 1 1137 1869 684
2207 2 2 1 1 953 1902 1709
2208 2 2 1 1 1685 1952 1324
2209 2 2 1 1 52 1850 952
2210 2 2 1 1 981 1892 301
2211 2 2 1 1 672 1941 979
2212 2 2 1 1 80 1940 1112
2213 2 2 1 1 170 1198 169
2214 2 2 1 1 1114 1307 307
2215 2 2 1 1 185 1185 184
2216 2 2 1 1 163 1758 162
2217 2 2 1 1 492 2011 1278
2218 2 2 1 1 325 1428 994
2219 2 2 1 1 964 1724 562
2220 2 2 1 1 779 1942 1364
2221 2 2 1 1 202 1487 1422
2222 2 2 1 1 339 1590 922
2223 2 2 1 1 391 1633 858
2224 2 2 1 1 1022 1105 494
2225 2 2 1 1 790 1431 1212
2226 2 2 1 1 1455 1495 286
2227 2 2 1 1 1471 1777 641
2228 2 2 1 1 498 1397 960
2229 2 2 1 1 1447 1980 256
2230 2 2 1 1 1061 1812 685
2231 2 2 1 1 398 2104 987
2232 2 2 1 1 1767 2101 94
2233 2 2 1 1 60 1163 59
2234 2 2 1 1 895 1360 399
2235 2 2 1 1 906 1935 1919
2236 2 2 1 1 235 1749 852
2237 2 2 1 1 301 1270 1008
2238 2 2 1 1 961 1756 774
2239 2 2 1 1 1321 1688 290
2240 2 2 1 1 418 1838 927
2241 2 2 1 1 298 2062 1454
2242 2 2 1 1 968 2099 654
2243 2 2 1 1 8 2226 9
2244 2 2 1 1 437 1250 1249
2245 2 2 1 1 213 1486 1086
2246 2 2 1 1 665 2144 1029
2247 2 2 1 1 462 2052 1028
2248 2 2 1 1 930 1582 265
2249 2 2 1 1 931 1583 264
2250 2 2 1 1 932 1584 263
2251 2 2 1 1 916 2222 449
2252 2 2 1 1 611 1558 1370
2253 2 2 1 1 1205 1699 278
2254 2 2 1 1 647 1929 1559
2255 2 2 1 1 1534 1710 296
2256 2 2 1 1 111 1212 110
2257 2 2 1 1 977 1831 582
2258 2 2 1 1 522 2228 935
2259 2 2 1 1 1072 1314 538
2260 2 2 1 1 1181 1932 452
2261 2 2 1 1 261 2003 1068
2262 2 2 1 1 1083 1249 536
2263 2 2 1 1 657 1996 1021
2264 2 2 1 1 262 2001 1070
2265 2 2 1 1 651 2065 965
2266 2 2 1 1 490 1443 1026
2267 2 2 1 1 234 1605 1271
2268 2 2 1 1 830 1686 1251
2269 2 2 1 1 905 1556 678
2270 2 2 1 1 759 1413 965
2271 2 2 1 1 487 1312 1106
2272 2 2 1 1 1106 1312 755
2273 2 2 1 1 1872 1943 673
2274 2 2 1 1 503 1458 955
2275 2 2 1 1 1130 2212 1093
2276 2 2 1 1 919 1596 448
2277 2 2 1 1 560 1716 992
2278 2 2 1 1 738 1460 1293
2279 2 2 1 1 1289 1427 667
2280 2 2 1 1 1375 2120 440
2281 2 2 1 1 1336 1350 512
2282 2 2 1 1 888 2076 319
2283 2 2 1 1 200 1552 1016
2284 2 2 1 1 1215 2226 8
2285 2 2 1 1 1656 1697 293
2286 2 2 1 1 910 1676 381
2287 2 2 1 1 1106 2201 174
2288 2 2 1 1 1139 1144 539
2289 2 2 1 1 284 1528 997
2290 2 2 1 1 1047 1328 534
2291 2 2 1 1 692 1884 561
2292 2 2 1 1 1283 2107 1382
2293 2 2 1 1 500 1305 1062
2294 2 2 1 1 1840 1888 752
2295 2 2 1 1 527 1751 829
2296 2 2 1 1 76 1845 1017
2297 2 2 1 1 45 1726 1006
2298 2 2 1 1 1919 1935 379
2299 2 2 1 1 308 1998 1440
2300 2 2 1 1 1154 1342 424
2301 2 2 1 1 709 2026 993
2302 2 2 1 1 221 1553 903
2303 2 2 1 1 85 1226 84
2304 2 2 1 1 960 1436 498
2305 2 2 1 1 997 1377 284
2306 2 2 1 1 1156 1345 425
2307 2 2 1 1 1952 2152 292
2308 2 2 1 1 1148 1314 412
2309 2 2 1 1 1026 1443 388
2310 2 2 1 1 407 2170 966
2311 2 2 1 1 586 1855 976
2312 2 2 1 1 579 1833 980
2313 2 2 1 1 218 1530 912
2314 2 2 1 1 406 2169 967
2315 2 2 1 1 813 1913 189
2316 2 2 1 1 1312 1464 335
2317 2 2 1 1 331 1817 1123
2318 2 2 1 1 1182 1384 728
2319 2 2 1 1 332 1823 1125
2320 2 2 1 1 439 1869 1137
2321 2 2 1 1 562 1768 1000
2322 2 2 1 1 1359 2172 879
2323 2 2 1 1 260 1586 938
2324 2 2 1 1 949 2092 530
2325 2 2 1 1 1206 2062 298
2326 2 2 1 1 647 1461 957
2327 2 2 1 1 389 2063 781
2328 2 2 1 1 424 1342 1030
2329 2 2 1 1 91 1341 90
2330 2 2 1 1 425 1345 1031
2331 2 2 1 1 568 1685 1054
2332 2 2 1 1 1052 1684 569
2333 2 2 1 1 970 2184 525
2334 2 2 1 1 1908 2000 881
2335 2 2 1 1 971 2185 524
2336 2 2 1 1 1221 1568 713
2337 2 2 1 1 357 2022 1890
2338 2 2 1 1 508 1515 1035
2339 2 2 1 1 1124 1474 380
2340 2 2 1 1 1015 1531 442
2341 2 2 1 1 1387 2032 39
2342 2 2 1 1 936 1695 591
2343 2 2 1 1 1080 1309 486
2344 2 2 1 1 205 1882 1035
2345 2 2 1 1 1055 1678 530
2346 2 2 1 1 584 1551 1160
2347 2 2 1 1 1160 1551 751
2348 2 2 1 1 1187 1228 517
2349 2 2 1 1 858 1472 391
2350 2 2 1 1 1445 1801 864
2351 2 2 1 1 704 2156 960
2352 2 2 1 1 305 1960 1025
2353 2 2 1 1 755 1398 1190
2354 2 2 1 1 1190 1398 506
2355 2 2 1 1 217 2129 2012
2356 2 2 1 1 996 1503 682
2357 2 2 1 1 1300 1815 206
2358 2 2 1 1 475 2003 1393
2359 2 2 1 1 78 1539 77
2360 2 2 1 1 1106 1507 487
2361 2 2 1 1 618 1948 948
2362 2 2 1 1 608 1856 1340
2363 2 2 1 1 1864 2050 680
2364 2 2 1 1 377 1822 894
2365 2 2 1 1 943 2028 774
2366 2 2 1 1 204 1525 1027
2367 2 2 1 1 638 2008 1031
2368 2 2 1 1 1060 2070 429
2369 2 2 1 1 1162 1607 495
2370 2 2 1 1 770 1668 1598
2371 2 2 1 1 825 1756 961
2372 2 2 1 1 637 2009 1030
2373 2 2 1 1 1112 1940 681
2374 2 2 1 1 256 1677 901
2375 2 2 1 1 276 1301 1115
2376 2 2 1 1 105 1329 104
2377 2 2 1 1 996 2214 248
2378 2 2 1 1 717 1826 1665
2379 2 2 1 1 516 1579 974
2380 2 2 1 1 534 1319 1047
2381 2 2 1 1 787 1860 1736
2382 2 2 1 1 994 1428 533
2383 2 2 1 1 1422 1548 450
2384 2 2 1 1 755 2201 1106
2385 2 2 1 1 1538 1562 711
2386 2 2 1 1 1633 1840 456
2387 2 2 1 1 1303 2204 443
2388 2 2 1 1 490 1525 1443
2389 2 2 1 1 1543 1820 226
2390 2 2 1 1 489 1898 1514
2391 2 2 1 1 1541 1818 225
2392 2 2 1 1 1035 1882 414
2393 2 2 1 1 1242 2074 736
2394 2 2 1 1 1019 1376 401
2395 2 2 1 1 1228 1449 517
2396 2 2 1 1 1174 1471 457
2397 2 2 1 1 918 2152 1952
2398 2 2 1 1 393 1780 984
2399 2 2 1 1 114 1473 113
2400 2 2 1 1 979 1890 468
2401 2 2 1 1 82 1260 81
2402 2 2 1 1 1452 1981 716
2403 2 2 1 1 1233 1290 311
2404 2 2 1 1 576 1275 1179
2405 2 2 1 1 1138 1705 1381
2406 2 2 1 1 950 1531 353
2407 2 2 1 1 1203 1295 227
2408 2 2 1 1 34 2042 1379
2409 2 2 1 1 919 1829 219
2410 2 2 1 1 373 1874 898
2411 2 2 1 1 1993 2059 350
2412 2 2 1 1 1518 1533 502
2413 2 2 1 1 417 2018 948
2414 2 2 1 1 536 1487 1083
2415 2 2 1 1 1162 1777 295
2416 2 2 1 1 1293 1460 573
2417 2 2 1 1 483 2154 1360
2418 2 2 1 1 1867 2112 467
2419 2 2 1 1 1018 1520 646
2420 2 2 1 1 172 1386 171
2421 2 2 1 1 966 2170 521
2422 2 2 1 1 1326 2200 911
2423 2 2 1 1 216 1804 1015
2424 2 2 1 1 967 2169 523
2425 2 2 1 1 593 1800 811
2426 2 2 1 1 858 1633 1521
2427 2 2 1 1 1383 1711 1126
2428 2 2 1 1 1353 1413 360
2429 2 2 1 1 257 1467 823
2430 2 2 1 1 1212 1431 519
2431 2 2 1 1 426 1350 1062
2432 2 2 1 1 957 1929 647
2433 2 2 1 1 144 1470 143
2434 2 2 1 1 538 1327 1072
2435 2 2 1 1 619 1892 981
2436 2 2 1 1 877 2033 1589
2437 2 2 1 1 1852 2021 669
2438 2 2 1 1 939 1980 1447
2439 2 2 1 1 409 2184 970
2440 2 2 1 1 408 2185 971
2441 2 2 1 1 21 1731 22
2442 2 2 1 1 564 1666 959
2443 2 2 1 1 610 1333 1177
2444 2 2 1 1 302 2020 1050
2445 2 2 1 1 610 1714 1333
2446 2 2 1 1 398 1384 885
2447 2 2 1 1 199 1848 1041
2448 2 2 1 1 1598 1668 574
2449 2 2 1 1 1181 2221 698
2450 2 2 1 1 148 1451 147
2451 2 2 1 1 386 2172 1359
2452 2 2 1 1 947 1949 760
2453 2 2 1 1 1113 1465 531
2454 2 2 1 1 645 1982 928
2455 2 2 1 1 883 1879 950
2456 2 2 1 1 125 2047 870
2457 2 2 1 1 1 1585 6
2458 2 2 1 1 990 1991 377
2459 2 2 1 1 1028 1931 462
2460 2 2 1 1 683 1755 1440
2461 2 2 1 1 1347 1557 588
2462 2 2 1 1 1089 1944 406
2463 2 2 1 1 674 1944 1089
2464 2 2 1 1 1090 1943 407
2465 2 2 1 1 673 1943 1090
2466 2 2 1 1 201 1482 1066
2467 2 2 1 1 899 1877 374
2468 2 2 1 1 298 1372 1206
2469 2 2 1 1 937 1400 544
2470 2 2 1 1 153 1310 152
2471 2 2 1 1 974 1945 597
2472 2 2 1 1 941 1593 609
2473 2 2 1 1 230 1441 753
2474 2 2 1 1 995 1871 385
2475 2 2 1 1 1464 1661 335
2476 2 2 1 1 1046 1753 468
2477 2 2 1 1 964 1690 211
2478 2 2 1 1 1765 2100 156
2479 2 2 1 1 1418 1739 542
2480 2 2 1 1 432 1772 890
2481 2 2 1 1 27 1860 28
2482 2 2 1 1 1073 1300 480
2483 2 2 1 1 676 1951 1098
2484 2 2 1 1 1098 1951 409
2485 2 2 1 1 992 1901 6
2486 2 2 1 1 1007 1452 50
2487 2 2 1 1 937 1648 628
2488 2 2 1 1 594 1547 1497
2489 2 2 1 1 69 1484 68
2490 2 2 1 1 454 1325 1173
2491 2 2 1 1 301 1412 1076
2492 2 2 1 1 1049 1713 336
2493 2 2 1 1 1519 1827 255
2494 2 2 1 1 1043 2007 258
2495 2 2 1 1 1490 1920 501
2496 2 2 1 1 668 2013 1020
2497 2 2 1 1 437 2069 945
2498 2 2 1 1 1828 2104 706
2499 2 2 1 1 564 1774 935
2500 2 2 1 1 282 1625 984
2501 2 2 1 1 677 1956 1100
2502 2 2 1 1 1100 1956 408
2503 2 2 1 1 583 1718 915
2504 2 2 1 1 371 1638 1179
2505 2 2 1 1 1128 1578 642
2506 2 2 1 1 595 1905 1146
2507 2 2 1 1 1000 1768 309
2508 2 2 1 1 1216 1843 662
2509 2 2 1 1 241 1928 1200
2510 2 2 1 1 965 2065 234
2511 2 2 1 1 397 1523 1027
2512 2 2 1 1 672 2007 1043
2513 2 2 1 1 697 1991 1456
2514 2 2 1 1 247 2212 1130
2515 2 2 1 1 23 1396 1012
2516 2 2 1 1 679 2014 989
2517 2 2 1 1 375 2026 999
2518 2 2 1 1 877 2232 2033
2519 2 2 1 1 419 2038 1071
2520 2 2 1 1 742 1744 1599
2521 2 2 1 1 1131 1703 1385
2522 2 2 1 1 97 1274 96
2523 2 2 1 1 1041 1317 509
2524 2 2 1 1 459 1635 1038
2525 2 2 1 1 624 1726 1188
2526 2 2 1 1 1091 1456 303
2527 2 2 1 1 1735 1989 537
2528 2 2 1 1 491 1488 951
2529 2 2 1 1 651 1413 1353
2530 2 2 1 1 365 1374 1074
2531 2 2 1 1 121 2182 1256
2532 2 2 1 1 66 2151 1925
2533 2 2 1 1 554 1933 933
2534 2 2 1 1 178 1278 177
2535 2 2 1 1 479 2128 1510
2536 2 2 1 1 1271 1605 699
2537 2 2 1 1 776 1546 1448
2538 2 2 1 1 128 1610 127
2539 2 2 1 1 1412 2056 718
2540 2 2 1 1 1136 1704 1389
2541 2 2 1 1 848 1317 326
2542 2 2 1 1 514 1406 1102
2543 2 2 1 1 1278 2121 727
2544 2 2 1 1 184 1819 183
2545 2 2 1 1 248 2214 957
2546 2 2 1 1 625 1509 1074
2547 2 2 1 1 576 1638 1631
2548 2 2 1 1 1418 2211 1739
2549 2 2 1 1 1037 1458 503
2550 2 2 1 1 624 1967 1202
2551 2 2 1 1 560 1916 1716
2552 2 2 1 1 122 2182 121
2553 2 2 1 1 1083 1487 202
2554 2 2 1 1 933 2055 1462
2555 2 2 1 1 870 2123 124
2556 2 2 1 1 1332 1401 592
2557 2 2 1 1 1091 2034 433
2558 2 2 1 1 30 1284 31
2559 2 2 1 1 1595 1745 92
2560 2 2 1 1 670 1761 1225
2561 2 2 1 1 227 1426 1204
2562 2 2 1 1 291 1906 1101
2563 2 2 1 1 159 1282 158
2564 2 2 1 1 59 1922 58
2565 2 2 1 1 1581 2119 720
2566 2 2 1 1 1225 1761 320
2567 2 2 1 1 1040 1493 643
2568 2 2 1 1 531 1608 995
2569 2 2 1 1 520 1438 1223
2570 2 2 1 1 1223 1438 791
2571 2 2 1 1 560 1585 1087
2572 2 2 1 1 457 1519 1174
2573 2 2 1 1 165 1285 164
2574 2 2 1 1 1123 1817 632
2575 2 2 1 1 522 1865 1074
2576 2 2 1 1 1226 1479 505
2577 2 2 1 1 1208 1977 617
2578 2 2 1 1 399 1679 895
2579 2 2 1 1 553 1492 1103
2580 2 2 1 1 1103 1492 348
2581 2 2 1 1 521 2170 1003
2582 2 2 1 1 523 2169 1002
2583 2 2 1 1 1035 1515 205
2584 2 2 1 1 1125 1823 633
2585 2 2 1 1 1049 1501 492
2586 2 2 1 1 1004 2185 408
2587 2 2 1 1 1036 1999 631
2588 2 2 1 1 1005 2184 409
2589 2 2 1 1 649 1694 952
2590 2 2 1 1 1508 1880 607
2591 2 2 1 1 275 1557 1013
2592 2 2 1 1 670 2077 1845
2593 2 2 1 1 729 1533 1518
2594 2 2 1 1 1021 1689 657
2595 2 2 1 1 511 1295 1203
2596 2 2 1 1 539 1568 1139
2597 2 2 1 1 211 1690 973
2598 2 2 1 1 1015 1994 216
2599 2 2 1 1 517 1449 1094
2600 2 2 1 1 1151 1894 412
2601 2 2 1 1 1129 1532 210
2602 2 2 1 1 1210 2099 400
2603 2 2 1 1 1121 1477 482
2604 2 2 1 1 481 1475 1119
2605 2 2 1 1 1758 2095 162
2606 2 2 1 1 1020 1675 627
2607 2 2 1 1 1218 1423 757
2608 2 2 1 1 1258 1694 649
2609 2 2 1 1 249 2051 1170
2610 2 2 1 1 921 2120 1375
2611 2 2 1 1 1034 1511 229
2612 2 2 1 1 215 1664 1148
2613 2 2 1 1 912 2204 1303
2614 2 2 1 1 345 1647 1039
2615 2 2 1 1 322 1843 1216
2616 2 2 1 1 455 1856 1101
2617 2 2 1 1 1020 2013 390
2618 2 2 1 1 1228 2173 763
2619 2 2 1 1 56 1306 57
2620 2 2 1 1 906 1797 212
2621 2 2 1 1 1227 2044 423
2622 2 2 1 1 880 1988 575
2623 2 2 1 1 75 1663 74
2624 2 2 1 1 457 1471 1355
2625 2 2 1 1 1006 1851 45
2626 2 2 1 1 1286 1432 73
2627 2 2 1 1 66 1681 65
2628 2 2 1 1 533 1511 1034
2629 2 2 1 1 825 2062 1206
2630 2 2 1 1 427 2002 1045
2631 2 2 1 1 1092 1423 515
2632 2 2 1 1 1058 1904 499
2633 2 2 1 1 1370 1558 316
2634 2 2 1 1 1071 1409 220
2635 2 2 1 1 448 1415 1081
2636 2 2 1 1 1054 1626 568
2637 2 2 1 1 569 1627 1052
2638 2 2 1 1 543 1464 1033
2639 2 2 1 1 748 2171 1226
2640 2 2 1 1 1441 1645 753
2641 2 2 1 1 1075 1410 419
2642 2 2 1 1 1163 2115 835
2643 2 2 1 1 1320 1676 910
2644 2 2 1 1 1234 1404 741
2645 2 2 1 1 995 1608 290
2646 2 2 1 1 616 1966 1224
2647 2 2 1 1 1010 1634 762
2648 2 2 1 1 180 1458 1037
2649 2 2 1 1 1472 2142 391
2650 2 2 1 1 482 1684 1052
2651 2 2 1 1 1373 1927 874
2652 2 2 1 1 1054 1685 481
2653 2 2 1 1 757 1439 1217
2654 2 2 1 1 1074 1865 365
2655 2 2 1 1 1227 2187 636
2656 2 2 1 1 804 2187 1227
2657 2 2 1 1 243 1837 1322
2658 2 2 1 1 888 1897 1785
2659 2 2 1 1 410 1867 954
2660 2 2 1 1 461 1880 1508
2661 2 2 1 1 1607 1646 644
2662 2 2 1 1 506 1386 1190
2663 2 2 1 1 1104 1375 440
2664 2 2 1 1 853 1827 1519
2665 2 2 1 1 1014 2053 373
2666 2 2 1 1 510 1439 1097
2667 2 2 1 1 342 1423 1092
2668 2 2 1 1 380 1549 1124
2669 2 2 1 1 1485 1542 662
2670 2 2 1 1 254 2000 1908
2671 2 2 1 1 54 1320 55
2672 2 2 1 1 581 2059 1639
2673 2 2 1 1 482 2102 1121
2674 2 2 1 1 1119 2103 481
2675 2 2 1 1 1120 1557 275
2676 2 2 1 1 374 2056 1008
2677 2 2 1 1 1015 1804 628
2678 2 2 1 1 1246 2174 658
2679 2 2 1 1 1052 2102 482
2680 2 2 1 1 267 2043 827
2681 2 2 1 1 1142 1528 284
2682 2 2 1 1 1190 1386 172
2683 2 2 1 1 994 1801 325
2684 2 2 1 1 481 2103 1054
2685 2 2 1 1 201 1832 851
2686 2 2 1 1 610 2040 856
2687 2 2 1 1 524 2185 1004
2688 2 2 1 1 422 2036 1139
2689 2 2 1 1 525 2184 1005
2690 2 2 1 1 110 1480 109
2691 2 2 1 1 1355 1471 641
2692 2 2 1 1 1067 2020 302
2693 2 2 1 1 86 1479 85
2694 2 2 1 1 785 2111 1019
2695 2 2 1 1 1129 1299 557
2696 2 2 1 1 1545 1657 548
2697 2 2 1 1 1284 2173 31
2698 2 2 1 1 597 1418 1311
2699 2 2 1 1 1510 2128 975
2700 2 2 1 1 1012 1396 540
2701 2 2 1 1 1272 2124 782
2702 2 2 1 1 1360 2154 988
2703 2 2 1 1 1097 1439 342
2704 2 2 1 1 952 1850 716
2705 2 2 1 1 312 1725 1239
2706 2 2 1 1 1148 1664 613
2707 2 2 1 1 1071 1579 516
2708 2 2 1 1 471 1491 1118
2709 2 2 1 1 515 1423 1218
2710 2 2 1 1 1052 1627 138
2711 2 2 1 1 133 1626 1054
2712 2 2 1 1 252 2082 1157
2713 2 2 1 1 1440 1998 958
2714 2 2 1 1 650 1554 1457
2715 2 2 1 1 657 1889 1358
2716 2 2 1 1 1086 1486 594
2717 2 2 1 1 1207 2039 365
2718 2 2 1 1 1428 1511 533
2719 2 2 1 1 991 1789 375
2720 2 2 1 1 1258 1320 54
2721 2 2 1 1 1225 1591 714
2722 2 2 1 1 1096 1547 341
2723 2 2 1 1 383 1718 1147
2724 2 2 1 1 1640 2234 802
2725 2 2 1 1 1316 1472 858
2726 2 2 1 1 1103 1654 585
2727 2 2 1 1 348 1654 1103
2728 2 2 1 1 519 1480 1212
2729 2 2 1 1 1335 1630 640
2730 2 2 1 1 1013 1953 612
2731 2 2 1 1 557 1254 1129
2732 2 2 1 1 453 2072 1132
2733 2 2 1 1 859 1968 764
2734 2 2 1 1 1631 1638 688
2735 2 2 1 1 1143 1637 507
2736 2 2 1 1 1264 1864 550
2737 2 2 1 1 1200 1928 756
2738 2 2 1 1 1238 1509 313
2739 2 2 1 1 411 1849 947
2740 2 2 1 1 1094 1449 345
2741 2 2 1 1 167 1397 166
2742 2 2 1 1 1025 1960 694
2743 2 2 1 1 285 1601 1132
2744 2 2 1 1 390 1675 1020
2745 2 2 1 1 1130 2205 469
2746 2 2 1 1 512 2139 1235
2747 2 2 1 1 376 2006 1252
2748 2 2 1 1 915 1718 383
2749 2 2 1 1 1039 1647 587
2750 2 2 1 1 574 1843 1598
2751 2 2 1 1 314 2084 1111
2752 2 2 1 1 1001 1840 1633
2753 2 2 1 1 1540 2230 2141
2754 2 2 1 1 1550 1647 345
2755 2 2 1 1 1164 1662 483
2756 2 2 1 1 528 1432 1286
2757 2 2 1 1 176 1507 175
2758 2 2 1 1 229 1465 1113
2759 2 2 1 1 511 1632 1133
2760 2 2 1 1 652 1619 1395
2761 2 2 1 1 733 2231 1000
2762 2 2 1 1 588 1557 1120
2763 2 2 1 1 870 1710 1534
2764 2 2 1 1 1730 1881 732
2765 2 2 1 1 1506 2200 326
2766 2 2 1 1 66 1925 1681
2767 2 2 1 1 1061 1524 222
2768 2 2 1 1 659 1894 1151
2769 2 2 1 1 1382 1391 578
2770 2 2 1 1 432 2165 1772
2771 2 2 1 1 1182 1467 257
2772 2 2 1 1 1217 1439 510
2773 2 2 1 1 996 2233 411
2774 2 2 1 1 724 2147 991
2775 2 2 1 1 320 1591 1225
2776 2 2 1 1 558 1555 1427
2777 2 2 1 1 181 1458 180
2778 2 2 1 1 753 2110 896
2779 2 2 1 1 478 1356 1308
2780 2 2 1 1 1268 1269 705
2781 2 2 1 1 303 1876 1073
2782 2 2 1 1 32 2173 1228
2783 2 2 1 1 973 1690 514
2784 2 2 1 1 67 2151 66
2785 2 2 1 1 1362 1851 710
2786 2 2 1 1 1107 1908 881
2787 2 2 1 1 721 1624 1616
2788 2 2 1 1 566 1863 1049
2789 2 2 1 1 536 1712 1244
2790 2 2 1 1 1673 2166 359
2791 2 2 1 1 351 1571 1344
2792 2 2 1 1 611 1279 1254
2793 2 2 1 1 1000 2231 403
2794 2 2 1 1 902 1732 1693
2795 2 2 1 1 200 1964 1444
2796 2 2 1 1 910 1674 1306
2797 2 2 1 1 993 1805 216
2798 2 2 1 1 904 1984 1976
2799 2 2 1 1 1101 1906 663
2800 2 2 1 1 1139 1568 422
2801 2 2 1 1 997 1838 418
2802 2 2 1 1 590 1838 997
2803 2 2 1 1 1259 1442 396
2804 2 2 1 1 2000 2033 887
2805 2 2 1 1 1253 1790 1406
2806 2 2 1 1 229 2199 1034
2807 2 2 1 1 703 1511 1428
2808 2 2 1 1 1111 2084 678
2809 2 2 1 1 1117 2181 430
2810 2 2 1 1 266 1538 1149
2811 2 2 1 1 2108 2122 280
2812 2 2 1 1 1172 1564 389
2813 2 2 1 1 436 1938 1430
2814 2 2 1 1 20 2134 1135
2815 2 2 1 1 248 2183 996
2816 2 2 1 1 723 2160 977
2817 2 2 1 1 1666 2144 323
2818 2 2 1 1 672 1529 1048
2819 2 2 1 1 556 1435 1024
2820 2 2 1 1 1262 1470 144
2821 2 2 1 1 109 1899 108
2822 2 2 1 1 44 1726 45
2823 2 2 1 1 131 2103 1119
2824 2 2 1 1 1436 2220 498
2825 2 2 1 1 1121 2102 140
2826 2 2 1 1 1142 2041 452
2827 2 2 1 1 268 1269 1268
2828 2 2 1 1 79 1581 78
2829 2 2 1 1 911 2200 1506
2830 2 2 1 1 745 1745 1595
2831 2 2 1 1 758 2235 1421
2832 2 2 1 1 1223 1451 520
2833 2 2 1 1 1033 1691 543
2834 2 2 1 1 752 1526 1050
2835 2 2 1 1 533 1709 994
2836 2 2 1 1 64 1619 63
2837 2 2 1 1 98 1700 97
2838 2 2 1 1 1099 1752 546
2839 2 2 1 1 73 1432 72
2840 2 2 1 1 430 2181 1134
2841 2 2 1 1 1160 1600 584
2842 2 2 1 1 223 1600 1160
2843 2 2 1 1 1198 1985 169
2844 2 2 1 1 440 2120 1076
2845 2 2 1 1 584 2152 1551
2846 2 2 1 1 363 1497 1322
2847 2 2 1 1 36 1367 37
2848 2 2 1 1 230 1962 1201
2849 2 2 1 1 1422 1487 740
2850 2 2 1 1 1913 2098 189
2851 2 2 1 1 160 1734 159
2852 2 2 1 1 747 2017 1898
2853 2 2 1 1 524 1857 1110
2854 2 2 1 1 525 1858 1109
2855 2 2 1 1 189 2098 188
2856 2 2 1 1 89 2221 88
2857 2 2 1 1 1173 1498 454
2858 2 2 1 1 113 1473 1265
2859 2 2 1 1 992 1585 560
2860 2 2 1 1 980 2167 722
2861 2 2 1 1 327 1979 1004
2862 2 2 1 1 87 1853 86
2863 2 2 1 1 328 1978 1005
2864 2 2 1 1 1017 1663 75
2865 2 2 1 1 1172 1733 300
2866 2 2 1 1 246 1836 1047
2867 2 2 1 1 468 2089 1046
2868 2 2 1 1 149 1885 148
2869 2 2 1 1 269 1603 1361
2870 2 2 1 1 147 1451 1223
2871 2 2 1 1 60 1613 1163
2872 2 2 1 1 588 1795 1347
2873 2 2 1 1 1233 2191 504
2874 2 2 1 1 408 1956 1004
2875 2 2 1 1 336 1682 1049
2876 2 2 1 1 409 1951 1005
2877 2 2 1 1 1304 2022 598
2878 2 2 1 1 1047 1953 404
2879 2 2 1 1 1049 1682 566
2880 2 2 1 1 1755 2190 1440
2881 2 2 1 1 979 2007 672
2882 2 2 1 1 171 1930 170
2883 2 2 1 1 976 2192 734
2884 2 2 1 1 103 1366 102
2885 2 2 1 1 1178 1462 250
2886 2 2 1 1 61 1613 60
2887 2 2 1 1 1172 1177 577
2888 2 2 1 1 1255 1415 690
2889 2 2 1 1 1149 1538 503
2890 2 2 1 1 576 1499 1408
2891 2 2 1 1 926 2165 811
2892 2 2 1 1 699 1356 1271
2893 2 2 1 1 175 1507 1106
2894 2 2 1 1 547 1788 1158
2895 2 2 1 1 1271 1356 478
2896 2 2 1 1 752 1888 922
2897 2 2 1 1 982 2223 266
2898 2 2 1 1 924 2142 1472
2899 2 2 1 1 1124 1549 556
2900 2 2 1 1 24 1373 25
2901 2 2 1 1 403 1791 964
2902 2 2 1 1 546 1524 1061
2903 2 2 1 1 1890 2022 805
2904 2 2 1 1 852 1992 235
2905 2 2 1 1 1427 1555 667
2906 2 2 1 1 602 1806 1266
2907 2 2 1 1 1616 1624 583
2908 2 2 1 1 839 1514 1445
2909 2 2 1 1 1104 2129 217
2910 2 2 1 1 644 1646 1343
2911 2 2 1 1 1485 1843 574
2912 2 2 1 1 589 1873 986
2913 2 2 1 1 1207 1774 564
2914 2 2 1 1 296 1710 1078
2915 2 2 1 1 1226 2171 84
2916 2 2 1 1 220 1579 1071
2917 2 2 1 1 936 2202 2065
2918 2 2 1 1 1029 1666 564
2919 2 2 1 1 1128 1575 311
2920 2 2 1 1 1086 1737 213
2921 2 2 1 1 1009 2218 461
2922 2 2 1 1 277 2130 1169
2923 2 2 1 1 1430 1938 849
2924 2 2 1 1 485 1552 949
2925 2 2 1 1 1087 1585 1
2926 2 2 1 1 675 1696 1038
2927 2 2 1 1 1183 1360 895
2928 2 2 1 1 177 2011 176
2929 2 2 1 1 404 1953 1013
2930 2 2 1 1 1179 1638 576
2931 2 2 1 1 173 2201 1190
2932 2 2 1 1 1118 1974 324
2933 2 2 1 1 563 1320 1258
2934 2 2 1 1 575 1534 880
2935 2 2 1 1 507 1637 1204
2936 2 2 1 1 545 1425 1194
2937 2 2 1 1 1161 1587 228
2938 2 2 1 1 1190 2201 755
2939 2 2 1 1 1021 1996 120
2940 2 2 1 1 1006 1726 624
2941 2 2 1 1 279 1691 1033
2942 2 2 1 1 1358 1889 364
2943 2 2 1 1 750 2034 1091
2944 2 2 1 1 1340 1856 851
2945 2 2 1 1 309 1902 1122
2946 2 2 1 1 429 1987 1063
2947 2 2 1 1 1037 1655 727
2948 2 2 1 1 893 2135 1880
2949 2 2 1 1 562 1801 994
2950 2 2 1 1 395 1404 1234
2951 2 2 1 1 532 2037 1469
2952 2 2 1 1 1109 2002 427
2953 2 2 1 1 1123 1541 521
2954 2 2 1 1 1110 2005 428
2955 2 2 1 1 281 1800 1166
2956 2 2 1 1 1241 1776 470
2957 2 2 1 1 1125 1543 523
2958 2 2 1 1 1395 1619 595
2959 2 2 1 1 1359 1636 652
2960 2 2 1 1 282 1520 1018
2961 2 2 1 1 1194 1425 217
2962 2 2 1 1 428 2005 1064
2963 2 2 1 1 735 2039 1207
2964 2 2 1 1 889 1958 1923
2965 2 2 1 1 294 1391 1382
2966 2 2 1 1 575 1988 1024
2967 2 2 1 1 1203 1632 511
2968 2 2 1 1 686 1657 1545
2969 2 2 1 1 528 1861 1280
2970 2 2 1 1 1100 1611 161
2971 2 2 1 1 1218 2158 41
2972 2 2 1 1 1716 1916 824
2973 2 2 1 1 856 2045 610
2974 2 2 1 1 716 1850 1452
2975 2 2 1 1 740 1548 1422
2976 2 2 1 1 576 1631 1499
2977 2 2 1 1 1247 2069 437
2978 2 2 1 1 1194 2232 545
2979 2 2 1 1 309 2127 1000
2980 2 2 1 1 935 1865 522
2981 2 2 1 1 1891 1902 953
2982 2 2 1 1 52 1694 53
2983 2 2 1 1 1209 1920 274
2984 2 2 1 1 1098 1599 155
2985 2 2 1 1 1709 1902 309
2986 2 2 1 1 1023 2195 582
2987 2 2 1 1 622 1832 1140
2988 2 2 1 1 289 1401 1332
2989 2 2 1 1 1089 1595 93
2990 2 2 1 1 1090 1594 99
2991 2 2 1 1 1257 2129 718
2992 2 2 1 1 645 1580 1486
2993 2 2 1 1 1484 1644 68
2994 2 2 1 1 1115 1569 276
2995 2 2 1 1 731 2215 1048
2996 2 2 1 1 42 2158 1217
2997 2 2 1 1 507 1528 1142
2998 2 2 1 1 1331 1688 623
2999 2 2 1 1 1147 1532 660
3000 2 2 1 1 813 1955 908
3001 2 2 1 1 1120 1686 588
3002 2 2 1 1 567 1455 1219
3003 2 2 1 1 693 2020 1067
3004 2 2 1 1 1040 1652 924
3005 2 2 1 1 1448 1546 559
3006 2 2 1 1 838 2128 1313
3007 2 2 1 1 544 2010 937
3008 2 2 1 1 1510 1562 266
3009 2 2 1 1 579 2207 1023
3010 2 2 1 1 397 1755 1318
3011 2 2 1 1 1290 1403 311
3012 2 2 1 1 1034 2199 696
3013 2 2 1 1 537 1737 1086
3014 2 2 1 1 388 1870 1026
3015 2 2 1 1 1189 1826 555
3016 2 2 1 1 1232 1460 420
3017 2 2 1 1 1339 2004 324
3018 2 2 1 1 781 1844 283
3019 2 2 1 1 1410 1476 535
3020 2 2 1 1 350 2059 1399
3021 2 2 1 1 140 2102 139
3022 2 2 1 1 132 2103 131
3023 2 2 1 1 1287 1420 239
3024 2 2 1 1 1204 1426 507
3025 2 2 1 1 1112 1581 79
3026 2 2 1 1 1505 1729 701
3027 2 2 1 1 1073 1876 614
3028 2 2 1 1 1365 1651 421
3029 2 2 1 1 1976 1984 698
3030 2 2 1 1 587 1647 1044
3031 2 2 1 1 466 1489 1171
3032 2 2 1 1 728 1886 1842
3033 2 2 1 1 19 2134 20
3034 2 2 1 1 1032 2082 849
3035 2 2 1 1 1785 1897 376
3036 2 2 1 1 492 1713 1049
3037 2 2 1 1 1045 2002 632
3038 2 2 1 1 1000 2127 733
3039 2 2 1 1 1313 2128 479
3040 2 2 1 1 1099 2138 382
3041 2 2 1 1 1403 1578 311
3042 2 2 1 1 1346 1563 803
3043 2 2 1 1 1359 1395 386
3044 2 2 1 1 1019 2111 1533
3045 2 2 1 1 719 1931 1028
3046 2 2 1 1 430 1614 1117
3047 2 2 1 1 1147 1891 383
3048 2 2 1 1 1265 1500 790
3049 2 2 1 1 552 1500 1265
3050 2 2 1 1 1167 1501 279
3051 2 2 1 1 51 1850 52
3052 2 2 1 1 295 1607 1162
3053 2 2 1 1 1030 2009 424
3054 2 2 1 1 1031 2008 425
3055 2 2 1 1 254 1908 1095
3056 2 2 1 1 2055 2145 1199
3057 2 2 1 1 1029 2144 1666
3058 2 2 1 1 791 1492 1262
3059 2 2 1 1 1262 1492 553
3060 2 2 1 1 812 2122 2108
3061 2 2 1 1 390 2077 1225
3062 2 2 1 1 1177 2040 610
3063 2 2 1 1 1168 1766 418
3064 2 2 1 1 908 1955 299
3065 2 2 1 1 349 2124 1272
3066 2 2 1 1 1344 1571 671
3067 2 2 1 1 497 2217 1453
3068 2 2 1 1 1173 1485 574
3069 2 2 1 1 941 1928 241
3070 2 2 1 1 1122 1902 660
3071 2 2 1 1 178 2121 1278
3072 2 2 1 1 598 2022 1769
3073 2 2 1 1 902 1693 71
3074 2 2 1 1 416 1687 1390
3075 2 2 1 1 423 1999 1036
3076 2 2 1 1 1617 2199 229
3077 2 2 1 1 215 2075 1363
3078 2 2 1 1 1260 1940 81
3079 2 2 1 1 154 1744 153
3080 2 2 1 1 710 1851 1006
3081 2 2 1 1 945 2069 1621
3082 2 2 1 1 1192 1326 315
3083 2 2 1 1 511 2058 1295
3084 2 2 1 1 1202 1967 1535
3085 2 2 1 1 214 1671 1057
3086 2 2 1 1 365 1774 1207
3087 2 2 1 1 1365 2161 241
3088 2 2 1 1 1483 1639 288
3089 2 2 1 1 1864 2140 550
3090 2 2 1 1 461 2218 893
3091 2 2 1 1 1461 2162 412
3092 2 2 1 1 504 1589 1095
3093 2 2 1 1 415 1686 1120
3094 2 2 1 1 470 1776 1307
3095 2 2 1 1 1157 2204 518
3096 2 2 1 1 1166 1968 281
3097 2 2 1 1 1051 2143 751
3098 2 2 1 1 433 2034 1466
3099 2 2 1 1 365 2039 1374
3100 2 2 1 1 463 2146 934
3101 2 2 1 1 1679 1939 480
3102 2 2 1 1 1132 1601 511
3103 2 2 1 1 583 1624 1184
3104 2 2 1 1 250 2055 1199
3105 2 2 1 1 1330 1444 484
3106 2 2 1 1 1063 1987 634
3107 2 2 1 1 1103 1656 553
3108 2 2 1 1 1224 1966 1536
3109 2 2 1 1 937 2010 1648
3110 2 2 1 1 532 1403 1290
3111 2 2 1 1 1443 1525 797
3112 2 2 1 1 1638 1773 688
3113 2 2 1 1 1716 2166 992
3114 2 2 1 1 1537 1977 1208
3115 2 2 1 1 1235 1723 512
3116 2 2 1 1 1048 1941 672
3117 2 2 1 1 1261 1317 848
3118 2 2 1 1 244 1808 959
3119 2 2 1 1 991 2147 1854
3120 2 2 1 1 1253 1791 403
3121 2 2 1 1 448 1596 1415
3122 2 2 1 1 324 1784 1118
3123 2 2 1 1 1259 1292 251
3124 2 2 1 1 454 1498 1196
3125 2 2 1 1 911 1706 315
3126 2 2 1 1 1746 1827 853
3127 2 2 1 1 422 1961 1010
3128 2 2 1 1 1445 1514 325
3129 2 2 1 1 1357 1576 354
3130 2 2 1 1 950 1879 762
3131 2 2 1 1 1153 1728 255
3132 2 2 1 1 757 2158 1218
3133 2 2 1 1 313 1878 1516
3134 2 2 1 1 464 1848 1504
3135 2 2 1 1 1071 2038 1409
3136 2 2 1 1 1171 1489 346
3137 2 2 1 1 254 2033 2000
3138 2 2 1 1 239 2078 909
3139 2 2 1 1 1064 2005 633
3140 2 2 1 1 369 2029 1193
3141 2 2 1 1 337 2023 1309
3142 2 2 1 1 569 1847 1051
3143 2 2 1 1 210 1532 1147
3144 2 2 1 1 1212 1480 110
3145 2 2 1 1 1217 2158 757
3146 2 2 1 1 1189 2122 435
3147 2 2 1 1 1133 1632 334
3148 2 2 1 1 324 2004 1784
3149 2 2 1 1 1148 2075 215
3150 2 2 1 1 45 1851 46
3151 2 2 1 1 1976 2221 89
3152 2 2 1 1 1382 1971 294
3153 2 2 1 1 1323 1656 293
3154 2 2 1 1 412 1894 1148
3155 2 2 1 1 504 2191 1589
3156 2 2 1 1 582 1831 1023
3157 2 2 1 1 1322 1497 639
3158 2 2 1 1 1249 1250 592
3159 2 2 1 1 577 1564 1172
3160 2 2 1 1 1619 1905 595
3161 2 2 1 1 777 2230 1540
3162 2 2 1 1 977 2160 1831
3163 2 2 1 1 1778 2234 618
3164 2 2 1 1 571 1661 1127
3165 2 2 1 1 891 2161 1365
3166 2 2 1 1 85 1479 1226
3167 2 2 1 1 535 1587 1161
3168 2 2 1 1 1279 1437 268
3169 2 2 1 1 1085 2217 497
3170 2 2 1 1 981 1743 420
3171 2 2 1 1 1404 2085 741
3172 2 2 1 1 333 1637 1143
3173 2 2 1 1 1219 1559 567
3174 2 2 1 1 1035 1544 508
3175 2 2 1 1 1023 1833 579
3176 2 2 1 1 591 1728 1153
3177 2 2 1 1 224 1904 1058
3178 2 2 1 1 2065 2202 234
3179 2 2 1 1 782 1797 1272
3180 2 2 1 1 574 1498 1173
3181 2 2 1 1 1146 1905 1681
3182 2 2 1 1 201 1653 1140
3183 2 2 1 1 586 1658 1094
3184 2 2 1 1 630 2070 1060
3185 2 2 1 1 553 1470 1262
3186 2 2 1 1 700 1794 1053
3187 2 2 1 1 615 1746 1272
3188 2 2 1 1 1066 2196 201
3189 2 2 1 1 1091 1727 750
3190 2 2 1 1 1174 1926 1471
3191 2 2 1 1 1923 1958 684
3192 2 2 1 1 1140 1832 201
3193 2 2 1 1 63 1421 62
3194 2 2 1 1 548 1657 1235
3195 2 2 1 1 611 1437 1279
3196 2 2 1 1 1086 1735 537
3197 2 2 1 1 6 1901 7
3198 2 2 1 1 948 1948 1267
3199 2 2 1 1 987 1886 728
3200 2 2 1 1 1459 1478 306
3201 2 2 1 1 1057 1671 578
3202 2 2 1 1 1833 2167 980
3203 2 2 1 1 513 1472 1316
3204 2 2 1 1 498 2220 1088
3205 2 2 1 1 1092 1659 582
3206 2 2 1 1 994 1768 562
3207 2 2 1 1 707 1489 1201
3208 2 2 1 1 1855 2192 976
3209 2 2 1 1 1343 1674 381
3210 2 2 1 1 1126 1711 631
3211 2 2 1 1 1249 1401 536
3212 2 2 1 1 744 1918 1068
3213 2 2 1 1 1092 2195 342
3214 2 2 1 1 1194 1650 441
3215 2 2 1 1 1179 1275 267
3216 2 2 1 1 745 1917 1070
3217 2 2 1 1 1536 1658 273
3218 2 2 1 1 1068 2003 475
3219 2 2 1 1 1247 1787 599
3220 2 2 1 1 1070 2001 476
3221 2 2 1 1 615 1827 1746
3222 2 2 1 1 1486 1580 594
3223 2 2 1 1 1265 1473 552
3224 2 2 1 1 691 1974 1118
3225 2 2 1 1 1077 1903 329
3226 2 2 1 1 1084 1869 439
3227 2 2 1 1 743 1911 1079
3228 2 2 1 1 871 2006 376
3229 2 2 1 1 638 1703 1131
3230 2 2 1 1 329 1965 1077
3231 2 2 1 1 123 1435 122
3232 2 2 1 1 466 1819 1185
3233 2 2 1 1 1408 1499 306
3234 2 2 1 1 637 1704 1136
3235 2 2 1 1 582 2195 1092
3236 2 2 1 1 1239 1725 496
3237 2 2 1 1 1352 1613 61
3238 2 2 1 1 742 1910 1082
3239 2 2 1 1 342 2207 1097
3240 2 2 1 1 579 1660 1097
3241 2 2 1 1 8 1702 1215
3242 2 2 1 1 636 1705 1138
3243 2 2 1 1 1216 1593 322
3244 2 2 1 1 1596 1825 690
3245 2 2 1 1 526 1467 1182
3246 2 2 1 1 358 1740 1518
3247 2 2 1 1 1076 2120 754
3248 2 2 1 1 1202 1535 270
3249 2 2 1 1 1039 1855 586
3250 2 2 1 1 587 1854 1039
3251 2 2 1 1 192 1333 191
3252 2 2 1 1 1625 1934 811
3253 2 2 1 1 1394 1861 528
3254 2 2 1 1 1084 1947 330
3255 2 2 1 1 1042 1755 397
3256 2 2 1 1 984 1625 432
3257 2 2 1 1 1193 2000 887
3258 2 2 1 1 1311 1418 542
3259 2 2 1 1 1144 2116 767
3260 2 2 1 1 92 1745 91
3261 2 2 1 1 1122 2127 309
3262 2 2 1 1 585 1654 1565
3263 2 2 1 1 1565 1654 712
3264 2 2 1 1 1279 1798 431
3265 2 2 1 1 1273 2112 537
3266 2 2 1 1 1182 2098 526
3267 2 2 1 1 754 1743 1076
3268 2 2 1 1 1102 2096 551
3269 2 2 1 1 1681 1925 593
3270 2 2 1 1 699 1946 1356
3271 2 2 1 1 561 1732 923
3272 2 2 1 1 831 2059 1993
3273 2 2 1 1 1812 1990 685
3274 2 2 1 1 1097 2207 579
3275 2 2 1 1 1078 1710 549
3276 2 2 1 1 660 1902 1891
3277 2 2 1 1 1105 1424 494
3278 2 2 1 1 1140 2205 622
3279 2 2 1 1 1135 1814 20
3280 2 2 1 1 1186 1747 601
3281 2 2 1 1 1238 1729 394
3282 2 2 1 1 58 1922 1364
3283 2 2 1 1 1733 2030 596
3284 2 2 1 1 1224 1536 273
3285 2 2 1 1 1574 2054 600
3286 2 2 1 1 599 2069 1247
3287 2 2 1 1 893 1880 461
3288 2 2 1 1 1403 1469 665
3289 2 2 1 1 1242 1834 878
3290 2 2 1 1 694 1961 1221
3291 2 2 1 1 1089 2101 674
3292 2 2 1 1 629 1478 1459
3293 2 2 1 1 590 2058 1838
3294 2 2 1 1 1522 1792 600
3295 2 2 1 1 643 1652 1040
3296 2 2 1 1 242 2116 1144
3297 2 2 1 1 1535 1660 270
3298 2 2 1 1 271 1537 1208
3299 2 2 1 1 225 1818 1109
3300 2 2 1 1 407 2133 1090
3301 2 2 1 1 406 2132 1089
3302 2 2 1 1 1233 1575 545
3303 2 2 1 1 226 1820 1110
3304 2 2 1 1 271 1659 1537
3305 2 2 1 1 701 1729 1516
3306 2 2 1 1 1276 1876 303
3307 2 2 1 1 255 1827 1153
3308 2 2 1 1 578 1671 1283
3309 2 2 1 1 259 1973 1374
3310 2 2 1 1 377 1991 1214
3311 2 2 1 1 901 1981 1371
3312 2 2 1 1 759 2203 1046
3313 2 2 1 1 1184 1909 583
3314 2 2 1 1 1869 1923 684
3315 2 2 1 1 435 1826 1189
3316 2 2 1 1 576 1408 1275
3317 2 2 1 1 1098 2100 676
3318 2 2 1 1 593 1934 1146
3319 2 2 1 1 161 1611 160
3320 2 2 1 1 409 2125 1098
3321 2 2 1 1 280 2122 1189
3322 2 2 1 1 1017 2077 2013
3323 2 2 1 1 555 1963 1289
3324 2 2 1 1 1048 2178 236
3325 2 2 1 1 1772 2165 926
3326 2 2 1 1 1109 1858 225
3327 2 2 1 1 1110 1857 226
3328 2 2 1 1 26 1574 27
3329 2 2 1 1 504 1921 1290
3330 2 2 1 1 408 2136 1100
3331 2 2 1 1 564 1604 1029
3332 2 2 1 1 1100 2095 677
3333 2 2 1 1 249 2174 1246
3334 2 2 1 1 2013 2077 390
3335 2 2 1 1 494 1502 1022
3336 2 2 1 1 1180 1849 411
3337 2 2 1 1 71 1693 70
3338 2 2 1 1 1630 1839 640
3339 2 2 1 1 1299 1606 557
3340 2 2 1 1 136 1512 135
3341 2 2 1 1 1264 2126 589
3342 2 2 1 1 62 2235 61
3343 2 2 1 1 1513 1957 387
3344 2 2 1 1 1296 1780 393
3345 2 2 1 1 155 1599 154
3346 2 2 1 1 933 1933 396
3347 2 2 1 1 788 2166 1673
3348 2 2 1 1 508 1631 1515
3349 2 2 1 1 496 1749 1239
3350 2 2 1 1 835 2115 413
3351 2 2 1 1 1542 1602 662
3352 2 2 1 1 563 1688 1331
3353 2 2 1 1 1465 2017 747
3354 2 2 1 1 516 2181 1117
3355 2 2 1 1 412 2162 1151
3356 2 2 1 1 1852 2023 337
3357 2 2 1 1 279 1863 1165
3358 2 2 1 1 1201 1489 466
3359 2 2 1 1 228 1698 1168
3360 2 2 1 1 1272 1746 349
3361 2 2 1 1 1252 1785 376
3362 2 2 1 1 948 2018 1664
3363 2 2 1 1 204 1563 1346
3364 2 2 1 1 1518 1740 729
3365 2 2 1 1 766 2148 1411
3366 2 2 1 1 1294 1900 379
3367 2 2 1 1 1415 1596 690
3368 2 2 1 1 566 2038 1165
3369 2 2 1 1 924 1652 287
3370 2 2 1 1 802 2234 1778
3371 2 2 1 1 1838 2058 927
3372 2 2 1 1 120 1996 119
3373 2 2 1 1 1205 1614 681
3374 2 2 1 1 772 1524 1468
3375 2 2 1 1 1601 2058 511
3376 2 2 1 1 1240 1526 445
3377 2 2 1 1 500 1715 1305
3378 2 2 1 1 99 1594 98
3379 2 2 1 1 301 1892 1270
3380 2 2 1 1 93 1595 92
3381 2 2 1 1 989 1368 488
3382 2 2 1 1 1307 1776 449
3383 2 2 1 1 349 2137 1468
3384 2 2 1 1 223 1723 1235
3385 2 2 1 1 1859 1934 282
3386 2 2 1 1 660 1891 1147
3387 2 2 1 1 643 1835 1652
3388 2 2 1 1 573 1460 1232
3389 2 2 1 1 1420 2030 780
3390 2 2 1 1 1201 1962 707
3391 2 2 1 1 1689 2043 267
3392 2 2 1 1 1613 2115 1163
3393 2 2 1 1 960 2156 1436
3394 2 2 1 1 1050 2083 456
3395 2 2 1 1 11 1747 1186
3396 2 2 1 1 700 1639 1483
3397 2 2 1 1 1371 1981 458
3398 2 2 1 1 1184 1624 421
3399 2 2 1 1 371 1773 1638
3400 2 2 1 1 840 1971 1382
3401 2 2 1 1 247 1561 1250
3402 2 2 1 1 188 1842 187
3403 2 2 1 1 373 2053 1248
3404 2 2 1 1 1333 1714 191
3405 2 2 1 1 876 1446 1357
3406 2 2 1 1 1119 2179 131
3407 2 2 1 1 140 2177 1121
3408 2 2 1 1 1468 2137 772
3409 2 2 1 1 1606 2189 557
3410 2 2 1 1 139 2102 1052
3411 2 2 1 1 1459 1499 508
3412 2 2 1 1 600 1792 1736
3413 2 2 1 1 1166 1800 593
3414 2 2 1 1 1054 2103 132
3415 2 2 1 1 503 1538 1392
3416 2 2 1 1 985 1939 1679
3417 2 2 1 1 654 2099 1210
3418 2 2 1 1 1577 1882 205
3419 2 2 1 1 1302 1495 540
3420 2 2 1 1 1466 2034 844
3421 2 2 1 1 191 1714 190
3422 2 2 1 1 667 1555 1540
3423 2 2 1 1 1998 2227 958
3424 2 2 1 1 1251 1686 415
3425 2 2 1 1 1335 1542 310
3426 2 2 1 1 483 1360 1183
3427 2 2 1 1 382 2138 2081
3428 2 2 1 1 108 1899 1137
3429 2 2 1 1 252 2150 1430
3430 2 2 1 1 1141 1885 149
3431 2 2 1 1 532 1469 1403
3432 2 2 1 1 253 1424 1105
3433 2 2 1 1 1133 1937 453
3434 2 2 1 1 814 2112 1867
3435 2 2 1 1 1028 1837 719
3436 2 2 1 1 480 1727 1073
3437 2 2 1 1 1259 1933 554
3438 2 2 1 1 665 1578 1403
3439 2 2 1 1 736 1814 1135
3440 2 2 1 1 1266 1806 257
3441 2 2 1 1 1622 1708 621
3442 2 2 1 1 207 2228 1069
3443 2 2 1 1 401 1834 1242
3444 2 2 1 1 665 1609 1578
3445 2 2 1 1 1134 2119 430
3446 2 2 1 1 1257 2056 374
3447 2 2 1 1 187 1886 186
3448 2 2 1 1 452 1932 1143
3449 2 2 1 1 1263 2045 299
3450 2 2 1 1 613 2018 1206
3451 2 2 1 1 1552 2092 949
3452 2 2 1 1 1516 1878 852
3453 2 2 1 1 652 1395 1359
3454 2 2 1 1 366 1927 1559
3455 2 2 1 1 823 1467 1297
3456 2 2 1 1 356 2230 1621
3457 2 2 1 1 1591 1701 714
3458 2 2 1 1 321 1841 1692
3459 2 2 1 1 671 1830 1463
3460 2 2 1 1 640 1602 1542
3461 2 2 1 1 311 1575 1233
3462 2 2 1 1 1146 1859 595
3463 2 2 1 1 295 1646 1607
3464 2 2 1 1 381 1676 1331
3465 2 2 1 1 1388 1688 563
3466 2 2 1 1 570 1849 1180
3467 2 2 1 1 1401 1712 536
3468 2 2 1 1 1831 2160 231
3469 2 2 1 1 1653 2180 1140
3470 2 2 1 1 1468 1524 546
3471 2 2 1 1 1357 1446 529
3472 2 2 1 1 1135 2134 785
3473 2 2 1 1 219 1829 1196
3474 2 2 1 1 1343 1646 565
3475 2 2 1 1 1450 1622 621
3476 2 2 1 1 441 2232 1194
3477 2 2 1 1 1252 2006 859
3478 2 2 1 1 597 1701 1591
3479 2 2 1 1 1093 2212 777
3480 2 2 1 1 834 1821 1804
3481 2 2 1 1 514 1791 1253
3482 2 2 1 1 237 1597 1296
3483 2 2 1 1 455 2145 1482
3484 2 2 1 1 551 1462 1178
3485 2 2 1 1 58 1942 2
3486 2 2 1 1 1153 1900 591
3487 2 2 1 1 1421 2235 62
3488 2 2 1 1 486 1699 1205
3489 2 2 1 1 653 1573 1567
3490 2 2 1 1 1241 1964 200
3491 2 2 1 1 231 2167 1833
3492 2 2 1 1 642 1754 1128
3493 2 2 1 1 1151 2162 647
3494 2 2 1 1 1319 1560 765
3495 2 2 1 1 185 1828 1185
3496 2 2 1 1 542 1739 1562
3497 2 2 1 1 1523 1786 786
3498 2 2 1 1 1118 2046 691
3499 2 2 1 1 403 2231 1268
3500 2 2 1 1 661 1651 1365
3501 2 2 1 1 1235 1657 223
3502 2 2 1 1 1180 1805 570
3503 2 2 1 1 1878 1992 852
3504 2 2 1 1 1214 1991 697
3505 2 2 1 1 1496 1618 645
3506 2 2 1 1 1406 2096 1102
3507 2 2 1 1 1213 1878 313
3508 2 2 1 1 770 1825 1668
3509 2 2 1 1 1578 1609 642
3510 2 2 1 1 1539 1761 670
3511 2 2 1 1 1165 1863 566
3512 2 2 1 1 2 1942 130
3513 2 2 1 1 65 1905 64
3514 2 2 1 1 1562 1739 711
3515 2 2 1 1 605 1822 1214
3516 2 2 1 1 1273 1989 288
3517 2 2 1 1 600 1860 1574
3518 2 2 1 1 521 1541 1342
3519 2 2 1 1 984 1780 1520
3520 2 2 1 1 523 1543 1345
3521 2 2 1 1 1153 1827 615
3522 2 2 1 1 1196 1829 550
3523 2 2 1 1 236 2178 1730
3524 2 2 1 1 720 1761 1539
3525 2 2 1 1 509 2117 1041
3526 2 2 1 1 1221 1961 422
3527 2 2 1 1 1232 2198 238
3528 2 2 1 1 1474 2206 380
3529 2 2 1 1 1318 1755 683
3530 2 2 1 1 134 1626 133
3531 2 2 1 1 138 1627 137
3532 2 2 1 1 726 1708 1622
3533 2 2 1 1 597 1945 1418
3534 2 2 1 1 545 2191 1233
3535 2 2 1 1 1225 2077 670
3536 2 2 1 1 282 1934 1625
3537 2 2 1 1 1176 1998 308
3538 2 2 1 1 1653 2196 695
3539 2 2 1 1 1146 1681 593
3540 2 2 1 1 565 1646 1369
3541 2 2 1 1 1273 2118 467
3542 2 2 1 1 413 1613 1352
3543 2 2 1 1 663 1906 1099
3544 2 2 1 1 1399 1450 621
3545 2 2 1 1 1202 1907 624
3546 2 2 1 1 622 2205 1130
3547 2 2 1 1 1748 1758 807
3548 2 2 1 1 677 1758 1748
3549 2 2 1 1 7 1702 8
3550 2 2 1 1 1668 1825 219
3551 2 2 1 1 1185 1828 706
3552 2 2 1 1 465 1644 1484
3553 2 2 1 1 359 1926 1174
3554 2 2 1 1 1378 1573 280
3555 2 2 1 1 1842 1886 187
3556 2 2 1 1 232 2192 1855
3557 2 2 1 1 1309 2023 486
3558 2 2 1 1 1214 1822 377
3559 2 2 1 1 15 1846 16
3560 2 2 1 1 18 1707 19
3561 2 2 1 1 396 2219 1066
3562 2 2 1 1 1750 1765 809
3563 2 2 1 1 676 1765 1750
3564 2 2 1 1 1248 2053 715
3565 2 2 1 1 396 1933 1259
3566 2 2 1 1 749 2174 1959
3567 2 2 1 1 1356 1946 344
3568 2 2 1 1 1244 1712 602
3569 2 2 1 1 609 1593 1216
3570 2 2 1 1 1197 1517 527
3571 2 2 1 1 726 1622 1344
3572 2 2 1 1 711 1936 1392
3573 2 2 1 1 869 1454 1400
3574 2 2 1 1 1854 2147 232
3575 2 2 1 1 1891 1954 383
3576 2 2 1 1 1250 1561 592
3577 2 2 1 1 124 2123 123
3578 2 2 1 1 1348 1707 18
3579 2 2 1 1 1392 1936 336
3580 2 2 1 1 292 2152 1494
3581 2 2 1 1 443 2204 1157
3582 2 2 1 1 300 2040 1177
3583 2 2 1 1 1158 1788 213
3584 2 2 1 1 732 1810 1155
3585 2 2 1 1 1200 1897 888
3586 2 2 1 1 645 1618 1580
3587 2 2 1 1 1280 1432 528
3588 2 2 1 1 1243 1677 818
3589 2 2 1 1 1165 2038 419
3590 2 2 1 1 596 1420 1287
3591 2 2 1 1 442 1634 1236
3592 2 2 1 1 1297 1467 526
3593 2 2 1 1 1407 1692 601
3594 2 2 1 1 787 1736 1490
3595 2 2 1 1 251 2210 1261
3596 2 2 1 1 1318 2028 943
3597 2 2 1 1 1181 1853 87
3598 2 2 1 1 1374 2039 773
3599 2 2 1 1 1319 2186 246
3600 2 2 1 1 1567 1618 653
3601 2 2 1 1 1730 2178 954
3602 2 2 1 1 1145 2210 251
3603 2 2 1 1 1018 1859 282
3604 2 2 1 1 239 1830 1287
3605 2 2 1 1 1379 1779 798
3606 2 2 1 1 674 1767 1760
3607 2 2 1 1 1760 1767 808
3608 2 2 1 1 959 1808 1207
3609 2 2 1 1 718 2056 1257
3610 2 2 1 1 1390 1623 416
3611 2 2 1 1 116 2179 1119
3612 2 2 1 1 580 1630 1335
3613 2 2 1 1 594 2088 1086
3614 2 2 1 1 1169 2130 520
3615 2 2 1 1 795 1764 1387
3616 2 2 1 1 1294 2202 936
3617 2 2 1 1 1567 1573 603
3618 2 2 1 1 953 1954 1891
3619 2 2 1 1 1121 2177 141
3620 2 2 1 1 257 1806 1384
3621 2 2 1 1 10 1747 11
3622 2 2 1 1 1555 1717 338
3623 2 2 1 1 1327 2183 248
3624 2 2 1 1 1407 2226 737
3625 2 2 1 1 1206 2018 417
3626 2 2 1 1 563 1676 1320
3627 2 2 1 1 336 1655 1392
3628 2 2 1 1 698 1984 1932
3629 2 2 1 1 737 1692 1407
3630 2 2 1 1 648 1606 1299
3631 2 2 1 1 728 1842 1182
3632 2 2 1 1 1369 1916 560
3633 2 2 1 1 210 1909 1184
3634 2 2 1 1 1392 1538 711
3635 2 2 1 1 539 2067 1164
3636 2 2 1 1 1408 1696 635
3637 2 2 1 1 1645 1759 289
3638 2 2 1 1 598 1895 1416
3639 2 2 1 1 1193 2029 493
3640 2 2 1 1 469 2180 1326
3641 2 2 1 1 601 1997 1186
3642 2 2 1 1 141 2177 5
3643 2 2 1 1 1248 1874 373
3644 2 2 1 1 20 1814 21
3645 2 2 1 1 581 1450 1399
3646 2 2 1 1 1327 1629 769
3647 2 2 1 1 603 1573 1378
3648 2 2 1 1 1628 1895 598
3649 2 2 1 1 1632 1813 334
3650 2 2 1 1 479 2223 1419
3651 2 2 1 1 1270 1741 446
3652 2 2 1 1 1587 2021 875
3653 2 2 1 1 1185 1819 184
3654 2 2 1 1 3 2179 116
3655 2 2 1 1 12 1783 13
3656 2 2 1 1 436 2050 1175
3657 2 2 1 1 606 1874 1248
3658 2 2 1 1 733 2127 1122
3659 2 2 1 1 369 2149 1764
3660 2 2 1 1 97 1700 1274
3661 2 2 1 1 101 1811 100
3662 2 2 1 1 1380 1984 904
3663 2 2 1 1 592 1401 1249
3664 2 2 1 1 216 1805 1180
3665 2 2 1 1 540 1495 1455
3666 2 2 1 1 1214 2229 605
3667 2 2 1 1 1257 1877 604
3668 2 2 1 1 821 2131 1493
3669 2 2 1 1 1739 1936 711
3670 2 2 1 1 1213 1670 679
3671 2 2 1 1 339 2080 1590
3672 2 2 1 1 1066 2219 2196
3673 2 2 1 1 444 1738 1276
3674 2 2 1 1 1191 2032 617
3675 2 2 1 1 48 1862 49
3676 2 2 1 1 1896 2120 921
3677 2 2 1 1 333 1824 1637
3678 2 2 1 1 565 1674 1343
3679 2 2 1 1 374 1877 1257
3680 2 2 1 1 1049 1863 1501
3681 2 2 1 1 1738 1876 1276
3682 2 2 1 1 865 1936 1739
3683 2 2 1 1 1710 2047 549
3684 2 2 1 1 77 1845 76
3685 2 2 1 1 1400 1454 544
3686 2 2 1 1 1779 2164 368
3687 2 2 1 1 1804 1821 628
3688 2 2 1 1 770 1598 1411
3689 2 2 1 1 1147 1909 210
3690 2 2 1 1 1331 1676 563
3691 2 2 1 1 1510 2223 479
3692 2 2 1 1 299 1955 1263
3693 2 2 1 1 615 1919 1153
3694 2 2 1 1 958 2227 1635
3695 2 2 1 1 88 2221 1181
3696 2 2 1 1 1490 1736 318
3697 2 2 1 1 767 2206 1144
3698 2 2 1 1 431 1798 1122
3699 2 2 1 1 447 1771 1315
3700 2 2 1 1 765 2186 1319
3701 2 2 1 1 297 1662 1164
3702 2 2 1 1 905 2084 1670
3703 2 2 1 1 240 2028 1318
3704 2 2 1 1 1289 1742 555
3705 2 2 1 1 170 1930 1198
3706 2 2 1 1 1376 1834 401
3707 2 2 1 1 1188 1967 624
3708 2 2 1 1 1579 1945 974
3709 2 2 1 1 640 1839 1781
3710 2 2 1 1 501 1920 1209
3711 2 2 1 1 304 1701 1311
3712 2 2 1 1 769 2183 1327
3713 2 2 1 1 616 2042 1187
3714 2 2 1 1 640 1542 1335
3715 2 2 1 1 658 1785 1252
3716 2 2 1 1 1251 1810 350
3717 2 2 1 1 159 1734 1282
3718 2 2 1 1 288 2118 1273
3719 2 2 1 1 1122 1798 733
3720 2 2 1 1 1371 1873 256
3721 2 2 1 1 443 1770 1303
3722 2 2 1 1 889 1923 1383
3723 2 2 1 1 64 1905 1619
3724 2 2 1 1 1540 1555 338
3725 2 2 1 1 592 2146 1332
3726 2 2 1 1 707 1962 897
3727 2 2 1 1 517 1966 1187
3728 2 2 1 1 1204 1986 227
3729 2 2 1 1 634 1986 1204
3730 2 2 1 1 604 2012 1257
3731 2 2 1 1 1270 1892 1741
3732 2 2 1 1 1781 1839 846
3733 2 2 1 1 1016 1776 1241
3734 2 2 1 1 1424 1615 494
3735 2 2 1 1 641 1866 1355
3736 2 2 1 1 351 1622 1450
3737 2 2 1 1 1384 1806 885
3738 2 2 1 1 292 1683 1324
3739 2 2 1 1 1207 1808 735
3740 2 2 1 1 1323 1684 482
3741 2 2 1 1 1303 1770 606
3742 2 2 1 1 1187 1966 616
3743 2 2 1 1 481 1685 1324
3744 2 2 1 1 1457 1721 650
3745 2 2 1 1 1263 1714 610
3746 2 2 1 1 749 2159 1011
3747 2 2 1 1 1478 2109 459
3748 2 2 1 1 1344 1622 351
3749 2 2 1 1 297 1988 1662
3750 2 2 1 1 617 1977 1191
3751 2 2 1 1 988 2155 296
3752 2 2 1 1 1504 1848 778
3753 2 2 1 1 758 2048 1352
3754 2 2 1 1 1315 1771 605
3755 2 2 1 1 1600 1657 686
3756 2 2 1 1 223 1657 1600
3757 2 2 1 1 317 1864 1264
3758 2 2 1 1 1772 2057 387
3759 2 2 1 1 557 1558 1254
3760 2 2 1 1 754 2120 1896
3761 2 2 1 1 1898 2017 703
3762 2 2 1 1 330 1711 1383
3763 2 2 1 1 509 1317 1261
3764 2 2 1 1 510 1967 1188
3765 2 2 1 1 1628 1769 731
3766 2 2 1 1 186 1886 987
3767 2 2 1 1 1311 1701 597
3768 2 2 1 1 81 1940 80
3769 2 2 1 1 626 2180 1653
3770 2 2 1 1 923 1732 307
3771 2 2 1 1 1275 1408 635
3772 2 2 1 1 652 1636 1421
3773 2 2 1 1 1419 2223 982
3774 2 2 1 1 13 1783 1291
3775 2 2 1 1 1220 2070 630
3776 2 2 1 1 227 1986 1220
3777 2 2 1 1 1220 1987 429
3778 2 2 1 1 1499 1631 508
3779 2 2 1 1 341 1618 1567
3780 2 2 1 1 434 1893 1287
3781 2 2 1 1 1024 2031 575
3782 2 2 1 1 1248 2168 606
3783 2 2 1 1 169 1985 168
3784 2 2 1 1 289 1712 1401
3785 2 2 1 1 1287 1893 596
3786 2 2 1 1 601 1747 1407
3787 2 2 1 1 678 2084 905
3788 2 2 1 1 2105 2186 968
3789 2 2 1 1 1533 2111 502
3790 2 2 1 1 256 1873 1447
3791 2 2 1 1 467 2112 1273
3792 2 2 1 1 1191 1977 515
3793 2 2 1 1 1621 2230 945
3794 2 2 1 1 1208 2149 792
3795 2 2 1 1 136 2024 1512
3796 2 2 1 1 1512 2025 135
3797 2 2 1 1 679 1992 1878
3798 2 2 1 1 1381 1705 329
3799 2 2 1 1 610 2045 1263
3800 2 2 1 1 153 1744 1310
3801 2 2 1 1 318 1792 1503
3802 2 2 1 1 429 2070 1220
3803 2 2 1 1 1290 1921 532
3804 2 2 1 1 1503 1792 682
3805 2 2 1 1 530 2092 1330
3806 2 2 1 1 636 2044 1227
3807 2 2 1 1 594 1580 1547
3808 2 2 1 1 1222 2072 806
3809 2 2 1 1 31 2173 32
3810 2 2 1 1 1698 1766 1168
3811 2 2 1 1 593 1925 1166
3812 2 2 1 1 1289 1963 212
3813 2 2 1 1 627 1615 1424
3814 2 2 1 1 1947 2224 330
3815 2 2 1 1 1306 1674 565
3816 2 2 1 1 179 2121 178
3817 2 2 1 1 801 2041 1231
3818 2 2 1 1 1604 2228 207
3819 2 2 1 1 1385 1703 327
3820 2 2 1 1 1369 1646 295
3821 2 2 1 1 174 2201 173
3822 2 2 1 1 84 2171 83
3823 2 2 1 1 1389 1704 328
3824 2 2 1 1 1696 2015 635
3825 2 2 1 1 91 1745 1341
3826 2 2 1 1 768 1721 1457
3827 2 2 1 1 323 2037 1466
3828 2 2 1 1 1727 1939 750
3829 2 2 1 1 1565 1723 223
3830 2 2 1 1 737 2226 1215
3831 2 2 1 1 1215 2225 451
3832 2 2 1 1 789 2164 1224
3833 2 2 1 1 1272 1797 906
3834 2 2 1 1 287 1835 1636
3835 2 2 1 1 328 2176 1978
3836 2 2 1 1 1011 2189 1606
3837 2 2 1 1 327 2175 1979
3838 2 2 1 1 488 1922 1163
3839 2 2 1 1 1720 2090 620
3840 2 2 1 1 1235 2139 548
3841 2 2 1 1 1651 1793 648
3842 2 2 1 1 1361 1603 554
3843 2 2 1 1 306 1696 1408
3844 2 2 1 1 1421 1636 758
3845 2 2 1 1 332 1760 1393
3846 2 2 1 1 1393 1760 808
3847 2 2 1 1 661 1793 1651
3848 2 2 1 1 449 1776 1016
3849 2 2 1 1 2093 2108 653
3850 2 2 1 1 41 2158 42
3851 2 2 1 1 725 2227 1998
3852 2 2 1 1 329 2187 1965
3853 2 2 1 1 1842 2098 1182
3854 2 2 1 1 1716 1926 359
3855 2 2 1 1 1275 1527 267
3856 2 2 1 1 1296 1597 646
3857 2 2 1 1 329 1975 1381
3858 2 2 1 1 643 2131 2048
3859 2 2 1 1 1820 2005 1110
3860 2 2 1 1 1818 2002 1109
3861 2 2 1 1 469 2205 1140
3862 2 2 1 1 213 1982 1486
3863 2 2 1 1 1281 2105 968
3864 2 2 1 1 1254 1558 611
3865 2 2 1 1 1355 1866 222
3866 2 2 1 1 1670 2014 679
3867 2 2 1 1 1453 1872 857
3868 2 2 1 1 1304 1846 15
3869 2 2 1 1 934 2146 1561
3870 2 2 1 1 1718 1909 1147
3871 2 2 1 1 134 2025 1626
3872 2 2 1 1 1627 2024 137
3873 2 2 1 1 1389 1750 809
3874 2 2 1 1 328 1750 1389
3875 2 2 1 1 1385 1748 807
3876 2 2 1 1 327 1748 1385
3877 2 2 1 1 1630 2080 339
3878 2 2 1 1 1411 1598 322
3879 2 2 1 1 1216 1799 609
3880 2 2 1 1 1641 1770 796
3881 2 2 1 1 1547 1580 341
3882 2 2 1 1 16 1846 1416
3883 2 2 1 1 1409 2038 566
3884 2 2 1 1 764 1968 1166
3885 2 2 1 1 607 1623 1390
3886 2 2 1 1 551 2096 1361
3887 2 2 1 1 1295 2058 590
3888 2 2 1 1 1901 2166 788
3889 2 2 1 1 591 1900 1294
3890 2 2 1 1 1353 1997 601
3891 2 2 1 1 1662 1988 880
3892 2 2 1 1 882 1975 1924
3893 2 2 1 1 1146 1934 1859
3894 2 2 1 1 550 2126 1264
3895 2 2 1 1 290 1688 1388
3896 2 2 1 1 486 2023 1699
3897 2 2 1 1 1787 2061 603
3898 2 2 1 1 234 2202 1605
3899 2 2 1 1 708 1610 1556
3900 2 2 1 1 1944 2169 406
3901 2 2 1 1 1002 2169 1944
3902 2 2 1 1 1943 2170 407
3903 2 2 1 1 1003 2170 1943
3904 2 2 1 1 1377 1766 572
3905 2 2 1 1 137 2024 136
3906 2 2 1 1 135 2025 134
3907 2 2 1 1 598 1846 1304
3908 2 2 1 1 1831 1833 1023
3909 2 2 1 1 599 1787 1378
3910 2 2 1 1 1326 2180 626
3911 2 2 1 1 1566 2174 749
3912 2 2 1 1 246 2186 2105
3913 2 2 1 1 1114 1861 815
3914 2 2 1 1 989 2014 1368
3915 2 2 1 1 756 1897 1200
3916 2 2 1 1 653 1618 1496
3917 2 2 1 1 1894 2075 1148
3918 2 2 1 1 1261 2210 771
3919 2 2 1 1 992 2166 1901
3920 2 2 1 1 1184 2060 210
3921 2 2 1 1 1407 1747 10
3922 2 2 1 1 1278 2011 177
3923 2 2 1 1 1313 2087 838
3924 2 2 1 1 1649 1771 789
3925 2 2 1 1 1430 2150 680
3926 2 2 1 1 1074 1973 625
3927 2 2 1 1 1256 2182 556
3928 2 2 1 1 730 2145 2055
3929 2 2 1 1 558 1717 1555
3930 2 2 1 1 1378 1787 603
3931 2 2 1 1 824 1926 1716
3932 2 2 1 1 1387 1764 617
3933 2 2 1 1 836 2025 1512
3934 2 2 1 1 1512 2024 837
3935 2 2 1 1 567 1927 1373
3936 2 2 1 1 306 1499 1459
3937 2 2 1 1 1361 2096 269
3938 2 2 1 1 1675 1816 627
3939 2 2 1 1 1433 1794 700
3940 2 2 1 1 679 1878 1213
3941 2 2 1 1 1690 1791 514
3942 2 2 1 1 1924 1975 687
3943 2 2 1 1 5 2177 140
3944 2 2 1 1 210 2060 1299
3945 2 2 1 1 131 2179 3
3946 2 2 1 1 635 1527 1275
3947 2 2 1 1 1501 1863 279
3948 2 2 1 1 725 1623 1588
3949 2 2 1 1 359 2166 1716
3950 2 2 1 1 435 2122 1807
3951 2 2 1 1 621 2019 1399
3952 2 2 1 1 256 1980 1677
3953 2 2 1 1 1677 1980 818
3954 2 2 1 1 1527 1689 267
3955 2 2 1 1 1164 2067 297
3956 2 2 1 1 537 1989 1273
3957 2 2 1 1 330 2224 1711
3958 2 2 1 1 1358 1996 657
3959 2 2 1 1 291 1757 1434
3960 2 2 1 1 656 2193 2043
3961 2 2 1 1 495 2004 1339
3962 2 2 1 1 2043 2193 827
3963 2 2 1 1 629 2109 1478
3964 2 2 1 1 1854 1855 1039
3965 2 2 1 1 1353 1841 651
3966 2 2 1 1 1808 1875 735
3967 2 2 1 1 618 2234 1576
3968 2 2 1 1 1605 2202 866
3969 2 2 1 1 705 1790 1253
3970 2 2 1 1 616 1779 1379
3971 2 2 1 1 7 1901 1702
3972 2 2 1 1 1491 2046 1118
3973 2 2 1 1 1812 1866 761
3974 2 2 1 1 1469 2144 665
3975 2 2 1 1 304 1816 1701
3976 2 2 1 1 1704 2176 328
3977 2 2 1 1 1772 1957 890
3978 2 2 1 1 1705 2187 329
3979 2 2 1 1 1703 2175 327
3980 2 2 1 1 358 1972 1740
3981 2 2 1 1 926 2057 1772
3982 2 2 1 1 1717 1757 608
3983 2 2 1 1 1442 2219 396
3984 2 2 1 1 231 1833 1831
3985 2 2 1 1 986 1873 1371
3986 2 2 1 1 1322 1837 1028
3987 2 2 1 1 312 1719 1293
3988 2 2 1 1 811 2165 1625
3989 2 2 1 1 1041 2117 199
3990 2 2 1 1 1368 2014 314
3991 2 2 1 1 714 1816 1675
3992 2 2 1 1 1598 1843 322
3993 2 2 1 1 1474 2067 539
3994 2 2 1 1 1267 1948 355
3995 2 2 1 1 878 2105 1281
3996 2 2 1 1 1496 2093 653
3997 2 2 1 1 2196 2219 695
3998 2 2 1 1 1701 1816 714
3999 2 2 1 1 1416 1846 598
4000 2 2 1 1 935 2228 1604
4001 2 2 1 1 365 1865 1774
4002 2 2 1 1 695 2219 1442
4003 2 2 1 1 1382 2107 840
4004 2 2 1 1 872 1789 1402
4005 2 2 1 1 222 1866 1812
4006 2 2 1 1 954 2178 1529
4007 2 2 1 1 1299 2060 648
4008 2 2 1 1 1742 2141 356
4009 2 2 1 1 574 1668 1498
4010 2 2 1 1 712 1723 1565
4011 2 2 1 1 1615 2087 494
4012 2 2 1 1 266 2223 1510
4013 2 2 1 1 1522 2054 366
4014 2 2 1 1 1364 1922 488
4015 2 2 1 1 658 2076 1785
4016 2 2 1 1 1199 2145 455
4017 2 2 1 1 885 1759 1645
4018 2 2 1 1 1246 2051 249
4019 2 2 1 1 1447 1873 589
4020 2 2 1 1 1556 1610 678
4021 2 2 1 1 1303 2168 218
4022 2 2 1 1 1875 2073 735
4023 2 2 1 1 360 1997 1353
4024 2 2 1 1 1381 1975 882
4025 2 2 1 1 1418 1945 220
4026 2 2 1 1 612 1834 1376
4027 2 2 1 1 1399 2019 350
4028 2 2 1 1 1515 1631 688
4029 2 2 1 1 1580 1618 341
4030 2 2 1 1 805 2022 1304
4031 2 2 1 1 1769 2215 731
4032 2 2 1 1 1759 1806 602
4033 2 2 1 1 1566 2076 658
4034 2 2 1 1 606 2168 1303
4035 2 2 1 1 480 1939 1727
4036 2 2 1 1 1937 2156 704
4037 2 2 1 1 1484 2153 465
4038 2 2 1 1 643 2048 1835
4039 2 2 1 1 1140 2180 469
4040 2 2 1 1 812 2108 2093
4041 2 2 1 1 232 1855 1854
4042 2 2 1 1 1363 2075 659
4043 2 2 1 1 1521 2083 693
4044 2 2 1 1 1702 1901 788
4045 2 2 1 1 1709 1768 994
4046 2 2 1 1 853 2137 1746
4047 2 2 1 1 1740 1972 810
4048 2 2 1 1 1383 1923 330
4049 2 2 1 1 1597 1970 646
4050 2 2 1 1 1511 2017 229
4051 2 2 1 1 1539 1845 77
4052 2 2 1 1 670 1845 1539
4053 2 2 1 1 1643 1983 604
4054 2 2 1 1 1513 1928 941
4055 2 2 1 1 689 1970 1597
4056 2 2 1 1 605 2229 1315
4057 2 2 1 1 725 1998 1176
4058 2 2 1 1 589 1887 1447
4059 2 2 1 1 604 1983 1650
4060 2 2 1 1 384 2107 1283
4061 2 2 1 1 1520 1780 646
4062 2 2 1 1 123 2031 1435
4063 2 2 1 1 646 1780 1296
4064 2 2 1 1 870 2047 1710
4065 2 2 1 1 583 1909 1718
4066 2 2 1 1 756 1928 1513
4067 2 2 1 1 746 2085 1404
4068 2 2 1 1 231 2160 1405
4069 2 2 1 1 703 2017 1511
4070 2 2 1 1 1405 2167 231
4071 2 2 1 1 640 1781 1602
4072 2 2 1 1 1670 2084 314
4073 2 2 1 1 617 2032 1387
4074 2 2 1 1 1420 2078 239
4075 2 2 1 1 331 1872 1453
4076 2 2 1 1 1416 1895 841
4077 2 2 1 1 1471 1926 824
4078 2 2 1 1 598 1769 1628
4079 2 2 1 1 232 2147 1414
4080 2 2 1 1 682 1792 1522
4081 2 2 1 1 548 2139 1642
4082 2 2 1 1 1642 2139 817
4083 2 2 1 1 671 2157 1344
4084 2 2 1 1 1315 2229 221
4085 2 2 1 1 1678 1790 705
4086 2 2 1 1 1352 2235 758
4087 2 2 1 1 657 1689 1527
4088 2 2 1 1 333 1984 1380
4089 2 2 1 1 324 1990 1339
4090 2 2 1 1 1332 2146 463
4091 2 2 1 1 650 2063 1564
4092 2 2 1 1 295 1916 1369
4093 2 2 1 1 1753 2007 979
4094 2 2 1 1 467 2118 1881
4095 2 2 1 1 866 2202 1294
4096 2 2 1 1 1430 2050 436
4097 2 2 1 1 1609 1796 642
4098 2 2 1 1 532 1921 1553
4099 2 2 1 1 773 2163 1722
4100 2 2 1 1 843 1883 1728
4101 2 2 1 1 1414 2192 232
4102 2 2 1 1 387 2194 1513
4103 2 2 1 1 1163 1922 59
4104 2 2 1 1 1590 2080 900
4105 2 2 1 1 363 2088 1497
4106 2 2 1 1 269 1790 1678
4107 2 2 1 1 1915 2137 853
4108 2 2 1 1 1497 2088 594
4109 2 2 1 1 1588 2227 725
4110 2 2 1 1 1166 2151 764
4111 2 2 1 1 767 2116 1237
4112 2 2 1 1 233 2227 1588
4113 2 2 1 1 358 1895 1628
4114 2 2 1 1 1466 2037 854
4115 2 2 1 1 1836 1953 1047
4116 2 2 1 1 21 1814 1731
4117 2 2 1 1 771 2210 1145
4118 2 2 1 1 1513 2194 756
4119 2 2 1 1 387 1957 1772
4120 2 2 1 1 1379 2042 616
4121 2 2 1 1 662 1843 1485
4122 2 2 1 1 844 2034 2027
4123 2 2 1 1 199 2117 1502
4124 2 2 1 1 1636 1835 758
4125 2 2 1 1 456 2083 1521
4126 2 2 1 1 1929 2208 366
4127 2 2 1 1 1788 1982 213
4128 2 2 1 1 1435 2031 1024
4129 2 2 1 1 335 2064 1398
4130 2 2 1 1 347 1969 1545
4131 2 2 1 1 1545 1969 686
4132 2 2 1 1 606 1770 1641
4133 2 2 1 1 1330 2092 200
4134 2 2 1 1 1807 1946 699
4135 2 2 1 1 822 1882 1577
4136 2 2 1 1 2027 2034 750
4137 2 2 1 1 220 1945 1579
4138 2 2 1 1 319 2076 1566
4139 2 2 1 1 968 2213 2099
4140 2 2 1 1 1628 1972 358
4141 2 2 1 1 572 1766 1698
4142 2 2 1 1 203 1794 1433
4143 2 2 1 1 258 2007 1753
4144 2 2 1 1 675 2015 1696
4145 2 2 1 1 1574 1860 27
4146 2 2 1 1 1414 2147 724
4147 2 2 1 1 283 1844 1721
4148 2 2 1 1 1486 1982 645
4149 2 2 1 1 1728 1883 255
4150 2 2 1 1 1405 2160 723
4151 2 2 1 1 838 2087 1615
4152 2 2 1 1 269 2096 1406
4153 2 2 1 1 316 2159 1592
4154 2 2 1 1 674 2101 1767
4155 2 2 1 1 1337 2109 629
4156 2 2 1 1 722 2167 1405
4157 2 2 1 1 1553 1921 903
4158 2 2 1 1 220 2211 1418
4159 2 2 1 1 605 1771 1649
4160 2 2 1 1 1635 2227 233
4161 2 2 1 1 1650 1983 441
4162 2 2 1 1 1673 2225 788
4163 2 2 1 1 680 2050 1430
4164 2 2 1 1 1564 2063 389
4165 2 2 1 1 734 2192 1414
4166 2 2 1 1 731 1972 1628
4167 2 2 1 1 739 2073 1875
4168 2 2 1 1 1592 1959 664
4169 2 2 1 1 1582 2008 638
4170 2 2 1 1 676 2100 1765
4171 2 2 1 1 1583 2009 637
4172 2 2 1 1 1558 2189 316
4173 2 2 1 1 1661 2064 335
4174 2 2 1 1 1781 2079 209
4175 2 2 1 1 1540 2141 667
4176 2 2 1 1 677 2095 1758
4177 2 2 1 1 1406 1790 269
4178 2 2 1 1 1903 1975 329
4179 2 2 1 1 1536 1966 517
4180 2 2 1 1 1476 2021 535
4181 2 2 1 1 1559 1927 567
4182 2 2 1 1 1399 2059 581
4183 2 2 1 1 2099 2213 400
4184 2 2 1 1 1429 2094 337
4185 2 2 1 1 1652 1835 287
4186 2 2 1 1 451 2225 1673
4187 2 2 1 1 1839 2113 846
4188 2 2 1 1 309 1768 1709
4189 2 2 1 1 780 2078 1420
4190 2 2 1 1 1099 1906 1752
4191 2 2 1 1 384 2157 1463
4192 2 2 1 1 1573 2108 280
4193 2 2 1 1 957 2208 1929
4194 2 2 1 1 669 2021 1476
4195 2 2 1 1 635 2015 1889
4196 2 2 1 1 760 1949 1570
4197 2 2 1 1 344 2093 1496
4198 2 2 1 1 1535 1967 510
4199 2 2 1 1 1469 2037 323
4200 2 2 1 1 1463 2157 671
4201 2 2 1 1 875 1852 1680
4202 2 2 1 1 631 1999 1586
4203 2 2 1 1 1785 2076 888
4204 2 2 1 1 1959 2174 249
4205 2 2 1 1 1444 1964 620
4206 2 2 1 1 1263 1955 813
4207 2 2 1 1 378 2148 1914
4208 2 2 1 1 1549 2193 656
4209 2 2 1 1 1534 2155 880
4210 2 2 1 1 1731 1814 736
4211 2 2 1 1 1784 2004 845
4212 2 2 1 1 339 2113 1839
4213 2 2 1 1 1731 2074 873
4214 2 2 1 1 1440 2190 308
4215 2 2 1 1 1837 1912 719
4216 2 2 1 1 1374 1973 1074
4217 2 2 1 1 1527 1889 657
4218 2 2 1 1 1774 1865 935
4219 2 2 1 1 1559 1929 366
4220 2 2 1 1 964 1791 1690
4221 2 2 1 1 1017 2013 1663
4222 2 2 1 1 515 1977 1537
4223 2 2 1 1 1736 1792 318
4224 2 2 1 1 1684 1847 569
4225 2 2 1 1 1153 1919 1900
4226 2 2 1 1 1680 1852 337
4227 2 2 1 1 2195 2207 342
4228 2 2 1 1 1436 2156 334
4229 2 2 1 1 463 2110 1332
4230 2 2 1 1 1682 1936 865
4231 2 2 1 1 736 2074 1731
4232 2 2 1 1 229 2017 1465
4233 2 2 1 1 336 1936 1682
4234 2 2 1 1 465 2153 1246
4235 2 2 1 1 600 2054 1522
4236 2 2 1 1 1844 2063 650
4237 2 2 1 1 1602 1781 209
4238 2 2 1 1 647 2162 1461
4239 2 2 1 1 749 1959 1592
4240 2 2 1 1 314 2014 1670
4241 2 2 1 1 568 1952 1685
4242 2 2 1 1 669 2023 1852
4243 2 2 1 1 316 2189 2159
4244 2 2 1 1 1462 2055 250
4245 2 2 1 1 1950 2218 364
4246 2 2 1 1 675 2135 1950
4247 2 2 1 1 207 1796 1609
4248 2 2 1 1 812 1946 1807
4249 2 2 1 1 680 2140 1864
4250 2 2 1 1 380 2193 1549
4251 2 2 1 1 1881 1993 732
4252 2 2 1 1 1654 2035 712
4253 2 2 1 1 348 2035 1654
4254 2 2 1 1 343 2090 1720
4255 2 2 1 1 1662 2154 483
4256 2 2 1 1 1986 1987 1220
4257 2 2 1 1 634 1987 1986
4258 2 2 1 1 1364 1942 58
4259 2 2 1 1 635 1889 1527
4260 2 2 1 1 296 2155 1534
4261 2 2 1 1 596 2030 1420
4262 2 2 1 1 535 2021 1587
4263 2 2 1 1 123 2123 2031
4264 2 2 1 1 259 2071 1973
4265 2 2 1 1 1592 2159 749
4266 2 2 1 1 337 2094 1680
4267 2 2 1 1 2141 2230 356
4268 2 2 1 1 792 1983 1643
4269 2 2 1 1 1621 2069 599
4270 2 2 1 1 1023 2207 2195
4271 2 2 1 1 1561 2146 592
4272 2 2 1 1 1570 1949 570
4273 2 2 1 1 561 1884 1693
4274 2 2 1 1 1584 2044 636
4275 2 2 1 1 1494 2152 584
4276 2 2 1 1 1931 2197 816
4277 2 2 1 1 339 1839 1630
4278 2 2 1 1 2208 2214 682
4279 2 2 1 1 1978 2176 794
4280 2 2 1 1 1979 2175 793
4281 2 2 1 1 1522 2208 682
4282 2 2 1 1 556 2182 1435
4283 2 2 1 1 1702 2225 1215
4284 2 2 1 1 388 2068 1870
4285 2 2 1 1 1512 2097 836
4286 2 2 1 1 837 2097 1512
4287 2 2 1 1 211 2046 1491
4288 2 2 1 1 1046 2203 1753
4289 2 2 1 1 379 1935 1665
4290 2 2 1 1 653 2108 1573
4291 2 2 1 1 1900 1919 379
4292 2 2 1 1 1707 2134 19
4293 2 2 1 1 1981 2188 716
4294 2 2 1 1 1576 2234 354
4295 2 2 1 1 1588 1623 607
4296 2 2 1 1 400 2213 1640
4297 2 2 1 1 819 2224 1947
4298 2 2 1 1 1769 2022 357
4299 2 2 1 1 1965 2187 804
4300 2 2 1 1 1599 2125 742
4301 2 2 1 1 831 1993 1881
4302 2 2 1 1 1712 1759 602
4303 2 2 1 1 692 2153 1484
4304 2 2 1 1 1441 2104 398
4305 2 2 1 1 1611 2136 743
4306 2 2 1 1 698 2221 1976
4307 2 2 1 1 719 2197 1931
4308 2 2 1 1 1664 2018 613
4309 2 2 1 1 1493 2131 643
4310 2 2 1 1 1650 2012 604
4311 2 2 1 1 1735 2088 363
4312 2 2 1 1 1667 2233 769
4313 2 2 1 1 411 2233 1667
4314 2 2 1 1 927 2058 1601
4315 2 2 1 1 119 1996 1358
4316 2 2 1 1 244 1875 1808
4317 2 2 1 1 1625 2165 432
4318 2 2 1 1 1721 1844 650
4319 2 2 1 1 770 1995 1825
4320 2 2 1 1 1663 2013 668
4321 2 2 1 1 1594 2133 744
4322 2 2 1 1 1595 2132 745
4323 2 2 1 1 1529 2178 1048
4324 2 2 1 1 751 2143 1697
4325 2 2 1 1 1697 2143 293
4326 2 2 1 1 323 2144 1469
4327 2 2 1 1 366 2208 1522
4328 2 2 1 1 61 2235 1352
4329 2 2 1 1 1752 1906 291
4330 2 2 1 1 1753 2203 258
4331 2 2 1 1 580 2080 1630
4332 2 2 1 1 1914 2148 891
4333 2 2 1 1 1640 2213 765
4334 2 2 1 1 1693 1884 70
4335 2 2 1 1 901 2188 1981
4336 2 2 1 1 680 2150 2140
4337 2 2 1 1 2057 2194 387
4338 2 2 1 1 289 1759 1712
4339 2 2 1 1 201 2196 1653
4340 2 2 1 1 413 2115 1613
4341 2 2 1 1 785 2134 1707
4342 2 2 1 1 1089 2132 1595
4343 2 2 1 1 1090 2133 1594
4344 2 2 1 1 372 2163 2086
4345 2 2 1 1 1925 2151 1166
4346 2 2 1 1 1098 2125 1599
4347 2 2 1 1 1829 2126 550
4348 2 2 1 1 494 2087 1502
4349 2 2 1 1 614 1876 1738
4350 2 2 1 1 885 1806 1759
4351 2 2 1 1 2148 2161 891
4352 2 2 1 1 766 2161 2148
4353 2 2 1 1 824 1916 1777
4354 2 2 1 1 1699 2023 669
4355 2 2 1 1 612 1953 1836
4356 2 2 1 1 1100 2136 1611
4357 2 2 1 1 1589 2191 877
4358 2 2 1 1 731 2016 1972
4359 2 2 1 1 1741 1892 619
4360 2 2 1 1 1849 1949 947
4361 2 2 1 1 1777 1916 295
4362 2 2 1 1 243 1912 1837
4363 2 2 1 1 957 2214 2208
4364 2 2 1 1 1086 2088 1735
4365 2 2 1 1 928 1982 1788
4366 2 2 1 1 2086 2163 773
4367 2 2 1 1 1665 1935 717
4368 2 2 1 1 2159 2189 1011
4369 2 2 1 1 200 2092 1552
4370 2 2 1 1 1722 2163 826
4371 2 2 1 1 1825 1995 690
4372 2 2 1 1 2140 2150 920
4373 2 2 1 1 1972 2016 810
4374 2 2 1 1 658 2174 1566
4375 2 2 1 1 1048 2215 1941
4376 2 2 1 1 1938 2066 849
4377 2 2 1 1 632 2002 1818
4378 2 2 1 1 570 1949 1849
4379 2 2 1 1 633 2005 1820
4380 2 2 1 1 607 1880 1588
4381 2 2 1 1 732 1993 1810
4382 2 2 1 1 1746 2137 349
4383 2 2 1 1 846 2079 1781
4384 2 2 1 1 557 2189 1558
4385 2 2 1 1 781 2063 1844
4386 2 2 1 1 1889 2015 364
4387 2 2 1 1 1950 2015 675
4388 2 2 1 1 357 2215 1769
4389 2 2 1 1 638 2175 1703
4390 2 2 1 1 243 2085 1912
4391 2 2 1 1 637 2176 1704
4392 2 2 1 1 687 1975 1903
4393 2 2 1 1 636 2187 1705
4394 2 2 1 1 696 2199 1617
4395 2 2 1 1 1762 2200 626
4396 2 2 1 1 788 2225 1702
4397 2 2 1 1 391 2142 2114
4398 2 2 1 1 1810 1993 350
4399 2 2 1 1 2090 2091 771
4400 2 2 1 1 659 2075 1894
4401 2 2 1 1 1711 2224 631
4402 2 2 1 1 1912 2049 719
4403 2 2 1 1 1946 2093 344
4404 2 2 1 1 1868 2149 369
4405 2 2 1 1 188 2098 1842
4406 2 2 1 1 2114 2172 689
4407 2 2 1 1 1739 2211 865
4408 2 2 1 1 743 2136 1911
4409 2 2 1 1 742 2125 1910
4410 2 2 1 1 1246 2153 2051
4411 2 2 1 1 526 2098 1913
4412 2 2 1 1 1870 2068 781
4413 2 2 1 1 1917 2132 406
4414 2 2 1 1 1918 2133 407
4415 2 2 1 1 919 2126 1829
4416 2 2 1 1 710 2066 1938
4417 2 2 1 1 1807 2122 812
4418 2 2 1 1 1010 1961 1960
4419 2 2 1 1 744 2133 1918
4420 2 2 1 1 745 2132 1917
4421 2 2 1 1 812 2093 1946
4422 2 2 1 1 792 2149 1868
4423 2 2 1 1 293 2143 1847
4424 2 2 1 1 1847 2143 1051
4425 2 2 1 1 1910 2125 409
4426 2 2 1 1 1973 2071 625
4427 2 2 1 1 343 2091 2090
4428 2 2 1 1 1681 1905 65
4429 2 2 1 1 1911 2136 408
4430 2 2 1 1 1960 1961 694
4431 2 2 1 1 880 2154 1662
4432 2 2 1 1 871 2194 2057
4433 2 2 1 1 689 2172 1970
4434 2 2 1 1 1896 2198 754
4435 2 2 1 1 1042 2190 1755
4436 2 2 1 1 1881 2118 831
4437 2 2 1 1 2031 2123 575
4438 2 2 1 1 1950 2135 893
4439 2 2 1 1 1435 2182 122
4440 2 2 1 1 2154 2155 988
4441 2 2 1 1 772 2137 1915
4442 2 2 1 1 1941 2215 357
4443 2 2 1 1 735 2086 2039
4444 2 2 1 1 879 2172 2114
4445 2 2 1 1 893 2218 1950
4446 2 2 1 1 2020 2083 1050
4447 2 2 1 1 2186 2213 968
4448 2 2 1 1 364 2015 1950
4449 2 2 1 1 739 2216 2073
4450 2 2 1 1 693 2083 2020
4451 2 2 1 1 880 2155 2154
4452 2 2 1 1 746 2049 1912
4453 2 2 1 1 2073 2086 735
4454 2 2 1 1 1912 2085 746
4455 2 2 1 1 2073 2216 372
4456 2 2 1 1 2049 2197 719
4457 2 2 1 1 2114 2142 879
4458 2 2 1 1 238 2198 1896
4459 2 2 1 1 765 2213 2186
4460 2 2 1 1 2183 2233 996
4461 2 2 1 1 326 2200 1762
4462 2 2 1 1 1835 2048 758
4463 2 2 1 1 769 2233 2183
4464 2 2 1 1 372 2086 2073
4465 2 2 1 1 402 2197 2049
4466 2 2 1 1 2039 2086 773
4467 2 2 1 1 1970 2172 386
4468 2 2 1 1 746 2209 2049
4469 2 2 1 1 2049 2209 402
4470 2 2 1 1 2051 2153 692
$EndElements
