$MeshFormat
2.2 0 8
$EndMeshFormat
$PhysicalNames
5
2 2 "inlet"
2 3 "outlet"
2 4 "side_walls"
2 5 "cylinder"
3 1 "fluid"
$EndPhysicalNames
$Nodes
660
1 -0.5 -0.5 1.75
2 -0.5 -0.5 -1.75
3 -0.5 0.5 1.75
4 -0.5 0.5 -1.75
5 0.5 -0.5 1.75
6 0.5 -0.5 -1.75
7 0.5 0.5 1.75
8 0.5 0.5 -1.75
9 -5 -4 2.5
10 -5 -4 -2.5
11 -5 4 2.5
12 -5 4 -2.5
13 22.5 -4 -2.5
14 22.5 -4 2.5
15 22.5 4 2.5
16 22.5 4 -2.5
17 -0.5 -0.5 -0.875
18 -0.5 -0.5 0
19 -0.5 -0.5 0.875
20 -0.5 0.5 -0.875
21 -0.5 0.5 0
22 -0.5 0.5 0.875
23 0.5 -0.5 -0.875
24 0.5 -0.5 0
25 0.5 -0.5 0.875
26 0.5 0.5 -0.875
27 0.5 0.5 0
28 0.5 0.5 0.875
29 -5 -4 -1.250000000000002
30 -5 -4 -6.217248937900877e-15
31 -5 -4 1.249999999999995
32 -5 -2.666666666666665 2.5
33 -5 -1.333333333333333 2.5
34 -5 4.440892098500626e-15 2.5
35 -5 1.333333333333343 2.5
36 -5 2.666666666666676 2.5
37 -5 4 -1.250000000000002
38 -5 4 -6.217248937900877e-15
39 -5 4 1.249999999999995
40 -5 -2.666666666666665 -2.5
41 -5 -1.333333333333333 -2.5
42 -5 4.440892098500626e-15 -2.5
43 -5 1.333333333333343 -2.5
44 -5 2.666666666666676 -2.5
45 -3.552631578947369 -4 -2.5
46 -2.105263157894739 -4 -2.5
47 -0.6578947368421062 -4 -2.5
48 0.7894736842105265 -4 -2.5
49 2.236842105263154 -4 -2.5
50 3.684210526315782 -4 -2.5
51 5.131578947368409 -4 -2.5
52 6.578947368421039 -4 -2.5
53 8.026315789473674 -4 -2.5
54 9.47368421052631 -4 -2.5
55 10.92105263157895 -4 -2.5
56 12.36842105263159 -4 -2.5
57 13.81578947368422 -4 -2.5
58 15.26315789473686 -4 -2.5
59 16.7105263157895 -4 -2.5
60 18.15789473684213 -4 -2.5
61 19.60526315789476 -4 -2.5
62 21.05263157894738 -4 -2.5
63 22.5 -4 -1.250000000000002
64 22.5 -4 -6.217248937900877e-15
65 22.5 -4 1.249999999999995
66 -3.552631578947369 -4 2.5
67 -2.105263157894739 -4 2.5
68 -0.6578947368421062 -4 2.5
69 0.7894736842105265 -4 2.5
70 2.236842105263154 -4 2.5
71 3.684210526315782 -4 2.5
72 5.131578947368409 -4 2.5
73 6.578947368421039 -4 2.5
74 8.026315789473674 -4 2.5
75 9.47368421052631 -4 2.5
76 10.92105263157895 -4 2.5
77 12.36842105263159 -4 2.5
78 13.81578947368422 -4 2.5
79 15.26315789473686 -4 2.5
80 16.7105263157895 -4 2.5
81 18.15789473684213 -4 2.5
82 19.60526315789476 -4 2.5
83 21.05263157894738 -4 2.5
84 -3.552631578947369 4 2.5
85 -2.105263157894739 4 2.5
86 -0.6578947368421062 4 2.5
87 0.7894736842105265 4 2.5
88 2.236842105263154 4 2.5
89 3.684210526315782 4 2.5
90 5.131578947368409 4 2.5
91 6.578947368421039 4 2.5
92 8.026315789473674 4 2.5
93 9.47368421052631 4 2.5
94 10.92105263157895 4 2.5
95 12.36842105263159 4 2.5
96 13.81578947368422 4 2.5
97 15.26315789473686 4 2.5
98 16.7105263157895 4 2.5
99 18.15789473684213 4 2.5
100 19.60526315789476 4 2.5
101 21.05263157894738 4 2.5
102 22.5 -2.666666666666665 2.5
103 22.5 -1.333333333333333 2.5
104 22.5 4.440892098500626e-15 2.5
105 22.5 1.333333333333343 2.5
106 22.5 2.666666666666676 2.5
107 -3.552631578947369 4 -2.5
108 -2.105263157894739 4 -2.5
109 -0.6578947368421062 4 -2.5
110 0.7894736842105265 4 -2.5
111 2.236842105263154 4 -2.5
112 3.684210526315782 4 -2.5
113 5.131578947368409 4 -2.5
114 6.578947368421039 4 -2.5
115 8.026315789473674 4 -2.5
116 9.47368421052631 4 -2.5
117 10.92105263157895 4 -2.5
118 12.36842105263159 4 -2.5
119 13.81578947368422 4 -2.5
120 15.26315789473686 4 -2.5
121 16.7105263157895 4 -2.5
122 18.15789473684213 4 -2.5
123 19.60526315789476 4 -2.5
124 21.05263157894738 4 -2.5
125 22.5 4 -1.250000000000002
126 22.5 4 -6.217248937900877e-15
127 22.5 4 1.249999999999995
128 22.5 -2.666666666666665 -2.5
129 22.5 -1.333333333333333 -2.5
130 22.5 4.440892098500626e-15 -2.5
131 22.5 1.333333333333343 -2.5
132 22.5 2.666666666666676 -2.5
133 -0.5 0 1.248724489795918
134 -0.5 0 -1.248724489795918
135 -0.5 0 -0.4375
136 -0.5 0 0.4375
137 0.5 0 1.248724489795918
138 0.5 0 -1.248724489795918
139 0.5 0 -0.4375
140 0.5 0 0.4375
141 0 -0.5 1.248724489795918
142 0 -0.5 -1.248724489795918
143 0 -0.5 -0.4375
144 0 -0.5 0.4375
145 0 0.5 1.248724489795918
146 0 0.5 -1.248724489795918
147 0 0.5 -0.4375
148 0 0.5 0.4375
149 0 0 -1.75
150 0 0 1.75
151 -5 -0.6666666666666647 -1.345299461620747
152 -5 -1.999999999999999 1.345299461620749
153 -5 2.000000000000008 1.345299461620753
154 -5 2.922162656514613 -0.6307811822325842
155 -5 -2.92216265651461 -0.6307811822325844
156 -5 0.6666666666666732 -1.345299461620747
157 -5 4.440892098500626e-15 -0.03422008103179142
158 -5 -1.60334920160645 -0.0216077416963909
159 -5 1.603349201606457 -0.0216077416963909
160 -5 -0.7116693113788504 1.272461850085552
161 -5 0.7041688705934934 1.26032224816302
162 -5 -2.934239575901468 0.5912681587627446
163 -5 2.93423957590147 0.5912681587627446
164 -5 -2 -1.456552390231103
165 -5 2.000000000000008 -1.456552390231106
166 -5 3.075965639648037 -1.600474460069013
167 -5 -3.075965639648036 -1.600474460069017
168 -5 3.120181248513631 1.637313524076698
169 -5 -3.120181248513627 1.637313524076698
170 18.86650322559171 -4 -1.25755136493704
171 4.407894736842094 -4 -1.246542178733054
172 1.512027593112933 -4 -1.254454557403701
173 -1.365372923967779 -4 1.248145843410217
174 7.302631578947357 -4 1.246542178733049
175 13.0921052631579 -4 1.246542178733048
176 15.98684210526317 -4 -1.246542178733046
177 10.19736842105263 -4 -1.246542178733045
178 20.38975347947475 -4 1.457757029788842
179 2.960526315789469 -4 1.246542178733053
180 -2.888623177850826 -4 -1.463364194281526
181 17.43421052631582 -4 1.246542178733048
182 21.33959003839976 -4 -0.6331276684815346
183 -3.838459736775845 -4 0.6324714681119734
184 7.302631578947359 -4 -1.246542178733048
185 13.0921052631579 -4 -1.246542178733048
186 10.19736842105263 -4 1.246542178733045
187 15.98684210526316 -4 1.246542178733031
188 11.64473684210526 -4 1.246542178733046
189 5.85526315789472 -4 1.246542178733038
190 11.64473684210527 -4 -1.246542178733046
191 0.06736017596040877 -4 1.239709148830386
192 -0.6549319492292991 -4 -0.01208588985628278
193 5.855263157894719 -4 -1.246542178733052
194 18.89171329921073 -4 1.284049868086982
195 1.512289376825632 -4 1.247052354224348
196 8.749999999999993 -4 1.246542178733047
197 14.53947368421054 -4 -1.246542178733045
198 4.407894736842094 -4 1.246542178733056
199 8.749999999999995 -4 -1.246542178733053
200 2.960337932185483 -4 -1.250166122689459
201 17.43169790601969 -4 -1.250682257278346
202 14.53947368421054 -4 1.24654217873305
203 -1.389900816047342 -4 -1.29260587497116
204 0.06578947368421151 -4 -1.276247963471803
205 0.789896129269505 -4 -0.009337817946176052
206 -2.399035698128741 -4 -0.03052466238536766
207 19.90020229464989 -4 0.02533740765257919
208 16.71052631578948 -4 2.664535259100376e-15
209 2.236547978916468 -4 -0.003393994180322046
210 3.684210526315786 -4 1.332267629550188e-15
211 18.20580892792955 -4 0.007949305376204308
212 8.026315789473674 -4 -2.664535259100376e-15
213 12.36842105263159 -4 -4.440892098500626e-16
214 9.473684210526311 -4 -8.881784197001252e-16
215 13.81578947368422 -4 1.332267629550188e-15
216 10.92105263157895 -4 0
217 6.578947368421035 -4 -3.996802888650564e-15
218 5.131578947368402 -4 -1.332267629550188e-15
219 15.26315789473685 -4 2.220446049250313e-15
220 -3.90040573370485 -4 -0.6644028980924883
221 21.40097693366634 -4 0.6624944614933117
222 -2.922846480864693 -4 1.45418210818947
223 20.42341768082619 -4 -1.456723604294333
224 21.56867239841769 -4 1.67405029825643
225 -4.068332098100609 -4 -1.675553418474803
226 -4.062787559317582 -4 1.667330715260288
227 21.56312785963467 -4 -1.667970254555174
228 4.430403048100983 -2.864707553603109 2.5
229 0.07056341877592764 2.728306556292974 2.5
230 12.93753524709726 -2.54436254094751 2.5
231 17.36877186189004 -2.566143206144913 2.5
232 8.897374228868657 -2.889645442889019 2.5
233 21.34529946162075 0.6666666666666723 2.5
234 -3.786629266664397 -0.6216502892288416 2.5
235 2.759707559992917 2.827958638813403 2.5
236 5.689515304808616 2.810757501256663 2.5
237 1.517790932578898 -2.773754842099989 2.5
238 11.54915631690714 2.77425455928211 2.5
239 15.94390913422934 2.745197413074866 2.5
240 8.619331680341265 2.792844901745797 2.5
241 -1.474453391043505 -2.508556461286561 2.5
242 18.87336292497071 2.734235105630844 2.5
243 20.2607338447935 -2.715009552814334 2.5
244 -2.791415377595693 2.746760204220869 2.5
245 20.33995892461439 2.871857048720039 2.5
246 19.86664319858168 1.419527474253528 2.5
247 18.1460277347005 1.449977056261449 2.5
248 18.84190052146609 0.1572119888405359 2.5
249 17.3483808561267 0.1643081458953741 2.5
250 18.09881127230146 -1.209347662880488 2.5
251 16.57624329351594 -1.114053359201533 2.5
252 15.84325270501916 0.1834661781391649 2.5
253 15.10433608935987 -1.163521073500538 2.5
254 14.34490470209176 0.2059633549426714 2.5
255 19.5547392148807 -1.270981149329243 2.5
256 13.63054235114024 -1.185282920707277 2.5
257 12.84724719303142 0.2115707718420108 2.5
258 12.1075522847247 -1.109434900158877 2.5
259 11.34838019901091 0.2186791056209136 2.5
260 13.67322984673637 1.491203779327294 2.5
261 10.58393200463426 -0.9629697781581497 2.5
262 9.844632244849395 0.2504395528678476 2.5
263 9.077789472821518 -0.9718857508961238 2.5
264 8.343059988606599 0.2665883755068732 2.5
265 7.57822875108228 -0.9080577483093011 2.5
266 6.842879344813861 0.286752020914836 2.5
267 6.078217658276813 -0.8922794668166096 2.5
268 5.342923546817074 0.3050837522718295 2.5
269 4.577703351030614 -0.921973379362119 2.5
270 3.842862012531047 0.3107235064879861 2.5
271 3.077760749224428 -0.9078890717187464 2.5
272 2.34293748128532 0.3263522603380729 2.5
273 1.577840326349567 -0.892166298612012 2.5
274 0.8429891619333745 0.3398420325415703 2.5
275 0.0779294529103014 -0.875685870922005 2.5
276 -0.6569112120955189 0.357178476063984 2.5
277 -1.309039064389608 -0.9436029713703209 2.5
278 -2.346540641856862 0.1857965943208066 2.5
279 -1.39032112719659 1.70596773726424 2.5
280 1.589983386519312 1.682674985336922 2.5
281 6.745555700493068 -2.169100347000858 2.5
282 11.31061197099622 -2.348202762734124 2.5
283 15.86458552542267 -2.506094224645285 2.5
284 4.749450428731867 1.534731449547637 2.5
285 7.720286082994491 1.514113922281904 2.5
286 10.69229322855718 1.490437249836582 2.5
287 15.15873896267272 1.474689818332928 2.5
288 18.84103568143377 -2.62691359519483 2.5
289 21.12689425366398 -1.618136920834036 2.5
290 -2.954079276184586 -2.821573326549285 2.5
291 0.06578947368421062 -2.74654217873305 2.5
292 3.000471148153148 -2.871985715645214 2.5
293 17.40656409171355 2.726751690491356 2.5
294 16.64114558074367 1.457398383699189 2.5
295 14.52186486921747 2.777608512347127 2.5
296 -3.795056061130112 0.7341627606085623 2.5
297 13.00594785275486 2.744492438541586 2.5
298 14.44780209707736 -2.628222781096782 2.5
299 12.18604243949965 1.48843965074175 2.5
300 -3.893400965820556 -1.994104327788216 2.5
301 -3.888476898471405 2.000000000000006 2.5
302 21.34444290238735 2.001242383878877 2.5
303 10.06041911668024 2.746898248044552 2.5
304 9.21333705700486 1.510220375047258 2.5
305 7.123535583187719 2.757591653214789 2.5
306 -2.627357100993252 -1.45061513031707 2.5
307 6.244765048558936 1.534838383247942 2.5
308 10.08403303891805 -3.004680119925183 2.5
309 4.186858744253787 2.76824294324784 2.5
310 20.31205854862806 -0.1163981853507039 2.5
311 3.17740920710475 1.506981444406399 2.5
312 1.489314030952368 3.047788036088661 2.5
313 0.09126072558730058 1.362793957499938 2.5
314 -1.37486619615064 3.036206899555618 2.5
315 5.640687478543828 -2.966255506233098 2.5
316 -2.842362021250132 1.474537459282897 2.5
317 -0.5208691765373636 -1.790080245798197 2.5
318 21.42343863677289 -2.95027589783577 2.5
319 0.822355646237769 -1.812319943126643 2.5
320 21.50033250368773 -0.4449946307660406 2.5
321 2.316675003178378 -1.801426206589537 2.5
322 3.816905273481701 -1.792025691578646 2.5
323 5.290390415760726 -1.833111210511947 2.5
324 -4.080022364190502 -3.096468864200833 2.5
325 -4.014755829507321 3.049403113633008 2.5
326 21.51475582950732 3.049403113633011 2.5
327 7.713139816240371 -2.965973846158449 2.5
328 8.308517203285117 -1.897727593740739 2.5
329 9.778423992015338 -1.868266016714548 2.5
330 18.86650322559172 4 -1.257551364937048
331 4.407894736842094 4 1.246542178733054
332 1.51315789473684 4 -1.246542178733053
333 -1.366503225591686 4 -1.257551364937044
334 7.302631578947359 4 -1.246542178733048
335 13.09097496153399 4 1.254454557403701
336 15.98684210526317 4 1.246542178733046
337 10.19849872267654 4 -1.239441871384189
338 20.38975347947476 4 1.45775702978883
339 0.06578947368421062 4 1.246542178733051
340 -2.889753479474735 4 1.457757029788841
341 8.751130301623899 4 1.254454557403701
342 14.53947368421054 4 -1.246542178733046
343 21.33959003839977 4 -0.6331276684815383
344 -3.839590038399753 4 -0.6331276684815368
345 4.407894736842096 4 -1.246542178733054
346 18.89171329921074 4 1.284049868086971
347 15.98684210526316 4 -1.246542178733051
348 11.64379492408534 4 -1.238258486826044
349 10.92107505819847 4 0.02484049974199509
350 7.302819962551339 4 1.25016612268946
351 13.09081797519734 4 -1.246810577223623
352 5.855279176908663 4 1.248026466915383
353 1.513157894736841 4 1.246542178733053
354 -1.391713299210703 4 1.284049868086982
355 14.53928530060654 4 1.250166122689458
356 0.06830209398033205 4 -1.25068225727835
357 2.960526315789469 4 -1.246542178733056
358 5.855263157894719 4 -1.246542178733056
359 8.751318685227883 4 -1.247007807983315
360 2.960526315789468 4 1.246542178733054
361 17.43169790601969 4 -1.250682257278355
362 17.43589958495619 4 1.255098674469998
363 11.64406595054508 4 1.26791398745174
364 10.19823314086533 4 1.263588257041324
365 12.36600625311618 4 0.00852253165112149
366 9.478894434491577 4 0.005360672538542666
367 19.90020229464989 4 0.02533740765257031
368 6.578947368421032 4 -8.881784197001252e-16
369 3.684210526315782 4 4.440892098500626e-16
370 2.236842105263155 4 -8.881784197001252e-16
371 5.131578947368403 4 1.77635683940025e-15
372 0.7894736842105292 4 4.440892098500626e-16
373 -0.6578947368421044 4 0
374 -2.400202294649868 4 0.02533740765257564
375 16.71052631578947 4 -7.993605777301127e-15
376 8.027623721877179 4 0.002738560985890093
377 13.81495267823357 4 0.003298409297936011
378 15.26311341765027 4 0.0003003242249071114
379 18.20609043770295 4 0.009375387999021711
380 -3.90097693366634 4 0.6624944614933108
381 21.40097693366635 4 0.6624944614933073
382 -2.923417680826183 4 -1.456723604294334
383 20.4234176808262 4 -1.456723604294336
384 21.5686723984177 4 1.674050298256426
385 -4.063127859634661 4 -1.667970254555175
386 -4.068672398417689 4 1.67405029825643
387 21.56312785963467 4 -1.667970254555175
388 4.22461032958352 2.819449196650688 -2.5
389 0.07056341877592676 2.728306556292969 -2.5
390 12.93753524709726 -2.54436254094751 -2.5
391 17.36877186189004 -2.566143206144913 -2.5
392 8.83501400768065 -2.8536417523994 -2.5
393 21.34529946162075 0.6666666666666723 -2.5
394 -3.786629266664399 -0.6216502892288474 -2.5
395 2.973434943406156 -2.783427697637086 -2.5
396 5.925915782292119 -2.842289740442403 -2.5
397 7.154422437362664 2.801887975708994 -2.5
398 11.54915631690714 2.77425455928211 -2.5
399 15.94390913422934 2.745197413074866 -2.5
400 0.06578947368421062 -2.746542178733051 -2.5
401 18.87336292497071 2.734235105630844 -2.5
402 20.2607338447935 -2.715009552814334 -2.5
403 -2.791415377595694 2.746760204220864 -2.5
404 -2.938600202238739 -2.861237612790366 -2.5
405 20.33995892461439 2.871857048720039 -2.5
406 19.86664319858168 1.419527474253528 -2.5
407 18.1460277347005 1.449977056261449 -2.5
408 18.84190052146609 0.1572119888405359 -2.5
409 17.3483808561267 0.1643081458953741 -2.5
410 18.09881127230146 -1.209347662880488 -2.5
411 16.57624329351594 -1.114053359201533 -2.5
412 15.84325270501916 0.1834661781391649 -2.5
413 15.10433608935987 -1.163521073500538 -2.5
414 14.34490470209176 0.2059633549426714 -2.5
415 19.5547392148807 -1.270981149329243 -2.5
416 13.63054235114024 -1.185282920707277 -2.5
417 12.84724719303142 0.2115707718420108 -2.5
418 12.1075522847247 -1.109434900158877 -2.5
419 11.34838019901091 0.2186791056209136 -2.5
420 13.67322984673637 1.491203779327294 -2.5
421 10.58393200463426 -0.9629697781581497 -2.5
422 9.842790132005142 0.2681876990286014 -2.5
423 9.077709553306894 -0.9711157528848462 -2.5
424 8.342704608552843 0.2668356198211486 -2.5
425 7.577525050070369 -0.9558501628650475 -2.5
426 6.842735762206637 0.2814959484975752 -2.5
427 9.224754793105904 1.539899956903019 -2.5
428 6.077596099513967 -0.93980300133755 -2.5
429 5.342765249680564 0.2937938192635219 -2.5
430 4.577676827726513 -0.9239326729738893 -2.5
431 3.842859777064616 0.3108299293252843 -2.5
432 3.077759501533773 -0.9079694579629747 -2.5
433 2.343361317780786 0.36074827558976 -2.5
434 1.577858660238434 -0.8906775253141315 -2.5
435 0.8430628569974248 0.3458228306331437 -2.5
436 1.609450398494474 1.668943506643718 -2.5
437 0.07793344555889092 -0.8753618058020596 -2.5
438 -0.6568982641434173 0.3582292865992125 -2.5
439 -1.422385051469512 -0.8919106095334786 -2.5
440 -2.362731076017979 0.1933313332310931 -2.5
441 -1.390321127196604 1.705967737264197 -2.5
442 11.31061197099622 -2.348202762734124 -2.5
443 15.86458552542267 -2.506094224645285 -2.5
444 6.234805682882126 1.522803080887707 -2.5
445 15.15873896267272 1.474689818332928 -2.5
446 10.71161256990569 1.512736470780073 -2.5
447 3.264592501250931 1.587218314593123 -2.5
448 7.416836695216974 -2.873981986977782 -2.5
449 18.84103568143377 -2.62691359519483 -2.5
450 21.12689425366398 -1.618136920834036 -2.5
451 -1.490118081588889 -2.524941523294759 -2.5
452 1.52333632132366 -2.803015522648578 -2.5
453 4.474861050924837 -2.866926704453991 -2.5
454 17.40656409171355 2.726751690491356 -2.5
455 16.64114558074367 1.457398383699189 -2.5
456 14.52186486921747 2.777608512347127 -2.5
457 -3.797754466823629 0.7354185504269397 -2.5
458 13.00594785275486 2.744492438541586 -2.5
459 14.44780209707736 -2.628222781096782 -2.5
460 12.1892623297244 1.492156187565664 -2.5
461 -3.904813349942274 -1.983961900004727 -2.5
462 -3.888476898471405 2.000000000000007 -2.5
463 21.34444290238735 2.001242383878877 -2.5
464 10.13142199197027 2.802402380164261 -2.5
465 8.60291664063238 2.761586754534671 -2.5
466 7.733723320790425 1.529084889392185 -2.5
467 -2.650879504653632 -1.448395100270181 -2.5
468 5.655185272401745 2.762587661908404 -2.5
469 10.07156099468044 -2.997479381827259 -2.5
470 20.31205854862806 -0.1163981853507039 -2.5
471 4.76080313547725 1.549447000438121 -2.5
472 2.75547729260745 2.836738166809867 -2.5
473 1.492361379870307 3.046797645949312 -2.5
474 0.09517145658556103 1.361453983486648 -2.5
475 -1.374866196150643 3.036206899555606 -2.5
476 -2.846139789221062 1.476295565028621 -2.5
477 -0.5340331239839635 -1.786444392232026 -2.5
478 21.42343863677289 -2.95027589783577 -2.5
479 0.8242643382333128 -1.813900821222926 -2.5
480 21.50033250368773 -0.4449946307660406 -2.5
481 2.316675003178385 -1.801426206589547 -2.5
482 3.816905273481707 -1.792025691578652 -2.5
483 -4.079209026225676 -3.102373235892352 -2.5
484 21.51475582950732 3.049403113633011 -2.5
485 -4.014755829507322 3.04940311363301 -2.5
486 5.317120832684852 -1.783817097065804 -2.5
487 6.817321229488963 -1.776836988122517 -2.5
488 8.317505993945417 -1.771123440902368 -2.5
489 9.774419898582396 -1.857905315825506 -2.5
490 22.5 -0.6666666666666643 1.323028444235082
491 22.5 -2.00797900311416 -1.436876538741592
492 22.5 2.007979003114167 1.43687653874159
493 22.5 0.6666666666666732 -1.262168387734171
494 22.5 -2.917468245269453 0.6249999999999947
495 22.5 2.917468245269456 -0.6250000000000042
496 22.5 -0.6679965005190249 -1.260454352152852
497 22.5 -1.604008405280931 0.03783287329635288
498 22.5 0.6679965005190329 1.331457751403916
499 22.5 1.604008405280937 0.03317052595470793
500 22.5 -2.934896875158716 -0.6047903467216611
501 22.5 2.934896875158717 0.6166242465968308
502 22.5 3.552713678800501e-15 0.03381114250050565
503 22.5 -2.011458288077237 1.449915461009502
504 22.5 2.000000000000008 -1.456552390231106
505 22.5 -3.075965639648033 1.600474460069011
506 22.5 3.075965639648038 -1.600474460069014
507 22.5 3.079925597287749 1.604698414884704
508 22.5 -3.07992559728775 -1.604698414884712
509 3.097517056959673 -0.05859375 0
510 -2.728862751549536 -0.05859374999999917 1.137978600240785e-15
511 2.057971173281413 -1.804670079959658 -0.4374999999999999
512 5.439469690448011 -1.15767763021148 0.007141527659022984
513 5.199485662165862 1.375623772466145 0.0005190090433755401
514 7.586603221164497 0.3237316218035081 -6.299534601339474e-05
515 9.939364029288681 1.437838874003937 0.00112714210966307
516 9.7195723126076 -1.139328787356671 -3.610428403177934e-05
517 12.09658437042214 -0.04409130273904843 -0.005825343651152615
518 0.4414062499999999 2.266816815888406 -0.4375
519 2.095329418451167 1.599787558540906 0.4375
520 0.4414062499999965 -2.26803853628016 0.4375000000000002
521 15.90000465943728 1.471392644063066 -4.645806309100386e-17
522 -1.583987397940939 2.15762123963754 -0.4375000000000008
523 -1.581170265892117 -2.156197111767235 0.4375
524 17.42491363434311 -0.6856904586928509 -4.440892098500626e-16
525 14.53947368421053 -1.516117029987706 0
526 20.01832176910036 -0.7554918625119867 9.71445146547012e-17
527 7.512858533762657 -1.867998297404426 -0.3866025825267196
528 18.78128183787367 1.496175946985179 -0.01108127946547432
529 13.60418269237185 1.701994845689262 0.1950449006657657
530 1.906531908815523 0.08649553571428575 0.8431122448979591
531 1.906531908815523 0.08649553571428564 -0.8431122448979592
532 -0.0864955357142857 -1.877969261421359 -0.8431122448979592
533 -0.0864955357142858 1.877699958297995 0.8431122448979591
534 6.95578109619156 2.127067553155952 -0.6145676530257039
535 3.706689724375283 -1.801554837695168 0.5706467159889539
536 11.64473684210527 -2.061822178664042 0.4132024508959837
537 8.26621682205738 1.929066622382318 0.7362316484538247
538 11.76059119434765 2.144547201394372 -0.4733491304897033
539 3.57135670466161 2.185068999060041 -0.6789638388353755
540 -0.437338934298209 1.763324828169514 -1.3125
541 8.490023913946073 1.45815467635826 -0.8754646758623462
542 -3.203918277151607 -2.126426776353673 -0.6699483426618018
543 6.100529431949993 0.1853499636938332 0.9167370951473339
544 6.098085439229697 0.1807320541550781 -0.7611800446556447
545 9.078805159983469 0.2128637872067955 0.9110268401517336
546 3.705713874322136 1.307195436943146 0.7257954554414451
547 16.29146915520884 -2.175527199810682 -0.5900546985824289
548 4.494345998125413 -0.1213811921409258 0.850430718444973
549 -3.170753081661519 2.124819465515224 0.6967834923619507
550 20.64755559142287 1.058955177076352 0.626766209078879
551 -1.813701134684903 -0.437338934298209 1.3125
552 1.678554351532508 -1.524760513963662 1.063252087898351
553 -1.740030492864202 0.0864955357142857 -0.8431122448979593
554 4.46585245903198 -0.1939954992121813 -0.980927512163812
555 18.68364269547548 -2.131518229801315 -0.5690744654069214
556 10.59431355921996 0.08443895515279731 -0.9147846466195143
557 8.697239540477881 -2.294917312722342 0.8356510497801646
558 9.025232178605997 -2.426946734964585 -0.7878214829464737
559 6.318406050427366 -2.456587351634823 0.6820815985586915
560 4.510836490151099 -2.321196291942731 -0.8641174758700441
561 8.477812992326063 -0.6633466248139723 -0.9872287553152999
562 1.982639036608385 2.463062081110469 -0.946267818949226
563 6.079921359845949 -2.297476617072617 -0.8607761208826585
564 12.88838303075253 -1.496409770702074 -0.8342223303242207
565 14.56000128450085 0.2780866521176104 -0.6163760149011004
566 11.3781545304277 1.216781329451692 0.9356833539527301
567 6.256166352148226 2.355321545109584 0.9406219252998862
568 10.97969094574585 -1.518681671314721 -0.9967410478912417
569 -1.809728107827262 0.9999628492112984 0.4375
570 10.64957715695519 -0.252059258297984 1.021494612719658
571 15.74764461546524 -0.2859283995315766 0.7012862221404892
572 20.78671253370399 -2.240367403441392 0.7913318023941645
573 7.109511758027858 -1.075903554329734 0.9627760342736109
574 -1.657050119730638 -1.603205174376433 -1.073709543353079
575 20.30623591542774 2.288067105132574 -0.7310902862761036
576 10.16531242840394 -2.618541147941196 0.3419518927416781
577 17.33682984889479 2.266695555046529 0.7539082334207119
578 -3.402758294330466 -1.398575802600784 0.9191394703053274
579 3.417237060995808 -1.275725331839011 -0.8401855789458428
580 4.698960385610813 2.48759242544856 0.9786989676786162
581 12.34941956959398 2.53945289827475 1.008348090359688
582 -0.437338934298209 -1.618576903340883 1.3125
583 13.269044237194 -2.493339797949088 0.5159249611497454
584 13.66447662551776 -0.2016768859551228 0.8771560376848005
585 17.47893980541811 -2.305616556902647 0.7218865129052174
586 10.76134880810701 2.586534857935331 0.60831795978561
587 -3.436268901635865 1.60089450822676 -0.9045457775024528
588 17.3425935879059 0.873659232122267 -0.8629728815428205
589 9.472776850743275 2.674486079436828 -0.8354530633383433
590 1.266855052522152 1.355644580050091 -0.4375000000000001
591 5.069719193510954 2.571758059112268 -1.03610682635231
592 2.515657994683528 -2.696490503816815 0.6689884199448993
593 3.108178700751238 2.657572210259388 0.6437258403372013
594 12.79430698651694 1.009384796312926 -1.052950434854807
595 2.567836981055339 1.259849816659341 -0.7788054571367691
596 14.7472957701498 2.358906711247195 -0.8719422572894762
597 7.076922935069756 1.205321211600892 0.9801036981260129
598 16.02580538323052 -0.5327574106290676 -0.9630818587817555
599 19.80977602507665 2.514178535994623 0.8764894178925312
600 8.388842804282426 -0.9034394966102535 0.398252501945297
601 1.148215975432711 2.661045040643682 0.7818831063459633
602 16.70997233226159 2.521925095465056 -1.003505590179468
603 20.37053465607558 -2.18972451710577 -0.8713806723285996
604 4.885877307656781 -2.65497611406701 0.5038058928584533
605 1.177537975944493 -1.493541475921658 -1.3125
606 0.9978500089812398 -2.780867840868759 -0.7566066808015142
607 1.461405163703014 -0.8611445134698563 -0.4375
608 18.74135206374041 0.01262124191735334 0.8120734213687335
609 2.313554358183242 -0.9819814543132721 -1.338695463141195
610 14.90611804348991 2.416526891774369 0.9293882174195531
611 9.313145640869349 0.2926034022361315 -0.4464619876914154
612 20.07065879465789 0.7987727048244582 -1.083296627081375
613 1.44844075854463 1.092240055659749 1.3125
614 3.134062974679482 -2.668240950852351 -0.7823283080867229
615 2.869480974165644 -0.8528445484270346 1.089792123701483
616 17.09887174762407 0.6395622954531655 0.9351046255261526
617 6.67910401705436 -1.046758361591024 -1.207583580501052
618 18.96992086479611 -1.623212593014794 0.9859493477486179
619 -1.53529288663298 2.379009867878159 1.100400737245786
620 15.26315789473685 -2.652635102762297 0.8333397278370587
621 7.239325891240654 0.8871473766927077 -1.267243636623991
622 18.72650002811162 -0.5391927318706509 -1.00654161689758
623 11.94618989099356 -2.61103172452031 -0.9069867825499118
624 4.445149137476812 1.19960128494657 -1.174160578644231
625 13.13596274874971 2.501734866456791 -1.007214866985227
626 0.624141053040829 1.495750292340151 -1.3125
627 -3.734019443115505 -2.72617939477787 1.198635056300912
628 4.850552266506579 -1.400081129373059 1.233002079632539
629 8.178159315998396 2.698754944585863 -0.3910710891216462
630 10.75477111063523 1.444582128841147 -1.117810472242007
631 10.05929759223122 1.092186647108354 1.335687449078443
632 2.676898423038091 0.9375421624679048 1.307141828511208
633 14.77819650539204 0.8695450875985443 1.110310537770162
634 13.92972995893411 -2.633804661950428 -0.8708616120126645
635 9.798927795378194 -0.9347636253805555 -1.344686025655865
636 21.22059400155176 2.598770507828626 1.170641284221021
637 7.852995095080044 -0.05236124198957526 1.202139444876009
638 0.8301124055911913 1.446503461976907 0.5257380105852272
639 0.05859375000000001 1.330779221034128 0
640 5.894174638178624 1.469451763637771 -1.17525184086189
641 1.670430477684254 1.0287728761295 -1.471040704430127
642 5.457119423313081 1.317471801095778 1.345927436346377
643 9.506751594010105 2.39535716356698 1.242152470444053
644 21.03682533656373 -0.3482721249799371 1.054203341105916
645 3.165549568961107 0.0738401368029637 -1.348549224539605
646 1.386972163404844 0.05859374999999997 0
647 21.02746241696974 -0.37434422697289 -1.06299184624191
648 0.05859375000000006 -1.383854609244502 -5.551115123125783e-17
649 -0.8700644996624368 -1.352321957299231 -0.4375000000000001
650 -1.398513397713435 -0.9532344698260082 0.4375000000000001
651 5.349161180241389 -1.137802653312294 -1.328157889931385
652 12.81617639462565 0.9698204687857732 1.221462457619649
653 7.558839362985797 -2.862479779969406 0.4810071950794708
654 10.59945495838461 -1.641458112251913 1.262827568890385
655 -1.401422140149732 1.102172098021256 -1.3125
656 -0.8915443383509651 1.36644531765646 -0.4375
657 10.28491897326249 -2.65441204597064 -1.213075273765835
658 9.586860204055199 -0.8944920426971825 1.227560204468513
659 10.87756877826587 2.803859570416564 -1.298552595156758
660 12.6788372415696 -1.281410449267394 1.139736752248011
$EndNodes
$Elements
3346
1 2 2 5 7 1 3 133
2 2 2 5 7 19 1 133
3 2 2 5 7 4 2 134
4 2 2 5 7 2 17 134
5 2 2 5 7 3 22 133
6 2 2 5 7 20 4 134
7 2 2 5 7 17 18 135
8 2 2 5 7 134 17 135
9 2 2 5 7 18 19 136
10 2 2 5 7 135 18 136
11 2 2 5 7 19 133 136
12 2 2 5 7 21 20 135
13 2 2 5 7 20 134 135
14 2 2 5 7 22 21 136
15 2 2 5 7 21 135 136
16 2 2 5 7 133 22 136
17 2 2 5 8 5 137 7
18 2 2 5 8 25 137 5
19 2 2 5 8 8 138 6
20 2 2 5 8 6 138 23
21 2 2 5 8 7 137 28
22 2 2 5 8 26 138 8
23 2 2 5 8 23 139 24
24 2 2 5 8 138 139 23
25 2 2 5 8 24 140 25
26 2 2 5 8 139 140 24
27 2 2 5 8 25 140 137
28 2 2 5 8 27 139 26
29 2 2 5 8 26 139 138
30 2 2 5 8 28 140 27
31 2 2 5 8 27 140 139
32 2 2 5 8 137 140 28
33 2 2 5 9 5 1 141
34 2 2 5 9 1 19 141
35 2 2 5 9 2 6 142
36 2 2 5 9 17 2 142
37 2 2 5 9 25 5 141
38 2 2 5 9 6 23 142
39 2 2 5 9 18 17 143
40 2 2 5 9 17 142 143
41 2 2 5 9 19 18 144
42 2 2 5 9 18 143 144
43 2 2 5 9 141 19 144
44 2 2 5 9 23 24 143
45 2 2 5 9 142 23 143
46 2 2 5 9 24 25 144
47 2 2 5 9 143 24 144
48 2 2 5 9 25 141 144
49 2 2 5 10 7 145 3
50 2 2 5 10 3 145 22
51 2 2 5 10 4 146 8
52 2 2 5 10 20 146 4
53 2 2 5 10 28 145 7
54 2 2 5 10 8 146 26
55 2 2 5 10 21 147 20
56 2 2 5 10 20 147 146
57 2 2 5 10 22 148 21
58 2 2 5 10 21 148 147
59 2 2 5 10 145 148 22
60 2 2 5 10 26 147 27
61 2 2 5 10 146 147 26
62 2 2 5 10 27 148 28
63 2 2 5 10 147 148 27
64 2 2 5 10 28 148 145
65 2 2 5 11 2 4 149
66 2 2 5 11 6 2 149
67 2 2 5 11 4 8 149
68 2 2 5 11 8 6 149
69 2 2 5 12 1 150 3
70 2 2 5 12 5 150 1
71 2 2 5 12 3 150 7
72 2 2 5 12 7 150 5
73 2 2 2 13 31 9 169
74 2 2 2 13 9 32 169
75 2 2 2 13 10 29 167
76 2 2 2 13 40 10 167
77 2 2 2 13 36 11 168
78 2 2 2 13 11 39 168
79 2 2 2 13 37 12 166
80 2 2 2 13 12 44 166
81 2 2 2 13 29 30 155
82 2 2 2 13 29 155 167
83 2 2 2 13 30 31 162
84 2 2 2 13 155 30 162
85 2 2 2 13 162 31 169
86 2 2 2 13 32 33 152
87 2 2 2 13 32 152 169
88 2 2 2 13 33 34 160
89 2 2 2 13 152 33 160
90 2 2 2 13 34 35 161
91 2 2 2 13 160 34 161
92 2 2 2 13 35 36 153
93 2 2 2 13 35 153 161
94 2 2 2 13 153 36 168
95 2 2 2 13 38 37 154
96 2 2 2 13 154 37 166
97 2 2 2 13 39 38 163
98 2 2 2 13 38 154 163
99 2 2 2 13 39 163 168
100 2 2 2 13 41 40 164
101 2 2 2 13 164 40 167
102 2 2 2 13 42 41 151
103 2 2 2 13 151 41 164
104 2 2 2 13 43 42 156
105 2 2 2 13 42 151 156
106 2 2 2 13 44 43 165
107 2 2 2 13 43 156 165
108 2 2 2 13 44 165 166
109 2 2 2 13 156 151 157
110 2 2 2 13 157 151 158
111 2 2 2 13 158 151 164
112 2 2 2 13 158 152 160
113 2 2 2 13 152 158 162
114 2 2 2 13 152 162 169
115 2 2 2 13 153 159 161
116 2 2 2 13 159 153 163
117 2 2 2 13 163 153 168
118 2 2 2 13 154 159 163
119 2 2 2 13 159 154 165
120 2 2 2 13 165 154 166
121 2 2 2 13 158 155 162
122 2 2 2 13 155 158 164
123 2 2 2 13 155 164 167
124 2 2 2 13 156 157 159
125 2 2 2 13 156 159 165
126 2 2 2 13 157 158 160
127 2 2 2 13 159 157 161
128 2 2 2 13 157 160 161
129 2 2 4 14 9 31 226
130 2 2 4 14 66 9 226
131 2 2 4 14 29 10 225
132 2 2 4 14 10 45 225
133 2 2 4 14 62 13 227
134 2 2 4 14 13 63 227
135 2 2 4 14 65 14 224
136 2 2 4 14 14 83 224
137 2 2 4 14 30 29 220
138 2 2 4 14 220 29 225
139 2 2 4 14 31 30 183
140 2 2 4 14 183 30 220
141 2 2 4 14 31 183 226
142 2 2 4 14 45 46 180
143 2 2 4 14 45 180 225
144 2 2 4 14 46 47 203
145 2 2 4 14 180 46 203
146 2 2 4 14 47 48 204
147 2 2 4 14 203 47 204
148 2 2 4 14 48 49 172
149 2 2 4 14 48 172 204
150 2 2 4 14 49 50 200
151 2 2 4 14 172 49 200
152 2 2 4 14 50 51 171
153 2 2 4 14 50 171 200
154 2 2 4 14 51 52 193
155 2 2 4 14 171 51 193
156 2 2 4 14 52 53 184
157 2 2 4 14 52 184 193
158 2 2 4 14 53 54 199
159 2 2 4 14 184 53 199
160 2 2 4 14 54 55 177
161 2 2 4 14 54 177 199
162 2 2 4 14 55 56 190
163 2 2 4 14 177 55 190
164 2 2 4 14 56 57 185
165 2 2 4 14 56 185 190
166 2 2 4 14 57 58 197
167 2 2 4 14 185 57 197
168 2 2 4 14 58 59 176
169 2 2 4 14 58 176 197
170 2 2 4 14 59 60 201
171 2 2 4 14 176 59 201
172 2 2 4 14 60 61 170
173 2 2 4 14 60 170 201
174 2 2 4 14 61 62 223
175 2 2 4 14 170 61 223
176 2 2 4 14 223 62 227
177 2 2 4 14 63 64 182
178 2 2 4 14 63 182 227
179 2 2 4 14 64 65 221
180 2 2 4 14 182 64 221
181 2 2 4 14 221 65 224
182 2 2 4 14 67 66 222
183 2 2 4 14 222 66 226
184 2 2 4 14 68 67 173
185 2 2 4 14 173 67 222
186 2 2 4 14 69 68 191
187 2 2 4 14 68 173 191
188 2 2 4 14 70 69 195
189 2 2 4 14 69 191 195
190 2 2 4 14 71 70 179
191 2 2 4 14 179 70 195
192 2 2 4 14 72 71 198
193 2 2 4 14 71 179 198
194 2 2 4 14 73 72 189
195 2 2 4 14 189 72 198
196 2 2 4 14 74 73 174
197 2 2 4 14 174 73 189
198 2 2 4 14 75 74 196
199 2 2 4 14 74 174 196
200 2 2 4 14 76 75 186
201 2 2 4 14 186 75 196
202 2 2 4 14 77 76 188
203 2 2 4 14 76 186 188
204 2 2 4 14 78 77 175
205 2 2 4 14 175 77 188
206 2 2 4 14 79 78 202
207 2 2 4 14 78 175 202
208 2 2 4 14 80 79 187
209 2 2 4 14 187 79 202
210 2 2 4 14 81 80 181
211 2 2 4 14 181 80 187
212 2 2 4 14 82 81 194
213 2 2 4 14 81 181 194
214 2 2 4 14 83 82 178
215 2 2 4 14 178 82 194
216 2 2 4 14 83 178 224
217 2 2 4 14 201 170 211
218 2 2 4 14 170 207 211
219 2 2 4 14 207 170 223
220 2 2 4 14 171 193 218
221 2 2 4 14 200 171 210
222 2 2 4 14 210 171 218
223 2 2 4 14 172 200 209
224 2 2 4 14 204 172 205
225 2 2 4 14 205 172 209
226 2 2 4 14 191 173 192
227 2 2 4 14 192 173 206
228 2 2 4 14 206 173 222
229 2 2 4 14 174 189 217
230 2 2 4 14 196 174 212
231 2 2 4 14 212 174 217
232 2 2 4 14 175 188 213
233 2 2 4 14 202 175 215
234 2 2 4 14 175 213 215
235 2 2 4 14 197 176 219
236 2 2 4 14 176 201 208
237 2 2 4 14 176 208 219
238 2 2 4 14 177 190 216
239 2 2 4 14 199 177 214
240 2 2 4 14 214 177 216
241 2 2 4 14 178 194 207
242 2 2 4 14 178 207 221
243 2 2 4 14 178 221 224
244 2 2 4 14 179 195 209
245 2 2 4 14 198 179 210
246 2 2 4 14 179 209 210
247 2 2 4 14 180 203 206
248 2 2 4 14 180 206 220
249 2 2 4 14 180 220 225
250 2 2 4 14 181 187 208
251 2 2 4 14 194 181 211
252 2 2 4 14 181 208 211
253 2 2 4 14 207 182 221
254 2 2 4 14 182 207 223
255 2 2 4 14 182 223 227
256 2 2 4 14 206 183 220
257 2 2 4 14 183 206 222
258 2 2 4 14 183 222 226
259 2 2 4 14 193 184 217
260 2 2 4 14 184 199 212
261 2 2 4 14 184 212 217
262 2 2 4 14 190 185 213
263 2 2 4 14 185 197 215
264 2 2 4 14 213 185 215
265 2 2 4 14 188 186 216
266 2 2 4 14 186 196 214
267 2 2 4 14 186 214 216
268 2 2 4 14 187 202 219
269 2 2 4 14 208 187 219
270 2 2 4 14 213 188 216
271 2 2 4 14 189 198 218
272 2 2 4 14 217 189 218
273 2 2 4 14 190 213 216
274 2 2 4 14 191 192 205
275 2 2 4 14 195 191 205
276 2 2 4 14 192 203 204
277 2 2 4 14 203 192 206
278 2 2 4 14 192 204 205
279 2 2 4 14 193 217 218
280 2 2 4 14 207 194 211
281 2 2 4 14 195 205 209
282 2 2 4 14 196 212 214
283 2 2 4 14 215 197 219
284 2 2 4 14 198 210 218
285 2 2 4 14 212 199 214
286 2 2 4 14 209 200 210
287 2 2 4 14 208 201 211
288 2 2 4 14 202 215 219
289 2 2 4 15 9 324 32
290 2 2 4 15 66 324 9
291 2 2 4 15 36 325 11
292 2 2 4 15 11 325 84
293 2 2 4 15 14 318 83
294 2 2 4 15 102 318 14
295 2 2 4 15 101 326 15
296 2 2 4 15 15 326 106
297 2 2 4 15 32 300 33
298 2 2 4 15 32 324 300
299 2 2 4 15 33 234 34
300 2 2 4 15 33 300 234
301 2 2 4 15 34 296 35
302 2 2 4 15 234 296 34
303 2 2 4 15 35 301 36
304 2 2 4 15 296 301 35
305 2 2 4 15 301 325 36
306 2 2 4 15 67 290 66
307 2 2 4 15 290 324 66
308 2 2 4 15 68 241 67
309 2 2 4 15 241 290 67
310 2 2 4 15 69 291 68
311 2 2 4 15 68 291 241
312 2 2 4 15 70 237 69
313 2 2 4 15 237 291 69
314 2 2 4 15 71 292 70
315 2 2 4 15 70 292 237
316 2 2 4 15 72 228 71
317 2 2 4 15 228 292 71
318 2 2 4 15 73 315 72
319 2 2 4 15 72 315 228
320 2 2 4 15 74 327 73
321 2 2 4 15 281 315 73
322 2 2 4 15 73 327 281
323 2 2 4 15 75 232 74
324 2 2 4 15 232 327 74
325 2 2 4 15 76 308 75
326 2 2 4 15 75 308 232
327 2 2 4 15 77 282 76
328 2 2 4 15 282 308 76
329 2 2 4 15 78 230 77
330 2 2 4 15 230 282 77
331 2 2 4 15 79 298 78
332 2 2 4 15 78 298 230
333 2 2 4 15 80 283 79
334 2 2 4 15 283 298 79
335 2 2 4 15 81 231 80
336 2 2 4 15 231 283 80
337 2 2 4 15 82 288 81
338 2 2 4 15 81 288 231
339 2 2 4 15 83 243 82
340 2 2 4 15 243 288 82
341 2 2 4 15 83 318 243
342 2 2 4 15 84 244 85
343 2 2 4 15 84 325 244
344 2 2 4 15 85 314 86
345 2 2 4 15 244 314 85
346 2 2 4 15 86 229 87
347 2 2 4 15 86 314 229
348 2 2 4 15 87 312 88
349 2 2 4 15 229 312 87
350 2 2 4 15 88 235 89
351 2 2 4 15 88 312 235
352 2 2 4 15 89 309 90
353 2 2 4 15 235 309 89
354 2 2 4 15 90 236 91
355 2 2 4 15 90 309 236
356 2 2 4 15 91 305 92
357 2 2 4 15 236 305 91
358 2 2 4 15 92 240 93
359 2 2 4 15 92 305 240
360 2 2 4 15 93 303 94
361 2 2 4 15 240 303 93
362 2 2 4 15 94 238 95
363 2 2 4 15 94 303 238
364 2 2 4 15 95 297 96
365 2 2 4 15 238 297 95
366 2 2 4 15 96 295 97
367 2 2 4 15 96 297 295
368 2 2 4 15 97 239 98
369 2 2 4 15 97 295 239
370 2 2 4 15 98 293 99
371 2 2 4 15 239 293 98
372 2 2 4 15 99 242 100
373 2 2 4 15 99 293 242
374 2 2 4 15 100 245 101
375 2 2 4 15 242 245 100
376 2 2 4 15 245 326 101
377 2 2 4 15 103 289 102
378 2 2 4 15 289 318 102
379 2 2 4 15 104 320 103
380 2 2 4 15 103 320 289
381 2 2 4 15 105 233 104
382 2 2 4 15 233 320 104
383 2 2 4 15 106 302 105
384 2 2 4 15 105 302 233
385 2 2 4 15 106 326 302
386 2 2 4 15 228 322 292
387 2 2 4 15 315 323 228
388 2 2 4 15 228 323 322
389 2 2 4 15 279 313 229
390 2 2 4 15 229 314 279
391 2 2 4 15 280 312 229
392 2 2 4 15 229 313 280
393 2 2 4 15 256 258 230
394 2 2 4 15 230 298 256
395 2 2 4 15 258 282 230
396 2 2 4 15 250 251 231
397 2 2 4 15 231 288 250
398 2 2 4 15 251 283 231
399 2 2 4 15 308 329 232
400 2 2 4 15 232 328 327
401 2 2 4 15 232 329 328
402 2 2 4 15 233 302 246
403 2 2 4 15 246 310 233
404 2 2 4 15 310 320 233
405 2 2 4 15 278 296 234
406 2 2 4 15 234 306 278
407 2 2 4 15 300 306 234
408 2 2 4 15 280 311 235
409 2 2 4 15 235 312 280
410 2 2 4 15 235 311 309
411 2 2 4 15 284 307 236
412 2 2 4 15 236 309 284
413 2 2 4 15 236 307 305
414 2 2 4 15 237 319 291
415 2 2 4 15 292 321 237
416 2 2 4 15 237 321 319
417 2 2 4 15 286 299 238
418 2 2 4 15 238 303 286
419 2 2 4 15 238 299 297
420 2 2 4 15 287 294 239
421 2 2 4 15 239 295 287
422 2 2 4 15 239 294 293
423 2 2 4 15 285 304 240
424 2 2 4 15 240 305 285
425 2 2 4 15 240 304 303
426 2 2 4 15 277 306 241
427 2 2 4 15 241 317 277
428 2 2 4 15 241 306 290
429 2 2 4 15 291 317 241
430 2 2 4 15 242 246 245
431 2 2 4 15 242 247 246
432 2 2 4 15 242 293 247
433 2 2 4 15 255 288 243
434 2 2 4 15 243 289 255
435 2 2 4 15 243 318 289
436 2 2 4 15 279 314 244
437 2 2 4 15 244 316 279
438 2 2 4 15 301 316 244
439 2 2 4 15 244 325 301
440 2 2 4 15 246 302 245
441 2 2 4 15 302 326 245
442 2 2 4 15 247 248 246
443 2 2 4 15 248 310 246
444 2 2 4 15 247 249 248
445 2 2 4 15 247 294 249
446 2 2 4 15 293 294 247
447 2 2 4 15 249 250 248
448 2 2 4 15 250 255 248
449 2 2 4 15 255 310 248
450 2 2 4 15 249 251 250
451 2 2 4 15 249 252 251
452 2 2 4 15 249 294 252
453 2 2 4 15 250 288 255
454 2 2 4 15 252 253 251
455 2 2 4 15 253 283 251
456 2 2 4 15 252 254 253
457 2 2 4 15 252 287 254
458 2 2 4 15 252 294 287
459 2 2 4 15 254 256 253
460 2 2 4 15 256 298 253
461 2 2 4 15 253 298 283
462 2 2 4 15 254 257 256
463 2 2 4 15 254 260 257
464 2 2 4 15 254 287 260
465 2 2 4 15 289 310 255
466 2 2 4 15 257 258 256
467 2 2 4 15 257 259 258
468 2 2 4 15 257 299 259
469 2 2 4 15 260 299 257
470 2 2 4 15 259 261 258
471 2 2 4 15 261 282 258
472 2 2 4 15 259 262 261
473 2 2 4 15 259 286 262
474 2 2 4 15 259 299 286
475 2 2 4 15 287 295 260
476 2 2 4 15 295 297 260
477 2 2 4 15 297 299 260
478 2 2 4 15 262 263 261
479 2 2 4 15 263 329 261
480 2 2 4 15 261 329 282
481 2 2 4 15 262 264 263
482 2 2 4 15 262 304 264
483 2 2 4 15 286 304 262
484 2 2 4 15 264 265 263
485 2 2 4 15 265 328 263
486 2 2 4 15 328 329 263
487 2 2 4 15 264 266 265
488 2 2 4 15 264 285 266
489 2 2 4 15 264 304 285
490 2 2 4 15 266 267 265
491 2 2 4 15 267 281 265
492 2 2 4 15 281 328 265
493 2 2 4 15 266 268 267
494 2 2 4 15 266 307 268
495 2 2 4 15 285 307 266
496 2 2 4 15 268 269 267
497 2 2 4 15 269 323 267
498 2 2 4 15 267 323 281
499 2 2 4 15 268 270 269
500 2 2 4 15 268 284 270
501 2 2 4 15 268 307 284
502 2 2 4 15 270 271 269
503 2 2 4 15 271 322 269
504 2 2 4 15 322 323 269
505 2 2 4 15 270 272 271
506 2 2 4 15 270 311 272
507 2 2 4 15 284 311 270
508 2 2 4 15 272 273 271
509 2 2 4 15 273 321 271
510 2 2 4 15 321 322 271
511 2 2 4 15 272 274 273
512 2 2 4 15 272 280 274
513 2 2 4 15 272 311 280
514 2 2 4 15 274 275 273
515 2 2 4 15 275 319 273
516 2 2 4 15 319 321 273
517 2 2 4 15 274 276 275
518 2 2 4 15 274 313 276
519 2 2 4 15 280 313 274
520 2 2 4 15 276 277 275
521 2 2 4 15 277 317 275
522 2 2 4 15 317 319 275
523 2 2 4 15 276 278 277
524 2 2 4 15 276 279 278
525 2 2 4 15 276 313 279
526 2 2 4 15 278 306 277
527 2 2 4 15 279 316 278
528 2 2 4 15 278 316 296
529 2 2 4 15 281 323 315
530 2 2 4 15 327 328 281
531 2 2 4 15 282 329 308
532 2 2 4 15 309 311 284
533 2 2 4 15 305 307 285
534 2 2 4 15 303 304 286
535 2 2 4 15 289 320 310
536 2 2 4 15 290 306 300
537 2 2 4 15 300 324 290
538 2 2 4 15 291 319 317
539 2 2 4 15 292 322 321
540 2 2 4 15 296 316 301
541 2 2 4 16 11 386 39
542 2 2 4 16 84 386 11
543 2 2 4 16 37 385 12
544 2 2 4 16 12 385 107
545 2 2 4 16 15 384 101
546 2 2 4 16 127 384 15
547 2 2 4 16 124 387 16
548 2 2 4 16 16 387 125
549 2 2 4 16 38 344 37
550 2 2 4 16 344 385 37
551 2 2 4 16 39 380 38
552 2 2 4 16 38 380 344
553 2 2 4 16 39 386 380
554 2 2 4 16 85 340 84
555 2 2 4 16 340 386 84
556 2 2 4 16 86 354 85
557 2 2 4 16 85 354 340
558 2 2 4 16 87 339 86
559 2 2 4 16 339 354 86
560 2 2 4 16 88 353 87
561 2 2 4 16 87 353 339
562 2 2 4 16 89 360 88
563 2 2 4 16 88 360 353
564 2 2 4 16 90 331 89
565 2 2 4 16 331 360 89
566 2 2 4 16 91 352 90
567 2 2 4 16 90 352 331
568 2 2 4 16 92 350 91
569 2 2 4 16 350 352 91
570 2 2 4 16 93 341 92
571 2 2 4 16 341 350 92
572 2 2 4 16 94 364 93
573 2 2 4 16 93 364 341
574 2 2 4 16 95 363 94
575 2 2 4 16 363 364 94
576 2 2 4 16 96 335 95
577 2 2 4 16 335 363 95
578 2 2 4 16 97 355 96
579 2 2 4 16 96 355 335
580 2 2 4 16 98 336 97
581 2 2 4 16 336 355 97
582 2 2 4 16 99 362 98
583 2 2 4 16 98 362 336
584 2 2 4 16 100 346 99
585 2 2 4 16 346 362 99
586 2 2 4 16 101 338 100
587 2 2 4 16 338 346 100
588 2 2 4 16 101 384 338
589 2 2 4 16 107 382 108
590 2 2 4 16 107 385 382
591 2 2 4 16 108 333 109
592 2 2 4 16 108 382 333
593 2 2 4 16 109 356 110
594 2 2 4 16 333 356 109
595 2 2 4 16 110 332 111
596 2 2 4 16 110 356 332
597 2 2 4 16 111 357 112
598 2 2 4 16 332 357 111
599 2 2 4 16 112 345 113
600 2 2 4 16 112 357 345
601 2 2 4 16 113 358 114
602 2 2 4 16 345 358 113
603 2 2 4 16 114 334 115
604 2 2 4 16 114 358 334
605 2 2 4 16 115 359 116
606 2 2 4 16 334 359 115
607 2 2 4 16 116 337 117
608 2 2 4 16 116 359 337
609 2 2 4 16 117 348 118
610 2 2 4 16 337 348 117
611 2 2 4 16 118 351 119
612 2 2 4 16 348 351 118
613 2 2 4 16 119 342 120
614 2 2 4 16 119 351 342
615 2 2 4 16 120 347 121
616 2 2 4 16 342 347 120
617 2 2 4 16 121 361 122
618 2 2 4 16 347 361 121
619 2 2 4 16 122 330 123
620 2 2 4 16 122 361 330
621 2 2 4 16 123 383 124
622 2 2 4 16 330 383 123
623 2 2 4 16 383 387 124
624 2 2 4 16 125 343 126
625 2 2 4 16 125 387 343
626 2 2 4 16 126 381 127
627 2 2 4 16 343 381 126
628 2 2 4 16 381 384 127
629 2 2 4 16 361 379 330
630 2 2 4 16 330 379 367
631 2 2 4 16 367 383 330
632 2 2 4 16 352 371 331
633 2 2 4 16 331 369 360
634 2 2 4 16 331 371 369
635 2 2 4 16 356 372 332
636 2 2 4 16 332 370 357
637 2 2 4 16 332 372 370
638 2 2 4 16 333 373 356
639 2 2 4 16 333 374 373
640 2 2 4 16 333 382 374
641 2 2 4 16 358 368 334
642 2 2 4 16 334 376 359
643 2 2 4 16 368 376 334
644 2 2 4 16 355 377 335
645 2 2 4 16 335 365 363
646 2 2 4 16 335 377 365
647 2 2 4 16 336 378 355
648 2 2 4 16 362 375 336
649 2 2 4 16 375 378 336
650 2 2 4 16 337 349 348
651 2 2 4 16 337 366 349
652 2 2 4 16 359 366 337
653 2 2 4 16 338 367 346
654 2 2 4 16 338 381 367
655 2 2 4 16 338 384 381
656 2 2 4 16 353 372 339
657 2 2 4 16 339 373 354
658 2 2 4 16 372 373 339
659 2 2 4 16 354 374 340
660 2 2 4 16 374 380 340
661 2 2 4 16 380 386 340
662 2 2 4 16 341 376 350
663 2 2 4 16 364 366 341
664 2 2 4 16 366 376 341
665 2 2 4 16 342 378 347
666 2 2 4 16 351 377 342
667 2 2 4 16 377 378 342
668 2 2 4 16 367 381 343
669 2 2 4 16 343 383 367
670 2 2 4 16 343 387 383
671 2 2 4 16 344 380 374
672 2 2 4 16 374 382 344
673 2 2 4 16 382 385 344
674 2 2 4 16 357 369 345
675 2 2 4 16 345 371 358
676 2 2 4 16 369 371 345
677 2 2 4 16 346 379 362
678 2 2 4 16 367 379 346
679 2 2 4 16 347 375 361
680 2 2 4 16 347 378 375
681 2 2 4 16 349 365 348
682 2 2 4 16 348 365 351
683 2 2 4 16 349 364 363
684 2 2 4 16 363 365 349
685 2 2 4 16 349 366 364
686 2 2 4 16 350 368 352
687 2 2 4 16 350 376 368
688 2 2 4 16 365 377 351
689 2 2 4 16 368 371 352
690 2 2 4 16 360 370 353
691 2 2 4 16 370 372 353
692 2 2 4 16 373 374 354
693 2 2 4 16 355 378 377
694 2 2 4 16 356 373 372
695 2 2 4 16 357 370 369
696 2 2 4 16 358 371 368
697 2 2 4 16 359 376 366
698 2 2 4 16 369 370 360
699 2 2 4 16 375 379 361
700 2 2 4 16 362 379 375
701 2 2 4 17 10 40 483
702 2 2 4 17 45 10 483
703 2 2 4 17 44 12 485
704 2 2 4 17 12 107 485
705 2 2 4 17 13 62 478
706 2 2 4 17 128 13 478
707 2 2 4 17 124 16 484
708 2 2 4 17 16 132 484
709 2 2 4 17 40 41 461
710 2 2 4 17 40 461 483
711 2 2 4 17 41 42 394
712 2 2 4 17 41 394 461
713 2 2 4 17 42 43 457
714 2 2 4 17 394 42 457
715 2 2 4 17 43 44 462
716 2 2 4 17 457 43 462
717 2 2 4 17 462 44 485
718 2 2 4 17 46 45 404
719 2 2 4 17 404 45 483
720 2 2 4 17 47 46 451
721 2 2 4 17 46 404 451
722 2 2 4 17 48 47 400
723 2 2 4 17 400 47 451
724 2 2 4 17 49 48 452
725 2 2 4 17 48 400 452
726 2 2 4 17 50 49 395
727 2 2 4 17 395 49 452
728 2 2 4 17 51 50 453
729 2 2 4 17 50 395 453
730 2 2 4 17 52 51 396
731 2 2 4 17 396 51 453
732 2 2 4 17 53 52 448
733 2 2 4 17 52 396 448
734 2 2 4 17 54 53 392
735 2 2 4 17 392 53 448
736 2 2 4 17 55 54 469
737 2 2 4 17 54 392 469
738 2 2 4 17 56 55 442
739 2 2 4 17 442 55 469
740 2 2 4 17 57 56 390
741 2 2 4 17 390 56 442
742 2 2 4 17 58 57 459
743 2 2 4 17 57 390 459
744 2 2 4 17 59 58 443
745 2 2 4 17 443 58 459
746 2 2 4 17 60 59 391
747 2 2 4 17 391 59 443
748 2 2 4 17 61 60 449
749 2 2 4 17 60 391 449
750 2 2 4 17 62 61 402
751 2 2 4 17 402 61 449
752 2 2 4 17 62 402 478
753 2 2 4 17 107 108 403
754 2 2 4 17 107 403 485
755 2 2 4 17 108 109 475
756 2 2 4 17 403 108 475
757 2 2 4 17 109 110 389
758 2 2 4 17 109 389 475
759 2 2 4 17 110 111 473
760 2 2 4 17 389 110 473
761 2 2 4 17 111 112 472
762 2 2 4 17 111 472 473
763 2 2 4 17 112 113 388
764 2 2 4 17 112 388 472
765 2 2 4 17 113 114 468
766 2 2 4 17 388 113 468
767 2 2 4 17 114 115 397
768 2 2 4 17 114 397 468
769 2 2 4 17 115 116 465
770 2 2 4 17 397 115 465
771 2 2 4 17 116 117 464
772 2 2 4 17 116 464 465
773 2 2 4 17 117 118 398
774 2 2 4 17 117 398 464
775 2 2 4 17 118 119 458
776 2 2 4 17 398 118 458
777 2 2 4 17 119 120 456
778 2 2 4 17 119 456 458
779 2 2 4 17 120 121 399
780 2 2 4 17 120 399 456
781 2 2 4 17 121 122 454
782 2 2 4 17 399 121 454
783 2 2 4 17 122 123 401
784 2 2 4 17 122 401 454
785 2 2 4 17 123 124 405
786 2 2 4 17 401 123 405
787 2 2 4 17 405 124 484
788 2 2 4 17 129 128 450
789 2 2 4 17 450 128 478
790 2 2 4 17 130 129 480
791 2 2 4 17 129 450 480
792 2 2 4 17 131 130 393
793 2 2 4 17 393 130 480
794 2 2 4 17 132 131 463
795 2 2 4 17 131 393 463
796 2 2 4 17 132 463 484
797 2 2 4 17 447 388 471
798 2 2 4 17 388 447 472
799 2 2 4 17 388 468 471
800 2 2 4 17 436 389 473
801 2 2 4 17 389 436 474
802 2 2 4 17 441 389 474
803 2 2 4 17 389 441 475
804 2 2 4 17 416 390 418
805 2 2 4 17 390 416 459
806 2 2 4 17 418 390 442
807 2 2 4 17 410 391 411
808 2 2 4 17 391 410 449
809 2 2 4 17 411 391 443
810 2 2 4 17 392 448 488
811 2 2 4 17 469 392 489
812 2 2 4 17 392 488 489
813 2 2 4 17 393 406 463
814 2 2 4 17 406 393 470
815 2 2 4 17 470 393 480
816 2 2 4 17 440 394 457
817 2 2 4 17 394 440 467
818 2 2 4 17 461 394 467
819 2 2 4 17 395 452 481
820 2 2 4 17 453 395 482
821 2 2 4 17 395 481 482
822 2 2 4 17 448 396 487
823 2 2 4 17 396 453 486
824 2 2 4 17 396 486 487
825 2 2 4 17 444 397 466
826 2 2 4 17 397 444 468
827 2 2 4 17 397 465 466
828 2 2 4 17 446 398 460
829 2 2 4 17 398 446 464
830 2 2 4 17 398 458 460
831 2 2 4 17 445 399 455
832 2 2 4 17 399 445 456
833 2 2 4 17 399 454 455
834 2 2 4 17 400 451 477
835 2 2 4 17 452 400 479
836 2 2 4 17 400 477 479
837 2 2 4 17 401 405 406
838 2 2 4 17 401 406 407
839 2 2 4 17 401 407 454
840 2 2 4 17 415 402 449
841 2 2 4 17 402 415 450
842 2 2 4 17 402 450 478
843 2 2 4 17 441 403 475
844 2 2 4 17 403 441 476
845 2 2 4 17 462 403 476
846 2 2 4 17 403 462 485
847 2 2 4 17 451 404 467
848 2 2 4 17 404 461 467
849 2 2 4 17 461 404 483
850 2 2 4 17 406 405 463
851 2 2 4 17 463 405 484
852 2 2 4 17 407 406 408
853 2 2 4 17 408 406 470
854 2 2 4 17 407 408 409
855 2 2 4 17 407 409 455
856 2 2 4 17 454 407 455
857 2 2 4 17 409 408 410
858 2 2 4 17 410 408 415
859 2 2 4 17 415 408 470
860 2 2 4 17 409 410 411
861 2 2 4 17 409 411 412
862 2 2 4 17 409 412 455
863 2 2 4 17 410 415 449
864 2 2 4 17 412 411 413
865 2 2 4 17 413 411 443
866 2 2 4 17 412 413 414
867 2 2 4 17 412 414 445
868 2 2 4 17 412 445 455
869 2 2 4 17 414 413 416
870 2 2 4 17 416 413 459
871 2 2 4 17 413 443 459
872 2 2 4 17 414 416 417
873 2 2 4 17 414 417 420
874 2 2 4 17 414 420 445
875 2 2 4 17 450 415 470
876 2 2 4 17 417 416 418
877 2 2 4 17 417 418 419
878 2 2 4 17 417 419 460
879 2 2 4 17 420 417 460
880 2 2 4 17 419 418 421
881 2 2 4 17 421 418 442
882 2 2 4 17 419 421 422
883 2 2 4 17 419 422 446
884 2 2 4 17 419 446 460
885 2 2 4 17 445 420 456
886 2 2 4 17 456 420 458
887 2 2 4 17 458 420 460
888 2 2 4 17 422 421 423
889 2 2 4 17 423 421 489
890 2 2 4 17 421 442 489
891 2 2 4 17 422 423 424
892 2 2 4 17 422 424 427
893 2 2 4 17 422 427 446
894 2 2 4 17 424 423 425
895 2 2 4 17 425 423 488
896 2 2 4 17 488 423 489
897 2 2 4 17 424 425 426
898 2 2 4 17 424 426 466
899 2 2 4 17 427 424 466
900 2 2 4 17 426 425 428
901 2 2 4 17 428 425 487
902 2 2 4 17 487 425 488
903 2 2 4 17 426 428 429
904 2 2 4 17 426 429 444
905 2 2 4 17 426 444 466
906 2 2 4 17 446 427 464
907 2 2 4 17 464 427 465
908 2 2 4 17 465 427 466
909 2 2 4 17 429 428 430
910 2 2 4 17 430 428 486
911 2 2 4 17 486 428 487
912 2 2 4 17 429 430 431
913 2 2 4 17 429 431 471
914 2 2 4 17 444 429 471
915 2 2 4 17 431 430 432
916 2 2 4 17 432 430 482
917 2 2 4 17 482 430 486
918 2 2 4 17 431 432 433
919 2 2 4 17 431 433 447
920 2 2 4 17 431 447 471
921 2 2 4 17 433 432 434
922 2 2 4 17 434 432 481
923 2 2 4 17 481 432 482
924 2 2 4 17 433 434 435
925 2 2 4 17 433 435 436
926 2 2 4 17 433 436 447
927 2 2 4 17 435 434 437
928 2 2 4 17 437 434 479
929 2 2 4 17 479 434 481
930 2 2 4 17 436 435 474
931 2 2 4 17 435 437 438
932 2 2 4 17 435 438 474
933 2 2 4 17 447 436 472
934 2 2 4 17 472 436 473
935 2 2 4 17 438 437 439
936 2 2 4 17 439 437 477
937 2 2 4 17 477 437 479
938 2 2 4 17 438 439 440
939 2 2 4 17 438 440 441
940 2 2 4 17 438 441 474
941 2 2 4 17 440 439 467
942 2 2 4 17 439 451 467
943 2 2 4 17 451 439 477
944 2 2 4 17 441 440 476
945 2 2 4 17 440 457 476
946 2 2 4 17 442 469 489
947 2 2 4 17 468 444 471
948 2 2 4 17 448 487 488
949 2 2 4 17 450 470 480
950 2 2 4 17 452 479 481
951 2 2 4 17 453 482 486
952 2 2 4 17 457 462 476
953 2 2 3 18 13 508 63
954 2 2 3 18 128 508 13
955 2 2 3 18 65 505 14
956 2 2 3 18 14 505 102
957 2 2 3 18 106 507 15
958 2 2 3 18 15 507 127
959 2 2 3 18 125 506 16
960 2 2 3 18 16 506 132
961 2 2 3 18 63 500 64
962 2 2 3 18 63 508 500
963 2 2 3 18 64 494 65
964 2 2 3 18 64 500 494
965 2 2 3 18 494 505 65
966 2 2 3 18 102 503 103
967 2 2 3 18 102 505 503
968 2 2 3 18 103 490 104
969 2 2 3 18 103 503 490
970 2 2 3 18 104 498 105
971 2 2 3 18 490 498 104
972 2 2 3 18 105 492 106
973 2 2 3 18 105 498 492
974 2 2 3 18 492 507 106
975 2 2 3 18 126 495 125
976 2 2 3 18 495 506 125
977 2 2 3 18 127 501 126
978 2 2 3 18 126 501 495
979 2 2 3 18 127 507 501
980 2 2 3 18 129 491 128
981 2 2 3 18 491 508 128
982 2 2 3 18 130 496 129
983 2 2 3 18 129 496 491
984 2 2 3 18 131 493 130
985 2 2 3 18 493 496 130
986 2 2 3 18 132 504 131
987 2 2 3 18 131 504 493
988 2 2 3 18 132 506 504
989 2 2 3 18 497 502 490
990 2 2 3 18 490 503 497
991 2 2 3 18 490 502 498
992 2 2 3 18 496 497 491
993 2 2 3 18 497 500 491
994 2 2 3 18 500 508 491
995 2 2 3 18 498 499 492
996 2 2 3 18 499 501 492
997 2 2 3 18 501 507 492
998 2 2 3 18 493 502 496
999 2 2 3 18 499 502 493
1000 2 2 3 18 493 504 499
1001 2 2 3 18 494 500 497
1002 2 2 3 18 497 503 494
1003 2 2 3 18 503 505 494
1004 2 2 3 18 495 501 499
1005 2 2 3 18 499 504 495
1006 2 2 3 18 504 506 495
1007 2 2 3 18 496 502 497
1008 2 2 3 18 498 502 499
1009 4 2 1 1 401 528 330 602
1010 4 2 1 1 534 513 544 597
1011 4 2 1 1 520 607 605 648
1012 4 2 1 1 473 562 518 626
1013 4 2 1 1 536 568 516 570
1014 4 2 1 1 5 25 552 582
1015 4 2 1 1 316 296 549 569
1016 4 2 1 1 510 549 296 569
1017 4 2 1 1 161 296 510 549
1018 4 2 1 1 534 544 513 640
1019 4 2 1 1 22 3 533 619
1020 4 2 1 1 191 520 523 582
1021 4 2 1 1 544 573 512 617
1022 4 2 1 1 514 573 544 617
1023 4 2 1 1 516 568 556 570
1024 4 2 1 1 145 7 28 638
1025 4 2 1 1 513 548 546 554
1026 4 2 1 1 184 448 527 558
1027 4 2 1 1 513 554 546 624
1028 4 2 1 1 524 547 410 555
1029 4 2 1 1 536 570 516 654
1030 4 2 1 1 24 25 607 646
1031 4 2 1 1 379 330 528 602
1032 4 2 1 1 514 534 544 597
1033 4 2 1 1 535 548 512 554
1034 4 2 1 1 548 554 535 579
1035 4 2 1 1 517 568 536 570
1036 4 2 1 1 535 554 512 579
1037 4 2 1 1 234 161 510 578
1038 4 2 1 1 6 23 605 607
1039 4 2 1 1 407 528 401 602
1040 4 2 1 1 509 546 554 624
1041 4 2 1 1 546 548 509 554
1042 4 2 1 1 251 571 585 620
1043 4 2 1 1 385 166 485 587
1044 4 2 1 1 457 156 510 587
1045 4 2 1 1 22 639 21 656
1046 4 2 1 1 361 454 401 602
1047 4 2 1 1 520 648 532 649
1048 4 2 1 1 296 234 161 510
1049 4 2 1 1 512 544 543 573
1050 4 2 1 1 543 544 513 597
1051 4 2 1 1 556 566 515 570
1052 4 2 1 1 292 228 198 535
1053 4 2 1 1 156 394 457 510
1054 4 2 1 1 161 510 159 549
1055 4 2 1 1 536 576 188 654
1056 4 2 1 1 350 537 567 629
1057 4 2 1 1 394 510 151 542
1058 4 2 1 1 552 607 25 646
1059 4 2 1 1 550 575 499 612
1060 4 2 1 1 427 541 611 630
1061 4 2 1 1 547 585 571 620
1062 4 2 1 1 407 588 528 602
1063 4 2 1 1 543 544 514 573
1064 4 2 1 1 517 556 568 570
1065 4 2 1 1 159 549 510 587
1066 4 2 1 1 566 570 517 652
1067 4 2 1 1 512 573 543 628
1068 4 2 1 1 412 521 445 565
1069 4 2 1 1 515 566 556 630
1070 4 2 1 1 544 548 513 554
1071 4 2 1 1 412 455 445 521
1072 4 2 1 1 514 527 573 617
1073 4 2 1 1 259 570 566 652
1074 4 2 1 1 534 567 368 591
1075 4 2 1 1 455 521 412 588
1076 4 2 1 1 5 141 25 582
1077 4 2 1 1 509 595 546 624
1078 4 2 1 1 237 195 520 552
1079 4 2 1 1 203 523 532 574
1080 4 2 1 1 267 573 559 628
1081 4 2 1 1 514 544 534 621
1082 4 2 1 1 412 521 565 598
1083 4 2 1 1 6 138 23 531
1084 4 2 1 1 25 137 5 530
1085 4 2 1 1 510 542 467 574
1086 4 2 1 1 511 605 520 607
1087 4 2 1 1 361 401 330 602
1088 4 2 1 1 22 569 3 619
1089 4 2 1 1 330 528 401 575
1090 4 2 1 1 3 22 133 551
1091 4 2 1 1 411 410 524 547
1092 4 2 1 1 412 588 521 598
1093 4 2 1 1 156 151 394 510
1094 4 2 1 1 316 278 296 569
1095 4 2 1 1 184 527 212 558
1096 4 2 1 1 515 611 541 630
1097 4 2 1 1 379 361 330 602
1098 4 2 1 1 413 547 525 634
1099 4 2 1 1 417 564 565 594
1100 4 2 1 1 467 510 394 542
1101 4 2 1 1 448 184 527 563
1102 4 2 1 1 387 484 506 575
1103 4 2 1 1 278 510 296 569
1104 4 2 1 1 510 467 553 574
1105 4 2 1 1 493 550 499 612
1106 4 2 1 1 188 576 186 654
1107 4 2 1 1 454 407 401 602
1108 4 2 1 1 513 544 543 548
1109 4 2 1 1 559 573 512 628
1110 4 2 1 1 520 552 195 592
1111 4 2 1 1 509 548 535 579
1112 4 2 1 1 379 528 577 602
1113 4 2 1 1 378 521 375 610
1114 4 2 1 1 151 510 158 542
1115 4 2 1 1 305 350 537 567
1116 4 2 1 1 538 517 566 630
1117 4 2 1 1 391 410 547 555
1118 4 2 1 1 509 554 548 579
1119 4 2 1 1 512 548 544 554
1120 4 2 1 1 527 512 573 617
1121 4 2 1 1 528 575 367 599
1122 4 2 1 1 7 533 613 638
1123 4 2 1 1 264 537 545 637
1124 4 2 1 1 476 522 587 655
1125 4 2 1 1 161 157 159 510
1126 4 2 1 1 521 577 375 610
1127 4 2 1 1 556 566 517 630
1128 4 2 1 1 332 518 473 562
1129 4 2 1 1 234 160 161 578
1130 4 2 1 1 385 344 166 587
1131 4 2 1 1 375 521 378 602
1132 4 2 1 1 513 534 567 597
1133 4 2 1 1 356 518 373 540
1134 4 2 1 1 394 510 467 553
1135 4 2 1 1 418 564 517 568
1136 4 2 1 1 158 542 510 578
1137 4 2 1 1 382 385 485 587
1138 4 2 1 1 520 552 25 582
1139 4 2 1 1 410 524 555 622
1140 4 2 1 1 448 488 527 558
1141 4 2 1 1 509 607 511 615
1142 4 2 1 1 336 375 577 610
1143 4 2 1 1 510 551 234 578
1144 4 2 1 1 368 567 534 629
1145 4 2 1 1 6 531 23 607
1146 4 2 1 1 512 543 544 548
1147 4 2 1 1 294 577 521 610
1148 4 2 1 1 532 574 523 649
1149 4 2 1 1 201 555 547 585
1150 4 2 1 1 134 4 2 553
1151 4 2 1 1 510 578 542 650
1152 4 2 1 1 18 136 135 553
1153 4 2 1 1 267 543 573 628
1154 4 2 1 1 481 452 511 605
1155 4 2 1 1 527 512 559 573
1156 4 2 1 1 230 188 536 583
1157 4 2 1 1 601 613 533 638
1158 4 2 1 1 527 514 561 617
1159 4 2 1 1 518 522 373 540
1160 4 2 1 1 514 561 617 621
1161 4 2 1 1 416 564 525 565
1162 4 2 1 1 159 510 157 587
1163 4 2 1 1 515 545 537 611
1164 4 2 1 1 422 611 556 630
1165 4 2 1 1 411 547 524 598
1166 4 2 1 1 452 511 605 606
1167 4 2 1 1 546 595 539 624
1168 4 2 1 1 379 528 330 575
1169 4 2 1 1 534 567 537 629
1170 4 2 1 1 198 535 228 604
1171 4 2 1 1 515 537 541 611
1172 4 2 1 1 176 443 197 547
1173 4 2 1 1 493 550 612 647
1174 4 2 1 1 425 617 561 621
1175 4 2 1 1 419 556 517 594
1176 4 2 1 1 605 607 23 648
1177 4 2 1 1 6 605 531 607
1178 4 2 1 1 294 239 577 610
1179 4 2 1 1 416 525 413 565
1180 4 2 1 1 135 136 21 553
1181 4 2 1 1 417 564 416 565
1182 4 2 1 1 368 350 567 629
1183 4 2 1 1 249 608 524 616
1184 4 2 1 1 191 523 173 582
1185 4 2 1 1 542 574 510 650
1186 4 2 1 1 517 565 564 594
1187 4 2 1 1 251 571 524 585
1188 4 2 1 1 297 581 335 610
1189 4 2 1 1 473 332 356 518
1190 4 2 1 1 409 524 410 622
1191 4 2 1 1 151 157 158 510
1192 4 2 1 1 404 542 180 574
1193 4 2 1 1 294 610 521 633
1194 4 2 1 1 369 580 539 591
1195 4 2 1 1 556 570 515 611
1196 4 2 1 1 256 525 253 620
1197 4 2 1 1 520 523 648 649
1198 4 2 1 1 538 566 517 652
1199 4 2 1 1 391 547 201 555
1200 4 2 1 1 22 533 639 656
1201 4 2 1 1 542 578 523 650
1202 4 2 1 1 305 567 537 597
1203 4 2 1 1 513 567 534 591
1204 4 2 1 1 524 571 547 585
1205 4 2 1 1 25 530 5 552
1206 4 2 1 1 408 612 588 622
1207 4 2 1 1 552 607 520 648
1208 4 2 1 1 184 199 448 558
1209 4 2 1 1 176 197 219 547
1210 4 2 1 1 294 287 610 633
1211 4 2 1 1 136 553 18 650
1212 4 2 1 1 270 548 546 642
1213 4 2 1 1 197 547 443 634
1214 4 2 1 1 371 567 580 591
1215 4 2 1 1 401 528 406 575
1216 4 2 1 1 595 624 509 645
1217 4 2 1 1 419 556 594 630
1218 4 2 1 1 377 335 529 610
1219 4 2 1 1 445 521 455 602
1220 4 2 1 1 427 611 422 630
1221 4 2 1 1 514 573 527 600
1222 4 2 1 1 419 517 417 594
1223 4 2 1 1 197 219 547 634
1224 4 2 1 1 367 528 379 575
1225 4 2 1 1 534 541 466 629
1226 4 2 1 1 371 368 567 591
1227 4 2 1 1 411 524 409 598
1228 4 2 1 1 212 558 527 653
1229 4 2 1 1 203 523 192 532
1230 4 2 1 1 513 580 567 591
1231 4 2 1 1 514 544 543 597
1232 4 2 1 1 527 559 512 563
1233 4 2 1 1 535 512 560 579
1234 4 2 1 1 375 577 521 602
1235 4 2 1 1 528 588 612 622
1236 4 2 1 1 528 588 407 612
1237 4 2 1 1 534 537 514 541
1238 4 2 1 1 525 547 413 598
1239 4 2 1 1 379 528 367 599
1240 4 2 1 1 517 566 556 570
1241 4 2 1 1 443 547 413 634
1242 4 2 1 1 509 615 548 632
1243 4 2 1 1 517 564 565 584
1244 4 2 1 1 167 225 483 542
1245 4 2 1 1 195 191 291 520
1246 4 2 1 1 514 527 561 600
1247 4 2 1 1 186 576 308 654
1248 4 2 1 1 570 654 536 660
1249 4 2 1 1 528 550 246 608
1250 4 2 1 1 488 527 558 561
1251 4 2 1 1 249 250 524 608
1252 4 2 1 1 356 522 333 540
1253 4 2 1 1 168 386 325 549
1254 4 2 1 1 335 581 529 610
1255 4 2 1 1 378 375 336 610
1256 4 2 1 1 528 577 247 599
1257 4 2 1 1 297 529 581 610
1258 4 2 1 1 445 565 521 596
1259 4 2 1 1 158 510 157 578
1260 4 2 1 1 328 573 557 653
1261 4 2 1 1 145 533 7 638
1262 4 2 1 1 249 524 251 616
1263 4 2 1 1 343 387 506 575
1264 4 2 1 1 527 563 184 653
1265 4 2 1 1 180 542 203 574
1266 4 2 1 1 406 575 528 612
1267 4 2 1 1 509 530 607 615
1268 4 2 1 1 419 418 417 517
1269 4 2 1 1 25 552 520 648
1270 4 2 1 1 237 195 291 520
1271 4 2 1 1 382 522 374 587
1272 4 2 1 1 207 572 555 618
1273 4 2 1 1 246 550 528 599
1274 4 2 1 1 194 243 572 618
1275 4 2 1 1 208 201 547 585
1276 4 2 1 1 514 537 534 597
1277 4 2 1 1 210 198 535 592
1278 4 2 1 1 441 522 476 655
1279 4 2 1 1 251 253 571 620
1280 4 2 1 1 417 517 564 594
1281 4 2 1 1 203 204 400 532
1282 4 2 1 1 508 478 227 603
1283 4 2 1 1 210 535 198 604
1284 4 2 1 1 156 157 151 510
1285 4 2 1 1 28 638 613 646
1286 4 2 1 1 530 552 25 646
1287 4 2 1 1 518 639 533 656
1288 4 2 1 1 522 549 374 587
1289 4 2 1 1 278 234 296 510
1290 4 2 1 1 512 527 563 617
1291 4 2 1 1 142 532 6 605
1292 4 2 1 1 250 251 524 585
1293 4 2 1 1 294 521 616 633
1294 4 2 1 1 511 607 552 615
1295 4 2 1 1 7 530 137 613
1296 4 2 1 1 525 413 565 598
1297 4 2 1 1 297 260 529 610
1298 4 2 1 1 250 251 249 524
1299 4 2 1 1 409 411 410 524
1300 4 2 1 1 382 344 385 587
1301 4 2 1 1 509 530 595 646
1302 4 2 1 1 445 596 521 602
1303 4 2 1 1 417 517 418 564
1304 4 2 1 1 191 173 291 582
1305 4 2 1 1 264 537 304 545
1306 4 2 1 1 377 529 335 581
1307 4 2 1 1 323 267 559 628
1308 4 2 1 1 195 552 237 592
1309 4 2 1 1 548 615 270 632
1310 4 2 1 1 521 596 378 602
1311 4 2 1 1 199 392 448 558
1312 4 2 1 1 239 336 577 610
1313 4 2 1 1 530 519 595 646
1314 4 2 1 1 344 154 166 587
1315 4 2 1 1 525 583 256 660
1316 4 2 1 1 534 621 544 640
1317 4 2 1 1 278 234 510 551
1318 4 2 1 1 523 574 542 650
1319 4 2 1 1 557 573 328 600
1320 4 2 1 1 519 593 235 632
1321 4 2 1 1 17 2 532 649
1322 4 2 1 1 448 527 487 563
1323 4 2 1 1 484 504 506 575
1324 4 2 1 1 356 373 522 540
1325 4 2 1 1 194 572 207 618
1326 4 2 1 1 541 561 514 621
1327 4 2 1 1 240 350 341 537
1328 4 2 1 1 191 291 520 582
1329 4 2 1 1 408 407 588 612
1330 4 2 1 1 545 515 570 611
1331 4 2 1 1 557 600 328 658
1332 4 2 1 1 524 571 251 616
1333 4 2 1 1 253 571 525 584
1334 4 2 1 1 389 473 518 626
1335 4 2 1 1 509 595 531 646
1336 4 2 1 1 191 520 192 523
1337 4 2 1 1 451 404 180 574
1338 4 2 1 1 194 243 178 572
1339 4 2 1 1 511 607 509 609
1340 4 2 1 1 182 508 227 603
1341 4 2 1 1 285 597 537 637
1342 4 2 1 1 247 528 246 608
1343 4 2 1 1 265 600 573 637
1344 4 2 1 1 268 548 543 628
1345 4 2 1 1 147 26 146 626
1346 4 2 1 1 298 256 253 620
1347 4 2 1 1 297 335 295 610
1348 4 2 1 1 537 567 534 597
1349 4 2 1 1 374 549 344 587
1350 4 2 1 1 251 585 283 620
1351 4 2 1 1 367 379 330 575
1352 4 2 1 1 378 596 521 610
1353 4 2 1 1 518 533 522 656
1354 4 2 1 1 411 391 410 547
1355 4 2 1 1 497 603 526 647
1356 4 2 1 1 530 509 607 646
1357 4 2 1 1 497 572 526 603
1358 4 2 1 1 304 545 537 631
1359 4 2 1 1 157 510 156 587
1360 4 2 1 1 396 560 193 563
1361 4 2 1 1 319 5 552 582
1362 4 2 1 1 416 413 525 634
1363 4 2 1 1 487 563 527 617
1364 4 2 1 1 552 607 530 615
1365 4 2 1 1 186 557 308 576
1366 4 2 1 1 424 541 561 611
1367 4 2 1 1 422 611 561 635
1368 4 2 1 1 417 416 414 565
1369 4 2 1 1 517 594 556 630
1370 4 2 1 1 509 511 579 615
1371 4 2 1 1 142 17 2 532
1372 4 2 1 1 145 22 3 533
1373 4 2 1 1 253 525 256 584
1374 4 2 1 1 350 240 305 537
1375 4 2 1 1 222 290 523 627
1376 4 2 1 1 373 522 518 533
1377 4 2 1 1 18 648 19 650
1378 4 2 1 1 553 587 569 655
1379 4 2 1 1 517 570 536 660
1380 4 2 1 1 6 531 605 609
1381 4 2 1 1 524 588 409 598
1382 4 2 1 1 509 548 546 632
1383 4 2 1 1 192 523 520 532
1384 4 2 1 1 295 335 355 610
1385 4 2 1 1 407 406 401 528
1386 4 2 1 1 269 615 548 628
1387 4 2 1 1 246 528 247 599
1388 4 2 1 1 153 301 296 549
1389 4 2 1 1 382 374 344 587
1390 4 2 1 1 294 521 577 616
1391 4 2 1 1 409 588 524 622
1392 4 2 1 1 358 468 534 591
1393 4 2 1 1 7 613 28 638
1394 4 2 1 1 537 545 515 631
1395 4 2 1 1 459 443 413 634
1396 4 2 1 1 203 532 451 574
1397 4 2 1 1 517 538 594 630
1398 4 2 1 1 541 589 515 630
1399 4 2 1 1 379 577 528 599
1400 4 2 1 1 142 6 23 605
1401 4 2 1 1 219 620 547 634
1402 4 2 1 1 424 561 541 621
1403 4 2 1 1 525 256 584 660
1404 4 2 1 1 554 509 624 645
1405 4 2 1 1 321 535 592 615
1406 4 2 1 1 282 536 188 654
1407 4 2 1 1 525 571 253 620
1408 4 2 1 1 397 358 468 534
1409 4 2 1 1 608 618 526 644
1410 4 2 1 1 521 588 455 602
1411 4 2 1 1 184 212 527 653
1412 4 2 1 1 211 555 201 585
1413 4 2 1 1 206 542 523 574
1414 4 2 1 1 534 591 468 640
1415 4 2 1 1 237 520 319 552
1416 4 2 1 1 524 250 585 618
1417 4 2 1 1 278 551 510 569
1418 4 2 1 1 545 570 515 631
1419 4 2 1 1 493 502 550 647
1420 4 2 1 1 285 537 264 637
1421 4 2 1 1 525 564 416 634
1422 4 2 1 1 369 371 580 591
1423 4 2 1 1 605 606 520 648
1424 4 2 1 1 520 532 523 649
1425 4 2 1 1 207 555 572 603
1426 4 2 1 1 242 247 577 599
1427 4 2 1 1 452 511 606 614
1428 4 2 1 1 280 613 519 632
1429 4 2 1 1 406 528 407 612
1430 4 2 1 1 535 579 511 615
1431 4 2 1 1 292 322 228 535
1432 4 2 1 1 321 322 535 615
1433 4 2 1 1 539 546 513 580
1434 4 2 1 1 255 618 608 644
1435 4 2 1 1 440 587 553 655
1436 4 2 1 1 206 203 542 574
1437 4 2 1 1 524 608 250 618
1438 4 2 1 1 211 555 585 618
1439 4 2 1 1 515 538 566 630
1440 4 2 1 1 420 594 565 596
1441 4 2 1 1 403 522 382 587
1442 4 2 1 1 397 334 358 534
1443 4 2 1 1 22 136 133 551
1444 4 2 1 1 538 517 594 652
1445 4 2 1 1 358 534 368 591
1446 4 2 1 1 515 570 566 631
1447 4 2 1 1 344 549 154 587
1448 4 2 1 1 199 184 212 558
1449 4 2 1 1 257 259 652 660
1450 4 2 1 1 27 638 28 646
1451 4 2 1 1 514 545 537 637
1452 4 2 1 1 519 590 595 646
1453 4 2 1 1 376 341 350 537
1454 4 2 1 1 519 613 638 646
1455 4 2 1 1 516 570 556 611
1456 4 2 1 1 263 600 265 637
1457 4 2 1 1 235 593 519 601
1458 4 2 1 1 541 514 561 611
1459 4 2 1 1 476 587 440 655
1460 4 2 1 1 488 487 527 617
1461 4 2 1 1 373 533 518 601
1462 4 2 1 1 537 629 341 643
1463 4 2 1 1 514 617 544 621
1464 4 2 1 1 180 203 451 574
1465 4 2 1 1 24 23 607 648
1466 4 2 1 1 488 561 558 635
1467 4 2 1 1 313 7 533 613
1468 4 2 1 1 228 604 535 628
1469 4 2 1 1 427 589 541 630
1470 4 2 1 1 481 511 452 614
1471 4 2 1 1 377 355 335 610
1472 4 2 1 1 569 587 522 655
1473 4 2 1 1 520 552 511 607
1474 4 2 1 1 551 582 523 650
1475 4 2 1 1 225 404 483 542
1476 4 2 1 1 400 451 203 532
1477 4 2 1 1 648 649 582 650
1478 4 2 1 1 520 582 25 648
1479 4 2 1 1 263 600 637 658
1480 4 2 1 1 475 356 333 540
1481 4 2 1 1 206 523 203 574
1482 4 2 1 1 440 394 467 553
1483 4 2 1 1 142 23 532 605
1484 4 2 1 1 194 288 243 618
1485 4 2 1 1 230 175 188 583
1486 4 2 1 1 22 569 533 656
1487 4 2 1 1 526 572 497 644
1488 4 2 1 1 259 258 570 660
1489 4 2 1 1 526 644 497 647
1490 4 2 1 1 282 188 186 654
1491 4 2 1 1 465 466 541 629
1492 4 2 1 1 547 571 525 620
1493 4 2 1 1 506 504 495 575
1494 4 2 1 1 22 551 3 569
1495 4 2 1 1 495 343 506 575
1496 4 2 1 1 495 575 499 636
1497 4 2 1 1 309 580 546 593
1498 4 2 1 1 205 520 195 592
1499 4 2 1 1 536 517 564 568
1500 4 2 1 1 247 528 608 616
1501 4 2 1 1 217 184 563 653
1502 4 2 1 1 537 515 589 643
1503 4 2 1 1 397 534 466 629
1504 4 2 1 1 151 164 461 542
1505 4 2 1 1 346 242 577 599
1506 4 2 1 1 445 420 565 596
1507 4 2 1 1 482 579 560 651
1508 4 2 1 1 495 343 575 636
1509 4 2 1 1 329 576 557 654
1510 4 2 1 1 459 197 443 634
1511 4 2 1 1 228 535 322 628
1512 4 2 1 1 530 607 552 646
1513 4 2 1 1 369 539 580 593
1514 4 2 1 1 241 222 290 523
1515 4 2 1 1 141 144 25 582
1516 4 2 1 1 213 536 188 583
1517 4 2 1 1 513 591 534 640
1518 4 2 1 1 525 565 564 584
1519 4 2 1 1 529 538 594 652
1520 4 2 1 1 512 548 535 628
1521 4 2 1 1 519 638 590 646
1522 4 2 1 1 350 376 537 629
1523 4 2 1 1 513 543 597 642
1524 4 2 1 1 294 287 239 610
1525 4 2 1 1 247 577 528 616
1526 4 2 1 1 211 585 194 618
1527 4 2 1 1 258 654 570 660
1528 4 2 1 1 208 211 201 585
1529 4 2 1 1 526 603 415 647
1530 4 2 1 1 147 146 20 540
1531 4 2 1 1 368 376 350 629
1532 4 2 1 1 448 392 488 558
1533 4 2 1 1 513 597 567 642
1534 4 2 1 1 415 622 526 647
1535 4 2 1 1 539 580 513 591
1536 4 2 1 1 517 584 565 594
1537 4 2 1 1 546 548 270 632
1538 4 2 1 1 526 415 603 622
1539 4 2 1 1 136 569 553 650
1540 4 2 1 1 321 535 292 592
1541 4 2 1 1 321 322 292 535
1542 4 2 1 1 515 537 631 643
1543 4 2 1 1 511 481 605 609
1544 4 2 1 1 379 346 577 599
1545 4 2 1 1 168 380 386 549
1546 4 2 1 1 230 583 536 660
1547 4 2 1 1 265 328 573 600
1548 4 2 1 1 397 534 468 640
1549 4 2 1 1 493 502 499 550
1550 4 2 1 1 531 595 590 646
1551 4 2 1 1 323 559 604 628
1552 4 2 1 1 6 532 437 605
1553 4 2 1 1 488 487 448 527
1554 4 2 1 1 218 193 560 563
1555 4 2 1 1 294 616 252 633
1556 4 2 1 1 558 561 527 600
1557 4 2 1 1 210 179 198 592
1558 4 2 1 1 270 546 284 642
1559 4 2 1 1 255 572 618 644
1560 4 2 1 1 291 173 241 582
1561 4 2 1 1 204 203 192 532
1562 4 2 1 1 424 561 422 611
1563 4 2 1 1 514 537 597 637
1564 4 2 1 1 425 561 424 621
1565 4 2 1 1 282 186 308 654
1566 4 2 1 1 396 453 193 560
1567 4 2 1 1 520 592 205 606
1568 4 2 1 1 508 182 500 603
1569 4 2 1 1 531 607 605 609
1570 4 2 1 1 187 283 585 620
1571 4 2 1 1 304 631 537 643
1572 4 2 1 1 493 612 393 647
1573 4 2 1 1 268 543 267 628
1574 4 2 1 1 180 206 203 542
1575 4 2 1 1 22 21 569 656
1576 4 2 1 1 366 341 629 643
1577 4 2 1 1 344 163 154 549
1578 4 2 1 1 377 529 581 625
1579 4 2 1 1 425 426 617 621
1580 4 2 1 1 297 295 260 610
1581 4 2 1 1 164 167 483 542
1582 4 2 1 1 282 230 188 536
1583 4 2 1 1 473 356 389 518
1584 4 2 1 1 207 194 178 572
1585 4 2 1 1 147 146 540 626
1586 4 2 1 1 509 530 519 595
1587 4 2 1 1 166 165 485 587
1588 4 2 1 1 280 601 519 613
1589 4 2 1 1 171 193 453 560
1590 4 2 1 1 263 328 600 658
1591 4 2 1 1 516 561 558 600
1592 4 2 1 1 319 552 520 582
1593 4 2 1 1 531 607 509 646
1594 4 2 1 1 22 533 569 619
1595 4 2 1 1 218 559 217 563
1596 4 2 1 1 308 557 329 576
1597 4 2 1 1 491 603 497 647
1598 4 2 1 1 153 296 161 549
1599 4 2 1 1 535 548 509 615
1600 4 2 1 1 3 551 278 569
1601 4 2 1 1 532 605 23 648
1602 4 2 1 1 534 541 514 621
1603 4 2 1 1 336 362 293 577
1604 4 2 1 1 461 394 151 542
1605 4 2 1 1 532 606 605 648
1606 4 2 1 1 452 606 172 614
1607 4 2 1 1 239 336 293 577
1608 4 2 1 1 269 271 548 615
1609 4 2 1 1 466 541 534 621
1610 4 2 1 1 538 581 566 652
1611 4 2 1 1 544 554 513 624
1612 4 2 1 1 212 557 214 558
1613 4 2 1 1 520 605 511 606
1614 4 2 1 1 429 554 544 624
1615 4 2 1 1 187 231 181 585
1616 4 2 1 1 430 579 554 645
1617 4 2 1 1 448 396 184 563
1618 4 2 1 1 421 419 556 568
1619 4 2 1 1 535 615 322 628
1620 4 2 1 1 173 523 241 582
1621 4 2 1 1 280 519 235 632
1622 4 2 1 1 340 325 386 549
1623 4 2 1 1 547 620 525 634
1624 4 2 1 1 557 558 527 600
1625 4 2 1 1 515 541 537 589
1626 4 2 1 1 523 542 206 627
1627 4 2 1 1 277 523 551 582
1628 4 2 1 1 528 588 577 602
1629 4 2 1 1 387 383 484 575
1630 4 2 1 1 377 581 365 625
1631 4 2 1 1 509 519 546 595
1632 4 2 1 1 391 201 449 555
1633 4 2 1 1 447 539 562 595
1634 4 2 1 1 516 545 570 611
1635 4 2 1 1 572 603 555 618
1636 4 2 1 1 362 242 293 577
1637 4 2 1 1 536 516 568 576
1638 4 2 1 1 557 527 573 600
1639 4 2 1 1 310 255 608 644
1640 4 2 1 1 18 553 17 649
1641 4 2 1 1 240 537 341 643
1642 4 2 1 1 513 546 539 624
1643 4 2 1 1 193 184 396 563
1644 4 2 1 1 452 172 200 614
1645 4 2 1 1 182 572 500 603
1646 4 2 1 1 201 391 176 547
1647 4 2 1 1 546 548 513 642
1648 4 2 1 1 414 416 413 565
1649 4 2 1 1 500 491 508 603
1650 4 2 1 1 504 484 463 575
1651 4 2 1 1 417 565 414 594
1652 4 2 1 1 2 574 532 649
1653 4 2 1 1 136 21 553 569
1654 4 2 1 1 548 615 535 628
1655 4 2 1 1 192 532 520 606
1656 4 2 1 1 499 575 550 636
1657 4 2 1 1 222 241 173 523
1658 4 2 1 1 565 594 529 596
1659 4 2 1 1 429 624 544 640
1660 4 2 1 1 485 403 382 587
1661 4 2 1 1 271 270 548 615
1662 4 2 1 1 460 630 538 659
1663 4 2 1 1 345 357 388 539
1664 4 2 1 1 491 478 508 603
1665 4 2 1 1 357 539 369 593
1666 4 2 1 1 305 537 285 597
1667 4 2 1 1 339 533 373 601
1668 4 2 1 1 167 220 225 542
1669 4 2 1 1 511 509 579 609
1670 4 2 1 1 522 533 373 619
1671 4 2 1 1 285 304 264 537
1672 4 2 1 1 308 576 329 654
1673 4 2 1 1 588 598 524 616
1674 4 2 1 1 19 648 582 650
1675 4 2 1 1 310 608 550 644
1676 4 2 1 1 187 585 208 620
1677 4 2 1 1 526 618 572 644
1678 4 2 1 1 170 449 201 555
1679 4 2 1 1 372 518 332 562
1680 4 2 1 1 319 237 291 520
1681 4 2 1 1 348 625 538 659
1682 4 2 1 1 516 558 557 600
1683 4 2 1 1 27 590 638 646
1684 4 2 1 1 571 524 598 616
1685 4 2 1 1 483 461 164 542
1686 4 2 1 1 333 522 475 540
1687 4 2 1 1 251 283 253 620
1688 4 2 1 1 147 26 626 639
1689 4 2 1 1 476 522 403 587
1690 4 2 1 1 511 552 520 592
1691 4 2 1 1 339 373 533 619
1692 4 2 1 1 7 274 530 613
1693 4 2 1 1 543 548 512 628
1694 4 2 1 1 144 25 582 648
1695 4 2 1 1 485 165 462 587
1696 4 2 1 1 371 567 352 580
1697 4 2 1 1 323 559 315 604
1698 4 2 1 1 246 550 310 608
1699 4 2 1 1 218 559 563 604
1700 4 2 1 1 309 284 546 580
1701 4 2 1 1 500 572 497 603
1702 4 2 1 1 225 180 404 542
1703 4 2 1 1 273 5 530 552
1704 4 2 1 1 536 516 576 654
1705 4 2 1 1 519 509 546 632
1706 4 2 1 1 531 509 607 609
1707 4 2 1 1 523 578 551 650
1708 4 2 1 1 475 389 356 540
1709 4 2 1 1 395 452 200 614
1710 4 2 1 1 565 584 529 594
1711 4 2 1 1 253 254 571 584
1712 4 2 1 1 547 555 524 585
1713 4 2 1 1 174 559 327 653
1714 4 2 1 1 18 553 649 650
1715 4 2 1 1 268 548 270 642
1716 4 2 1 1 208 585 547 620
1717 4 2 1 1 419 594 460 630
1718 4 2 1 1 269 322 615 628
1719 4 2 1 1 475 333 403 522
1720 4 2 1 1 356 373 333 522
1721 4 2 1 1 372 518 562 601
1722 4 2 1 1 334 368 358 534
1723 4 2 1 1 372 373 518 601
1724 4 2 1 1 267 281 559 573
1725 4 2 1 1 376 341 537 629
1726 4 2 1 1 188 536 216 576
1727 4 2 1 1 538 625 398 659
1728 4 2 1 1 495 501 343 636
1729 4 2 1 1 155 162 220 627
1730 4 2 1 1 377 529 596 610
1731 4 2 1 1 362 346 242 577
1732 4 2 1 1 504 499 495 575
1733 4 2 1 1 430 554 579 651
1734 4 2 1 1 191 192 173 523
1735 4 2 1 1 523 578 542 627
1736 4 2 1 1 136 551 569 650
1737 4 2 1 1 231 187 283 585
1738 4 2 1 1 2 17 134 553
1739 4 2 1 1 18 649 648 650
1740 4 2 1 1 528 608 588 622
1741 4 2 1 1 420 594 596 625
1742 4 2 1 1 328 557 327 653
1743 4 2 1 1 494 500 182 572
1744 4 2 1 1 445 399 596 602
1745 4 2 1 1 235 519 280 601
1746 4 2 1 1 334 534 397 629
1747 4 2 1 1 298 202 175 583
1748 4 2 1 1 519 593 562 601
1749 4 2 1 1 222 523 206 627
1750 4 2 1 1 366 629 589 643
1751 4 2 1 1 539 546 519 595
1752 4 2 1 1 460 594 538 630
1753 4 2 1 1 265 263 328 600
1754 4 2 1 1 155 220 542 627
1755 4 2 1 1 398 538 460 625
1756 4 2 1 1 28 613 530 646
1757 4 2 1 1 186 196 557 576
1758 4 2 1 1 188 213 216 536
1759 4 2 1 1 281 573 328 653
1760 4 2 1 1 166 154 165 587
1761 4 2 1 1 329 654 557 658
1762 4 2 1 1 333 382 403 522
1763 4 2 1 1 218 563 560 604
1764 4 2 1 1 465 397 466 629
1765 4 2 1 1 288 194 585 618
1766 4 2 1 1 509 579 535 615
1767 4 2 1 1 133 136 19 551
1768 4 2 1 1 254 571 584 633
1769 4 2 1 1 472 539 357 562
1770 4 2 1 1 4 438 2 553
1771 4 2 1 1 290 306 241 523
1772 4 2 1 1 445 420 414 565
1773 4 2 1 1 281 559 573 653
1774 4 2 1 1 347 378 596 602
1775 4 2 1 1 241 523 277 582
1776 4 2 1 1 17 574 2 649
1777 4 2 1 1 18 135 17 553
1778 4 2 1 1 6 605 434 609
1779 4 2 1 1 519 562 539 595
1780 4 2 1 1 513 548 543 642
1781 4 2 1 1 430 579 482 651
1782 4 2 1 1 189 315 73 559
1783 4 2 1 1 518 522 540 656
1784 4 2 1 1 495 499 501 636
1785 4 2 1 1 449 555 170 603
1786 4 2 1 1 235 353 593 601
1787 4 2 1 1 520 523 582 648
1788 4 2 1 1 344 380 163 549
1789 4 2 1 1 488 425 487 617
1790 4 2 1 1 308 232 329 557
1791 4 2 1 1 294 252 287 633
1792 4 2 1 1 3 278 279 569
1793 4 2 1 1 422 556 611 635
1794 4 2 1 1 519 530 613 646
1795 4 2 1 1 589 629 537 643
1796 4 2 1 1 488 423 561 635
1797 4 2 1 1 447 624 595 645
1798 4 2 1 1 396 486 560 563
1799 4 2 1 1 316 569 549 619
1800 4 2 1 1 168 163 380 549
1801 4 2 1 1 511 592 520 606
1802 4 2 1 1 181 288 194 585
1803 4 2 1 1 538 529 581 652
1804 4 2 1 1 266 573 543 637
1805 4 2 1 1 321 592 552 615
1806 4 2 1 1 479 605 532 606
1807 4 2 1 1 252 616 571 633
1808 4 2 1 1 397 444 534 640
1809 4 2 1 1 137 530 28 613
1810 4 2 1 1 168 153 163 549
1811 4 2 1 1 212 557 558 653
1812 4 2 1 1 279 533 3 619
1813 4 2 1 1 422 561 423 635
1814 4 2 1 1 339 533 229 619
1815 4 2 1 1 370 562 593 601
1816 4 2 1 1 235 312 353 601
1817 4 2 1 1 535 511 592 615
1818 4 2 1 1 145 313 7 533
1819 4 2 1 1 588 608 524 622
1820 4 2 1 1 400 477 451 532
1821 4 2 1 1 406 463 575 612
1822 4 2 1 1 369 539 345 591
1823 4 2 1 1 139 23 138 531
1824 4 2 1 1 140 137 25 530
1825 4 2 1 1 466 534 444 621
1826 4 2 1 1 73 174 189 559
1827 4 2 1 1 309 546 311 593
1828 4 2 1 1 558 561 516 635
1829 4 2 1 1 388 357 472 539
1830 4 2 1 1 515 566 538 586
1831 4 2 1 1 547 525 571 598
1832 4 2 1 1 204 532 192 606
1833 4 2 1 1 259 257 258 660
1834 4 2 1 1 360 235 353 593
1835 4 2 1 1 277 523 306 551
1836 4 2 1 1 491 500 497 603
1837 4 2 1 1 316 296 301 549
1838 4 2 1 1 147 626 540 639
1839 4 2 1 1 534 444 621 640
1840 4 2 1 1 210 535 604 614
1841 4 2 1 1 27 26 590 646
1842 4 2 1 1 298 202 583 620
1843 4 2 1 1 562 590 519 601
1844 4 2 1 1 518 590 562 601
1845 4 2 1 1 2 17 553 574
1846 4 2 1 1 26 138 8 641
1847 4 2 1 1 365 538 348 625
1848 4 2 1 1 145 3 313 533
1849 4 2 1 1 544 554 429 651
1850 4 2 1 1 524 547 571 598
1851 4 2 1 1 365 581 538 625
1852 4 2 1 1 550 502 644 647
1853 4 2 1 1 2 477 532 574
1854 4 2 1 1 370 357 369 593
1855 4 2 1 1 365 349 538 586
1856 4 2 1 1 217 563 559 653
1857 4 2 1 1 6 434 531 609
1858 4 2 1 1 189 315 559 604
1859 4 2 1 1 544 624 513 640
1860 4 2 1 1 502 497 644 647
1861 4 2 1 1 348 398 625 659
1862 4 2 1 1 377 596 529 625
1863 4 2 1 1 248 247 246 608
1864 4 2 1 1 511 481 609 614
1865 4 2 1 1 523 306 551 578
1866 4 2 1 1 140 25 24 646
1867 4 2 1 1 154 549 159 587
1868 4 2 1 1 7 137 28 613
1869 4 2 1 1 526 603 572 618
1870 4 2 1 1 291 319 520 582
1871 4 2 1 1 342 399 347 596
1872 4 2 1 1 555 603 415 622
1873 4 2 1 1 365 538 581 586
1874 4 2 1 1 529 610 260 633
1875 4 2 1 1 18 144 19 648
1876 4 2 1 1 268 269 548 628
1877 4 2 1 1 136 551 22 569
1878 4 2 1 1 183 220 162 627
1879 4 2 1 1 546 580 284 642
1880 4 2 1 1 465 359 334 629
1881 4 2 1 1 527 557 573 653
1882 4 2 1 1 519 530 509 632
1883 4 2 1 1 263 637 545 658
1884 4 2 1 1 552 592 511 615
1885 4 2 1 1 445 455 399 602
1886 4 2 1 1 465 334 397 629
1887 4 2 1 1 430 432 579 645
1888 4 2 1 1 288 181 231 585
1889 4 2 1 1 209 606 511 614
1890 4 2 1 1 586 631 286 643
1891 4 2 1 1 443 176 391 547
1892 4 2 1 1 224 318 505 572
1893 4 2 1 1 133 1 3 551
1894 4 2 1 1 579 609 481 614
1895 4 2 1 1 539 595 447 624
1896 4 2 1 1 420 414 565 594
1897 4 2 1 1 521 565 529 596
1898 4 2 1 1 175 213 188 583
1899 4 2 1 1 550 608 526 644
1900 4 2 1 1 535 210 592 614
1901 4 2 1 1 395 481 452 614
1902 4 2 1 1 536 568 623 657
1903 4 2 1 1 494 182 221 572
1904 4 2 1 1 523 582 648 649
1905 4 2 1 1 372 562 370 601
1906 4 2 1 1 536 576 568 657
1907 4 2 1 1 330 405 383 575
1908 4 2 1 1 28 137 140 530
1909 4 2 1 1 26 139 138 531
1910 4 2 1 1 49 452 172 200
1911 4 2 1 1 21 136 22 569
1912 4 2 1 1 402 449 170 603
1913 4 2 1 1 269 271 270 548
1914 4 2 1 1 371 358 368 591
1915 4 2 1 1 362 293 98 336
1916 4 2 1 1 227 478 223 603
1917 4 2 1 1 435 6 434 531
1918 4 2 1 1 286 238 566 586
1919 4 2 1 1 529 596 594 625
1920 4 2 1 1 213 216 536 623
1921 4 2 1 1 564 525 584 660
1922 4 2 1 1 261 570 258 654
1923 4 2 1 1 171 218 193 560
1924 4 2 1 1 518 540 389 626
1925 4 2 1 1 366 589 586 643
1926 4 2 1 1 537 589 541 629
1927 4 2 1 1 332 372 356 518
1928 4 2 1 1 356 389 518 540
1929 4 2 1 1 549 569 510 587
1930 4 2 1 1 273 5 274 530
1931 4 2 1 1 167 155 220 542
1932 4 2 1 1 489 488 558 635
1933 4 2 1 1 279 3 569 619
1934 4 2 1 1 404 461 483 542
1935 4 2 1 1 371 368 352 567
1936 4 2 1 1 291 195 69 191
1937 4 2 1 1 521 529 565 633
1938 4 2 1 1 414 565 413 598
1939 4 2 1 1 342 347 399 120
1940 4 2 1 1 330 401 405 575
1941 4 2 1 1 252 251 571 616
1942 4 2 1 1 560 604 535 614
1943 4 2 1 1 23 143 142 532
1944 4 2 1 1 154 163 159 549
1945 4 2 1 1 562 436 595 641
1946 4 2 1 1 526 555 603 618
1947 4 2 1 1 381 343 501 636
1948 4 2 1 1 588 608 528 616
1949 4 2 1 1 350 305 352 567
1950 4 2 1 1 134 20 4 655
1951 4 2 1 1 365 349 348 538
1952 4 2 1 1 293 239 98 336
1953 4 2 1 1 255 289 572 644
1954 4 2 1 1 460 538 398 659
1955 4 2 1 1 372 339 373 601
1956 4 2 1 1 557 654 576 658
1957 4 2 1 1 19 144 141 582
1958 4 2 1 1 195 205 191 520
1959 4 2 1 1 411 413 547 598
1960 4 2 1 1 515 586 630 659
1961 4 2 1 1 339 314 354 619
1962 4 2 1 1 510 574 553 650
1963 4 2 1 1 200 171 50 614
1964 4 2 1 1 544 617 426 621
1965 4 2 1 1 510 569 553 587
1966 4 2 1 1 512 535 560 604
1967 4 2 1 1 216 576 536 623
1968 4 2 1 1 266 267 543 573
1969 4 2 1 1 323 267 281 559
1970 4 2 1 1 248 246 310 608
1971 4 2 1 1 563 617 487 651
1972 4 2 1 1 209 592 511 606
1973 4 2 1 1 377 596 378 610
1974 4 2 1 1 543 573 514 637
1975 4 2 1 1 517 536 564 660
1976 4 2 1 1 171 560 453 614
1977 4 2 1 1 228 323 604 628
1978 4 2 1 1 562 590 518 626
1979 4 2 1 1 516 557 576 658
1980 4 2 1 1 209 511 592 614
1981 4 2 1 1 348 398 458 625
1982 4 2 1 1 223 402 170 603
1983 4 2 1 1 590 626 26 639
1984 4 2 1 1 49 452 200 395
1985 4 2 1 1 195 291 69 237
1986 4 2 1 1 388 591 539 624
1987 4 2 1 1 238 581 566 586
1988 4 2 1 1 367 599 575 636
1989 4 2 1 1 286 586 566 631
1990 4 2 1 1 539 562 519 593
1991 4 2 1 1 491 450 603 647
1992 4 2 1 1 270 615 272 632
1993 4 2 1 1 327 557 196 653
1994 4 2 1 1 546 580 539 593
1995 4 2 1 1 427 464 589 630
1996 4 2 1 1 214 558 557 576
1997 4 2 1 1 403 485 462 587
1998 4 2 1 1 583 620 215 634
1999 4 2 1 1 387 343 383 575
2000 4 2 1 1 514 545 600 611
2001 4 2 1 1 426 544 621 640
2002 4 2 1 1 219 215 620 634
2003 4 2 1 1 414 412 445 565
2004 4 2 1 1 307 567 305 597
2005 4 2 1 1 477 451 532 574
2006 4 2 1 1 492 550 302 636
2007 4 2 1 1 379 577 375 602
2008 4 2 1 1 560 563 486 651
2009 4 2 1 1 185 623 213 634
2010 4 2 1 1 187 181 208 585
2011 4 2 1 1 351 348 458 625
2012 4 2 1 1 516 558 635 657
2013 4 2 1 1 524 608 588 616
2014 4 2 1 1 119 342 351 625
2015 4 2 1 1 531 590 26 646
2016 4 2 1 1 273 552 530 615
2017 4 2 1 1 566 570 259 631
2018 4 2 1 1 209 205 592 606
2019 4 2 1 1 467 394 461 542
2020 4 2 1 1 559 563 527 653
2021 4 2 1 1 456 399 342 596
2022 4 2 1 1 510 551 578 650
2023 4 2 1 1 524 608 618 622
2024 4 2 1 1 161 159 153 549
2025 4 2 1 1 268 543 548 642
2026 4 2 1 1 544 428 617 651
2027 4 2 1 1 414 412 565 598
2028 4 2 1 1 406 393 463 612
2029 4 2 1 1 516 570 545 658
2030 4 2 1 1 476 441 403 522
2031 4 2 1 1 345 369 357 539
2032 4 2 1 1 421 418 419 568
2033 4 2 1 1 377 335 365 581
2034 4 2 1 1 198 228 315 604
2035 4 2 1 1 22 148 21 639
2036 4 2 1 1 311 593 546 632
2037 4 2 1 1 526 608 550 612
2038 4 2 1 1 550 608 528 612
2039 4 2 1 1 524 618 555 622
2040 4 2 1 1 408 406 407 612
2041 4 2 1 1 415 470 622 647
2042 4 2 1 1 213 623 583 634
2043 4 2 1 1 416 459 413 634
2044 4 2 1 1 447 539 472 562
2045 4 2 1 1 582 649 523 650
2046 4 2 1 1 425 424 426 621
2047 4 2 1 1 19 551 136 650
2048 4 2 1 1 492 233 302 550
2049 4 2 1 1 170 555 207 603
2050 4 2 1 1 70 179 195 592
2051 4 2 1 1 586 589 515 643
2052 4 2 1 1 230 536 282 660
2053 4 2 1 1 142 143 17 532
2054 4 2 1 1 148 22 145 533
2055 4 2 1 1 515 586 538 630
2056 4 2 1 1 21 20 553 656
2057 4 2 1 1 252 249 251 616
2058 4 2 1 1 209 205 195 592
2059 4 2 1 1 200 50 395 614
2060 4 2 1 1 218 217 193 563
2061 4 2 1 1 405 484 383 575
2062 4 2 1 1 313 533 229 601
2063 4 2 1 1 193 217 184 563
2064 4 2 1 1 482 579 481 614
2065 4 2 1 1 460 398 630 659
2066 4 2 1 1 388 539 447 624
2067 4 2 1 1 26 531 138 641
2068 4 2 1 1 345 539 388 591
2069 4 2 1 1 436 562 473 626
2070 4 2 1 1 514 600 561 611
2071 4 2 1 1 70 195 237 592
2072 4 2 1 1 368 534 334 629
2073 4 2 1 1 189 198 315 604
2074 4 2 1 1 492 498 233 550
2075 4 2 1 1 415 555 449 603
2076 4 2 1 1 399 347 596 602
2077 4 2 1 1 491 497 496 647
2078 4 2 1 1 331 580 309 593
2079 4 2 1 1 392 558 199 657
2080 4 2 1 1 230 298 175 583
2081 4 2 1 1 517 564 584 660
2082 4 2 1 1 174 281 327 559
2083 4 2 1 1 516 635 568 657
2084 4 2 1 1 327 232 196 557
2085 4 2 1 1 335 96 295 355
2086 4 2 1 1 269 322 271 615
2087 4 2 1 1 210 604 560 614
2088 4 2 1 1 311 235 593 632
2089 4 2 1 1 441 540 522 655
2090 4 2 1 1 513 580 546 642
2091 4 2 1 1 556 611 515 630
2092 4 2 1 1 120 399 342 456
2093 4 2 1 1 306 277 241 523
2094 4 2 1 1 528 612 608 622
2095 4 2 1 1 246 247 242 599
2096 4 2 1 1 182 227 223 603
2097 4 2 1 1 19 1 551 582
2098 4 2 1 1 19 582 551 650
2099 4 2 1 1 400 532 204 606
2100 4 2 1 1 397 468 444 640
2101 4 2 1 1 225 220 180 542
2102 4 2 1 1 70 292 179 592
2103 4 2 1 1 207 572 182 603
2104 4 2 1 1 347 375 378 602
2105 4 2 1 1 536 654 282 660
2106 4 2 1 1 538 594 460 625
2107 4 2 1 1 336 97 355 610
2108 4 2 1 1 537 541 534 629
2109 4 2 1 1 380 340 386 549
2110 4 2 1 1 429 544 426 640
2111 4 2 1 1 228 323 315 604
2112 4 2 1 1 198 71 228 292
2113 4 2 1 1 569 619 533 656
2114 4 2 1 1 70 237 292 592
2115 4 2 1 1 224 505 221 572
2116 4 2 1 1 574 649 553 650
2117 4 2 1 1 612 622 470 647
2118 4 2 1 1 564 583 525 660
2119 4 2 1 1 571 616 521 633
2120 4 2 1 1 516 576 654 658
2121 4 2 1 1 521 571 565 598
2122 4 2 1 1 370 372 332 562
2123 4 2 1 1 118 351 348 458
2124 4 2 1 1 352 567 236 580
2125 4 2 1 1 512 554 544 651
2126 4 2 1 1 214 557 196 576
2127 4 2 1 1 213 536 583 623
2128 4 2 1 1 590 626 562 641
2129 4 2 1 1 494 497 500 572
2130 4 2 1 1 309 284 311 546
2131 4 2 1 1 556 568 516 635
2132 4 2 1 1 164 155 167 542
2133 4 2 1 1 27 590 26 639
2134 4 2 1 1 519 546 539 593
2135 4 2 1 1 428 544 429 651
2136 4 2 1 1 364 363 238 586
2137 4 2 1 1 164 151 158 542
2138 4 2 1 1 71 198 179 292
2139 4 2 1 1 422 556 419 630
2140 4 2 1 1 526 550 644 647
2141 4 2 1 1 119 456 342 625
2142 4 2 1 1 208 547 219 620
2143 4 2 1 1 526 603 555 622
2144 4 2 1 1 202 215 583 620
2145 4 2 1 1 545 637 600 658
2146 4 2 1 1 336 239 97 610
2147 4 2 1 1 196 214 212 557
2148 4 2 1 1 586 538 630 659
2149 4 2 1 1 209 172 606 614
2150 4 2 1 1 412 409 588 598
2151 4 2 1 1 260 529 633 652
2152 4 2 1 1 541 589 465 629
2153 4 2 1 1 281 328 327 653
2154 4 2 1 1 532 520 606 648
2155 4 2 1 1 266 543 597 637
2156 4 2 1 1 295 297 96 335
2157 4 2 1 1 240 285 305 537
2158 4 2 1 1 414 413 412 598
2159 4 2 1 1 313 3 279 533
2160 4 2 1 1 515 630 589 659
2161 4 2 1 1 294 239 293 577
2162 4 2 1 1 349 348 538 659
2163 4 2 1 1 140 530 25 646
2164 4 2 1 1 218 171 210 560
2165 4 2 1 1 242 293 99 362
2166 4 2 1 1 454 361 401 122
2167 4 2 1 1 453 560 482 614
2168 4 2 1 1 52 193 184 396
2169 4 2 1 1 222 173 206 523
2170 4 2 1 1 303 364 238 586
2171 4 2 1 1 316 279 569 619
2172 4 2 1 1 333 374 382 522
2173 4 2 1 1 283 251 231 585
2174 4 2 1 1 396 486 453 560
2175 4 2 1 1 144 582 19 648
2176 4 2 1 1 58 197 176 443
2177 4 2 1 1 339 229 314 619
2178 4 2 1 1 298 230 256 583
2179 4 2 1 1 482 560 486 651
2180 4 2 1 1 23 531 139 607
2181 4 2 1 1 482 560 579 614
2182 4 2 1 1 439 553 467 574
2183 4 2 1 1 255 572 243 618
2184 4 2 1 1 268 267 269 628
2185 4 2 1 1 526 618 608 622
2186 4 2 1 1 527 558 557 653
2187 4 2 1 1 201 176 208 547
2188 4 2 1 1 577 588 528 616
2189 4 2 1 1 521 596 529 610
2190 4 2 1 1 303 586 286 643
2191 4 2 1 1 529 521 610 633
2192 4 2 1 1 525 571 565 584
2193 4 2 1 1 503 572 289 644
2194 4 2 1 1 476 457 440 587
2195 4 2 1 1 479 437 532 605
2196 4 2 1 1 428 426 544 617
2197 4 2 1 1 304 537 240 643
2198 4 2 1 1 215 185 213 634
2199 4 2 1 1 336 375 362 577
2200 4 2 1 1 522 533 619 656
2201 4 2 1 1 236 580 567 642
2202 4 2 1 1 376 366 341 629
2203 4 2 1 1 422 424 423 561
2204 4 2 1 1 398 118 348 458
2205 4 2 1 1 397 444 466 534
2206 4 2 1 1 369 345 371 591
2207 4 2 1 1 352 305 236 567
2208 4 2 1 1 441 475 403 522
2209 4 2 1 1 218 560 210 604
2210 4 2 1 1 374 549 522 619
2211 4 2 1 1 281 73 315 559
2212 4 2 1 1 51 171 193 453
2213 4 2 1 1 427 446 464 630
2214 4 2 1 1 396 184 52 448
2215 4 2 1 1 391 449 410 555
2216 4 2 1 1 584 652 517 660
2217 4 2 1 1 331 309 360 593
2218 4 2 1 1 288 585 250 618
2219 4 2 1 1 526 622 612 647
2220 4 2 1 1 268 270 284 642
2221 4 2 1 1 215 213 583 634
2222 4 2 1 1 247 608 249 616
2223 4 2 1 1 238 299 566 581
2224 4 2 1 1 252 253 254 571
2225 4 2 1 1 206 192 203 523
2226 4 2 1 1 362 379 346 577
2227 4 2 1 1 560 563 512 604
2228 4 2 1 1 409 408 588 622
2229 4 2 1 1 413 443 411 547
2230 4 2 1 1 281 327 559 653
2231 4 2 1 1 564 568 418 623
2232 4 2 1 1 536 623 576 657
2233 4 2 1 1 410 555 415 622
2234 4 2 1 1 559 512 563 604
2235 4 2 1 1 557 558 516 576
2236 4 2 1 1 73 281 174 559
2237 4 2 1 1 519 601 590 638
2238 4 2 1 1 20 135 21 553
2239 4 2 1 1 272 530 274 613
2240 4 2 1 1 374 340 549 619
2241 4 2 1 1 469 392 199 657
2242 4 2 1 1 448 487 396 563
2243 4 2 1 1 252 571 254 633
2244 4 2 1 1 526 612 550 647
2245 4 2 1 1 590 601 518 638
2246 4 2 1 1 224 178 318 572
2247 4 2 1 1 181 187 80 231
2248 4 2 1 1 542 578 158 627
2249 4 2 1 1 230 256 583 660
2250 4 2 1 1 273 530 272 615
2251 4 2 1 1 543 514 597 637
2252 4 2 1 1 2 477 437 532
2253 4 2 1 1 522 569 549 587
2254 4 2 1 1 475 522 441 540
2255 4 2 1 1 192 520 205 606
2256 4 2 1 1 453 193 51 396
2257 4 2 1 1 235 280 312 601
2258 4 2 1 1 340 244 325 549
2259 4 2 1 1 467 542 404 574
2260 4 2 1 1 515 589 586 659
2261 4 2 1 1 365 363 349 586
2262 4 2 1 1 455 588 407 602
2263 4 2 1 1 295 355 97 610
2264 4 2 1 1 237 552 321 592
2265 4 2 1 1 59 176 201 391
2266 4 2 1 1 535 511 579 614
2267 4 2 1 1 366 586 364 643
2268 4 2 1 1 458 119 351 625
2269 4 2 1 1 332 110 473 356
2270 4 2 1 1 576 623 216 657
2271 4 2 1 1 450 415 603 647
2272 4 2 1 1 539 591 513 624
2273 4 2 1 1 526 555 618 622
2274 4 2 1 1 509 530 615 632
2275 4 2 1 1 577 588 521 602
2276 4 2 1 1 176 219 208 547
2277 4 2 1 1 263 264 545 637
2278 4 2 1 1 353 339 312 87
2279 4 2 1 1 464 589 630 659
2280 4 2 1 1 448 199 53 392
2281 4 2 1 1 538 581 529 625
2282 4 2 1 1 486 563 487 651
2283 4 2 1 1 432 481 579 609
2284 4 2 1 1 489 423 488 635
2285 4 2 1 1 409 455 412 588
2286 4 2 1 1 484 405 463 575
2287 4 2 1 1 239 295 97 610
2288 4 2 1 1 536 568 564 623
2289 4 2 1 1 365 581 363 586
2290 4 2 1 1 456 596 342 625
2291 4 2 1 1 421 568 556 635
2292 4 2 1 1 353 312 339 601
2293 4 2 1 1 465 115 334 359
2294 4 2 1 1 143 532 23 648
2295 4 2 1 1 379 375 361 602
2296 4 2 1 1 238 94 363 364
2297 4 2 1 1 331 369 371 580
2298 4 2 1 1 370 593 353 601
2299 4 2 1 1 266 543 268 642
2300 4 2 1 1 458 456 119 625
2301 4 2 1 1 530 272 615 632
2302 4 2 1 1 188 216 186 576
2303 4 2 1 1 346 242 99 362
2304 4 2 1 1 53 184 199 448
2305 4 2 1 1 299 286 238 566
2306 4 2 1 1 512 563 560 651
2307 4 2 1 1 342 596 377 625
2308 4 2 1 1 257 652 584 660
2309 4 2 1 1 512 544 617 651
2310 4 2 1 1 550 599 246 636
2311 4 2 1 1 535 604 512 628
2312 4 2 1 1 545 570 262 658
2313 4 2 1 1 472 357 332 562
2314 4 2 1 1 465 541 427 589
2315 4 2 1 1 516 600 545 611
2316 4 2 1 1 410 449 415 555
2317 4 2 1 1 262 570 545 631
2318 4 2 1 1 229 533 339 601
2319 4 2 1 1 569 655 522 656
2320 4 2 1 1 81 194 181 288
2321 4 2 1 1 290 241 67 222
2322 4 2 1 1 223 170 207 603
2323 4 2 1 1 316 279 278 569
2324 4 2 1 1 242 247 293 577
2325 4 2 1 1 568 576 516 657
2326 4 2 1 1 232 308 75 196
2327 4 2 1 1 285 266 597 637
2328 4 2 1 1 262 545 304 631
2329 4 2 1 1 455 407 454 602
2330 4 2 1 1 344 374 380 549
2331 4 2 1 1 565 571 525 598
2332 4 2 1 1 159 157 156 587
2333 4 2 1 1 450 478 491 603
2334 4 2 1 1 469 199 177 657
2335 4 2 1 1 516 600 557 658
2336 4 2 1 1 521 588 577 616
2337 4 2 1 1 140 27 28 646
2338 4 2 1 1 27 139 26 646
2339 4 2 1 1 35 153 301 296
2340 4 2 1 1 512 604 559 628
2341 4 2 1 1 134 4 553 655
2342 4 2 1 1 499 550 492 636
2343 4 2 1 1 361 330 401 122
2344 4 2 1 1 460 398 446 630
2345 4 2 1 1 430 554 431 645
2346 4 2 1 1 318 503 505 572
2347 4 2 1 1 24 143 23 648
2348 4 2 1 1 25 144 24 648
2349 4 2 1 1 608 612 526 622
2350 4 2 1 1 91 352 350 305
2351 4 2 1 1 46 451 404 180
2352 4 2 1 1 351 365 348 625
2353 4 2 1 1 368 350 352 567
2354 4 2 1 1 139 531 26 646
2355 4 2 1 1 140 28 530 646
2356 4 2 1 1 524 585 555 618
2357 4 2 1 1 398 460 458 625
2358 4 2 1 1 339 354 373 619
2359 4 2 1 1 202 78 298 175
2360 4 2 1 1 327 196 174 653
2361 4 2 1 1 288 181 81 231
2362 4 2 1 1 286 303 238 586
2363 4 2 1 1 186 75 308 196
2364 4 2 1 1 427 422 446 630
2365 4 2 1 1 250 608 248 618
2366 4 2 1 1 349 586 366 589
2367 4 2 1 1 392 199 54 469
2368 4 2 1 1 525 620 583 634
2369 4 2 1 1 349 586 589 659
2370 4 2 1 1 247 248 249 608
2371 4 2 1 1 94 238 303 364
2372 4 2 1 1 266 265 573 637
2373 4 2 1 1 553 569 510 650
2374 4 2 1 1 369 580 331 593
2375 4 2 1 1 472 332 473 562
2376 4 2 1 1 513 567 580 642
2377 4 2 1 1 201 170 60 449
2378 4 2 1 1 527 573 559 653
2379 4 2 1 1 505 494 221 572
2380 4 2 1 1 306 234 551 578
2381 4 2 1 1 391 201 60 449
2382 4 2 1 1 231 250 288 585
2383 4 2 1 1 433 595 641 645
2384 4 2 1 1 189 217 218 559
2385 4 2 1 1 511 609 579 614
2386 4 2 1 1 447 562 436 595
2387 4 2 1 1 255 248 608 618
2388 4 2 1 1 516 561 600 611
2389 4 2 1 1 469 199 54 177
2390 4 2 1 1 211 170 201 555
2391 4 2 1 1 433 435 531 641
2392 4 2 1 1 558 516 576 657
2393 4 2 1 1 254 253 256 584
2394 4 2 1 1 248 310 255 608
2395 4 2 1 1 221 182 207 572
2396 4 2 1 1 341 366 364 643
2397 4 2 1 1 426 429 428 544
2398 4 2 1 1 553 574 17 649
2399 4 2 1 1 26 590 531 641
2400 4 2 1 1 302 550 246 636
2401 4 2 1 1 209 200 172 614
2402 4 2 1 1 250 231 251 585
2403 4 2 1 1 466 424 541 621
2404 4 2 1 1 212 214 199 558
2405 4 2 1 1 405 330 383 123
2406 4 2 1 1 261 259 258 570
2407 4 2 1 1 370 360 353 593
2408 4 2 1 1 244 549 340 619
2409 4 2 1 1 482 481 395 614
2410 4 2 1 1 349 538 586 659
2411 4 2 1 1 210 560 171 614
2412 4 2 1 1 139 607 531 646
2413 4 2 1 1 350 92 240 341
2414 4 2 1 1 270 271 272 615
2415 4 2 1 1 90 309 331 580
2416 4 2 1 1 93 341 364 643
2417 4 2 1 1 22 533 148 639
2418 4 2 1 1 550 575 528 599
2419 4 2 1 1 160 300 152 578
2420 4 2 1 1 492 499 498 550
2421 4 2 1 1 249 248 250 608
2422 4 2 1 1 197 58 459 443
2423 4 2 1 1 240 304 285 537
2424 4 2 1 1 354 339 86 314
2425 4 2 1 1 565 584 571 633
2426 4 2 1 1 503 289 490 644
2427 4 2 1 1 529 584 565 633
2428 4 2 1 1 452 605 479 606
2429 4 2 1 1 307 305 285 597
2430 4 2 1 1 373 374 522 619
2431 4 2 1 1 185 390 623 634
2432 4 2 1 1 284 270 311 546
2433 4 2 1 1 241 67 222 173
2434 4 2 1 1 186 214 196 576
2435 4 2 1 1 556 516 611 635
2436 4 2 1 1 354 314 340 619
2437 4 2 1 1 575 599 550 636
2438 4 2 1 1 152 160 33 300
2439 4 2 1 1 417 418 416 564
2440 4 2 1 1 315 323 281 559
2441 4 2 1 1 447 595 436 641
2442 4 2 1 1 263 545 262 658
2443 4 2 1 1 260 610 287 633
2444 4 2 1 1 377 378 355 610
2445 4 2 1 1 447 595 433 645
2446 4 2 1 1 109 475 356 333
2447 4 2 1 1 428 487 617 651
2448 4 2 1 1 311 546 270 632
2449 4 2 1 1 397 465 115 334
2450 4 2 1 1 457 462 165 587
2451 4 2 1 1 160 158 157 578
2452 4 2 1 1 244 301 325 549
2453 4 2 1 1 446 422 419 630
2454 4 2 1 1 356 372 373 518
2455 4 2 1 1 321 271 322 615
2456 4 2 1 1 528 575 550 612
2457 4 2 1 1 405 401 406 575
2458 4 2 1 1 364 586 303 643
2459 4 2 1 1 259 566 299 652
2460 4 2 1 1 453 482 395 614
2461 4 2 1 1 294 577 247 616
2462 4 2 1 1 17 532 143 649
2463 4 2 1 1 420 596 456 625
2464 4 2 1 1 479 532 400 606
2465 4 2 1 1 405 401 330 123
2466 4 2 1 1 204 400 47 203
2467 4 2 1 1 334 114 397 358
2468 4 2 1 1 378 342 347 596
2469 4 2 1 1 451 46 203 180
2470 4 2 1 1 48 172 452 606
2471 4 2 1 1 359 465 589 629
2472 4 2 1 1 474 146 8 626
2473 4 2 1 1 536 583 564 660
2474 4 2 1 1 189 559 218 604
2475 4 2 1 1 452 400 48 606
2476 4 2 1 1 512 617 563 651
2477 4 2 1 1 205 192 191 520
2478 4 2 1 1 255 250 248 618
2479 4 2 1 1 551 510 569 650
2480 4 2 1 1 402 415 449 603
2481 4 2 1 1 307 567 597 642
2482 4 2 1 1 345 112 388 357
2483 4 2 1 1 439 440 467 553
2484 4 2 1 1 191 68 291 173
2485 4 2 1 1 378 377 342 596
2486 4 2 1 1 400 204 48 606
2487 4 2 1 1 240 92 350 305
2488 4 2 1 1 431 554 429 624
2489 4 2 1 1 311 280 235 632
2490 4 2 1 1 309 235 360 593
2491 4 2 1 1 521 565 571 633
2492 4 2 1 1 254 633 584 652
2493 4 2 1 1 245 100 338 599
2494 4 2 1 1 262 259 570 631
2495 4 2 1 1 432 481 482 579
2496 4 2 1 1 446 419 460 630
2497 4 2 1 1 187 80 231 283
2498 4 2 1 1 176 59 443 391
2499 4 2 1 1 43 457 462 165
2500 4 2 1 1 554 579 509 645
2501 4 2 1 1 147 27 26 639
2502 4 2 1 1 433 595 447 641
2503 4 2 1 1 351 342 377 625
2504 4 2 1 1 2 438 439 553
2505 4 2 1 1 340 354 85 314
2506 4 2 1 1 499 502 498 550
2507 4 2 1 1 431 624 447 645
2508 4 2 1 1 266 265 267 573
2509 4 2 1 1 204 172 48 606
2510 4 2 1 1 579 609 509 645
2511 4 2 1 1 21 553 569 656
2512 4 2 1 1 498 550 502 644
2513 4 2 1 1 446 630 398 659
2514 4 2 1 1 286 566 259 631
2515 4 2 1 1 566 586 515 631
2516 4 2 1 1 368 334 376 629
2517 4 2 1 1 189 198 72 315
2518 4 2 1 1 202 219 215 620
2519 4 2 1 1 349 589 337 659
2520 4 2 1 1 216 623 190 657
2521 4 2 1 1 211 181 194 585
2522 4 2 1 1 514 573 600 637
2523 4 2 1 1 360 331 89 309
2524 4 2 1 1 489 635 558 657
2525 4 2 1 1 561 611 516 635
2526 4 2 1 1 305 91 352 236
2527 4 2 1 1 309 311 235 593
2528 4 2 1 1 254 260 633 652
2529 4 2 1 1 292 237 321 592
2530 4 2 1 1 535 579 560 614
2531 4 2 1 1 433 435 434 531
2532 4 2 1 1 363 581 238 586
2533 4 2 1 1 411 443 391 547
2534 4 2 1 1 2 553 439 574
2535 4 2 1 1 371 352 331 580
2536 4 2 1 1 262 264 304 545
2537 4 2 1 1 196 557 212 653
2538 4 2 1 1 93 240 341 643
2539 4 2 1 1 145 3 7 313
2540 4 2 1 1 291 241 317 582
2541 4 2 1 1 388 472 447 539
2542 4 2 1 1 297 299 581 652
2543 4 2 1 1 433 531 434 609
2544 4 2 1 1 236 309 90 580
2545 4 2 1 1 340 314 244 619
2546 4 2 1 1 228 72 198 315
2547 4 2 1 1 514 600 545 637
2548 4 2 1 1 509 609 531 645
2549 4 2 1 1 535 592 511 614
2550 4 2 1 1 349 366 337 589
2551 4 2 1 1 553 655 569 656
2552 4 2 1 1 468 397 114 358
2553 4 2 1 1 430 482 486 651
2554 4 2 1 1 420 417 414 594
2555 4 2 1 1 388 447 471 624
2556 4 2 1 1 488 392 489 558
2557 4 2 1 1 466 427 465 541
2558 4 2 1 1 491 496 450 647
2559 4 2 1 1 170 211 207 555
2560 4 2 1 1 353 360 88 235
2561 4 2 1 1 258 282 654 660
2562 4 2 1 1 295 287 260 610
2563 4 2 1 1 4 8 474 146
2564 4 2 1 1 273 319 5 552
2565 4 2 1 1 20 655 553 656
2566 4 2 1 1 388 471 591 624
2567 4 2 1 1 430 432 482 579
2568 4 2 1 1 61 170 223 402
2569 4 2 1 1 82 178 194 243
2570 4 2 1 1 236 284 580 642
2571 4 2 1 1 533 638 148 639
2572 4 2 1 1 116 359 465 589
2573 4 2 1 1 316 549 244 619
2574 4 2 1 1 429 471 624 640
2575 4 2 1 1 367 330 383 575
2576 4 2 1 1 408 407 409 588
2577 4 2 1 1 100 346 338 599
2578 4 2 1 1 273 274 272 530
2579 4 2 1 1 505 503 494 572
2580 4 2 1 1 303 93 364 643
2581 4 2 1 1 134 553 20 655
2582 4 2 1 1 208 219 187 620
2583 4 2 1 1 100 245 242 599
2584 4 2 1 1 436 562 626 641
2585 4 2 1 1 332 472 111 357
2586 4 2 1 1 214 558 576 657
2587 4 2 1 1 519 590 562 595
2588 4 2 1 1 408 470 612 622
2589 4 2 1 1 224 221 178 572
2590 4 2 1 1 41 151 164 461
2591 4 2 1 1 564 583 536 623
2592 4 2 1 1 153 35 161 296
2593 4 2 1 1 230 298 78 175
2594 4 2 1 1 202 215 175 583
2595 4 2 1 1 519 613 601 638
2596 4 2 1 1 163 153 159 549
2597 4 2 1 1 402 61 170 449
2598 4 2 1 1 289 243 255 572
2599 4 2 1 1 88 312 353 235
2600 4 2 1 1 431 554 624 645
2601 4 2 1 1 402 223 478 603
2602 4 2 1 1 346 379 367 599
2603 4 2 1 1 246 599 245 636
2604 4 2 1 1 19 136 18 650
2605 4 2 1 1 217 189 174 559
2606 4 2 1 1 86 339 229 314
2607 4 2 1 1 566 581 538 586
2608 4 2 1 1 26 626 590 641
2609 4 2 1 1 297 260 299 652
2610 4 2 1 1 34 161 296 234
2611 4 2 1 1 516 654 570 658
2612 4 2 1 1 529 594 538 625
2613 4 2 1 1 339 312 229 601
2614 4 2 1 1 546 593 519 632
2615 4 2 1 1 451 467 404 574
2616 4 2 1 1 461 404 467 542
2617 4 2 1 1 389 109 475 356
2618 4 2 1 1 429 426 444 640
2619 4 2 1 1 430 429 554 651
2620 4 2 1 1 472 111 473 332
2621 4 2 1 1 175 77 230 188
2622 4 2 1 1 479 437 477 532
2623 4 2 1 1 252 251 253 571
2624 4 2 1 1 432 430 431 645
2625 4 2 1 1 515 631 586 643
2626 4 2 1 1 34 161 234 160
2627 4 2 1 1 214 216 177 576
2628 4 2 1 1 564 623 390 634
2629 4 2 1 1 347 399 121 602
2630 4 2 1 1 234 300 160 578
2631 4 2 1 1 312 339 229 87
2632 4 2 1 1 332 357 370 562
2633 4 2 1 1 426 621 444 640
2634 4 2 1 1 184 217 212 653
2635 4 2 1 1 518 540 639 656
2636 4 2 1 1 85 244 340 314
2637 4 2 1 1 272 530 613 632
2638 4 2 1 1 281 265 328 573
2639 4 2 1 1 20 146 4 540
2640 4 2 1 1 100 242 346 599
2641 4 2 1 1 420 445 456 596
2642 4 2 1 1 545 600 516 658
2643 4 2 1 1 215 219 197 634
2644 4 2 1 1 266 268 307 642
2645 4 2 1 1 160 234 33 300
2646 4 2 1 1 288 82 194 243
2647 4 2 1 1 424 427 466 541
2648 4 2 1 1 390 564 418 623
2649 4 2 1 1 451 47 400 203
2650 4 2 1 1 262 263 264 545
2651 4 2 1 1 313 229 280 601
2652 4 2 1 1 233 246 302 550
2653 4 2 1 1 389 473 110 356
2654 4 2 1 1 288 255 243 618
2655 4 2 1 1 273 321 552 615
2656 4 2 1 1 268 269 270 548
2657 4 2 1 1 337 359 116 589
2658 4 2 1 1 241 291 68 173
2659 4 2 1 1 116 465 464 589
2660 4 2 1 1 347 121 361 602
2661 4 2 1 1 351 377 365 625
2662 4 2 1 1 523 649 574 650
2663 4 2 1 1 374 354 340 619
2664 4 2 1 1 502 496 497 647
2665 4 2 1 1 390 416 564 634
2666 4 2 1 1 293 247 294 577
2667 4 2 1 1 243 318 178 572
2668 4 2 1 1 421 556 422 635
2669 4 2 1 1 454 361 121 602
2670 4 2 1 1 192 205 204 606
2671 4 2 1 1 233 550 498 644
2672 4 2 1 1 319 275 5 582
2673 4 2 1 1 472 388 112 357
2674 4 2 1 1 95 363 335 581
2675 4 2 1 1 177 576 216 657
2676 4 2 1 1 214 576 177 657
2677 4 2 1 1 518 626 590 639
2678 4 2 1 1 489 558 392 657
2679 4 2 1 1 2 439 477 574
2680 4 2 1 1 220 206 180 542
2681 4 2 1 1 340 380 374 549
2682 4 2 1 1 454 121 399 602
2683 4 2 1 1 487 486 396 563
2684 4 2 1 1 229 533 279 619
2685 4 2 1 1 362 375 379 577
2686 4 2 1 1 531 609 433 645
2687 4 2 1 1 277 551 1 582
2688 4 2 1 1 583 623 564 634
2689 4 2 1 1 453 486 482 560
2690 4 2 1 1 522 619 569 656
2691 4 2 1 1 187 202 79 620
2692 4 2 1 1 428 486 487 651
2693 4 2 1 1 531 641 595 645
2694 4 2 1 1 286 631 304 643
2695 4 2 1 1 164 158 155 542
2696 4 2 1 1 460 419 417 594
2697 4 2 1 1 324 32 300 169
2698 4 2 1 1 532 648 143 649
2699 4 2 1 1 373 354 374 619
2700 4 2 1 1 26 8 626 641
2701 4 2 1 1 328 329 232 557
2702 4 2 1 1 20 540 4 655
2703 4 2 1 1 23 139 24 607
2704 4 2 1 1 474 540 146 626
2705 4 2 1 1 327 328 232 557
2706 4 2 1 1 285 264 266 637
2707 4 2 1 1 273 272 271 615
2708 4 2 1 1 306 300 578 627
2709 4 2 1 1 337 116 464 589
2710 4 2 1 1 233 310 550 644
2711 4 2 1 1 474 4 146 540
2712 4 2 1 1 566 581 299 652
2713 4 2 1 1 495 501 126 343
2714 4 2 1 1 177 216 190 657
2715 4 2 1 1 238 363 95 581
2716 4 2 1 1 457 165 156 587
2717 4 2 1 1 456 445 399 596
2718 4 2 1 1 298 79 202 620
2719 4 2 1 1 41 151 461 394
2720 4 2 1 1 27 638 590 639
2721 4 2 1 1 255 310 289 644
2722 4 2 1 1 95 335 297 581
2723 4 2 1 1 36 168 325 301
2724 4 2 1 1 246 233 310 550
2725 4 2 1 1 336 355 378 610
2726 4 2 1 1 480 450 496 647
2727 4 2 1 1 306 290 300 627
2728 4 2 1 1 236 567 307 642
2729 4 2 1 1 531 595 509 645
2730 4 2 1 1 93 303 240 643
2731 4 2 1 1 302 105 233 492
2732 4 2 1 1 276 3 1 551
2733 4 2 1 1 390 185 57 634
2734 4 2 1 1 420 460 594 625
2735 4 2 1 1 464 630 446 659
2736 4 2 1 1 289 320 490 644
2737 4 2 1 1 489 568 635 657
2738 4 2 1 1 492 105 233 498
2739 4 2 1 1 207 182 223 603
2740 4 2 1 1 302 246 245 636
2741 4 2 1 1 235 360 89 309
2742 4 2 1 1 289 503 318 572
2743 4 2 1 1 490 502 497 644
2744 4 2 1 1 266 267 268 543
2745 4 2 1 1 152 158 578 627
2746 4 2 1 1 540 626 518 639
2747 4 2 1 1 458 420 456 625
2748 4 2 1 1 278 306 234 551
2749 4 2 1 1 400 479 477 532
2750 4 2 1 1 154 344 38 163
2751 4 2 1 1 174 217 559 653
2752 4 2 1 1 584 633 529 652
2753 4 2 1 1 43 457 165 156
2754 4 2 1 1 168 36 153 301
2755 4 2 1 1 345 113 358 591
2756 4 2 1 1 471 591 624 640
2757 4 2 1 1 254 584 257 652
2758 4 2 1 1 73 174 281 327
2759 4 2 1 1 228 322 323 628
2760 4 2 1 1 463 405 406 575
2761 4 2 1 1 263 265 264 637
2762 4 2 1 1 450 470 415 647
2763 4 2 1 1 442 418 568 623
2764 4 2 1 1 283 298 253 620
2765 4 2 1 1 192 206 173 523
2766 4 2 1 1 3 276 279 278
2767 4 2 1 1 436 626 8 641
2768 4 2 1 1 441 4 540 655
2769 4 2 1 1 317 241 277 582
2770 4 2 1 1 373 374 333 522
2771 4 2 1 1 211 208 181 585
2772 4 2 1 1 238 95 297 581
2773 4 2 1 1 57 185 197 634
2774 4 2 1 1 24 607 139 646
2775 4 2 1 1 457 42 394 156
2776 4 2 1 1 187 79 283 620
2777 4 2 1 1 178 221 207 572
2778 4 2 1 1 494 503 497 572
2779 4 2 1 1 452 479 400 606
2780 4 2 1 1 28 27 148 638
2781 4 2 1 1 432 609 579 645
2782 4 2 1 1 286 299 259 566
2783 4 2 1 1 19 1 133 551
2784 4 2 1 1 388 113 345 591
2785 4 2 1 1 420 458 460 625
2786 4 2 1 1 468 591 471 640
2787 4 2 1 1 389 436 473 626
2788 4 2 1 1 464 465 427 589
2789 4 2 1 1 562 595 590 641
2790 4 2 1 1 313 279 229 533
2791 4 2 1 1 261 262 570 658
2792 4 2 1 1 294 249 252 616
2793 4 2 1 1 436 447 472 562
2794 4 2 1 1 422 421 419 556
2795 4 2 1 1 155 30 220 162
2796 4 2 1 1 32 152 300 169
2797 4 2 1 1 222 206 183 627
2798 4 2 1 1 154 159 165 587
2799 4 2 1 1 433 641 531 645
2800 4 2 1 1 364 366 349 586
2801 4 2 1 1 152 162 158 627
2802 4 2 1 1 549 569 522 619
2803 4 2 1 1 316 301 244 549
2804 4 2 1 1 257 584 256 660
2805 4 2 1 1 20 540 655 656
2806 4 2 1 1 409 410 408 622
2807 4 2 1 1 412 411 409 598
2808 4 2 1 1 442 190 623 657
2809 4 2 1 1 489 568 421 635
2810 4 2 1 1 393 612 470 647
2811 4 2 1 1 468 358 113 591
2812 4 2 1 1 313 280 7 613
2813 4 2 1 1 501 381 126 343
2814 4 2 1 1 56 190 185 623
2815 4 2 1 1 408 415 470 622
2816 4 2 1 1 324 169 300 627
2817 4 2 1 1 390 459 416 634
2818 4 2 1 1 177 190 55 657
2819 4 2 1 1 42 151 394 156
2820 4 2 1 1 276 278 3 551
2821 4 2 1 1 213 190 216 623
2822 4 2 1 1 480 450 129 496
2823 4 2 1 1 17 135 134 553
2824 4 2 1 1 481 479 452 605
2825 4 2 1 1 131 493 504 393
2826 4 2 1 1 254 257 260 652
2827 4 2 1 1 404 483 45 225
2828 4 2 1 1 504 463 131 393
2829 4 2 1 1 429 431 430 554
2830 4 2 1 1 425 423 424 561
2831 4 2 1 1 312 280 229 601
2832 4 2 1 1 462 476 403 587
2833 4 2 1 1 327 74 174 196
2834 4 2 1 1 21 147 20 656
2835 4 2 1 1 209 592 210 614
2836 4 2 1 1 298 283 79 620
2837 4 2 1 1 163 344 38 380
2838 4 2 1 1 369 331 360 593
2839 4 2 1 1 388 468 113 591
2840 4 2 1 1 305 307 236 567
2841 4 2 1 1 152 578 300 627
2842 4 2 1 1 493 393 480 647
2843 4 2 1 1 459 390 57 634
2844 4 2 1 1 183 220 30 162
2845 4 2 1 1 513 624 591 640
2846 4 2 1 1 525 583 564 634
2847 4 2 1 1 287 295 239 610
2848 4 2 1 1 282 230 77 188
2849 4 2 1 1 273 271 321 615
2850 4 2 1 1 480 496 493 647
2851 4 2 1 1 285 266 307 597
2852 4 2 1 1 57 197 459 634
2853 4 2 1 1 530 519 613 632
2854 4 2 1 1 56 185 390 623
2855 4 2 1 1 303 286 304 643
2856 4 2 1 1 237 319 321 552
2857 4 2 1 1 21 639 147 656
2858 4 2 1 1 383 343 367 575
2859 4 2 1 1 257 259 299 652
2860 4 2 1 1 338 384 326 636
2861 4 2 1 1 289 103 490 320
2862 4 2 1 1 531 590 595 641
2863 4 2 1 1 134 135 20 553
2864 4 2 1 1 215 213 175 583
2865 4 2 1 1 148 638 27 639
2866 4 2 1 1 393 406 470 612
2867 4 2 1 1 289 103 503 490
2868 4 2 1 1 491 129 450 496
2869 4 2 1 1 167 483 40 164
2870 4 2 1 1 442 55 190 657
2871 4 2 1 1 267 265 281 573
2872 4 2 1 1 488 423 425 561
2873 4 2 1 1 590 638 518 639
2874 4 2 1 1 300 169 152 627
2875 4 2 1 1 294 247 249 616
2876 4 2 1 1 143 648 18 649
2877 4 2 1 1 489 392 469 657
2878 4 2 1 1 570 654 261 658
2879 4 2 1 1 490 320 498 644
2880 4 2 1 1 233 498 320 644
2881 4 2 1 1 226 324 66 222
2882 4 2 1 1 262 286 259 631
2883 4 2 1 1 236 284 309 580
2884 4 2 1 1 468 471 444 640
2885 4 2 1 1 533 518 601 638
2886 4 2 1 1 415 402 450 603
2887 4 2 1 1 169 226 31 183
2888 4 2 1 1 450 402 478 603
2889 4 2 1 1 200 210 171 614
2890 4 2 1 1 436 474 8 626
2891 4 2 1 1 17 143 18 649
2892 4 2 1 1 408 470 406 612
2893 4 2 1 1 431 429 471 624
2894 4 2 1 1 480 130 493 496
2895 4 2 1 1 257 254 256 584
2896 4 2 1 1 74 327 232 196
2897 4 2 1 1 242 245 246 599
2898 4 2 1 1 432 433 609 645
2899 4 2 1 1 540 522 655 656
2900 4 2 1 1 359 589 366 629
2901 4 2 1 1 359 366 376 629
2902 4 2 1 1 372 370 353 601
2903 4 2 1 1 190 213 185 623
2904 4 2 1 1 262 259 261 570
2905 4 2 1 1 518 638 533 639
2906 4 2 1 1 409 407 455 588
2907 4 2 1 1 164 483 40 461
2908 4 2 1 1 428 425 426 617
2909 4 2 1 1 226 324 222 627
2910 4 2 1 1 492 326 106 507
2911 4 2 1 1 230 282 258 660
2912 4 2 1 1 399 455 454 602
2913 4 2 1 1 429 444 471 640
2914 4 2 1 1 152 158 160 578
2915 4 2 1 1 104 490 320 498
2916 4 2 1 1 218 210 198 604
2917 4 2 1 1 326 101 384 338
2918 4 2 1 1 365 335 363 581
2919 4 2 1 1 418 390 416 564
2920 4 2 1 1 229 279 314 619
2921 4 2 1 1 442 190 56 623
2922 4 2 1 1 340 386 325 84
2923 4 2 1 1 63 182 508 227
2924 4 2 1 1 442 390 418 623
2925 4 2 1 1 440 441 476 655
2926 4 2 1 1 387 125 343 506
2927 4 2 1 1 385 37 166 344
2928 4 2 1 1 44 165 485 166
2929 4 2 1 1 605 607 511 609
2930 4 2 1 1 347 361 375 602
2931 4 2 1 1 180 404 45 225
2932 4 2 1 1 310 320 289 644
2933 4 2 1 1 457 476 462 587
2934 4 2 1 1 165 159 156 587
2935 4 2 1 1 345 358 371 591
2936 4 2 1 1 179 210 209 592
2937 4 2 1 1 493 393 130 480
2938 4 2 1 1 279 316 244 619
2939 4 2 1 1 364 349 363 586
2940 4 2 1 1 501 499 492 636
2941 4 2 1 1 274 7 280 613
2942 4 2 1 1 8 146 26 626
2943 4 2 1 1 434 605 481 609
2944 4 2 1 1 291 317 319 582
2945 4 2 1 1 272 613 280 632
2946 4 2 1 1 165 462 44 485
2947 4 2 1 1 245 599 338 636
2948 4 2 1 1 198 189 218 604
2949 4 2 1 1 172 205 209 606
2950 4 2 1 1 19 141 1 582
2951 4 2 1 1 464 337 589 659
2952 4 2 1 1 489 442 568 657
2953 4 2 1 1 430 428 429 651
2954 4 2 1 1 480 470 450 647
2955 4 2 1 1 484 132 506 504
2956 4 2 1 1 177 55 469 657
2957 4 2 1 1 507 492 326 636
2958 4 2 1 1 209 210 200 614
2959 4 2 1 1 238 297 299 581
2960 4 2 1 1 376 334 359 629
2961 4 2 1 1 233 104 320 498
2962 4 2 1 1 440 439 438 553
2963 4 2 1 1 226 183 169 627
2964 4 2 1 1 386 39 380 168
2965 4 2 1 1 326 245 338 636
2966 4 2 1 1 284 236 307 642
2967 4 2 1 1 289 318 243 572
2968 4 2 1 1 269 267 323 628
2969 4 2 1 1 372 353 339 601
2970 4 2 1 1 411 412 413 598
2971 4 2 1 1 484 383 387 124
2972 4 2 1 1 258 257 256 660
2973 4 2 1 1 431 471 447 624
2974 4 2 1 1 436 472 473 562
2975 4 2 1 1 1 277 276 551
2976 4 2 1 1 183 31 169 162
2977 4 2 1 1 3 7 276 150
2978 4 2 1 1 255 288 250 618
2979 4 2 1 1 431 447 433 645
2980 4 2 1 1 421 489 442 568
2981 4 2 1 1 252 254 287 633
2982 4 2 1 1 485 107 385 382
2983 4 2 1 1 441 4 474 540
2984 4 2 1 1 254 260 287 633
2985 4 2 1 1 149 4 8 438
2986 4 2 1 1 186 216 214 576
2987 4 2 1 1 389 540 474 626
2988 4 2 1 1 370 369 360 593
2989 4 2 1 1 261 263 262 658
2990 4 2 1 1 436 389 474 626
2991 4 2 1 1 290 66 324 222
2992 4 2 1 1 273 321 319 552
2993 4 2 1 1 442 469 55 657
2994 4 2 1 1 127 507 384 381
2995 4 2 1 1 410 415 408 622
2996 4 2 1 1 306 300 234 578
2997 4 2 1 1 442 623 568 657
2998 4 2 1 1 185 215 197 634
2999 4 2 1 1 432 433 434 609
3000 4 2 1 1 390 442 56 623
3001 4 2 1 1 221 65 505 224
3002 4 2 1 1 29 225 167 220
3003 4 2 1 1 346 367 338 599
3004 4 2 1 1 209 195 179 592
3005 4 2 1 1 466 426 424 621
3006 4 2 1 1 440 438 441 655
3007 4 2 1 1 266 264 265 637
3008 4 2 1 1 290 222 324 627
3009 4 2 1 1 384 381 507 636
3010 4 2 1 1 344 37 166 154
3011 4 2 1 1 442 418 421 568
3012 4 2 1 1 121 399 347 120
3013 4 2 1 1 97 98 239 336
3014 4 2 1 1 493 496 502 647
3015 4 2 1 1 187 219 202 620
3016 4 2 1 1 182 500 63 508
3017 4 2 1 1 468 388 471 591
3018 4 2 1 1 495 343 125 506
3019 4 2 1 1 174 196 212 653
3020 4 2 1 1 101 326 245 338
3021 4 2 1 1 83 224 178 318
3022 4 2 1 1 293 98 99 362
3023 4 2 1 1 460 417 420 594
3024 4 2 1 1 361 454 121 122
3025 4 2 1 1 481 434 479 605
3026 4 2 1 1 261 258 282 654
3027 4 2 1 1 237 69 195 70
3028 4 2 1 1 349 337 348 659
3029 4 2 1 1 302 492 326 106
3030 4 2 1 1 319 317 275 582
3031 4 2 1 1 384 507 326 636
3032 4 2 1 1 277 1 317 582
3033 4 2 1 1 389 475 441 540
3034 4 2 1 1 359 337 366 589
3035 4 2 1 1 433 447 436 641
3036 4 2 1 1 274 280 272 613
3037 4 2 1 1 48 49 452 172
3038 4 2 1 1 39 163 380 168
3039 4 2 1 1 200 50 49 395
3040 4 2 1 1 119 351 118 458
3041 4 2 1 1 117 118 348 398
3042 4 2 1 1 426 466 444 621
3043 4 2 1 1 117 398 348 659
3044 4 2 1 1 435 436 8 641
3045 4 2 1 1 490 498 502 644
3046 4 2 1 1 437 149 6 435
3047 4 2 1 1 95 96 297 335
3048 4 2 1 1 183 162 169 627
3049 4 2 1 1 199 54 53 392
3050 4 2 1 1 329 261 654 658
3051 4 2 1 1 150 5 274 275
3052 4 2 1 1 337 464 117 659
3053 4 2 1 1 282 308 329 654
3054 4 2 1 1 477 439 451 574
3055 4 2 1 1 4 441 438 655
3056 4 2 1 1 80 187 79 283
3057 4 2 1 1 59 58 176 443
3058 4 2 1 1 465 115 359 116
3059 4 2 1 1 303 93 94 364
3060 4 2 1 1 303 304 240 643
3061 4 2 1 1 198 71 72 228
3062 4 2 1 1 74 232 75 196
3063 4 2 1 1 311 270 272 632
3064 4 2 1 1 484 405 383 124
3065 4 2 1 1 119 120 342 456
3066 4 2 1 1 221 65 494 505
3067 4 2 1 1 314 279 244 619
3068 4 2 1 1 92 91 350 305
3069 4 2 1 1 97 295 96 355
3070 4 2 1 1 504 484 132 463
3071 4 2 1 1 381 127 507 501
3072 4 2 1 1 326 492 302 636
3073 4 2 1 1 193 52 51 396
3074 4 2 1 1 274 276 150 275
3075 4 2 1 1 149 437 438 435
3076 4 2 1 1 117 348 337 659
3077 4 2 1 1 468 114 113 358
3078 4 2 1 1 223 227 62 478
3079 4 2 1 1 220 167 29 155
3080 4 2 1 1 423 421 422 635
3081 4 2 1 1 324 226 169 627
3082 4 2 1 1 325 244 340 84
3083 4 2 1 1 153 36 35 301
3084 4 2 1 1 381 501 507 636
3085 4 2 1 1 322 269 323 628
3086 4 2 1 1 230 258 256 660
3087 4 2 1 1 53 52 184 448
3088 4 2 1 1 55 56 442 190
3089 4 2 1 1 282 77 76 188
3090 4 2 1 1 70 71 179 292
3091 4 2 1 1 204 205 172 606
3092 4 2 1 1 171 51 50 453
3093 4 2 1 1 337 116 117 464
3094 4 2 1 1 276 7 274 150
3095 4 2 1 1 24 139 140 646
3096 4 2 1 1 363 94 238 95
3097 4 2 1 1 438 8 149 435
3098 4 2 1 1 18 143 144 648
3099 4 2 1 1 113 112 388 345
3100 4 2 1 1 181 80 81 231
3101 4 2 1 1 89 331 90 309
3102 4 2 1 1 262 304 286 631
3103 4 2 1 1 432 431 433 645
3104 4 2 1 1 93 240 92 341
3105 4 2 1 1 451 439 467 574
3106 4 2 1 1 60 59 201 391
3107 4 2 1 1 33 32 152 300
3108 4 2 1 1 313 274 7 280
3109 4 2 1 1 140 139 27 646
3110 4 2 1 1 434 437 6 435
3111 4 2 1 1 464 446 398 659
3112 4 2 1 1 474 436 8 435
3113 4 2 1 1 397 115 114 334
3114 4 2 1 1 89 88 360 235
3115 4 2 1 1 1 275 317 582
3116 4 2 1 1 143 24 144 648
3117 4 2 1 1 107 485 403 382
3118 4 2 1 1 35 34 161 296
3119 4 2 1 1 472 112 111 357
3120 4 2 1 1 275 5 274 273
3121 4 2 1 1 243 83 178 318
3122 4 2 1 1 241 68 67 173
3123 4 2 1 1 272 280 311 632
3124 4 2 1 1 291 69 68 191
3125 4 2 1 1 459 57 58 197
3126 4 2 1 1 298 79 78 202
3127 4 2 1 1 307 268 284 642
3128 4 2 1 1 91 90 352 236
3129 4 2 1 1 425 428 487 617
3130 4 2 1 1 174 212 217 653
3131 4 2 1 1 86 229 339 87
3132 4 2 1 1 46 47 451 203
3133 4 2 1 1 257 299 260 652
3134 4 2 1 1 14 505 224 318
3135 4 2 1 1 227 508 13 478
3136 4 2 1 1 110 109 389 356
3137 4 2 1 1 393 470 480 647
3138 4 2 1 1 61 60 170 449
3139 4 2 1 1 233 320 310 644
3140 4 2 1 1 400 47 48 204
3141 4 2 1 1 123 401 330 122
3142 4 2 1 1 81 82 194 288
3143 4 2 1 1 398 117 464 659
3144 4 2 1 1 402 223 62 478
3145 4 2 1 1 329 263 261 658
3146 4 2 1 1 318 102 505 503
3147 4 2 1 1 99 100 242 346
3148 4 2 1 1 102 318 289 503
3149 4 2 1 1 506 387 16 484
3150 4 2 1 1 166 485 12 385
3151 4 2 1 1 507 326 15 384
3152 4 2 1 1 128 508 491 478
3153 4 2 1 1 234 33 34 160
3154 4 2 1 1 168 386 11 325
3155 4 2 1 1 276 277 278 551
3156 4 2 1 1 338 381 384 636
3157 4 2 1 1 462 44 43 165
3158 4 2 1 1 128 491 450 478
3159 4 2 1 1 130 480 129 496
3160 4 2 1 1 474 389 441 540
3161 4 2 1 1 150 276 1 275
3162 4 2 1 1 457 43 42 156
3163 4 2 1 1 147 21 148 639
3164 4 2 1 1 225 483 10 167
3165 4 2 1 1 102 289 103 503
3166 4 2 1 1 87 312 353 88
3167 4 2 1 1 111 110 473 332
3168 4 2 1 1 437 2 149 438
3169 4 2 1 1 9 324 226 169
3170 4 2 1 1 390 56 57 185
3171 4 2 1 1 230 78 77 175
3172 4 2 1 1 300 290 324 627
3173 4 2 1 1 450 129 491 128
3174 4 2 1 1 273 275 5 319
3175 4 2 1 1 147 148 27 639
3176 4 2 1 1 103 490 320 104
3177 4 2 1 1 149 8 6 435
3178 4 2 1 1 38 37 344 154
3179 4 2 1 1 126 495 343 125
3180 4 2 1 1 277 306 278 551
3181 4 2 1 1 393 131 493 130
3182 4 2 1 1 492 302 105 106
3183 4 2 1 1 7 5 274 150
3184 4 2 1 1 437 439 2 438
3185 4 2 1 1 313 3 276 279
3186 4 2 1 1 54 55 469 177
3187 4 2 1 1 76 75 308 186
3188 4 2 1 1 30 31 183 162
3189 4 2 1 1 489 469 442 657
3190 4 2 1 1 104 233 105 498
3191 4 2 1 1 40 41 164 461
3192 4 2 1 1 500 63 64 182
3193 4 2 1 1 4 441 474 438
3194 4 2 1 1 428 430 486 651
3195 4 2 1 1 432 434 481 609
3196 4 2 1 1 151 41 42 394
3197 4 2 1 1 282 329 261 654
3198 4 2 1 1 174 73 74 327
3199 4 2 1 1 72 73 189 315
3200 4 2 1 1 65 494 64 221
3201 4 2 1 1 435 433 436 641
3202 4 2 1 1 245 326 302 636
3203 4 2 1 1 2 477 439 437
3204 4 2 1 1 169 162 152 627
3205 4 2 1 1 82 83 178 243
3206 4 2 1 1 220 29 30 155
3207 4 2 1 1 7 3 276 313
3208 4 2 1 1 277 1 276 275
3209 4 2 1 1 501 381 127 126
3210 4 2 1 1 474 8 4 438
3211 4 2 1 1 163 38 39 380
3212 4 2 1 1 84 244 340 85
3213 4 2 1 1 62 61 223 402
3214 4 2 1 1 475 109 108 333
3215 4 2 1 1 225 10 29 167
3216 4 2 1 1 12 44 485 166
3217 4 2 1 1 132 506 16 484
3218 4 2 1 1 15 507 384 127
3219 4 2 1 1 106 326 15 507
3220 4 2 1 1 86 85 354 314
3221 4 2 1 1 168 11 36 325
3222 4 2 1 1 100 101 245 338
3223 4 2 1 1 463 132 504 131
3224 4 2 1 1 108 107 403 382
3225 4 2 1 1 507 501 492 636
3226 4 2 1 1 275 277 1 317
3227 4 2 1 1 423 489 421 635
3228 4 2 1 1 11 39 386 168
3229 4 2 1 1 65 14 505 224
3230 4 2 1 1 16 125 387 506
3231 4 2 1 1 166 12 37 385
3232 4 2 1 1 124 405 383 123
3233 4 2 1 1 40 10 483 167
3234 4 2 1 1 83 14 224 318
3235 4 2 1 1 13 62 227 478
3236 4 2 1 1 326 101 15 384
3237 4 2 1 1 484 387 16 124
3238 4 2 1 1 290 67 66 222
3239 4 2 1 1 45 46 404 180
3240 4 2 1 1 325 386 11 84
3241 4 2 1 1 485 107 12 385
3242 4 2 1 1 324 9 32 169
3243 4 2 1 1 150 1 5 275
3244 4 2 1 1 149 6 2 437
3245 4 2 1 1 324 66 9 226
3246 4 2 1 1 483 10 45 225
3247 4 2 1 1 226 31 9 169
3248 4 2 1 1 508 13 63 227
3249 4 2 1 1 222 183 226 627
3250 4 2 1 1 276 274 7 313
3251 4 2 1 1 438 474 8 435
3252 4 2 1 1 505 14 102 318
3253 4 2 1 1 128 13 508 478
3254 4 2 1 1 276 1 3 150
3255 4 2 1 1 2 4 149 438
3256 4 2 1 1 25 607 648 24
3257 4 2 1 1 648 607 25 552
3258 4 2 1 1 578 161 157 160
3259 4 2 1 1 578 157 161 510
3260 4 2 1 1 611 537 514 545
3261 4 2 1 1 611 514 537 541
3262 4 2 1 1 652 570 660 259
3263 4 2 1 1 652 660 570 517
3264 4 2 1 1 568 419 517 418
3265 4 2 1 1 568 517 419 556
3266 4 2 1 1 592 198 292 179
3267 4 2 1 1 592 292 198 535
3268 4 2 1 1 620 256 583 298
3269 4 2 1 1 620 583 256 525
3270 4 2 1 1 579 651 512 560
3271 4 2 1 1 512 651 579 554
3272 4 2 1 1 587 553 457 440
3273 4 2 1 1 587 457 553 510
3274 4 2 1 1 394 457 553 440
3275 4 2 1 1 394 553 457 510
3276 4 2 1 1 611 427 424 541
3277 4 2 1 1 611 424 427 422
3278 4 2 1 1 638 145 148 28
3279 4 2 1 1 638 148 145 533
3280 4 2 1 1 7 5 530 274
3281 4 2 1 1 7 530 5 137
3282 4 2 1 1 435 641 6 531
3283 4 2 1 1 435 6 641 8
3284 4 2 1 1 138 6 641 531
3285 4 2 1 1 138 641 6 8
3286 4 2 1 1 617 488 561 527
3287 4 2 1 1 617 561 488 425
3288 4 2 1 1 618 211 207 194
3289 4 2 1 1 618 207 211 555
3290 4 2 1 1 627 155 158 542
3291 4 2 1 1 627 158 155 162
3292 4 2 1 1 598 616 521 571
3293 4 2 1 1 521 616 598 588
3294 4 2 1 1 593 357 562 370
3295 4 2 1 1 593 562 357 539
3296 4 2 1 1 656 147 540 639
3297 4 2 1 1 656 540 147 20
3298 4 2 1 1 504 393 612 463
3299 4 2 1 1 612 393 504 493
3300 4 2 1 1 612 575 504 463
3301 4 2 1 1 196 308 557 232
3302 4 2 1 1 196 557 308 186
3303 4 2 1 1 636 343 367 381
3304 4 2 1 1 636 367 343 575
3305 4 2 1 1 627 220 206 183
3306 4 2 1 1 627 206 220 542
3307 4 2 1 1 644 503 497 490
3308 4 2 1 1 644 497 503 572
3309 4 2 1 1 182 494 64 500
3310 4 2 1 1 182 64 494 221
3311 4 2 1 1 614 50 453 171
3312 4 2 1 1 614 453 50 395
3313 4 2 1 1 601 313 613 280
3314 4 2 1 1 601 613 313 533
3315 4 2 1 1 282 186 76 308
3316 4 2 1 1 76 186 282 188
3317 4 2 1 1 605 437 434 479
3318 4 2 1 1 605 434 437 6
3319 4 2 1 1 658 328 329 263
3320 4 2 1 1 658 329 328 557
3321 4 2 1 1 594 652 584 529
3322 4 2 1 1 584 652 594 517
3323 4 2 1 1 642 266 597 307
3324 4 2 1 1 642 597 266 543
3325 4 2 1 1 403 333 108 382
3326 4 2 1 1 108 333 403 475
3327 4 2 1 1 90 580 352 236
3328 4 2 1 1 352 580 90 331
3329 4 2 1 1 652 297 529 581
3330 4 2 1 1 652 529 297 260
3331 4 2 1 1 6 2 532 142
3332 4 2 1 1 6 532 2 437
3333 4 2 1 1 5 1 582 275
3334 4 2 1 1 5 582 1 141
3335 4 2 1 1 627 306 523 578
3336 4 2 1 1 627 523 306 290
3337 4 2 1 1 657 199 214 558
3338 4 2 1 1 657 214 199 177
3339 4 2 1 1 301 168 549 153
3340 4 2 1 1 301 549 168 325
3341 4 2 1 1 636 367 338 381
3342 4 2 1 1 636 338 367 599
3343 4 2 1 1 438 553 655 440
3344 4 2 1 1 655 553 438 4
3345 4 2 1 1 504 612 499 575
3346 4 2 1 1 499 612 504 493
$EndElements
