$MeshFormat
4.1 0 8
$EndMeshFormat
$PhysicalNames
5
2 2 "inlet"
2 3 "outlet"
2 4 "side_walls"
2 5 "cylinder"
3 1 "fluid"
$EndPhysicalNames
$Entities
10 15 7 1
1 0 0 0.41 0 
2 0 0 0 0 
3 0 0.41 0.41 0 
4 0 0.41 0 0 
5 2.5 0 0 0 
6 2.5 0 0.41 0 
7 2.5 0.41 0.41 0 
8 0.55 0.2 0.41 0 
9 2.5 0.41 0 0 
10 0.55 0.2 0 0 
1 -1e-07 -1e-07 -1.000000000028756e-07 1e-07 1e-07 0.4100001 0 2 2 -1 
2 -1e-07 -1.000000000028756e-07 0.4099999 1e-07 0.4100001 0.4100001 0 2 1 -3 
3 -1e-07 0.4099999 -1.000000000028756e-07 1e-07 0.4100001 0.4100001 0 2 4 -3 
4 -1e-07 -1.000000000028756e-07 -1e-07 1e-07 0.4100001 1e-07 0 2 2 -4 
5 -1.000000000583867e-07 -1e-07 -1e-07 2.5000001 1e-07 1e-07 0 2 2 -5 
6 2.4999999 -1e-07 -1.000000000028756e-07 2.5000001 1e-07 0.4100001 0 2 5 -6 
7 -1.000000000583867e-07 -1e-07 0.4099999 2.5000001 1e-07 0.4100001 0 2 1 -6 
8 -1.000000000583867e-07 0.4099999 0.4099999 2.5000001 0.4100001 0.4100001 0 2 3 -7 
9 2.4999999 -1.000000000028756e-07 0.4099999 2.5000001 0.4100001 0.4100001 0 2 6 -7 
10 0.4497998996 0.1498985631785864 0.4097998996 0.5502001004 0.2501014368214136 0.4102001004 0 2 8 -8 
11 -1.000000000583867e-07 0.4099999 -1e-07 2.5000001 0.4100001 1e-07 0 2 4 -9 
12 2.4999999 0.4099999 -1.000000000028756e-07 2.5000001 0.4100001 0.4100001 0 2 9 -7 
13 2.4999999 -1.000000000028756e-07 -1e-07 2.5000001 0.4100001 1e-07 0 2 5 -9 
14 0.4497998996 0.1498985631785864 -0.0002001004 0.5502001004 0.2501014368214136 0.0002001004 0 2 10 -10 
15 0.5497948999000001 0.1997948999 -0.0002051000999999941 0.5502051001 0.2002051001 0.4102051001 0 2 10 -8 
1 -1e-07 -1.000000000028756e-07 -1.000000000028756e-07 1e-07 0.4100001 0.4100001 1 2 4 -1 4 3 -2 
2 -1.000000000583867e-07 -1e-07 -1.000000000028756e-07 2.5000001 1e-07 0.4100001 1 4 4 -5 1 7 -6 
3 -1.000000000583867e-07 -1.000000000028756e-07 0.4099999 2.5000001 0.4100001 0.4100001 1 4 5 -2 7 9 -8 -10 
4 -1.000000000583867e-07 0.4099999 -1.000000000028756e-07 2.5000001 0.4100001 0.4100001 1 4 4 -11 3 8 -12 
5 -1.000000000583867e-07 -1.000000000028756e-07 -1e-07 2.5000001 0.4100001 1e-07 1 4 5 -4 5 13 -11 -14 
6 2.4999999 -1.000000000028756e-07 -1.000000000028756e-07 2.5000001 0.4100001 0.4100001 1 3 4 -6 13 12 -9 
7 0.4499012364214135 0.1499998999999999 -9.876357858648599e-05 0.5500987635785866 0.2500001000000001 0.4100987635785865 1 5 4 -10 -15 14 15 
1 -9.876357858651374e-05 -9.876357858648599e-05 -9.876357858648599e-05 2.500098763578587 0.4100987635785865 0.4100987635785865 1 1 7 -1 -2 3 4 -5 6 -7 
$EndEntities
$Nodes
33 1486 1 1486
0 1 0 1
1
0 0 0.41
0 2 0 1
2
0 0 0
0 3 0 1
3
0 0.41 0.41
0 4 0 1
4
0 0.41 0
0 5 0 1
5
2.5 0 0
0 6 0 1
6
2.5 0 0.41
0 7 0 1
7
2.5 0.41 0.41
0 8 0 1
8
0.55 0.2 0.41
0 9 0 1
9
2.5 0.41 0
0 10 0 1
10
0.55 0.2 0
1 1 0 4
11
12
13
14
0 0 0.08200052367728415
0 0 0.1640003358650158
0 0 0.2460002816730717
0 0 0.3280000938691925
1 2 0 4
15
16
17
18
0 0.08227738712750106 0.41
0 0.1641122696731276 0.41
0 0.2457830539433891 0.41
0 0.3276604303439083 0.41
1 3 0 4
19
20
21
22
0 0.41 0.08200048986725306
0 0.41 0.1640003141862054
0 0.41 0.2460002634858291
0 0.41 0.3280000878121219
1 4 0 4
23
24
25
26
0 0.0822746979006044 0
0 0.1641111714896457 0
0 0.2457851534246306 0
0 0.3276637093547916 0
1 5 0 29
27
28
29
30
31
32
33
34
35
36
37
38
39
40
41
42
43
44
45
46
47
48
49
50
51
52
53
54
55
0.0948407853868263 0 0
0.1837260049846127 0 0
0.2613287704314028 0 0
0.3267674302348411 0 0
0.3836091280542132 0 0
0.4355686500321008 0 0
0.4852080347734624 0 0
0.5343539826605278 0 0
0.5846681196396618 0 0
0.6381971700970219 0 0
0.6979552858708099 0 0
0.7679341835296208 0 0
0.8504860254573428 0 0
0.9424037793551251 0 0
1.038330297229837 0 0
1.135431792762893 0 0
1.232822840055394 0 0
1.330280685681822 0 0
1.427753517273609 0 0
1.525229655664761 0 0
1.62270651588469 0 0
1.720183532605462 0 0
1.81766058321371 0 0
1.915137641117286 0 0
2.012614700594327 0 0
2.110091760407542 0 0
2.207568820292425 0 0
2.30504588019256 0 0
2.402522940095936 0 0
1 6 0 4
56
57
58
59
2.5 0 0.08200000000000006
2.5 0 0.164
2.5 0 0.2460000000000001
2.5 0 0.3280000000000001
1 7 0 29
60
61
62
63
64
65
66
67
68
69
70
71
72
73
74
75
76
77
78
79
80
81
82
83
84
85
86
87
88
0.09495863671341948 0 0.41
0.1838796702099646 0 0.41
0.2613954914379669 0 0.41
0.3266833772087935 0 0.41
0.3833712441550123 0 0.41
0.4351862307989084 0 0.41
0.48468189883369 0 0.41
0.5336705900171785 0 0.41
0.5837939822551369 0 0.41
0.6370706571891203 0 0.41
0.6964833634232939 0 0.41
0.7660437826931674 0 0.41
0.848272812284891 0 0.41
0.9401132615002741 0 0.41
1.03612114477027 0 0.41
1.133355420853107 0 0.41
1.230891685282906 0 0.41
1.328497442194351 0 0.41
1.426118748699984 0 0.41
1.523743476833419 0 0.41
1.621368950014364 0 0.41
1.718994584256181 0 0.41
1.816620253233886 0 0.41
1.914245929676013 0 0.41
2.011871607721198 0 0.41
2.109497286108101 0 0.41
2.20712296456769 0 0.41
2.304748643042714 0 0.41
2.40237432152101 0 0.41
1 8 0 29
89
90
91
92
93
94
95
96
97
98
99
100
101
102
103
104
105
106
107
108
109
110
111
112
113
114
115
116
117
0.09424233478898841 0.41 0.41
0.1829748692851841 0.41 0.41
0.261077515800777 0.41 0.41
0.3273382138498729 0.41 0.41
0.3849915094073854 0.41 0.41
0.4376822367113092 0.41 0.41
0.4880340036291824 0.41 0.41
0.537965574972706 0.41 0.41
0.5892627295565026 0.41 0.41
0.6441374623944154 0.41 0.41
0.7057640911373048 0.41 0.41
0.7779605579405966 0.41 0.41
0.8621121780123275 0.41 0.41
0.9543426711588615 0.41 0.41
1.049814761643032 0.41 0.41
1.14621889043069 0.41 0.41
1.24285417497866 0.41 0.41
1.339543439777829 0.41 0.41
1.436244996508722 0.41 0.41
1.532949306111035 0.41 0.41
1.629654225836751 0.41 0.41
1.726359279577304 0.41 0.41
1.823064362735089 0.41 0.41
1.919769452295391 0.41 0.41
2.016474543271662 0.41 0.41
2.11317963455446 0.41 0.41
2.209884725903449 0.41 0.41
2.306589817266701 0.41 0.41
2.403294908633021 0.41 0.41
1 9 0 4
118
119
120
121
2.5 0.08200000000000339 0.41
2.5 0.1640000000000013 0.41
2.5 0.2459999999999975 0.41
2.5 0.3279999999999958 0.41
1 10 0 7
122
123
124
125
126
127
128
0.5353553447256053 0.2353553333930486 0.41
0.4999999999999999 0.25 0.41
0.4646446552743948 0.2353553333930486 0.41
0.45 0.1999999999999997 0.41
0.4646446552743947 0.1646446666069514 0.41
0.4999999999999999 0.15 0.41
0.5353553447256052 0.1646446666069514 0.41
1 11 0 28
129
130
131
132
133
134
135
136
137
138
139
140
141
142
143
144
145
146
147
148
149
150
151
152
153
154
155
156
0.09730663032036009 0.41 0
0.1885989987356222 0.41 0
0.2683853854578875 0.41 0
0.3358039997889307 0.41 0
0.3945995728156159 0.41 0
0.4486321757430591 0.41 0
0.5006275161248911 0.41 0
0.5526465686185026 0.41 0
0.6067581746127674 0.41 0
0.6657127304025764 0.41 0
0.7333951256964718 0.41 0
0.8134988069309967 0.41 0
0.9050075320334151 0.41 0
1.002396440493002 0.41 0
1.101675060814165 0.41 0
1.20142951331481 0.41 0
1.301292298320986 0.41 0
1.401178828994657 0.41 0
1.501070455222453 0.41 0
1.600963159756246 0.41 0
1.700856090784493 0.41 0
1.800749069006285 0.41 0
1.900642057027065 0.41 0
2.000535047100156 0.41 0
2.100428037597734 0.41 0
2.200321028182794 0.41 0
2.300214018785825 0.41 0
2.400107009392537 0.41 0
1 12 0 4
157
158
159
160
2.5 0.41 0.08199999999999993
2.5 0.41 0.1639999999999999
2.5 0.41 0.246
2.5 0.41 0.328
1 13 0 4
161
162
163
164
2.5 0.08200000000000342 0
2.5 0.1640000000000014 0
2.5 0.2459999999999975 0
2.5 0.3279999999999959 0
1 14 0 7
165
166
167
168
169
170
171
0.5353553391204525 0.2353553389982023 0
0.4999999999999999 0.25 0
0.4646446608795474 0.2353553389982022 0
0.45 0.1999999999999997 0
0.4646446608795478 0.1646446610017975 0
0.5000000000000002 0.15 0
0.5353553391204525 0.1646446610017978 0
1 15 0 9
172
173
174
175
176
177
178
179
180
0.55 0.2 0.04106399510054175
0.55 0.2 0.08205555702600154
0.55 0.2 0.1230397071139116
0.55 0.2 0.1640310703045222
0.55 0.2 0.2050316280328496
0.55 0.2 0.2460323080443149
0.55 0.2 0.2870238023126971
0.55 0.2 0.3280079524006071
0.55 0.2 0.3689993811301034
2 1 0 21
181
182
183
184
185
186
187
188
189
190
191
192
193
194
195
196
197
198
199
200
201
0 0.2002915035807294 0.335110681510272
0 0.2025477890161236 0.07442730715847926
0 0.3391850932474679 0.206038424108457
0 0.08116771677746455 0.2150352026419212
0 0.2860395248882274 0.06873920281521433
0 0.2560693369254445 0.1624610501744841
0 0.1496978981312143 0.1495537081223798
0 0.1832189365462192 0.2390609940050378
0 0.1161303128434758 0.2978924402344997
0 0.2718754710828493 0.2676657432030252
0 0.122540725557828 0.06999273278989174
0 0.344124352898211 0.1230004020267292
0 0.06884281613384535 0.1233596454109658
0 0.2910693977018632 0.3434004887483607
0 0.3454437097486344 0.2902885565809477
0 0.1231948284003143 0.3612462704156876
0 0.06017302481037617 0.3499013050629476
0 0.05837012411610773 0.05840273583284017
0 0.05014318528274708 0.2871867576309252
0 0.3517009845085963 0.05831244800474224
0 0.3521728657795073 0.3521130810086693
2 2 0 162
202
203
204
205
206
207
208
209
210
211
212
213
214
215
216
217
218
219
220
221
222
223
224
225
226
227
228
229
230
231
232
233
234
235
236
237
238
239
240
241
242
243
244
245
246
247
248
249
250
251
252
253
254
255
256
257
258
259
260
261
262
263
264
265
266
267
268
269
270
271
272
273
274
275
276
277
278
279
280
281
282
283
284
285
286
287
288
289
290
291
292
293
294
295
296
297
298
299
300
301
302
303
304
305
306
307
308
309
310
311
312
313
314
315
316
317
318
319
320
321
322
323
324
325
326
327
328
329
330
331
332
333
334
335
336
337
338
339
340
341
342
343
344
345
346
347
348
349
350
351
352
353
354
355
356
357
358
359
360
361
362
363
0.5099409297312671 0 0.3668495374943531
0.4036212554265784 0 0.04199179951991898
0.611051773900842 0 0.04502429584584736
0.3550987479117453 0 0.3642169390791848
0.6687744302095426 0 0.3606755287114418
0.2225273877080078 0 0.06193875403011534
0.7329447347002153 0 0.0561777747218768
0.5097810087169951 0 0.04256163936326478
0.8039854413533686 0 0.3328514587234623
0.2216710825046723 0 0.3479296504968931
2.411294392833702 0 0.2021324955685985
0.9979653335204499 0 0.3208771424089479
1.182123553068007 0 0.3256618820036152
2.158830290328839 0 0.08230001002054461
1.96387617039754 0 0.08230024740591695
1.768922048086599 0 0.08230055999096009
1.563435076948807 0 0.09227094184258017
1.389236977829135 0 0.08937997821040028
0.8971809192393227 0 0.08468647514812609
0.07101392046376104 0 0.2050003087690438
1.085974396080582 0 0.08425772278735845
2.060684446814092 0 0.3276179895121388
1.865433089278851 0 0.3276177082226922
1.670181720497944 0 0.3276174292477365
1.475299307968031 0 0.3249015389771733
2.25593580380064 0 0.3276181799905032
2.358194906275788 0 0.06706024025952542
0.3018410210677762 0 0.06118035416335746
0.2606439077621621 0 0.1230176380121927
0.3269403454178799 0 0.127462508819413
0.2930505425771755 0 0.1832410545174206
0.3567087585846281 0 0.1843726793470322
0.3257044290377206 0 0.2376620062478373
0.3858633724358608 0 0.2375442560173124
0.4135664258036699 0 0.1877671681562726
0.4397255358116839 0 0.2365195262447711
0.4670211536174154 0 0.1912149701649056
0.4919139412831515 0 0.2358149041280266
0.5182709185727103 0 0.1926013853933074
0.5427283190370529 0 0.2366731703830398
0.5690885376497108 0 0.1932876871943997
0.5928807002297594 0 0.2373987038993706
0.6215487852670785 0 0.1926220650121003
0.6462455959830877 0 0.2372372433221161
0.6770030233090333 0 0.192593684230947
0.5442248681776458 0 0.1488552743216665
0.5626553391477015 0 0.2800203716672566
0.4435789563742403 0 0.1433396227710976
0.466904129872719 0 0.2800689578720831
0.7091060885149013 0 0.2524388258841386
0.7410895746439432 0 0.1921905555323654
0.2129921367367518 0 0.1870875040819928
0.654699354303155 0 0.1462190899348773
0.7803395616160285 0 0.2546273491579237
0.8120465718245855 0 0.1882081280728156
0.8552747815136172 0 0.2587768320706855
0.3566332672334772 0 0.2886838042250749
0.2990060007063897 0 0.2905943000796132
0.8833508534046595 0 0.1766142703821748
0.3862667078373202 0 0.132529975482628
0.3663805079725452 0 0.0822059087299232
0.6111849451811832 0 0.3641884378191187
0.6394364113579806 0 0.3173347967437608
0.6980285252696404 0 0.3115563758064714
0.8025322638672354 0 0.06053407649997376
0.4106703165732404 0 0.3681032125531687
0.1370368411557936 0 0.3465770211323698
0.1839969395891986 0 0.274248712011704
0.139739457836146 0 0.07316096217988549
0.2927448731744747 0 0.3518225870554584
0.4128879851763502 0 0.28385857833456
0.8976230308696242 0 0.3318263717904866
0.6679591477718054 0 0.04882899237079381
0.4315981336297343 0 0.08793529973897583
0.4765589734473047 0 0.1077021473300606
0.4410960290303361 0 0.3261162488984326
0.9884105508402767 0 0.0797411019371073
1.036775604476622 0 0.1661217615966994
1.133852299568265 0 0.1681841200655781
1.089456094418433 0 0.256964964714147
1.183793376549808 0 0.08497494776533043
1.24172461330582 0 0.1753040305267274
0.5588132956735313 0 0.04564063758910387
0.5790306831392926 0 0.09624341316808382
0.5587322861361577 0 0.3672469889573245
0.5342991401550732 0 0.3233587265654784
0.4584896129784465 0 0.04024117867611978
1.283660406216156 0 0.3277913601337252
1.378024835483026 0 0.3254071653064198
1.431238059426052 0 0.2418017959403798
1.520988122397726 0 0.2450033905133219
1.476699769003081 0 0.1526452619926781
1.572158368680246 0 0.3289112835871966
1.7678074013276 0 0.3283390130128916
1.718994522178204 0 0.2388512317374242
1.96305876788859 0 0.3283393787738547
1.914245926799031 0 0.2388511461313488
2.158310125300638 0 0.3283396474688215
2.109497285976397 0 0.2388511421849006
2.357996748175219 0 0.3404115536659785
2.30890272726428 0 0.2455979573340804
1.669689479477527 0 0.08325656486122286
1.635349154590572 0 0.1671418720950631
1.866399108494214 0 0.08159450995318497
1.81766057012979 0 0.1710201316681896
2.061353230329994 0 0.08159418277975797
2.012614699986831 0 0.1710201496723839
2.257042432923409 0 0.07905403869809309
2.207568820264753 0 0.1710201505022665
0.4965409028126589 0 0.1467156602518539
1.331601189655051 0 0.2352853932920173
1.281551762868608 0 0.08250976332558968
0.5145772522758854 0 0.2791874180365247
0.6007112571231339 0 0.1447492798339632
0.5214443324656052 0 0.09381101506551322
0.7598233940889786 0 0.1241852497322964
0.691930607860023 0 0.1005037342843874
0.6346432831170075 0 0.09531099570622811
0.07101399760589008 0 0.12300042977115
0.08466699828468427 0 0.2821538003210572
0.2645984676008771 0 0.2390794591047241
2.420966108223925 0 0.1183560945390577
2.425198971965838 0 0.2877773815109403
0.4604084183942032 0 0.3699945531472763
0.1410881063365608 0 0.1541273925356156
0.7319113835544868 0 0.3554094216146993
0.9347639340520266 0 0.2454319208203143
0.5861060209553269 0 0.3217403541600302
0.4878709832432473 0 0.3242625736690247
1.087804309326054 0 0.344700797825342
1.32916445048226 0 0.152245853151019
0.3851890811204635 0 0.3257322371366358
1.476470999343879 0 0.0668592364091317
1.616115813989043 0 0.250938987644672
1.816828301942695 0 0.2609358461545093
2.012020225492988 0 0.2609359612549254
2.208042952521342 0 0.2622854154961144
1.722123154892538 0 0.148514072070572
1.914959295161481 0 0.1489572369662049
2.109972865377363 0 0.1489571270319707
2.327328231297642 0 0.1472034961502702
1.180367090001438 0 0.2361691132046097
0.7446742000616852 0 0.301376686237339
0.8309868004849564 0 0.1268456399670773
0.3558288859846617 0 0.03597524530063054
0.6144294658030975 0 0.2785888098827292
0.7072100949856952 0 0.15023534636003
0.1387516202821913 0 0.2205235435438827
0.3306083550501239 0 0.324980196359278
1.398830142023364 0 0.1698660135565201
1.251871851121735 0 0.2561132704828575
0.1953981992759257 0 0.1198664501679604
0.0615838113379286 0 0.3526665718341003
0.06156739109812828 0 0.05736250416833397
0.9601314764174409 0 0.160053856867116
0.2493249528573143 0 0.2975202579745981
1.009903222939677 0 0.2363826514626193
1.555782483455787 0 0.175561897639689
2.437114008332413 0 0.3552377870353838
2.451261470047968 0 0.04100000000000002
0.6690962360628849 0 0.27851180552501
0.4837064660112504 0 0.07038792594815443
2 3 0 181
364
365
366
367
368
369
370
371
372
373
374
375
376
377
378
379
380
381
382
383
384
385
386
387
388
389
390
391
392
393
394
395
396
397
398
399
400
401
402
403
404
405
406
407
408
409
410
411
412
413
414
415
416
417
418
419
420
421
422
423
424
425
426
427
428
429
430
431
432
433
434
435
436
437
438
439
440
441
442
443
444
445
446
447
448
449
450
451
452
453
454
455
456
457
458
459
460
461
462
463
464
465
466
467
468
469
470
471
472
473
474
475
476
477
478
479
480
481
482
483
484
485
486
487
488
489
490
491
492
493
494
495
496
497
498
499
500
501
502
503
504
505
506
507
508
509
510
511
512
513
514
515
516
517
518
519
520
521
522
523
524
525
526
527
528
529
530
531
532
533
534
535
536
537
538
539
540
541
542
543
544
0.7454823938444564 0.3508167232356737 0.41
0.4312776518466421 0.2308374253360371 0.41
0.2306029357356469 0.05696435666376499 0.41
0.5762508159567454 0.1690242038684365 0.41
0.4267037107595493 0.1696396898061839 0.41
0.7332770237815931 0.06126970771632004 0.41
0.5749572033057631 0.2328782025497513 0.41
0.3032712311436868 0.3572772960763325 0.41
0.8933010393777063 0.0883806850138223 0.41
2.411551715679446 0.2078957828395126 0.41
1.077471187709534 0.07860344427657512 0.41
2.161532180209289 0.328057219568106 0.41
1.968121997373361 0.3280481136966635 0.41
1.774711812556068 0.3280353812562657 0.41
1.583631988785289 0.3277248498231117 0.41
1.400683096240353 0.3325539764203279 0.41
0.5321291905813312 0.2740910904634111 0.41
0.4681862989526586 0.2722556960703487 0.41
0.3574083666908612 0.04611448542522809 0.41
0.08095921527663535 0.1951119171023014 0.41
0.5308467351172026 0.1273079987381473 0.41
0.4706659103176941 0.1228808956079938 0.41
0.6167000959754589 0.3640262241625291 0.41
0.9015342778025131 0.3359865067865443 0.41
1.200228864275564 0.3238548727053107 0.41
0.608812606489409 0.04387718987730406 0.41
2.060684446813298 0.08245434981157612 0.41
1.865433089259057 0.08246527294488309 0.41
1.670181720000413 0.08247973748252811 0.41
1.47529922554587 0.08509831859410312 0.41
1.279672656687739 0.0836789145297261 0.41
2.255935803800607 0.08244706467680865 0.41
0.4080021100444186 0.3658064329189811 0.41
0.5137609791418202 0.3670832940967118 0.41
0.5091762444254345 0.04242545106305187 0.41
0.1410980489564379 0.3343251611349792 0.41
2.359224197658589 0.3430794622091762 0.41
0.4092787374769604 0.04386880031288383 0.41
0.3847466153197184 0.08755294896171384 0.41
0.3325063900352298 0.09204957144189696 0.41
0.362935758696739 0.1315230838375736 0.41
0.3147121884426419 0.1358473833746452 0.41
0.3418830835536518 0.1751694557046849 0.41
0.2952951317987705 0.1791073356929134 0.41
0.322728112258861 0.2187440060726339 0.41
0.2744715661313744 0.22264391169001 0.41
0.2430674201361172 0.1805066606354654 0.41
0.2193012562966154 0.230788920533469 0.41
0.3012719275387382 0.2627582239157966 0.41
0.3500879694906821 0.2587028140252911 0.41
0.1701139300953496 0.1829662315015764 0.41
0.4372535823713171 0.09259938772069994 0.41
0.3264203359147736 0.3039858874209861 0.41
0.3767116311207173 0.2960810928647992 0.41
0.3628537013200896 0.3383138030307678 0.41
0.2962257316715404 0.04907465427977346 0.41
0.1476749801308626 0.2533522609824229 0.41
0.1210409631325992 0.1249092163507604 0.41
0.806439666541233 0.06555573779867145 0.41
0.7619873993337515 0.118725031950341 0.41
0.7005096362106957 0.1148104784935672 0.41
0.7232475919340559 0.1648148756219205 0.41
0.786684464056153 0.1737010717784338 0.41
0.6704443208174738 0.1594131334225138 0.41
0.6899572190377112 0.2053373618113186 0.41
0.6431820331079773 0.2002818185819894 0.41
0.6606787397714441 0.2435428758240033 0.41
0.7067239355986557 0.2498323264498299 0.41
0.6726583005393474 0.291026588266627 0.41
0.6297095372110195 0.2802987452886605 0.41
0.6472323942145273 0.1169215896376196 0.41
0.6744563423795416 0.06890226717685176 0.41
0.6194934601318142 0.1581920062812005 0.41
0.6032753924735975 0.1175072144591238 0.41
0.2258466562647908 0.3514545235283664 0.41
0.6778260517169495 0.3493387465230962 0.41
0.4590453644464813 0.04341207464817566 0.41
0.8180925760751429 0.3435108829316139 0.41
0.8488979122749372 0.2720541664677248 0.41
0.9341121567120734 0.2491919539093496 0.41
0.8671983329776658 0.1861133211100271 0.41
0.9566573956023945 0.161771534260612 0.41
1.018557914541177 0.2259130860674962 0.41
0.7796152114772102 0.2913647522031263 0.41
0.48454575801186 0.08228362822606079 0.41
0.4091294125634087 0.1284302343858193 0.41
0.5642690344347778 0.3663567345862072 0.41
0.5906470165683778 0.3203591511386276 0.41
0.5363946834499501 0.3186687369980339 0.41
0.4914522741488478 0.3262325614199958 0.41
0.4643891209043565 0.3675206144376207 0.41
0.4443379040914884 0.3277261307866529 0.41
0.3671227625534264 0.2140065732548313 0.41
0.55727914865578 0.04178674512200709 0.41
0.5315731574194323 0.08659624192968135 0.41
0.9922951608012884 0.3225132899717201 0.41
1.095060031445415 0.2995386093667143 0.41
1.176394700664418 0.2426825158608081 0.41
1.267142075616658 0.2461033037206517 0.41
0.8254418916051286 0.1273294653045041 0.41
0.6164153570225388 0.2374969258436676 0.41
0.2687578289207447 0.09931951214775077 0.41
1.174401901157074 0.0833244023271755 0.41
1.377361627111567 0.08483695112896407 0.41
1.426600813218106 0.1679637702319463 0.41
1.520841198697294 0.165409071840176 0.41
1.460176703350788 0.2484880084485737 0.41
1.57213386707936 0.08127079828978462 0.41
1.767807401221585 0.08177399212727454 0.41
1.722150793130476 0.1726858047653754 0.41
1.963058767884363 0.08175884727230989 0.41
1.916613149442975 0.1726705893065419 0.41
2.158310125300468 0.08174852786264097 0.41
2.109497285976397 0.1711488578087208 0.41
2.357996748175214 0.06959932044519841 0.41
2.309322846196207 0.164538173278329 0.41
1.678395086064492 0.3285784805859325 0.41
1.642333135206213 0.2449643759191932 0.41
1.871416904292996 0.3286450532944931 0.41
1.821091652696808 0.2383981876100466 0.41
2.064827088758463 0.3286577971322972 0.41
2.014840030362237 0.2381916333748964 0.41
2.258950910696039 0.3311684857800644 0.41
2.209884725877663 0.2396483938604045 0.41
1.326222649431428 0.1646226274115132 0.41
0.2129555003243772 0.1269689694841972 0.41
0.9881172031352713 0.07708389273075542 0.41
0.3860836271503985 0.1697948394981821 0.41
0.3978154334703357 0.2522365954993652 0.41
0.4253622827514845 0.2906591840128129 0.41
0.07187444216407265 0.2847648588314081 0.41
0.5891124732006578 0.2698681488227271 0.41
0.5996601566027049 0.1999999999999998 0.41
0.2628694541785752 0.306925090480324 0.41
0.7410324987078318 0.2133155318192793 0.41
0.6366211183099802 0.3218363521020119 0.41
0.5809316516088712 0.08162986601498515 0.41
1.230743806706771 0.164137294412228 0.41
2.425256577559178 0.122237523517267 0.41
2.421502197485848 0.2917001806818966 0.41
0.2093461753420974 0.2900564467204945 0.41
1.10473773928226 0.1747093606850625 0.41
1.304377761356132 0.3272546138819755 0.41
0.5618249582340873 0.2915487123653512 0.41
0.7954172920010946 0.2316138928522319 0.41
0.1509115652718789 0.06112942175804779 0.41
0.4034535258656396 0.3237173287228028 0.41
0.7256366050483095 0.2955991853295729 0.41
1.364200516535577 0.2478310500191647 0.41
1.491576463991818 0.3321827924201345 0.41
1.617282914479725 0.1598960684595966 0.41
1.81861921715018 0.1495987693508243 0.41
2.012938736095854 0.149244855514809 0.41
0.6272617008746191 0.07769407792740947 0.41
2.208590157430268 0.1479062034973808 0.41
1.727736495930811 0.2625324460273627 0.41
1.918416746833676 0.2611907154565283 0.41
2.11211626223681 0.2611407803488849 0.41
2.328406098932298 0.2630050797748972 0.41
0.4087270347756158 0.1999999999999998 0.41
0.5662035762939491 0.1174934919580431 0.41
0.2688019685334302 0.1436729007937385 0.41
0.5017991388638967 0.1130138826640185 0.41
0.2534520758974801 0.2626345186680188 0.41
0.4383737167383667 0.2599931312505448 0.41
0.5578657267854955 0.2584051994517251 0.41
0.4416794542572728 0.1356389748255296 0.41
0.499476698812108 0.2909824364148357 0.41
1.552640400751854 0.2464441944851309 0.41
0.356164861628629 0.3813228878398551 0.41
0.6488618180817679 0.03732634039857249 0.41
0.05280637278490018 0.1248689556606509 0.41
0.06151440862050021 0.3523563294814478 0.41
0.06995292298379964 0.06553083014949337 0.41
1.029108288054127 0.1436162636041003 0.41
2.437125529451081 0.05476736879249377 0.41
2.45164745431651 0.3689999999999979 0.41
0.4686977457398603 0.3046465335372248 0.41
0.7496851085666203 0.2563451377308081 0.41
0.5572060549404692 0.1452646124427867 0.41
0.5844858599593151 0.1414963058019181 0.41
2 4 0 154
545
546
547
548
549
550
551
552
553
554
555
556
557
558
559
560
561
562
563
564
565
566
567
568
569
570
571
572
573
574
575
576
577
578
579
580
581
582
583
584
585
586
587
588
589
590
591
592
593
594
595
596
597
598
599
600
601
602
603
604
605
606
607
608
609
610
611
612
613
614
615
616
617
618
619
620
621
622
623
624
625
626
627
628
629
630
631
632
633
634
635
636
637
638
639
640
641
642
643
644
645
646
647
648
649
650
651
652
653
654
655
656
657
658
659
660
661
662
663
664
665
666
667
668
669
670
671
672
673
674
675
676
677
678
679
680
681
682
683
684
685
686
687
688
689
690
691
692
693
694
695
696
697
698
0.5186028434725707 0.41 0.3631579970597421
0.3652017863022733 0.41 0.04885603331946788
0.6324171752981165 0.41 0.0455313161775119
0.3566909748528939 0.41 0.3585251962617653
0.6822395247352392 0.41 0.3588017668084037
0.2284408733522716 0.41 0.05040951425599265
0.7776781377403142 0.41 0.06003638948756816
0.526637042371697 0.41 0.04503955329467457
0.909743733770065 0.41 0.3328229516160136
0.2247181585402217 0.41 0.3527346597570196
2.428985916889676 0.41 0.205
2.156736508637761 0.41 0.323652541931876
1.098927898773244 0.41 0.3302559170676969
1.978923695240068 0.41 0.3342116527549909
1.783388362291644 0.41 0.3317437389402049
1.587866343122409 0.41 0.3268179080959612
1.39231930369688 0.41 0.329082658304684
1.251320803661192 0.41 0.08643275729424085
0.07149493048566688 0.41 0.2008756875012254
0.9537019862632087 0.41 0.08179507468973032
2.250267523472659 0.41 0.08652532126046243
2.050481542080936 0.41 0.08652532113279206
1.850695556823512 0.41 0.08652531821395207
1.65090962527037 0.41 0.08650971785397328
1.45113753531262 0.41 0.0865295438747036
2.363260127303098 0.41 0.3444871921924139
0.809005972221816 0.41 0.3344911712976901
0.8640964489773939 0.41 0.2548913497455438
0.7757909082971295 0.41 0.251646858487652
0.9583756649115229 0.41 0.255032869287212
0.8099470213415986 0.41 0.1833858483085566
0.7324158755039579 0.41 0.1857076192727467
0.6975525084750684 0.41 0.2451914964995502
0.6623091826533499 0.41 0.1845135336573476
0.6306577491973622 0.41 0.2398393169483874
0.602437137697947 0.41 0.1875477429803654
0.5729765713751982 0.41 0.2379092427817671
0.5454817103736606 0.41 0.1900690467014382
0.5189020418259183 0.41 0.2356044082331786
0.4931421406755477 0.41 0.1905525496354709
0.4667334788590359 0.41 0.2345122866638058
0.441228795958558 0.41 0.1899417691654368
0.4140467330958543 0.41 0.2333060874167898
0.3875230608086926 0.41 0.1886553286682333
0.3586887150193274 0.41 0.2345155372349491
0.3299000914114202 0.41 0.1850231182672704
0.43899326845253 0.41 0.2823880887568311
0.4684550738377581 0.41 0.1453596560300003
0.5966687199642533 0.41 0.2918234208396061
0.5715743633404027 0.41 0.1402587033532744
0.2978735331449746 0.41 0.2394811555634473
0.2658859977695137 0.41 0.1821531770486224
0.3051901818046709 0.41 0.1279667077266846
0.6946482768212284 0.41 0.1235715038199132
0.2311490011865954 0.41 0.2407579421845806
0.2048298246380803 0.41 0.1867465526994372
0.3328351016540992 0.41 0.2928579387036109
0.7267064139656876 0.41 0.3085769045496602
0.6167000959754587 0.41 0.3586071187542776
0.4213131101773913 0.41 0.04741472943208695
0.393271168571483 0.41 0.09498461864900087
0.7004576582351658 0.41 0.05960311279373161
0.1443587119032859 0.41 0.0685843194787932
0.2991387512628077 0.41 0.06088763154551059
0.8632113243857926 0.41 0.07225155065651637
0.6311062533420753 0.41 0.1341032844620291
0.601427766418245 0.41 0.09209157829772185
0.5412037532841317 0.41 0.09249161408001069
0.6584208353855115 0.41 0.3004733373999808
0.5614623019272995 0.41 0.3336127463755334
0.5443311638457713 0.41 0.2831258423395053
0.4113368730593472 0.41 0.3653812911673063
0.2960680804989119 0.41 0.3560538526974747
0.1397949471689377 0.41 0.3355237257487005
0.8965275083924599 0.41 0.1610479519756882
1.006219984012999 0.41 0.1635695946273482
0.474970723797836 0.41 0.04285725184876991
0.451986356596005 0.41 0.09279744839160335
1.152176345942591 0.41 0.08471381887567421
1.201899704396616 0.41 0.1708090999135837
1.301297730698834 0.41 0.170380427414092
1.24840754641009 0.41 0.2511766907600996
1.351232252608644 0.41 0.08607345137188661
1.401166318663575 0.41 0.1730979796482832
1.501157237847865 0.41 0.1730797064043717
1.55104077529654 0.41 0.08651889633899093
1.750802562871803 0.41 0.08652785551954824
1.700856005745385 0.41 0.1731122858278462
1.950588550295854 0.41 0.08653047129352298
1.900639398012664 0.41 0.1702126573709843
2.150374532813549 0.41 0.08653047246007209
2.100425294067888 0.41 0.1701135915898781
2.357235227153662 0.41 0.08394824702223286
2.293270165903679 0.41 0.1692817152615862
1.800746065778094 0.41 0.1699030557569778
1.842951878753542 0.41 0.2498190307294134
2.000531493983733 0.41 0.169260431904529
2.057505055867821 0.41 0.2605122783962829
2.199160518859229 0.41 0.1690062142857418
2.231441372251867 0.41 0.2491302017231307
0.3865741452220999 0.41 0.3145332487654866
1.601006638369688 0.41 0.1729944099008971
0.4636220794741778 0.41 0.3662944947695972
0.4820665535693208 0.41 0.3222692700629915
1.49194964421457 0.41 0.32758948731079
1.688163911440453 0.41 0.3276429985366375
0.1497317109210515 0.41 0.2403302813271708
0.518763089898312 0.41 0.1463473187030934
0.4175219285453847 0.41 0.1422657754755365
0.3626589232421815 0.41 0.1402997679116588
1.102208379410985 0.41 0.1656264534998366
1.002078716400947 0.41 0.3337062782709964
1.052769523631613 0.41 0.08151647312683746
0.06800776812624623 0.41 0.1180682644478677
0.0704175514644482 0.41 0.2838705394341225
1.196327223808413 0.41 0.331576026387025
1.053027778064874 0.41 0.249841653532096
2.434513207799867 0.41 0.1233247078370383
2.429116482272814 0.41 0.2901692552256205
1.150242281817213 0.41 0.2503599130758315
0.5760909517154387 0.41 0.0445139532409099
0.2626930883010096 0.41 0.2955303389804291
0.4950496566701675 0.41 0.2783639902352097
1.293189906256223 0.41 0.3333184021798431
1.350315547718959 0.41 0.2470782019125296
1.451174948803985 0.41 0.2451578874457715
0.436953017615658 0.41 0.3293711360574533
1.551142967044389 0.41 0.2444784700183231
1.650847655725375 0.41 0.2439247340177851
0.496207283078036 0.41 0.1097775634357925
1.749208062105854 0.41 0.2449298230118072
1.883125114691685 0.41 0.3297143954491098
0.2302706080725589 0.41 0.1192297543038887
1.948208756534527 0.41 0.2460747992122884
2.064563887514354 0.41 0.3476752946166299
2.149053749936913 0.41 0.2344829655853819
2.262428965205826 0.41 0.3365639798987596
0.3424999209074886 0.41 0.09394012982846095
0.7552805793434567 0.41 0.1217563123060434
2.339901089698079 0.41 0.2512331920430725
0.741305833088943 0.41 0.3663976688353792
0.5640458421029073 0.41 0.3765233718725625
0.3869390271046272 0.41 0.270853119187358
0.6579602817316237 0.41 0.09061281699165964
0.1976486988844736 0.41 0.2921530689678388
0.06193462206997844 0.41 0.0537306147587828
0.5235682435674784 0.41 0.3182130335103633
0.06148372021103309 0.41 0.3524931907296878
0.1423658099358852 0.41 0.1512026453609984
2.438371088869213 0.41 0.05785459097185422
2.439134303641787 0.41 0.3565312894836069
0.4999963451401663 0.41 0.0731154644379978
0.8165365064184756 0.41 0.1182334001537442
2.370804598059594 0.41 0.1639999999999971
2 5 0 187
699
700
701
702
703
704
705
706
707
708
709
710
711
712
713
714
715
716
717
718
719
720
721
722
723
724
725
726
727
728
729
730
731
732
733
734
735
736
737
738
739
740
741
742
743
744
745
746
747
748
749
750
751
752
753
754
755
756
757
758
759
760
761
762
763
764
765
766
767
768
769
770
771
772
773
774
775
776
777
778
779
780
781
782
783
784
785
786
787
788
789
790
791
792
793
794
795
796
797
798
799
800
801
802
803
804
805
806
807
808
809
810
811
812
813
814
815
816
817
818
819
820
821
822
823
824
825
826
827
828
829
830
831
832
833
834
835
836
837
838
839
840
841
842
843
844
845
846
847
848
849
850
851
852
853
854
855
856
857
858
859
860
861
862
863
864
865
866
867
868
869
870
871
872
873
874
875
876
877
878
879
880
881
882
883
884
885
0.7329447347002153 0.0561777747218768 0
0.4261947750818765 0.230666231410327 0
0.2245264233317899 0.07018267846252943 0
0.5765089463897426 0.2331045546269048 0
0.4267037087079201 0.1696396821494021 0
0.7729746594883868 0.3473153599614621 0
0.5733979339351725 0.1685127897664673 0
0.2266465134691714 0.3389631884599587 0
0.8909016595415039 0.08620139442284956 0
2.428985916889679 0.2049999999999995 0
1.057958564748496 0.3192858262163659 0
2.155192499933526 0.08633421750234976 0
1.976093021446107 0.07572829183013624 0
1.779528341403224 0.0758159832127408 0
1.582973733338 0.07843272449254168 0
1.386382588271108 0.08364351679671375 0
0.4405981547495004 0.2647593535882779 0
0.3999978857773073 0.2620877275694041 0
0.5305038841686249 0.2738725372954319 0
0.3575552775370936 0.0462508426482925 0
0.06715595162362382 0.201340469709052 0
0.5308120775345362 0.1268471216071877 0
0.637745268108832 0.3606790843820694 0
0.4708248340450477 0.1229952490885181 0
1.186884851864336 0.08176149722198264 0
0.6104934714203357 0.04087077908932988 0
2.250267523472659 0.3234746787395864 0
2.050481542080952 0.3234746788685445 0
1.85069555682396 0.323474681822813 0
0.384556670303317 0.2236997521462278 0
0.3569501915656222 0.2558164327196389 0
0.3417493507780899 0.2141211702864012 0
1.65090962527037 0.3234902821460267 0
1.451137406580612 0.3234706808391762 0
1.251110631494153 0.3236272236471838 0
0.3733062681000451 0.2947775544426875 0
0.3117093040485615 0.2497020059543682 0
0.2946101931476204 0.2045868135106611 0
0.326670996564621 0.1695938032356261 0
0.4738103167413215 0.3650355804660868 0
0.2617704819641767 0.2432067164756493 0
0.2424745327006385 0.1942740656275051 0
0.2051688508253778 0.2361182604569753 0
0.5097810087169949 0.04256163936326478 0
0.4972753300042435 0.2880545410727389 0
0.5268096818105092 0.3146151860662567 0
0.5661909996361019 0.2967649603797428 0
0.1839847239095804 0.1792036222042038 0
0.5621410381434837 0.3383872521887014 0
2.362395215578835 0.06553059272711895 0
0.3649676510550777 0.3660390278429758 0
0.2771269114018591 0.293453340955362 0
0.7041441651932185 0.3471621569898384 0
0.7378439251568851 0.2895037402395106 0
0.8063029838428104 0.2886207775259865 0
0.7684044202038925 0.2337956111977091 0
0.7088859227682139 0.2324054723760927 0
0.8388867326910752 0.2313986118743009 0
0.7338993605561865 0.1831139624106479 0
0.679909340469564 0.1872655598950397 0
0.6579888504121771 0.2301171207530502 0
0.8823436849711919 0.2867582891984877 0
0.9319215998033782 0.2193273033994338 0
0.7028128897828365 0.1412600534119706 0
0.6552354366183625 0.146441420973157 0
0.7567587977415658 0.1380111492279321 0
0.6622701232302521 0.3104913836695588 0
0.6766825004380067 0.09437033474443993 0
0.6257785969880869 0.113516402440237 0
0.6346808245724841 0.1912831343166845 0
0.4206283025757261 0.3675555635704513 0
0.4428243170854961 0.3312188952854299 0
0.30687591831377 0.3476903167732689 0
0.409588889043157 0.04399361710779765 0
0.3849835983139281 0.08783528690345124 0
0.3318591989475178 0.09287782536985076 0
0.4375486888506965 0.0927734169427501 0
0.2953374806287367 0.05333307606332253 0
0.2784050378829835 0.1078376479659664 0
0.8071226146356025 0.06232991807108114 0
0.8185508015505112 0.1264219328255307 0
0.1360912730285532 0.3472350963994191 0
0.4593483981802174 0.04351711830754941 0
0.665563044492779 0.04347899885063581 0
0.4850798884765593 0.08242364015654149 0
0.137569881823168 0.07250905512395635 0
0.3634149340635133 0.1319679710769432 0
0.558700100118978 0.04178271302468291 0
0.4103205966883627 0.1272851638828157 0
0.610728167509081 0.3169847858697995 0
0.5953453231049763 0.2676410029433428 0
0.532285067919705 0.084681963164074 0
0.5850491757661987 0.08472518768572047 0
0.5177306598716588 0.3551680043414845 0
0.9899119527845687 0.08044681359642303 0
0.5860550220932585 0.1292533300066544 0
1.152283074602474 0.323156710594474 0
1.100961441813174 0.2383309484264622 0
1.198237585215539 0.2407390797643787 0
1.300439903577136 0.2381831845784482 0
1.351235563657822 0.3235094200592499 0
1.401131151325669 0.2383671632135149 0
1.501156465312207 0.2369207396605115 0
1.551040560732224 0.3234811783444418 0
1.750802562872327 0.3234721454905409 0
1.70086051454079 0.239846248894731 0
1.950588550295947 0.3234695287488077 0
1.900639275518494 0.2399194675426017 0
2.150374532813553 0.3234695275414669 0
2.100425210498369 0.2399765375939451 0
2.357235227153665 0.326051752977814 0
2.293177222716521 0.2407720030194921 0
1.800746617657529 0.2408048832506411 0
1.84147201255079 0.1601166834248536 0
2.000531337115393 0.2409087352099548 0
2.056383624735632 0.1496451023188549 0
2.199144930829165 0.2411078894701875 0
2.230751268616662 0.1610034759529262 0
1.600989463936646 0.240205725868804 0
1.643045965055877 0.1603512263432628 0
1.086986309969859 0.08091486072132512 0
1.289518405675187 0.08288724575749785 0
1.487442319130624 0.08266416747548314 0
0.3704662791109818 0.1826340985453028 0
1.029874138898258 0.1656581352229668 0
0.966973479757294 0.2916542001699745 0
0.08198342091218909 0.2844192132303596 0
0.06503831656967826 0.1224542155114378 0
0.2802826113978533 0.1579904923757681 0
0.4181114248424053 0.2973584203483394 0
0.6163871551601481 0.2316123331952885 0
0.3296903746492326 0.2892325935880797 0
2.428815056420143 0.1198874272085029 0
2.434513207799871 0.2866752921629672 0
0.7981986043840752 0.182041709563726 0
0.2302795545263362 0.139652544535176 0
0.4878355592747944 0.3259418542426043 0
0.1389132919296344 0.2237885813541237 0
1.136795386087763 0.1584655623850129 0
0.6789820006840359 0.2682297711712455 0
0.3937746246877777 0.3308512230037414 0
1.245498706875943 0.1625932787429758 0
0.3132520966943765 0.130166450975378 0
1.351044084493107 0.1663266668067296 0
1.449926746637638 0.1656520824099758 0
0.2283930652031866 0.2792698813589355 0
1.548631509480213 0.1648021545149331 0
1.683217435861008 0.08039754939364369 0
0.5890673528180219 0.3685315978877948 0
0.850278177812021 0.3476593273506055 0
0.6112687979359486 0.1581678462505334 0
1.741478481178202 0.1595554290866455 0
1.880090633568719 0.07999029278525628 0
1.946510764168269 0.162891664200339 0
2.062075121423427 0.0623415223302682 0
0.592464973408328 0.2000000000000001 0
2.148379506922671 0.1756134445676527 0
2.260844537246185 0.07336958087907089 0
0.93976024246967 0.1418407212740495 0
0.3537229673611806 0.3257181431301507 0
0.6401928887873621 0.2683918578497669 0
2.339396259361091 0.1587947256838727 0
0.5607808984839796 0.261347678848725 0
0.4104015473460106 0.198397441117324 0
0.7266530236854879 0.1038624304939677 0
0.1695327358946854 0.2849657035432953 0
0.4727025865505011 0.2659017856063556 0
0.1784449838642413 0.1224594488665093 0
0.5019389661199847 0.1129333954270007 0
0.3956801421826421 0.1578699830386294 0
1.019570214611445 0.2453460569405778 0
0.4424193656352255 0.1424193657313271 0
0.5572656629086454 0.1415075316262725 0
0.1256046522545181 0.1557970791901968 0
0.6970219167596121 0.3033195391682347 0
0.06156983001959012 0.05744787676794905 0
0.06195212868129733 0.353115058100113 0
0.5581307838654761 0.1118971666719555 0
0.7662803787739281 0.09350702439650618 0
0.9213998630133848 0.3492143633438136 0
0.5469408569342896 0.375864730084511 0
2.438371088869214 0.3521454090281554 0
2.438746642418983 0.05348360398712505 0
0.4618188812327841 0.2954959008106411 0
0.8705570563079932 0.1688158629751019 0
0.6339681425665684 0.0736959874152428 0
2.370804598059615 0.2459999999999989 0
2 6 0 21
886
887
888
889
890
891
892
893
894
895
896
897
898
899
900
901
902
903
904
905
906
2.5 0.1996277492104848 0.07374136138273189
2.5 0.2026733527185491 0.3350525156632288
2.5 0.3392948736064185 0.2034217100343899
2.5 0.08027182595010025 0.193945711690272
2.5 0.2862350182447798 0.3408042054135046
2.5 0.2560232418421269 0.2468153916478145
2.5 0.1500401163112998 0.2599598836887019
2.5 0.1822669261998222 0.1692294024980472
2.5 0.1154383165541278 0.1112299789225679
2.5 0.2717360974577219 0.1418854092591623
2.5 0.1223916038577569 0.3397879368084775
2.5 0.3419904123333016 0.2859051079003658
2.5 0.068719034302112 0.2863471454156562
2.5 0.291036795185385 0.06634270866192017
2.5 0.3454397141533161 0.1195132182141832
2.5 0.05961065969351513 0.3503893403064858
2.5 0.3503893403064848 0.3503893403064859
2.5 0.3505705186703719 0.05942948132962697
2.5 0.1230000000000024 0.0471841798147775
2.5 0.06027921814957983 0.06027921814957895
2.5 0.04923198201681002 0.1226382559961652
2 7 0 78
907
908
909
910
911
912
913
914
915
916
917
918
919
920
921
922
923
924
925
926
927
928
929
930
931
932
933
934
935
936
937
938
939
940
941
942
943
944
945
946
947
948
949
950
951
952
953
954
955
956
957
958
959
960
961
962
963
964
965
966
967
968
969
970
971
972
973
974
975
976
977
978
979
980
981
982
983
984
0.537424333709946 0.1668425084427878 0.1845923722471154
0.453806021841152 0.1808658320834201 0.3770779201245689
0.5373929109001415 0.2331929241618463 0.2665157353015187
0.4536812487401631 0.1811698836506685 0.03283239263258198
0.53740002854261 0.2331849041736142 0.1435353887092169
0.5374534021941886 0.1668753465817324 0.2666763847672166
0.4819127632740769 0.246613859179652 0.03880845524980184
0.4808658246800709 0.2461939750922803 0.3770779140248941
0.5374022458118127 0.1668175948998157 0.1025476320699566
0.5375899473343242 0.1670303797504015 0.3427058666397551
0.5181849743586702 0.1534241832323414 0.03303480008024882
0.5373999674498209 0.233184973026241 0.06155977606327166
0.5374000083954149 0.2331849268798787 0.3485036667653553
0.5373949438925728 0.2331906337883345 0.2255319680385823
0.5374349768194762 0.1668545250369634 0.2256317826715059
0.5374639835957103 0.2331126853809887 0.1843650944913807
0.5375119275926332 0.1669416381487975 0.3048910077346249
0.5059066613204302 0.1503501122655274 0.2870481634423662
0.5057968611461766 0.1503371728467665 0.2050924345134058
0.5057493476168782 0.1503316498967371 0.1640341700947918
0.5373964595670327 0.2331889260424511 0.3075066187148434
0.5058774043008277 0.2496533595911154 0.2867356835902164
0.5373968964909588 0.2331884337208689 0.1025467902555657
0.5057147622187493 0.2496723413257635 0.1230387909516296
0.4712915763874237 0.1590631411356358 0.1847368588537359
0.4711948792259648 0.1591311241016682 0.1436010273580114
0.4713959297502024 0.1589901577039774 0.2258434476092098
0.4513078276261818 0.1886389987449001 0.1642393404673399
0.4512788671953571 0.1887638432623805 0.1230880119531182
0.4711369959466457 0.1591719826955061 0.1023881135801345
0.5058757037487456 0.2496535608537492 0.2048643674981828
0.4560715187979265 0.2238807147983278 0.143690638315136
0.4562245875320534 0.2241601585934601 0.1025528862223322
0.4559481538224861 0.2236523751101798 0.1848346656540093
0.4832704235403517 0.2471181628619027 0.1644778289398698
0.4512773583817177 0.1887703876408656 0.2002467018015044
0.4557995790520617 0.2233735488966708 0.2197097213877966
0.5048924161350379 0.1502399330349966 0.1263859828872081
0.5061100089386085 0.2496252737097754 0.2461136694626309
0.4712128646664377 0.2408815464395266 0.2662645026826417
0.4708847060946147 0.2406484890346866 0.3039084519821568
0.4513072812077834 0.2113586591031738 0.2929139722874927
0.451462162640145 0.212003263907299 0.3207005809468182
0.4563077895605595 0.1756896987489739 0.3071915497365478
0.4560320646034083 0.1761920043480947 0.2728385240221637
0.5374000285425748 0.1668150958263462 0.1435353887092169
0.5060441256370541 0.1503666589349105 0.2461220044467056
0.5058425035073815 0.2496574783166265 0.08707686804658575
0.5060595698712866 0.2496314578969326 0.3278399604495248
0.5061385089174201 0.1503782435994981 0.3280106298283475
0.5058863484595533 0.1503476999343161 0.3691022745771499
0.4732479586984953 0.1577586898143229 0.347008917501918
0.5180603899760259 0.2466242674356806 0.03868716135865215
0.5178005387190234 0.2467240925145963 0.3707330635607812
0.469985149038008 0.2399888574696679 0.07647853910138874
0.5382278302845421 0.1677721705394818 0.06361674529159984
0.502186558378471 0.1500478332556281 0.069637625378501
0.4662592775744038 0.1631006280514306 0.06738740392346758
0.4810465397510105 0.1537315837250725 0.03454619069689817
0.4500070903311839 0.200842011190898 0.06642099858495949
0.4542310726289784 0.2201297115554632 0.03345155087120463
0.4533065424960984 0.2178807445687068 0.3686419271933151
0.4688950928095844 0.2391469634668595 0.3381397379836939
0.4759526912011808 0.1561624939174885 0.3804650350698182
0.4505883840390663 0.1923519801171019 0.2337491100733235
0.5400086520663653 0.1700115395554802 0.3741326618246528
0.4741758380224123 0.2428148649204376 0.2056713061276604
0.51555865278614 0.2475176632788307 0.1640099190767493
0.4800792103428301 0.1541397542588922 0.2665758481313197
0.4741904463657908 0.242823672672984 0.1232346577854818
0.4801832310326423 0.1540947098070999 0.3078304499970391
0.4524431538119142 0.1845615291999904 0.3452393488119015
0.4772118832357003 0.2445050753772718 0.2361524020123832
0.5421887098171989 0.1731650831199315 0.0288432955517311
0.5424835030657089 0.2263657347188714 0.02856224773920781
0.5418777907615647 0.2273175884903957 0.380296430627963
0.453386435175735 0.1819120046889093 0.09318328309609464
0.4531797509604032 0.2175460616626676 0.2550896070920886
3 1 0 502
985
986
987
988
989
990
991
992
993
994
995
996
997
998
999
1000
1001
1002
1003
1004
1005
1006
1007
1008
1009
1010
1011
1012
1013
1014
1015
1016
1017
1018
1019
1020
1021
1022
1023
1024
1025
1026
1027
1028
1029
1030
1031
1032
1033
1034
1035
1036
1037
1038
1039
1040
1041
1042
1043
1044
1045
1046
1047
1048
1049
1050
1051
1052
1053
1054
1055
1056
1057
1058
1059
1060
1061
1062
1063
1064
1065
1066
1067
1068
1069
1070
1071
1072
1073
1074
1075
1076
1077
1078
1079
1080
1081
1082
1083
1084
1085
1086
1087
1088
1089
1090
1091
1092
1093
1094
1095
1096
1097
1098
1099
1100
1101
1102
1103
1104
1105
1106
1107
1108
1109
1110
1111
1112
1113
1114
1115
1116
1117
1118
1119
1120
1121
1122
1123
1124
1125
1126
1127
1128
1129
1130
1131
1132
1133
1134
1135
1136
1137
1138
1139
1140
1141
1142
1143
1144
1145
1146
1147
1148
1149
1150
1151
1152
1153
1154
1155
1156
1157
1158
1159
1160
1161
1162
1163
1164
1165
1166
1167
1168
1169
1170
1171
1172
1173
1174
1175
1176
1177
1178
1179
1180
1181
1182
1183
1184
1185
1186
1187
1188
1189
1190
1191
1192
1193
1194
1195
1196
1197
1198
1199
1200
1201
1202
1203
1204
1205
1206
1207
1208
1209
1210
1211
1212
1213
1214
1215
1216
1217
1218
1219
1220
1221
1222
1223
1224
1225
1226
1227
1228
1229
1230
1231
1232
1233
1234
1235
1236
1237
1238
1239
1240
1241
1242
1243
1244
1245
1246
1247
1248
1249
1250
1251
1252
1253
1254
1255
1256
1257
1258
1259
1260
1261
1262
1263
1264
1265
1266
1267
1268
1269
1270
1271
1272
1273
1274
1275
1276
1277
1278
1279
1280
1281
1282
1283
1284
1285
1286
1287
1288
1289
1290
1291
1292
1293
1294
1295
1296
1297
1298
1299
1300
1301
1302
1303
1304
1305
1306
1307
1308
1309
1310
1311
1312
1313
1314
1315
1316
1317
1318
1319
1320
1321
1322
1323
1324
1325
1326
1327
1328
1329
1330
1331
1332
1333
1334
1335
1336
1337
1338
1339
1340
1341
1342
1343
1344
1345
1346
1347
1348
1349
1350
1351
1352
1353
1354
1355
1356
1357
1358
1359
1360
1361
1362
1363
1364
1365
1366
1367
1368
1369
1370
1371
1372
1373
1374
1375
1376
1377
1378
1379
1380
1381
1382
1383
1384
1385
1386
1387
1388
1389
1390
1391
1392
1393
1394
1395
1396
1397
1398
1399
1400
1401
1402
1403
1404
1405
1406
1407
1408
1409
1410
1411
1412
1413
1414
1415
1416
1417
1418
1419
1420
1421
1422
1423
1424
1425
1426
1427
1428
1429
1430
1431
1432
1433
1434
1435
1436
1437
1438
1439
1440
1441
1442
1443
1444
1445
1446
1447
1448
1449
1450
1451
1452
1453
1454
1455
1456
1457
1458
1459
1460
1461
1462
1463
1464
1465
1466
1467
1468
1469
1470
1471
1472
1473
1474
1475
1476
1477
1478
1479
1480
1481
1482
1483
1484
1485
1486
0.2728535873757226 0.2257392619997801 0.1819568898431867
0.7347744271158068 0.1880991913343444 0.2255319680385822
0.6563903552879243 0.2657222130385436 0.2870040483006019
0.6546921211512375 0.2649356694631237 0.1638227910817171
0.6550276655330936 0.1474668460792418 0.1435353887092169
0.6485764432977583 0.1383102327162939 0.2856631668870095
0.3298160397841696 0.1765594491672239 0.2838846146285483
0.3624310448960447 0.1145715122075474 0.1435013188241897
0.353327015182178 0.2802512033546228 0.1152626006843153
0.3569574212593827 0.2803252221679906 0.2400380910976406
0.2514543293361611 0.2650178784395056 0.2916128963251677
0.9411910239446327 0.2044001987679963 0.2071313061138424
0.196177981889472 0.1393728686253928 0.2618808311619397
1.165993945904048 0.2064082418865859 0.2040408362917469
0.4011116433625423 0.3005113441980889 0.3196852836122819
0.7824598818629089 0.2645911071227033 0.1282382854947586
0.569001054016658 0.3193464763430307 0.2870168441147821
1.375172590394022 0.2048784247028711 0.2048495966604184
0.6002675022572574 0.09469387993343553 0.2051169084960668
1.583730182063185 0.2046024127695982 0.2047702927675513
0.7736084784034768 0.1442168671797751 0.1196637184424253
0.3672899855875404 0.2131495698804578 0.1820827405382565
0.316298623203761 0.1903343378574484 0.1012656262892071
0.2038223199278183 0.1326838616879288 0.1258110792350313
0.5833131595787494 0.3156716827857323 0.123044683836845
0.6367402828841069 0.2031014662253555 0.2255319680385823
2.121576023037368 0.2054021351179854 0.2046881739720961
0.7403903181660549 0.2976826306042593 0.2240370642750723
0.4208481375026185 0.3174570427363096 0.1798698422518599
1.866094390602092 0.2040878820740685 0.205884380358375
0.3873508887227817 0.1024821772856352 0.2422951959680736
0.2858602261184721 0.1097530795482435 0.2155054936093054
0.622287267660767 0.2480108227201196 0.08506359180725565
0.6840161197300874 0.3191889016675978 0.09223450947525748
0.5651626608961289 0.08672147409371385 0.2858804063586627
0.5713977568873065 0.306278734960087 0.2048670342287582
0.135698887543865 0.2572653000304242 0.2078495060180763
0.6981710279408041 0.09365099174436406 0.2135318394992075
0.4305081469914521 0.3208723811628626 0.08950750628401787
0.2576261479129505 0.2691593890826869 0.09489823501456889
0.7519774158460804 0.116466852861599 0.3033411659694604
0.7531904465740749 0.2432412917267534 0.3091037708440626
0.4706783886064517 0.3274219935559021 0.2607001976380259
0.6030980891094896 0.1145344649371442 0.08317293574633945
0.4630617731001427 0.07872098900980076 0.1640553417752542
0.4201513148951345 0.09134255026134039 0.3234467449603817
0.3299670617724161 0.08997997492332177 0.3117419379421297
0.4982202579071438 0.3279563503770346 0.1506812076306913
2.314247854643577 0.2213361717274109 0.2059394622770113
0.4232345977425548 0.08744671214508334 0.08638313757795207
0.7070689810125254 0.2147231924218846 0.1051986017450536
0.8436938659657376 0.1290061967756749 0.220828073552024
0.5155483645382172 0.07467949173204387 0.2256035794982395
0.4904468258394465 0.07634036779918341 0.297693252518395
0.381674323855456 0.1536537288146027 0.07732256842899114
0.6305350426347296 0.2028983275526248 0.3304179114975906
0.2940340160064636 0.3188051002913581 0.1794054711455522
0.3115918014077557 0.1116829892857116 0.07958535154274421
0.5228931094700044 0.3346442765184127 0.07612694592396888
0.6537107827687453 0.3271322147678108 0.2250440256224535
0.5538271190030728 0.08875034713279388 0.1404530035010178
0.8328240129311366 0.2381210823348596 0.2329271465545427
0.3297178507579042 0.2520539831978235 0.3261665486485566
0.5051269664736733 0.3339139452706074 0.3320585703958269
0.3824132367181096 0.1564340182489961 0.3351296534663782
0.3856596166193246 0.2159399492766785 0.1127581125600844
0.5972831795360586 0.2674073918040954 0.3280032970415957
0.6461150118212654 0.1766138676991795 0.07379874833233391
0.4954525300537381 0.0715169661025621 0.09710025220000805
0.6029013130673258 0.1376210752034694 0.3408644358537575
0.7033867036058572 0.1136312596729826 0.08168403562348128
0.6169884360520116 0.2087953524958077 0.1435353887092169
0.5990414868736813 0.2576801620075566 0.2460255411554884
0.634579784463458 0.07368757830735032 0.1398767002155591
0.3829693509952716 0.1727179195044669 0.2376961202555658
0.3821937405099621 0.2285169538724985 0.2830253550769064
1.725201226037994 0.2548577847511683 0.1554246814593711
0.6933411396733101 0.1994926292946964 0.2880319445459441
0.6390390344754818 0.3354565957683959 0.3222636152360608
0.6040517129403024 0.1591357355711638 0.186778233707592
0.6333947842293491 0.06954162151492832 0.2654378450555319
0.7189621544615543 0.3195585366730626 0.3021788044091497
0.3127809963847893 0.1632782856276903 0.1708386201795773
0.3275581552086342 0.3288134254380382 0.2986677533747331
0.399814802503265 0.339372877295151 0.2465237173481789
0.2759210987939719 0.1965889750359039 0.3365356242036432
0.4083900854054151 0.135629111045939 0.1877648984879532
0.3991711002686792 0.2648178139903792 0.06774617144822294
0.6840991285914667 0.07869830978883691 0.3289654050332086
0.6467950532446369 0.3369165174407848 0.1527808159001634
0.6140980111887379 0.06788010886674675 0.3337374516713618
0.406158123841227 0.2595494204043562 0.2023485060642243
0.5982730162728841 0.1588596108293683 0.2500683243098478
1.994382775883577 0.1490588922816686 0.2610527328520432
0.5644027050416348 0.3176568947368411 0.3512091271306399
0.5897377330598582 0.2619222973008398 0.1639192046895249
0.4483121109769754 0.06882366717136913 0.2427610402214573
0.8757604007345683 0.1980789297203675 0.1118640679415863
1.0520910089191 0.2728376669562979 0.140182771251907
0.6868263910301855 0.2025860714847195 0.1751405786606031
0.4159021939290015 0.2737203689141267 0.1319259793699025
1.055037031776332 0.1397775783557571 0.2680222823731644
0.3359488931507601 0.2419395105069122 0.06255987831212625
0.5165506444023679 0.3455677674030324 0.2138136997708989
0.4185517123316163 0.2771472692718667 0.2626649317558041
0.5488570697829259 0.1092515898023362 0.05888173388488611
0.5345192012571277 0.09284539780460055 0.3441986789381826
0.3673181721060474 0.3242826536692209 0.06607996823297767
0.2989111384615215 0.3354080483145971 0.1028714094554636
0.380289633943372 0.3405732557048081 0.1306456623776348
1.993282088705793 0.2610288331549562 0.148991367105791
1.479385681415617 0.1348962863784895 0.2751038009258152
0.5740924735866343 0.2875152382218594 0.06448799531886676
0.1581665114756086 0.2285791558883856 0.1061716982664905
0.3203391978249446 0.2219532888479391 0.2323379589957883
0.8100880490984347 0.3126336655398083 0.2840351325668106
0.6940318843163046 0.1499005755648436 0.3415837515748956
0.2481337936851991 0.1148231920514351 0.3270408987258341
0.6932271625328528 0.2444126718666791 0.23116444604935
0.3594943895518927 0.2969267229410111 0.1775138470323255
0.6874440987130662 0.2404995815832379 0.3438607987059253
0.3903209098299903 0.2208709805706396 0.3483270647188718
0.3974739302090297 0.06729908463829949 0.1834161634303511
0.6525752035959976 0.1423059334892805 0.2230447007230751
0.2955985379105657 0.07096457142926801 0.1463888943875365
0.4161783563527642 0.1384400273898446 0.125798261168512
1.479516749302221 0.2738595663373996 0.1361406254526389
1.267922849274556 0.2765273953302895 0.1333993145484789
0.1976776462877045 0.3157960637590919 0.1580068838183895
0.4561268243198555 0.2992376317649217 0.3491142627056542
0.5944459646236904 0.1550984707591655 0.1271973728484321
1.035986717868869 0.2759713167610734 0.2770161382850344
0.2562520943114073 0.1888705431401908 0.261618713274406
0.191149152777366 0.2069743948065989 0.3172839881331699
0.1101653466418027 0.1084433863113152 0.1901551165701629
1.073998223833182 0.131764338623476 0.1296633292275257
0.5539816244431479 0.3499835952133747 0.1650300776929639
1.270314154152421 0.1345590164765662 0.1395890361191253
1.770136685600378 0.1314256764987771 0.2785055356920981
1.278661301279006 0.1357281506852956 0.2796743203544
1.776624545088006 0.2770680673112777 0.281658961399576
0.1520664177454715 0.3072140595364893 0.3028313682960648
1.275475274968534 0.2749266670164702 0.2725999706913597
2.213031916782489 0.2781443531581747 0.1318794102294762
1.774773277557055 0.1272424060287997 0.1360813328914104
1.485718254750177 0.2741423842650368 0.2753926345250913
0.4413901644912799 0.3489874772816594 0.3126511683713141
0.2517734781780384 0.159880298994098 0.07173869543813328
0.4739909705167688 0.3033623162840531 0.2052351000629123
0.7129321063107804 0.307656029712628 0.1576967994535009
2.223695705723864 0.138216442206246 0.2717390316325759
0.7082542777308417 0.07342368546441004 0.1433244894388661
0.3323071535218527 0.3446157320374995 0.2312438891425664
0.6205167144732593 0.3424747839784571 0.06752466540607344
0.6066987307517697 0.2094202167057592 0.2776938142959244
0.5450528088597355 0.1107411359877253 0.1924843115519404
1.484889811418715 0.1364570510922974 0.1377064164526707
0.8313524784943968 0.1786892291423293 0.3152676259041401
0.9373674881791286 0.1236833250483499 0.2969645015207714
0.6526460069541414 0.06518623443944732 0.07191913381346214
0.9210614919086962 0.2788282068001456 0.2977606307369686
0.3181435953944294 0.1471005371210857 0.3408626299329842
0.469535616550138 0.099890399881 0.05339687978990371
2.220508403726848 0.1415898323543633 0.1350226238901517
0.4746757687049035 0.09744683761687603 0.3522132884964013
0.5235599665044993 0.3044030429224109 0.2541346032889724
0.3928338069472449 0.2067596061304401 0.05540470585005666
0.3512298905155204 0.1332346435209166 0.2056537856744172
0.3380161438961423 0.06844335992009716 0.2133314043603527
0.5911931132043776 0.1659911021673484 0.05134305706230936
1.953946769831119 0.2779455822206657 0.2794536983795844
1.953714648414062 0.1297847535997341 0.1322069187161238
0.7213393235849463 0.1415116033283768 0.1670666552267271
0.7791681912839676 0.0831531808904436 0.1894476537701465
0.86453673595106 0.09698632776553028 0.1255711949943087
0.881394052008984 0.3076895784308123 0.1078129099272139
2.382922140419088 0.2908987736707932 0.2882058655978108
0.2311531442021767 0.1607663610044106 0.1932885639130635
0.7561596449970145 0.2034211998693476 0.156398536817342
0.4112391373543867 0.1375345299338339 0.285420583200283
0.4751433302244639 0.3104487552145956 0.05424917333058204
0.1005691511180044 0.1508850445216474 0.3083283919543316
0.4756531274362599 0.3553788120240138 0.1040131308229599
0.2887028613773198 0.2823656372142015 0.2369892203468556
0.3593857239877596 0.06620028239298069 0.09586739461730479
0.3730872204939061 0.170516091599278 0.1447505918993811
2.368368486317646 0.1245151152879835 0.285476302546254
0.5163683260467689 0.05447147077285523 0.1702910547817498
0.3221718361107013 0.2348241693878763 0.1447155932755734
0.5449432305316001 0.294356182910653 0.157328007518292
0.5974258171452093 0.3516481025223486 0.2405586204381473
2.21196251876388 0.2807530872579512 0.2633241058006286
0.5870383156672299 0.0578819164011221 0.05807566392730412
0.4495228245944518 0.3565166995754069 0.2137662148491304
0.7068490326683305 0.1397285552919256 0.2579105117414036
0.5493191798806083 0.1188979484092218 0.2461730861115984
1.604246123704487 0.2944631618470013 0.1159158759137179
0.570119480690838 0.05459271702967947 0.236458810118311
0.2138845128322623 0.3253180102442759 0.2423774640591817
1.646158721729447 0.2861417547829517 0.2858585961156687
0.3794458446625659 0.05896348174430624 0.2874856254583269
0.4248561253868725 0.1307543714850968 0.05366114496658309
0.2593949248736442 0.1805619222617785 0.1347244941271971
0.5293691280400156 0.05497688104696363 0.05311281964536423
1.645210079177776 0.1225948286379021 0.124543616062337
0.3343838668979844 0.1216024583380389 0.2615275528159218
1.64074084992576 0.1222759365740682 0.287742970835322
2.386284504752 0.1686403376049961 0.1174297130198178
0.5239465643569803 0.3556184440756557 0.2815603143252792
0.6722496461618693 0.2283503944226675 0.05826285094213302
0.7282967522975912 0.2702751136308839 0.06721805807015907
0.7572482724203143 0.3296618024339759 0.1018649255760307
2.079789036249541 0.2888179354282808 0.2905567599083683
0.7771397426073171 0.2108451576906693 0.07314102642061997
0.3071976814529188 0.1641780636276156 0.2305072916993852
0.09858308922288954 0.3110998742243085 0.1270920317436829
0.4822888755847668 0.2953952024889316 0.3022984734969868
0.4775373476889481 0.2969489673639699 0.1086937482078447
0.2699967584534982 0.06738948320853186 0.2743288270730628
0.3353531825281779 0.2013714765412239 0.3553241893227302
0.6213355732517433 0.2836405564208305 0.2031507235142802
1.876463184526197 0.2920290673633556 0.1179709326234165
2.373338189695152 0.2925211400412366 0.1223946058451676
0.3701664364994345 0.1014053828151494 0.3540417169599057
0.2535604333418521 0.3355428344740608 0.3336062133772349
0.6210454978257836 0.3061464106445941 0.2671275665160321
0.8233042907024329 0.3191361205383792 0.1901856350176979
0.2757859467125847 0.2176435168806935 0.05290973513705378
0.5982240339163137 0.2179365488746653 0.1922652012214617
0.6356176936375123 0.2930482310175281 0.1177651239270864
0.6013996429868746 0.196206539618587 0.09445754886696681
0.6490660504958655 0.05494914455217586 0.2062458867974824
0.5794974453846183 0.263982637363984 0.1119560872645896
0.4164711541764659 0.3348815237597303 0.3586247962389824
1.156058102295936 0.2941861486393673 0.2881146936265357
0.4608882671047199 0.1086662235213704 0.1189967737944507
2.106010812104947 0.111351170813214 0.2986234232403999
0.3780599296752081 0.1020244158046468 0.05837807337343118
0.210900060593138 0.2436186539771693 0.2274131464587495
0.5887208494166412 0.2323588684016573 0.04971466614387607
0.4259753482746488 0.1330628498679312 0.3579354453313943
0.5950208717323353 0.2266261631338265 0.3615221535130042
0.5792173344111665 0.136798401656117 0.2938792618685373
0.1093874598676407 0.1426520659726974 0.09701032292445951
0.8422607460372014 0.08375596857101421 0.3055410244721727
0.2416174647992406 0.07351843373180218 0.08729640005323236
0.3709314622092562 0.2729451044430533 0.358741440142339
0.3588412216004516 0.3295253871805529 0.3484167644951235
0.421985440215867 0.2609791440007413 0.3601782236571844
0.4733673033780656 0.1063498592652218 0.2103676445486206
2.079613106310387 0.119882149804323 0.1210288794760946
0.6486056388249 0.285130322114482 0.3533443708329483
0.4204481971273699 0.2528455174200108 0.3087262897630135
0.7063777959763962 0.1756290841358434 0.05599937990333154
0.441864545416577 0.04818584848231242 0.2946702204321562
0.767852731653727 0.07109202257272777 0.09297128577281083
0.5006116594595755 0.04950286179470986 0.3446498796280898
0.4465651664257476 0.05122658968634407 0.348598349617344
0.9662071452899694 0.1352544449520554 0.1068183998610573
0.4217212888669631 0.05268268161220763 0.1327908103451392
0.4494060538864519 0.3608257101181553 0.05419676647995032
0.406573846743766 0.2187933423403088 0.2335770826930647
0.5643226054886379 0.2706940781674207 0.3634862198908867
0.5458643672251628 0.2835811676798299 0.3167011814193637
2.098088928544739 0.3021140355352024 0.1078859644644763
0.3419211971710426 0.1837815606925167 0.05194418658306872
0.3807982654747711 0.3503344627480772 0.2995967077297883
0.5388412610276991 0.2954495588870257 0.1059385788233867
0.3745825558818364 0.3527318700923117 0.1878069471623637
0.4506372935074446 0.3575162543367902 0.1542131340137341
0.4575992474577845 0.1171231102605586 0.2979541418660147
0.4372738844094722 0.119143370781108 0.2448937913778431
0.4561917133777362 0.04821686485262765 0.06650887969900292
0.4087363739213182 0.2320424884705685 0.1598589181177901
0.6475206935077942 0.1078907597331676 0.1806949462797929
0.4601972033829095 0.2942216804713748 0.1567867828299352
0.2960757722132176 0.2249026346993832 0.2860282946612658
0.6528822468245525 0.1221721759833929 0.05326252101122945
0.5889045990689045 0.05174859392106965 0.1679434127217613
0.5894699000381752 0.0568775615018354 0.1130992122394434
0.5997549671094172 0.1104227332273357 0.1547578972192277
0.6478654624524038 0.2916484974639243 0.05426385453621071
1.16666053420234 0.110187858389619 0.2678888518049722
1.886489175774456 0.1131844668231599 0.2967845488834898
0.2721324575771286 0.2576372707645274 0.3503497716854206
0.2086033789782676 0.08138810186985108 0.2035821649019309
0.2051124545136416 0.2186821514226707 0.1608699457722413
0.4888587719822786 0.1052614087727408 0.2574531455862696
0.5983430414635554 0.1082331035409749 0.2540215283236714
0.6043860447638151 0.3460706261371395 0.1864007856952256
0.562954275043003 0.04953857109042631 0.326156036331115
0.7469835645083406 0.1793526600996702 0.3184321666295194
0.3623919941681586 0.2766761182334353 0.2925707272117277
0.6868165681375556 0.2672192805679063 0.1163543300045186
0.5069553732949346 0.1010812314929273 0.1538984446215143
0.5288412253642595 0.0506671183854972 0.2712194916550885
0.5715277312843284 0.3612182734232365 0.09044092054076452
0.7732898133500467 0.1317290060690616 0.2389005040359256
0.3912096339614682 0.05062712024615731 0.3473384694574434
0.3804771574150784 0.1779470107008608 0.288231397697027
0.164344790801066 0.08251550581961641 0.3237600352534339
0.6437226574149544 0.3568552883306823 0.2710649215000744
0.5877642312848436 0.3606786607071256 0.3217318905308455
0.2753648708242828 0.1320482910674797 0.2709480183584367
0.5736066468099316 0.2575903167195627 0.2870104219010529
0.6514436391973025 0.1105442801194758 0.1052606155080617
0.9384321155279244 0.09482306602375253 0.1977575224003905
0.9497606073887659 0.315372885362268 0.1960115736401278
0.7243958034344421 0.2510601957088126 0.1786493153536086
0.5212478230043209 0.2944779510890352 0.3582233785885043
0.3510014019859233 0.0595161075245912 0.1516653379592708
0.3181094493405123 0.2624474011396506 0.1934638660145218
0.7195529161520506 0.06487294353812202 0.2719535758105497
1.159440407055397 0.3099057340645167 0.1379247652446264
0.6550028335664786 0.2146977851165576 0.1083125560884964
0.5228748110904589 0.2983129089155594 0.2012416000501165
0.5915337984415777 0.1797199874717068 0.31302949885465
2.317065877884317 0.1098120082941897 0.1853745748233369
0.406286313992031 0.1839712356425219 0.1822222091801931
1.377950222219517 0.1077181056135339 0.1503215976367004
0.3134998362130949 0.2979231903805794 0.05765844764403581
0.2744377682015962 0.3413402762678716 0.2621311770122065
0.6458179528384356 0.162189330280137 0.3621881525855556
0.4354497273730941 0.2852631550262424 0.04337353829049848
0.3085985840019145 0.3017904275795554 0.3456918737080887
1.374407400490116 0.3021628728272445 0.1079424788374886
0.3431740924525036 0.1479841331337191 0.1102066006839207
0.4476520368862673 0.1235255725582925 0.1641656112427053
0.531809844928627 0.1170576651330734 0.3054022562004154
0.3349241032525554 0.05608874388353238 0.3579798073932118
0.5438470720756319 0.07632980964926658 0.09442610788234784
0.560039612507724 0.1209338195408289 0.1046498044338349
0.5259321166543237 0.3631764473035434 0.1213518585756391
0.5932612326466337 0.1782963169763727 0.3655091045242804
0.4762428100459465 0.04907335258358307 0.2041544952589704
0.3951213814417262 0.05076437964577935 0.05840566884804071
0.2909871536814621 0.1340621674368701 0.1274210794382684
0.646283812873258 0.107741605366671 0.3559802027261742
0.464288331371877 0.3474949188001234 0.3565089302929126
0.5821782771496277 0.09606647889640996 0.3613565475450983
0.2986010722547964 0.2859089525301635 0.1323368553951965
0.5282190114984602 0.2950534600529438 0.04601828207280519
1.380297409130614 0.3010169085317645 0.3039702348562078
0.7034360373430854 0.1589973781774446 0.1159906930901119
0.5561409772024384 0.2750182341937566 0.2367571236795588
0.69202864825043 0.2965987219299279 0.2545948390231054
1.379897211312821 0.1692132286956222 0.3095901836130431
0.6158506000105867 0.1041333670424989 0.3001144290696383
0.4397733047879585 0.2742003007926344 0.09074824981448647
0.5699709482646408 0.1370460277083911 0.369254124353804
0.4304256918366525 0.307358709187432 0.2264610319936783
0.4185093958586278 0.08733142545399653 0.2750938274007009
0.4004162007126387 0.05410684256042083 0.2422359169051565
0.1526173999714076 0.1755637937243643 0.2044077425544698
0.3764835754420176 0.107097509523669 0.3047062253125229
0.409753369168152 0.1814527455212381 0.3628687995530622
0.6493585263853704 0.1853552992129793 0.2700634641708461
0.3255388521642342 0.05299156031120685 0.2675834425667719
1.562854618134013 0.09945586114320527 0.216701327229438
0.7871154929570529 0.2009479464992501 0.2675270197693104
0.4703271587015673 0.04393446574889356 0.1296130414802818
0.683766363256186 0.1825899571401527 0.2316223345171929
0.4277202493482599 0.09627634707907617 0.2048804747741675
0.692710138915871 0.3568629567813631 0.188212280715037
0.1841371284076829 0.3010570257707537 0.07877676170169481
1.562905027784488 0.1961216180980584 0.312579602298836
0.6137427548183514 0.3209196486542255 0.3642684715830126
0.5723475852802165 0.1404331695329227 0.213437816827237
0.6151392035914314 0.3554674257355743 0.1168883406424394
1.183345792520603 0.1877809299919224 0.0961924970522626
1.40554642262327 0.1992066851764523 0.1003689955299035
0.4114560080912938 0.0966359306000862 0.1484135292547477
0.2943470655398884 0.0969926372399407 0.356506148938381
0.3655229881508455 0.2539198263652762 0.1556566651745857
0.6410968764773034 0.1888540572696062 0.1799182200734418
0.6448708051840986 0.2509402874921597 0.2306818911414695
0.682669620124732 0.2882921327479328 0.2027548789494877
0.6106713827540391 0.3053050191235352 0.1613945475295053
0.5862476886429352 0.2248602731608746 0.3160569754574785
0.7976387270214529 0.1830869467684474 0.2042948866649474
0.245744682556219 0.2811533970228977 0.191676748732568
1.697316291338402 0.1655877974031306 0.2077157419160714
0.6424791520042464 0.2376476878140384 0.3624240998464669
0.3592173335852197 0.2810586859963958 0.04474723504506982
2.142006731821969 0.2062121221669337 0.1009790315898227
0.4138245179338516 0.3289544394041906 0.04440778850828239
0.5659775875169784 0.1387131200272938 0.1640657422181105
0.6899182526540492 0.3292400693253379 0.3542942906034796
0.3097603783465268 0.2803658865696897 0.2857967065255116
0.9638727981180706 0.247897041645061 0.09351572811837176
0.5373487173166174 0.3609521837377005 0.363489420543647
0.439554392858771 0.3086252081757271 0.289663698132725
0.1665824903546382 0.0904671631495671 0.07087315843395264
2.147573930244419 0.208758752648311 0.3076974433032941
0.7166563280593107 0.1966032516747772 0.3618779419492784
2.147172636910445 0.1023684307483065 0.201109568562241
0.7687083358640775 0.2412653302263122 0.2225524592084302
0.5648080815717517 0.3339599759610829 0.04943013976500808
0.08509334884151551 0.3275565238504474 0.2416400904894309
0.425634992433799 0.3685061763429996 0.1099074754876082
0.7301440402584196 0.1044743695697128 0.3583793823973842
0.318189050584584 0.1111150423866579 0.1714535621144198
0.4105040741036605 0.1788439985375882 0.1066756362627898
0.6694760917819698 0.3403041959461917 0.04458061896529628
1.565276288271817 0.3090339240746258 0.2138887149400961
1.564157434938551 0.1970117104020534 0.1003394427613834
0.4234785091423258 0.1572284769500505 0.2246140718412353
0.3678558731594807 0.2401358555468057 0.219734175796251
1.171128530333671 0.1064918662805382 0.1624609051405579
1.868712862425836 0.1866403319472554 0.1001875022549243
2.291437659103902 0.213252696487757 0.1029309520926981
0.3338233885181059 0.07356412206167848 0.0496589030186049
0.108715996594495 0.2357897955491102 0.3323674070175456
0.08675816453333336 0.2067274385871927 0.1539254660252482
0.5909757798833327 0.2148483428293701 0.2362355361922416
0.7592349613700252 0.3484295980339552 0.1842641320273244
1.86864541874986 0.3096233680589309 0.2232013861963439
0.7553586994857159 0.1390791531403364 0.0613208219295991
0.8288630440434718 0.1556474292902711 0.06912144513046192
0.3305326957363481 0.3627128009473388 0.1511272635465494
2.288720514767441 0.2180880991126761 0.3144135433269075
0.3862985445212874 0.1102457057579052 0.1035999903246993
0.5170028801910701 0.1087812606186419 0.1105974446591813
0.5971238880103813 0.05057555669670868 0.2916247829998537
0.5514166222278665 0.341714535677223 0.2456015813914882
0.4880640431423062 0.04518799626408036 0.2491531971861094
0.2203666315466887 0.2129493042342178 0.09346305038798183
0.1829767959006684 0.1615084980681802 0.06668605800724615
0.4278233812799648 0.3175837953690575 0.1348582544818979
2.132694855998835 0.312268845965734 0.2048278428873055
0.6682528680125449 0.1044807203664321 0.2531966209320217
0.7762462050302014 0.3289547484325206 0.3470680163195759
0.5116359177729189 0.09375260062891969 0.03932253129848366
0.8268295703634074 0.2550671632700586 0.3358294835151212
0.6194234814529722 0.2524465196843328 0.1306619436556388
0.3597901928563797 0.2071847301299388 0.3169200932025533
0.461371568189111 0.2844604379603052 0.2501569152102489
0.3052868805757836 0.05943477799501783 0.09395499247284655
0.5725107790936012 0.251914139631508 0.2031172004490381
1.867386545958958 0.09566451338652365 0.19035857486959
0.7303417381676903 0.2835696960338861 0.3502563900653661
0.2037174651148879 0.2711669423392951 0.3426631480138168
1.868663878749526 0.2193722955489936 0.3137841872294493
0.6305774463181454 0.2102083544567486 0.04364070673822777
1.41099361305492 0.3113623883136136 0.2050026751965159
1.201745661248156 0.2019451831310226 0.3013722703628753
0.7075161701665993 0.250742923919105 0.28231131286624
0.2495448258805316 0.1078589597777713 0.1653232749722621
0.3461521995486462 0.1802393539211095 0.2088302095997913
0.3022954358150429 0.1506288504640439 0.04648011438327001
0.3930218478483375 0.296823284001938 0.09979783523802414
0.5245022039632543 0.0403214532982016 0.123102378419526
0.4913522825493666 0.3699100617113492 0.2479758244981484
0.510488630017896 0.3690587571334989 0.1723369770501327
0.830808034142107 0.2653736305831937 0.06878712795947424
0.4104172512431746 0.1927537184412279 0.3189348155388199
0.3012008048366847 0.2384200272299422 0.09896914969460631
0.66335659758916 0.1734295186044203 0.3135578086190384
0.7825233525082242 0.1402370168877157 0.3537941964142069
0.676237203219207 0.1573675947082873 0.1847922244390006
0.5794735695025762 0.2284281009854784 0.1361164804376097
0.5539298197174687 0.06552958238673562 0.194674112185603
0.7261771089672781 0.3269846954447114 0.05210153954156875
0.437859581563061 0.2610528637006561 0.1730720934770474
0.5215060396885821 0.3139440698119172 0.2967656772196863
0.3850820001932443 0.3080916421057834 0.2150342196826319
0.3474451829566197 0.1368997561453461 0.04934303444169295
0.3203538176757935 0.2125095824734593 0.1861754234132547
0.5989896049982131 0.3128706504521308 0.3212776716173503
1.701463521068024 0.2024694470093869 0.3023406832485907
0.4300140211274471 0.04432307284671237 0.207598191737793
0.5838017169419065 0.3567765834934328 0.3682873309108859
0.2909322529705573 0.05182054481105112 0.3237621996284564
0.4122660099126163 0.1705068813322534 0.04108272706207719
0.7088403148561994 0.05503652727372572 0.08715846021012597
0.6323987685805765 0.175892428849494 0.1184511294764082
0.5628401117893173 0.1408857066627215 0.03933172434278431
0.6042421733449909 0.1251568731246205 0.04018331345096492
0.4166311604670423 0.2286121017592185 0.08474374455233222
0.2529640244617024 0.3229929599437859 0.05783987536873533
0.5864552148193025 0.04879355373200984 0.3679061177440493
0.3380565313919452 0.2417165906702287 0.271667694417388
0.5408967607697063 0.05314765116774565 0.3661324949386947
2.410770540631584 0.2054354956261088 0.2380169919854635
0.6264953736231029 0.2546611501614773 0.04104644097443087
0.3591450631324349 0.2085145261458277 0.2502386266377748
0.695391570826522 0.3537193506459491 0.1334266105854905
2.414667139329076 0.08382680285641508 0.08269216253864856
0.7531339468284272 0.05756484441636543 0.3241218217341441
0.7871914072818376 0.07109991491735682 0.2666907380784813
1.780688516043305 0.3142029957801996 0.09579700411177727
0.4141958632550937 0.2007721341980381 0.2725691774235925
0.62659663609922 0.2382880474739113 0.3044225361422319
0.5016250307477275 0.2879623803554908 0.1655538154126621
0.7208212615172341 0.3519206557161915 0.2485577828209168
1.662084267518775 0.2146488807309414 0.08884957352702517
0.3632072407722453 0.318075387719652 0.2686879645634856
1.096368510559038 0.3231296306593894 0.2136424085579831
0.4947229585269959 0.3522018931355048 0.04176567828318698
0.6873772177305082 0.2854498569955865 0.321334679152731
0.479673952899679 0.3602534457621405 0.2908502543712473
0.4377471306513485 0.363004282799204 0.266071404628287
$EndNodes
$Elements
8 7873 1 7873
2 1 2 60
1 14 1 197 
2 1 15 197 
3 2 11 198 
4 23 2 198 
5 18 3 201 
6 3 22 201 
7 19 4 200 
8 4 26 200 
9 11 12 193 
10 11 193 198 
11 12 13 184 
12 12 184 193 
13 13 14 199 
14 184 13 199 
15 14 197 199 
16 15 16 196 
17 15 196 197 
18 16 17 181 
19 16 181 196 
20 17 18 194 
21 181 17 194 
22 194 18 201 
23 20 19 192 
24 192 19 200 
25 21 20 183 
26 183 20 192 
27 22 21 195 
28 21 183 195 
29 22 195 201 
30 24 23 191 
31 191 23 198 
32 25 24 182 
33 182 24 191 
34 26 25 185 
35 25 182 185 
36 26 185 200 
37 181 188 189 
38 188 181 190 
39 181 189 196 
40 190 181 194 
41 185 182 186 
42 186 182 187 
43 187 182 191 
44 183 186 190 
45 186 183 192 
46 183 190 195 
47 187 184 188 
48 184 187 193 
49 188 184 189 
50 189 184 199 
51 185 186 192 
52 185 192 200 
53 186 187 188 
54 186 188 190 
55 187 191 193 
56 196 189 197 
57 197 189 199 
58 190 194 195 
59 193 191 198 
60 195 194 201 
2 2 2 392
61 1 14 354 
62 60 1 354 
63 11 2 355 
64 2 27 355 
65 55 5 361 
66 5 56 361 
67 59 6 360 
68 6 88 360 
69 12 11 320 
70 320 11 355 
71 13 12 221 
72 221 12 320 
73 14 13 321 
74 13 221 321 
75 14 321 354 
76 27 28 270 
77 27 270 355 
78 28 29 207 
79 28 207 270 
80 29 30 229 
81 207 29 229 
82 30 31 346 
83 229 30 346 
84 31 32 203 
85 31 203 346 
86 32 33 288 
87 203 32 288 
88 33 34 209 
89 33 209 288 
90 34 35 284 
91 209 34 284 
92 35 36 204 
93 35 204 284 
94 36 37 274 
95 204 36 274 
96 37 38 208 
97 37 208 274 
98 38 39 266 
99 208 38 266 
100 39 40 220 
101 39 220 266 
102 40 41 278 
103 220 40 278 
104 41 42 222 
105 41 222 278 
106 42 43 282 
107 222 42 282 
108 43 44 313 
109 282 43 313 
110 44 45 219 
111 44 219 313 
112 45 46 334 
113 219 45 334 
114 46 47 218 
115 46 218 334 
116 47 48 303 
117 218 47 303 
118 48 49 217 
119 48 217 303 
120 49 50 305 
121 217 49 305 
122 50 51 216 
123 50 216 305 
124 51 52 307 
125 216 51 307 
126 52 53 215 
127 52 215 307 
128 53 54 309 
129 215 53 309 
130 54 55 228 
131 54 228 309 
132 228 55 361 
133 56 57 323 
134 56 323 361 
135 57 58 212 
136 57 212 323 
137 58 59 324 
138 212 58 324 
139 324 59 360 
140 61 60 268 
141 268 60 354 
142 62 61 211 
143 211 61 268 
144 63 62 271 
145 62 211 271 
146 64 63 205 
147 205 63 271 
148 65 64 267 
149 64 205 267 
150 66 65 325 
151 65 267 325 
152 67 66 202 
153 202 66 325 
154 68 67 286 
155 67 202 286 
156 69 68 263 
157 263 68 286 
158 70 69 206 
159 206 69 263 
160 71 70 327 
161 70 206 327 
162 72 71 210 
163 210 71 327 
164 73 72 273 
165 72 210 273 
166 74 73 213 
167 213 73 273 
168 75 74 331 
169 74 213 331 
170 76 75 214 
171 214 75 331 
172 77 76 289 
173 76 214 289 
174 78 77 290 
175 77 289 290 
176 79 78 226 
177 226 78 290 
178 80 79 294 
179 79 226 294 
180 81 80 225 
181 225 80 294 
182 82 81 295 
183 81 225 295 
184 83 82 224 
185 224 82 295 
186 84 83 297 
187 83 224 297 
188 85 84 223 
189 223 84 297 
190 86 85 299 
191 85 223 299 
192 87 86 227 
193 227 86 299 
194 88 87 301 
195 87 227 301 
196 88 301 360 
197 286 202 287 
198 287 202 330 
199 202 325 330 
200 262 203 275 
201 203 262 346 
202 275 203 288 
203 204 274 319 
204 284 204 285 
205 285 204 319 
206 267 205 333 
207 205 271 350 
208 333 205 350 
209 206 263 264 
210 206 264 265 
211 206 265 327 
212 207 229 230 
213 207 230 353 
214 270 207 353 
215 208 266 317 
216 274 208 318 
217 208 317 318 
218 209 284 316 
219 288 209 363 
220 209 316 363 
221 210 255 257 
222 255 210 344 
223 210 257 273 
224 210 327 344 
225 211 268 269 
226 211 269 357 
227 271 211 357 
228 302 212 324 
229 212 302 342 
230 323 212 342 
231 213 273 328 
232 213 281 331 
233 281 213 358 
234 213 328 358 
235 281 214 331 
236 214 281 343 
237 289 214 352 
238 214 343 352 
239 307 215 341 
240 215 309 310 
241 215 310 341 
242 305 216 340 
243 216 307 308 
244 216 308 340 
245 303 217 339 
246 217 305 306 
247 217 306 339 
248 218 293 334 
249 293 218 359 
250 218 303 304 
251 218 304 359 
252 293 219 334 
253 219 293 351 
254 313 219 332 
255 332 219 351 
256 220 260 345 
257 260 220 356 
258 266 220 345 
259 220 278 356 
260 221 320 326 
261 321 221 349 
262 221 326 349 
263 278 222 279 
264 279 222 280 
265 280 222 282 
266 223 297 337 
267 299 223 300 
268 300 223 337 
269 224 295 336 
270 297 224 298 
271 298 224 336 
272 225 294 335 
273 295 225 296 
274 296 225 335 
275 226 290 291 
276 226 291 292 
277 226 292 294 
278 227 299 338 
279 301 227 302 
280 302 227 338 
281 309 228 342 
282 228 323 342 
283 323 228 361 
284 230 229 231 
285 231 229 262 
286 262 229 346 
287 230 231 232 
288 230 232 253 
289 230 253 353 
290 232 231 233 
291 233 231 261 
292 261 231 262 
293 232 233 234 
294 232 234 322 
295 253 232 322 
296 234 233 235 
297 235 233 236 
298 236 233 261 
299 234 235 258 
300 234 258 259 
301 234 259 322 
302 235 236 237 
303 235 237 272 
304 258 235 272 
305 237 236 238 
306 238 236 249 
307 249 236 261 
308 237 238 239 
309 237 239 250 
310 237 250 272 
311 239 238 240 
312 240 238 311 
313 238 249 311 
314 239 240 241 
315 239 241 314 
316 250 239 314 
317 241 240 242 
318 242 240 247 
319 247 240 311 
320 241 242 243 
321 241 243 248 
322 241 248 314 
323 243 242 244 
324 244 242 315 
325 242 247 315 
326 243 244 245 
327 243 245 347 
328 248 243 347 
329 245 244 246 
330 246 244 254 
331 254 244 315 
332 245 246 251 
333 245 251 362 
334 347 245 362 
335 251 246 252 
336 252 246 348 
337 246 254 348 
338 247 285 315 
339 285 247 316 
340 247 311 316 
341 248 287 314 
342 287 248 329 
343 329 248 347 
344 249 261 275 
345 249 275 276 
346 249 276 311 
347 272 250 277 
348 277 250 330 
349 250 314 330 
350 251 252 255 
351 251 255 344 
352 265 251 344 
353 251 265 362 
354 255 252 256 
355 256 252 317 
356 317 252 348 
357 269 253 322 
358 253 269 349 
359 326 253 349 
360 253 326 353 
361 254 315 319 
362 318 254 319 
363 254 318 348 
364 255 256 257 
365 257 256 260 
366 260 256 345 
367 256 317 345 
368 257 260 328 
369 273 257 328 
370 259 258 350 
371 258 272 333 
372 258 333 350 
373 271 259 350 
374 259 271 357 
375 322 259 357 
376 328 260 356 
377 261 262 275 
378 264 263 329 
379 263 286 329 
380 265 264 362 
381 264 329 347 
382 264 347 362 
383 327 265 344 
384 317 266 345 
385 267 277 325 
386 277 267 333 
387 269 268 321 
388 321 268 354 
389 269 321 349 
390 269 322 357 
391 320 270 326 
392 270 320 355 
393 326 270 353 
394 272 277 333 
395 274 318 319 
396 276 275 363 
397 275 288 363 
398 311 276 316 
399 316 276 363 
400 325 277 330 
401 278 279 356 
402 279 280 281 
403 279 281 358 
404 356 279 358 
405 281 280 343 
406 280 282 283 
407 280 283 343 
408 283 282 313 
409 312 283 332 
410 283 312 352 
411 283 313 332 
412 343 283 352 
413 284 285 316 
414 315 285 319 
415 286 287 329 
416 314 287 330 
417 290 289 312 
418 312 289 352 
419 291 290 312 
420 292 291 293 
421 293 291 351 
422 291 312 351 
423 292 293 359 
424 294 292 335 
425 335 292 359 
426 295 296 336 
427 304 296 335 
428 296 304 339 
429 296 306 336 
430 306 296 339 
431 297 298 337 
432 306 298 336 
433 298 306 340 
434 298 308 337 
435 308 298 340 
436 299 300 338 
437 308 300 337 
438 300 308 341 
439 300 310 338 
440 310 300 341 
441 301 302 324 
442 301 324 360 
443 310 302 338 
444 302 310 342 
445 304 303 339 
446 304 335 359 
447 306 305 340 
448 308 307 341 
449 310 309 342 
450 312 332 351 
451 318 317 348 
452 328 356 358 
2 3 2 440
453 1 537 15 
454 60 537 1 
455 18 536 3 
456 3 536 89 
457 6 539 88 
458 118 539 6 
459 117 540 7 
460 7 540 121 
461 8 370 122 
462 128 367 8 
463 367 496 8 
464 8 496 370 
465 15 535 16 
466 15 537 535 
467 16 383 17 
468 16 535 383 
469 17 494 18 
470 383 494 17 
471 494 536 18 
472 61 509 60 
473 509 537 60 
474 62 366 61 
475 366 509 61 
476 63 419 62 
477 62 419 366 
478 64 382 63 
479 382 419 63 
480 65 401 64 
481 64 401 382 
482 66 440 65 
483 65 440 401 
484 67 398 66 
485 398 440 66 
486 68 457 67 
487 67 457 398 
488 69 389 68 
489 389 457 68 
490 70 534 69 
491 69 534 389 
492 71 369 70 
493 369 435 70 
494 435 534 70 
495 72 422 71 
496 71 422 369 
497 73 372 72 
498 372 422 72 
499 74 490 73 
500 73 490 372 
501 75 374 74 
502 374 490 74 
503 76 466 75 
504 75 466 374 
505 77 394 76 
506 394 466 76 
507 78 467 77 
508 77 467 394 
509 79 393 78 
510 393 467 78 
511 80 471 79 
512 79 471 393 
513 81 392 80 
514 392 471 80 
515 82 472 81 
516 81 472 392 
517 83 391 82 
518 391 472 82 
519 84 474 83 
520 83 474 391 
521 85 390 84 
522 390 474 84 
523 86 476 85 
524 85 476 390 
525 87 395 86 
526 395 476 86 
527 88 478 87 
528 87 478 395 
529 88 539 478 
530 89 399 90 
531 89 536 399 
532 90 438 91 
533 399 438 90 
534 91 371 92 
535 91 438 371 
536 92 533 93 
537 371 533 92 
538 93 396 94 
539 93 533 396 
540 94 454 95 
541 396 454 94 
542 95 397 96 
543 95 454 397 
544 96 450 97 
545 397 450 96 
546 97 386 98 
547 97 450 386 
548 98 439 99 
549 386 439 98 
550 99 364 100 
551 99 439 364 
552 100 441 101 
553 364 441 100 
554 101 387 102 
555 101 441 387 
556 102 459 103 
557 387 459 102 
558 103 460 104 
559 459 460 103 
560 104 388 105 
561 104 460 388 
562 105 506 106 
563 388 506 105 
564 106 379 107 
565 106 506 379 
566 107 513 108 
567 379 513 107 
568 108 378 109 
569 108 513 378 
570 109 480 110 
571 378 480 109 
572 110 377 111 
573 110 480 377 
574 111 482 112 
575 377 482 111 
576 112 376 113 
577 112 482 376 
578 113 484 114 
579 376 484 113 
580 114 375 115 
581 114 484 375 
582 115 486 116 
583 375 486 115 
584 116 400 117 
585 116 486 400 
586 400 540 117 
587 119 502 118 
588 502 539 118 
589 120 373 119 
590 373 502 119 
591 121 503 120 
592 120 503 373 
593 121 540 503 
594 122 380 123 
595 370 529 122 
596 122 529 380 
597 123 381 124 
598 380 531 123 
599 123 531 381 
600 124 365 125 
601 124 528 365 
602 381 528 124 
603 125 368 126 
604 365 523 125 
605 125 523 368 
606 126 385 127 
607 368 530 126 
608 126 530 385 
609 127 384 128 
610 127 526 384 
611 385 526 127 
612 128 543 367 
613 384 543 128 
614 439 511 364 
615 364 447 441 
616 364 511 447 
617 492 523 365 
618 365 528 492 
619 419 465 366 
620 465 489 366 
621 489 509 366 
622 436 496 367 
623 367 544 436 
624 543 544 367 
625 368 491 449 
626 449 530 368 
627 368 523 491 
628 422 423 369 
629 423 424 369 
630 424 435 369 
631 464 495 370 
632 370 496 464 
633 495 529 370 
634 416 418 371 
635 371 497 416 
636 418 533 371 
637 438 497 371 
638 372 463 422 
639 372 445 444 
640 444 463 372 
641 372 490 445 
642 479 502 373 
643 373 522 479 
644 503 522 373 
645 466 505 374 
646 374 538 490 
647 505 538 374 
648 484 521 375 
649 375 487 486 
650 375 521 487 
651 482 520 376 
652 376 485 484 
653 376 520 485 
654 480 519 377 
655 377 483 482 
656 377 519 483 
657 378 481 480 
658 378 532 481 
659 513 532 378 
660 379 512 470 
661 470 513 379 
662 506 512 379 
663 380 507 452 
664 452 531 380 
665 380 529 507 
666 493 528 381 
667 381 541 493 
668 531 541 381 
669 401 402 382 
670 402 403 382 
671 403 419 382 
672 414 420 383 
673 383 421 414 
674 420 494 383 
675 383 535 421 
676 458 524 384 
677 384 526 458 
678 524 543 384 
679 415 448 385 
680 385 530 415 
681 448 526 385 
682 386 499 439 
683 450 451 386 
684 451 499 386 
685 441 442 387 
686 442 443 387 
687 443 459 387 
688 460 461 388 
689 461 462 388 
690 462 506 388 
691 389 500 457 
692 389 517 500 
693 389 534 517 
694 390 516 474 
695 476 477 390 
696 477 516 390 
697 391 515 472 
698 474 475 391 
699 475 515 391 
700 392 514 471 
701 472 473 392 
702 473 514 392 
703 393 468 467 
704 393 469 468 
705 393 471 469 
706 394 501 466 
707 467 488 394 
708 488 501 394 
709 395 518 476 
710 478 479 395 
711 479 518 395 
712 418 510 396 
713 396 533 418 
714 396 455 454 
715 396 510 455 
716 397 452 450 
717 397 453 452 
718 397 454 453 
719 398 448 440 
720 398 458 448 
721 457 458 398 
722 399 494 420 
723 420 504 399 
724 399 504 438 
725 399 536 494 
726 486 522 400 
727 400 522 503 
728 503 540 400 
729 401 415 402 
730 401 440 415 
731 402 404 403 
732 402 449 404 
733 415 449 402 
734 404 405 403 
735 405 465 403 
736 403 465 419 
737 404 406 405 
738 404 491 406 
739 449 491 404 
740 406 407 405 
741 407 525 405 
742 405 525 465 
743 406 408 407 
744 406 456 408 
745 406 491 456 
746 408 409 407 
747 409 410 407 
748 410 525 407 
749 408 412 409 
750 408 413 412 
751 408 456 413 
752 409 411 410 
753 409 527 411 
754 412 527 409 
755 411 414 410 
756 414 489 410 
757 489 525 410 
758 411 420 414 
759 411 504 420 
760 411 527 504 
761 413 416 412 
762 416 497 412 
763 497 527 412 
764 413 417 416 
765 413 492 417 
766 456 492 413 
767 421 489 414 
768 440 448 415 
769 415 530 449 
770 417 418 416 
771 417 510 418 
772 492 493 417 
773 493 510 417 
774 421 509 489 
775 421 537 509 
776 535 537 421 
777 422 463 423 
778 423 425 424 
779 423 426 425 
780 423 463 426 
781 425 427 424 
782 427 434 424 
783 434 435 424 
784 426 498 425 
785 425 428 427 
786 425 498 428 
787 426 463 444 
788 444 508 426 
789 426 508 498 
790 428 429 427 
791 429 436 427 
792 427 436 434 
793 428 430 429 
794 428 431 430 
795 428 498 431 
796 430 464 429 
797 429 496 436 
798 464 496 429 
799 431 432 430 
800 432 433 430 
801 433 464 430 
802 431 511 432 
803 498 542 431 
804 431 542 511 
805 432 499 433 
806 439 499 432 
807 432 511 439 
808 451 495 433 
809 433 499 451 
810 433 495 464 
811 434 517 435 
812 436 437 434 
813 437 517 434 
814 517 534 435 
815 436 544 437 
816 500 517 437 
817 437 524 500 
818 437 544 524 
819 438 504 497 
820 441 447 442 
821 442 444 443 
822 442 508 444 
823 447 508 442 
824 444 445 443 
825 445 446 443 
826 446 459 443 
827 445 538 446 
828 490 538 445 
829 446 460 459 
830 446 505 460 
831 446 538 505 
832 447 542 508 
833 511 542 447 
834 458 526 448 
835 450 452 451 
836 452 507 451 
837 451 507 495 
838 453 531 452 
839 454 455 453 
840 455 541 453 
841 453 541 531 
842 455 510 493 
843 493 541 455 
844 491 523 456 
845 456 523 492 
846 457 500 458 
847 500 524 458 
848 460 505 461 
849 461 501 462 
850 461 505 501 
851 462 501 488 
852 488 512 462 
853 462 512 506 
854 465 525 489 
855 501 505 466 
856 468 488 467 
857 469 470 468 
858 470 512 468 
859 468 512 488 
860 469 532 470 
861 471 514 469 
862 514 532 469 
863 470 532 513 
864 472 515 473 
865 481 514 473 
866 473 519 481 
867 473 515 483 
868 483 519 473 
869 474 516 475 
870 483 515 475 
871 475 520 483 
872 475 516 485 
873 485 520 475 
874 476 518 477 
875 485 516 477 
876 477 521 485 
877 477 518 487 
878 487 521 477 
879 478 502 479 
880 478 539 502 
881 487 518 479 
882 479 522 487 
883 481 519 480 
884 481 532 514 
885 483 520 482 
886 485 521 484 
887 487 522 486 
888 492 528 493 
889 507 529 495 
890 504 527 497 
891 508 542 498 
892 524 544 543 
2 4 2 375
893 3 692 22 
894 89 692 3 
895 19 690 4 
896 4 690 129 
897 7 695 117 
898 160 695 7 
899 156 694 9 
900 9 694 157 
901 20 658 19 
902 658 690 19 
903 21 563 20 
904 563 658 20 
905 22 659 21 
906 21 659 563 
907 22 692 659 
908 90 618 89 
909 618 692 89 
910 91 554 90 
911 554 618 90 
912 92 617 91 
913 91 617 554 
914 93 548 92 
915 548 617 92 
916 94 616 93 
917 93 616 548 
918 95 647 94 
919 94 647 616 
920 96 545 95 
921 545 647 95 
922 97 686 96 
923 96 686 545 
924 98 603 97 
925 603 686 97 
926 99 549 98 
927 549 603 98 
928 100 685 99 
929 99 685 549 
930 101 571 100 
931 571 685 100 
932 102 553 101 
933 553 571 101 
934 103 656 102 
935 102 656 553 
936 104 557 103 
937 557 656 103 
938 105 660 104 
939 104 660 557 
940 106 668 105 
941 105 668 660 
942 107 561 106 
943 561 668 106 
944 108 649 107 
945 107 649 561 
946 109 560 108 
947 560 649 108 
948 110 650 109 
949 109 650 560 
950 111 559 110 
951 559 650 110 
952 112 676 111 
953 111 676 559 
954 113 558 112 
955 558 676 112 
956 114 679 113 
957 113 679 558 
958 115 556 114 
959 556 679 114 
960 116 681 115 
961 115 681 556 
962 117 570 116 
963 570 681 116 
964 117 695 570 
965 129 607 130 
966 129 690 607 
967 130 550 131 
968 130 607 550 
969 131 608 132 
970 550 608 131 
971 132 546 133 
972 132 608 546 
973 133 604 134 
974 546 604 133 
975 134 621 135 
976 604 621 134 
977 135 552 136 
978 135 621 552 
979 136 665 137 
980 552 665 136 
981 137 547 138 
982 137 665 547 
983 138 606 139 
984 547 606 138 
985 139 551 140 
986 139 606 551 
987 140 609 141 
988 551 609 140 
989 141 564 142 
990 141 609 564 
991 142 657 143 
992 564 657 142 
993 143 623 144 
994 143 657 623 
995 144 562 145 
996 144 623 562 
997 145 627 146 
998 562 627 145 
999 146 569 147 
1000 146 627 569 
1001 147 630 148 
1002 569 630 147 
1003 148 568 149 
1004 148 630 568 
1005 149 631 150 
1006 568 631 149 
1007 150 567 151 
1008 150 631 567 
1009 151 633 152 
1010 567 633 151 
1011 152 566 153 
1012 152 633 566 
1013 153 635 154 
1014 566 635 153 
1015 154 565 155 
1016 154 635 565 
1017 155 637 156 
1018 565 637 155 
1019 637 694 156 
1020 157 662 158 
1021 157 694 662 
1022 158 555 159 
1023 158 662 555 
1024 159 663 160 
1025 555 663 159 
1026 663 695 160 
1027 545 686 614 
1028 614 691 545 
1029 545 648 647 
1030 545 691 648 
1031 546 605 604 
1032 546 682 605 
1033 608 682 546 
1034 547 688 606 
1035 547 665 611 
1036 611 688 547 
1037 601 617 548 
1038 548 645 601 
1039 616 645 548 
1040 602 613 549 
1041 549 685 602 
1042 549 613 603 
1043 607 677 550 
1044 550 677 608 
1045 606 683 551 
1046 551 697 609 
1047 683 697 551 
1048 612 665 552 
1049 552 696 612 
1050 621 696 552 
1051 553 572 571 
1052 553 574 572 
1053 553 656 574 
1054 617 666 554 
1055 554 689 618 
1056 666 689 554 
1057 662 698 555 
1058 555 684 663 
1059 555 698 684 
1060 642 679 556 
1061 556 680 642 
1062 644 680 556 
1063 556 681 644 
1064 557 661 656 
1065 660 664 557 
1066 557 664 661 
1067 642 678 558 
1068 558 679 642 
1069 558 678 676 
1070 640 675 559 
1071 559 676 640 
1072 559 675 650 
1073 560 672 649 
1074 650 673 560 
1075 560 673 672 
1076 649 670 561 
1077 561 669 668 
1078 561 670 669 
1079 623 624 562 
1080 624 625 562 
1081 625 627 562 
1082 563 659 651 
1083 651 693 563 
1084 563 693 658 
1085 609 619 564 
1086 619 620 564 
1087 620 657 564 
1088 635 643 565 
1089 565 638 637 
1090 565 643 638 
1091 633 641 566 
1092 566 636 635 
1093 566 641 636 
1094 631 639 567 
1095 567 634 633 
1096 567 639 634 
1097 630 646 568 
1098 568 632 631 
1099 568 646 632 
1100 627 628 569 
1101 628 629 569 
1102 629 630 569 
1103 663 684 570 
1104 570 695 663 
1105 570 684 681 
1106 572 573 571 
1107 573 602 571 
1108 602 685 571 
1109 572 575 573 
1110 574 619 572 
1111 572 619 575 
1112 575 576 573 
1113 576 577 573 
1114 577 602 573 
1115 574 620 619 
1116 574 661 620 
1117 656 661 574 
1118 575 683 576 
1119 619 697 575 
1120 575 697 683 
1121 576 578 577 
1122 576 598 578 
1123 576 683 598 
1124 578 579 577 
1125 579 613 577 
1126 577 613 602 
1127 578 580 579 
1128 578 610 580 
1129 598 610 578 
1130 580 581 579 
1131 581 593 579 
1132 593 613 579 
1133 580 582 581 
1134 580 594 582 
1135 580 610 594 
1136 582 583 581 
1137 583 615 581 
1138 581 615 593 
1139 582 584 583 
1140 582 652 584 
1141 594 652 582 
1142 584 585 583 
1143 585 667 583 
1144 583 667 615 
1145 584 586 585 
1146 584 592 586 
1147 584 652 592 
1148 586 587 585 
1149 587 591 585 
1150 591 667 585 
1151 586 588 587 
1152 586 653 588 
1153 592 653 586 
1154 588 589 587 
1155 589 687 587 
1156 587 687 591 
1157 588 590 589 
1158 588 654 590 
1159 653 654 588 
1160 590 595 589 
1161 595 601 589 
1162 601 687 589 
1163 590 596 595 
1164 590 597 596 
1165 590 654 597 
1166 645 671 591 
1167 591 687 645 
1168 648 667 591 
1169 591 671 648 
1170 622 653 592 
1171 592 674 622 
1172 652 674 592 
1173 603 613 593 
1174 593 614 603 
1175 593 615 614 
1176 610 611 594 
1177 611 612 594 
1178 612 652 594 
1179 596 599 595 
1180 599 666 595 
1181 595 666 601 
1182 597 677 596 
1183 596 600 599 
1184 596 677 600 
1185 608 677 597 
1186 597 682 608 
1187 654 682 597 
1188 598 683 606 
1189 606 688 598 
1190 598 688 610 
1191 600 651 599 
1192 651 689 599 
1193 599 689 666 
1194 600 693 651 
1195 677 693 600 
1196 601 666 617 
1197 645 687 601 
1198 614 686 603 
1199 605 622 604 
1200 604 622 621 
1201 605 653 622 
1202 605 654 653 
1203 605 682 654 
1204 607 690 658 
1205 658 693 607 
1206 607 693 677 
1207 609 697 619 
1208 610 688 611 
1209 611 665 612 
1210 612 674 652 
1211 612 696 674 
1212 615 691 614 
1213 667 691 615 
1214 616 671 645 
1215 647 671 616 
1216 651 659 618 
1217 618 689 651 
1218 659 692 618 
1219 655 657 620 
1220 620 661 655 
1221 622 696 621 
1222 674 696 622 
1223 623 655 624 
1224 623 657 655 
1225 624 626 625 
1226 624 664 626 
1227 655 664 624 
1228 626 669 625 
1229 625 628 627 
1230 625 669 628 
1231 626 664 660 
1232 660 668 626 
1233 668 669 626 
1234 628 670 629 
1235 669 670 628 
1236 629 646 630 
1237 629 672 646 
1238 670 672 629 
1239 632 639 631 
1240 632 675 639 
1241 646 673 632 
1242 673 675 632 
1243 634 641 633 
1244 639 640 634 
1245 640 678 634 
1246 634 678 641 
1247 636 643 635 
1248 641 642 636 
1249 642 680 636 
1250 636 680 643 
1251 638 698 637 
1252 662 694 637 
1253 637 698 662 
1254 643 644 638 
1255 644 684 638 
1256 684 698 638 
1257 639 675 640 
1258 676 678 640 
1259 641 678 642 
1260 643 680 644 
1261 681 684 644 
1262 672 673 646 
1263 648 671 647 
1264 648 691 667 
1265 649 672 670 
1266 650 675 673 
1267 661 664 655 
2 5 2 451
1268 2 23 874 
1269 27 2 874 
1270 26 4 875 
1271 4 129 875 
1272 5 55 881 
1273 161 5 881 
1274 156 9 880 
1275 9 164 880 
1276 10 165 702 
1277 171 10 705 
1278 10 702 854 
1279 705 10 854 
1280 23 24 826 
1281 23 826 874 
1282 24 25 719 
1283 24 719 826 
1284 25 26 825 
1285 719 25 825 
1286 825 26 875 
1287 28 27 784 
1288 784 27 874 
1289 29 28 701 
1290 701 28 784 
1291 30 29 776 
1292 29 701 776 
1293 31 30 718 
1294 718 30 776 
1295 32 31 772 
1296 31 718 772 
1297 33 32 781 
1298 32 772 781 
1299 34 33 742 
1300 742 33 781 
1301 35 34 786 
1302 34 742 786 
1303 36 35 724 
1304 724 35 786 
1305 37 36 782 
1306 36 724 782 
1307 38 37 699 
1308 699 37 782 
1309 39 38 778 
1310 38 699 778 
1311 40 39 707 
1312 707 39 778 
1313 41 40 793 
1314 40 707 793 
1315 42 41 819 
1316 41 793 819 
1317 43 42 723 
1318 723 42 819 
1319 44 43 820 
1320 43 723 820 
1321 45 44 714 
1322 714 44 820 
1323 46 45 821 
1324 45 714 821 
1325 47 46 713 
1326 713 46 821 
1327 48 47 846 
1328 47 713 846 
1329 49 48 712 
1330 712 48 846 
1331 50 49 851 
1332 49 712 851 
1333 51 50 711 
1334 711 50 851 
1335 52 51 853 
1336 51 711 853 
1337 53 52 710 
1338 710 52 853 
1339 54 53 856 
1340 53 710 856 
1341 55 54 748 
1342 748 54 856 
1343 55 748 881 
1344 129 130 780 
1345 129 780 875 
1346 130 131 706 
1347 130 706 780 
1348 131 132 771 
1349 706 131 771 
1350 132 133 749 
1351 132 749 771 
1352 133 134 769 
1353 749 133 769 
1354 134 135 738 
1355 134 738 769 
1356 135 136 879 
1357 738 135 792 
1358 792 135 879 
1359 136 137 847 
1360 136 847 879 
1361 137 138 721 
1362 137 721 847 
1363 138 139 751 
1364 721 138 751 
1365 139 140 704 
1366 139 704 751 
1367 140 141 848 
1368 704 140 848 
1369 141 142 878 
1370 848 141 878 
1371 142 143 709 
1372 142 709 824 
1373 142 824 878 
1374 143 144 795 
1375 709 143 795 
1376 144 145 733 
1377 144 733 795 
1378 145 146 799 
1379 733 145 799 
1380 146 147 732 
1381 146 732 799 
1382 147 148 802 
1383 732 147 802 
1384 148 149 731 
1385 148 731 802 
1386 149 150 803 
1387 731 149 803 
1388 150 151 727 
1389 150 727 803 
1390 151 152 805 
1391 727 151 805 
1392 152 153 726 
1393 152 726 805 
1394 153 154 807 
1395 726 153 807 
1396 154 155 725 
1397 154 725 807 
1398 155 156 809 
1399 725 155 809 
1400 809 156 880 
1401 162 161 831 
1402 831 161 881 
1403 163 162 708 
1404 708 162 831 
1405 164 163 832 
1406 163 708 832 
1407 164 832 880 
1408 165 166 717 
1409 702 165 861 
1410 165 717 861 
1411 166 167 865 
1412 717 166 743 
1413 743 166 865 
1414 167 168 700 
1415 167 700 715 
1416 167 715 865 
1417 168 169 703 
1418 700 168 862 
1419 168 703 862 
1420 169 170 722 
1421 703 169 870 
1422 169 722 870 
1423 170 171 720 
1424 170 720 867 
1425 722 170 867 
1426 171 705 871 
1427 720 171 871 
1428 766 699 782 
1429 699 766 863 
1430 778 699 877 
1431 699 863 877 
1432 715 700 716 
1433 716 700 728 
1434 728 700 862 
1435 776 701 777 
1436 777 701 834 
1437 701 784 866 
1438 834 701 866 
1439 702 789 829 
1440 789 702 861 
1441 702 829 854 
1442 703 787 868 
1443 787 703 870 
1444 862 703 868 
1445 751 704 752 
1446 752 704 753 
1447 753 704 848 
1448 794 705 849 
1449 705 794 871 
1450 849 705 854 
1451 750 706 771 
1452 706 750 844 
1453 780 706 864 
1454 706 844 864 
1455 707 778 779 
1456 707 779 883 
1457 793 707 857 
1458 857 707 883 
1459 708 831 860 
1460 832 708 885 
1461 708 860 885 
1462 709 795 796 
1463 709 796 869 
1464 824 709 869 
1465 814 710 853 
1466 710 814 855 
1467 816 710 855 
1468 710 816 856 
1469 814 711 852 
1470 711 814 853 
1471 711 851 852 
1472 812 712 850 
1473 712 812 851 
1474 712 846 850 
1475 818 713 845 
1476 713 818 846 
1477 713 821 845 
1478 714 820 842 
1479 821 714 843 
1480 714 842 843 
1481 715 716 828 
1482 715 828 882 
1483 865 715 882 
1484 716 728 729 
1485 716 729 734 
1486 716 734 828 
1487 717 743 744 
1488 717 744 745 
1489 717 745 861 
1490 772 718 773 
1491 773 718 774 
1492 774 718 776 
1493 719 825 836 
1494 826 719 872 
1495 719 836 872 
1496 720 790 867 
1497 790 720 876 
1498 720 871 876 
1499 721 751 765 
1500 721 765 788 
1501 721 788 847 
1502 775 722 783 
1503 722 775 870 
1504 783 722 867 
1505 723 819 837 
1506 820 723 840 
1507 723 837 840 
1508 782 724 884 
1509 724 786 791 
1510 724 791 884 
1511 807 725 815 
1512 725 809 810 
1513 725 810 815 
1514 805 726 813 
1515 726 807 808 
1516 726 808 813 
1517 803 727 811 
1518 727 805 806 
1519 727 806 811 
1520 729 728 730 
1521 730 728 822 
1522 822 728 862 
1523 729 730 735 
1524 734 729 830 
1525 729 735 830 
1526 735 730 736 
1527 736 730 737 
1528 737 730 822 
1529 802 731 817 
1530 731 803 804 
1531 731 804 817 
1532 799 732 800 
1533 800 732 801 
1534 801 732 802 
1535 795 733 797 
1536 797 733 798 
1537 798 733 799 
1538 828 734 839 
1539 734 830 858 
1540 839 734 858 
1541 735 736 739 
1542 735 739 750 
1543 735 750 830 
1544 736 737 827 
1545 739 736 740 
1546 740 736 827 
1547 785 737 822 
1548 737 785 841 
1549 827 737 841 
1550 769 738 770 
1551 770 738 835 
1552 738 792 835 
1553 739 740 741 
1554 739 741 844 
1555 750 739 844 
1556 741 740 746 
1557 746 740 834 
1558 740 827 834 
1559 741 746 836 
1560 741 836 864 
1561 844 741 864 
1562 742 781 783 
1563 742 783 790 
1564 786 742 790 
1565 744 743 835 
1566 835 743 882 
1567 743 865 882 
1568 745 744 747 
1569 747 744 792 
1570 792 744 835 
1571 745 747 788 
1572 745 788 789 
1573 745 789 861 
1574 746 834 866 
1575 836 746 872 
1576 746 866 872 
1577 788 747 847 
1578 747 792 879 
1579 847 747 879 
1580 831 748 860 
1581 748 831 881 
1582 748 856 860 
1583 749 769 839 
1584 771 749 858 
1585 749 839 858 
1586 750 771 830 
1587 751 752 873 
1588 765 751 873 
1589 752 753 754 
1590 752 754 755 
1591 752 755 838 
1592 752 838 873 
1593 754 753 756 
1594 756 753 760 
1595 760 753 848 
1596 755 754 757 
1597 754 756 833 
1598 757 754 833 
1599 755 757 758 
1600 755 758 759 
1601 755 759 838 
1602 756 760 761 
1603 756 761 883 
1604 833 756 883 
1605 758 757 762 
1606 762 757 764 
1607 764 757 833 
1608 759 758 768 
1609 758 762 763 
1610 758 763 768 
1611 759 768 829 
1612 759 829 859 
1613 838 759 859 
1614 761 760 824 
1615 824 760 878 
1616 760 848 878 
1617 761 823 857 
1618 823 761 869 
1619 761 824 869 
1620 761 857 883 
1621 763 762 766 
1622 762 764 863 
1623 766 762 863 
1624 763 766 767 
1625 763 767 849 
1626 768 763 849 
1627 779 764 833 
1628 764 779 877 
1629 863 764 877 
1630 788 765 859 
1631 765 838 859 
1632 838 765 873 
1633 767 766 884 
1634 766 782 884 
1635 767 791 794 
1636 791 767 884 
1637 767 794 849 
1638 829 768 854 
1639 768 849 854 
1640 769 770 839 
1641 770 828 839 
1642 828 770 882 
1643 770 835 882 
1644 830 771 858 
1645 772 773 775 
1646 772 775 781 
1647 773 774 785 
1648 775 773 787 
1649 773 785 787 
1650 774 776 777 
1651 774 777 841 
1652 785 774 841 
1653 781 775 783 
1654 775 787 870 
1655 827 777 834 
1656 777 827 841 
1657 779 778 877 
1658 779 833 883 
1659 825 780 864 
1660 780 825 875 
1661 790 783 867 
1662 784 826 872 
1663 826 784 874 
1664 866 784 872 
1665 787 785 868 
1666 785 822 868 
1667 786 790 791 
1668 789 788 859 
1669 829 789 859 
1670 791 790 876 
1671 794 791 876 
1672 819 793 823 
1673 823 793 857 
1674 871 794 876 
1675 796 795 797 
1676 796 797 837 
1677 823 796 837 
1678 796 823 869 
1679 797 798 840 
1680 837 797 840 
1681 798 799 800 
1682 798 800 842 
1683 840 798 842 
1684 800 801 843 
1685 842 800 843 
1686 801 802 817 
1687 801 817 845 
1688 843 801 845 
1689 804 803 811 
1690 804 811 850 
1691 817 804 818 
1692 818 804 850 
1693 806 805 813 
1694 811 806 812 
1695 812 806 852 
1696 806 813 852 
1697 808 807 815 
1698 813 808 814 
1699 814 808 855 
1700 808 815 855 
1701 810 809 885 
1702 832 809 880 
1703 809 832 885 
1704 815 810 816 
1705 816 810 860 
1706 860 810 885 
1707 811 812 850 
1708 851 812 852 
1709 813 814 852 
1710 815 816 855 
1711 856 816 860 
1712 817 818 845 
1713 846 818 850 
1714 819 823 837 
1715 820 840 842 
1716 821 843 845 
1717 822 862 868 
1718 836 825 864 
2 6 2 60
1719 5 905 56 
1720 161 905 5 
1721 59 901 6 
1722 6 901 118 
1723 121 902 7 
1724 7 902 160 
1725 157 903 9 
1726 9 903 164 
1727 56 906 57 
1728 905 906 56 
1729 57 889 58 
1730 57 906 889 
1731 58 898 59 
1732 889 898 58 
1733 898 901 59 
1734 118 896 119 
1735 118 901 896 
1736 119 887 120 
1737 119 896 887 
1738 120 890 121 
1739 887 890 120 
1740 890 902 121 
1741 158 900 157 
1742 900 903 157 
1743 159 888 158 
1744 888 900 158 
1745 160 897 159 
1746 159 897 888 
1747 160 902 897 
1748 162 904 161 
1749 904 905 161 
1750 163 886 162 
1751 886 904 162 
1752 164 899 163 
1753 163 899 886 
1754 164 903 899 
1755 893 894 886 
1756 886 895 893 
1757 894 904 886 
1758 886 899 895 
1759 887 891 890 
1760 887 892 891 
1761 887 896 892 
1762 891 895 888 
1763 888 897 891 
1764 895 900 888 
1765 889 893 892 
1766 892 898 889 
1767 889 894 893 
1768 889 906 894 
1769 891 897 890 
1770 897 902 890 
1771 892 893 891 
1772 893 895 891 
1773 896 898 892 
1774 894 905 904 
1775 894 906 905 
1776 899 900 895 
1777 896 901 898 
1778 899 903 900 
2 7 2 190
1779 8 122 982 
1780 128 8 972 
1781 8 180 972 
1782 180 8 982 
1783 165 10 981 
1784 10 171 980 
1785 172 10 980 
1786 10 172 981 
1787 122 123 960 
1788 122 960 982 
1789 123 124 914 
1790 123 914 960 
1791 124 125 968 
1792 914 124 968 
1793 125 126 908 
1794 125 908 968 
1795 126 127 970 
1796 908 126 970 
1797 127 128 957 
1798 127 957 970 
1799 957 128 972 
1800 166 165 959 
1801 959 165 981 
1802 167 166 913 
1803 913 166 959 
1804 168 167 967 
1805 167 913 967 
1806 169 168 910 
1807 910 168 967 
1808 170 169 965 
1809 169 910 965 
1810 171 170 917 
1811 917 170 965 
1812 171 917 980 
1813 172 173 918 
1814 173 172 962 
1815 172 918 981 
1816 962 172 980 
1817 174 173 915 
1818 173 174 929 
1819 915 173 962 
1820 918 173 929 
1821 174 175 911 
1822 175 174 952 
1823 174 911 929 
1824 174 915 952 
1825 176 175 907 
1826 175 176 922 
1827 907 175 952 
1828 911 175 922 
1829 176 177 920 
1830 177 176 921 
1831 176 907 921 
1832 176 920 922 
1833 177 178 909 
1834 178 177 912 
1835 177 909 920 
1836 912 177 921 
1837 179 178 923 
1838 178 179 927 
1839 909 178 927 
1840 178 912 923 
1841 180 179 916 
1842 179 180 919 
1843 916 179 923 
1844 179 919 927 
1845 180 916 972 
1846 919 180 982 
1847 921 907 925 
1848 925 907 926 
1849 926 907 952 
1850 958 908 970 
1851 908 958 978 
1852 968 908 978 
1853 920 909 945 
1854 909 927 928 
1855 909 928 945 
1856 910 964 965 
1857 964 910 966 
1858 966 910 967 
1859 911 922 974 
1860 929 911 930 
1861 930 911 974 
1862 912 921 953 
1863 923 912 924 
1864 924 912 953 
1865 954 913 959 
1866 913 954 961 
1867 913 961 967 
1868 914 955 960 
1869 955 914 969 
1870 914 968 969 
1871 915 944 952 
1872 944 915 963 
1873 915 962 963 
1874 916 923 956 
1875 916 956 957 
1876 916 957 972 
1877 962 917 963 
1878 917 962 980 
1879 963 917 965 
1880 918 929 954 
1881 918 954 959 
1882 918 959 981 
1883 927 919 955 
1884 955 919 960 
1885 960 919 982 
1886 922 920 937 
1887 937 920 945 
1888 921 925 953 
1889 922 937 974 
1890 923 924 956 
1891 924 953 975 
1892 956 924 977 
1893 924 975 977 
1894 925 926 931 
1895 925 931 933 
1896 925 933 953 
1897 931 926 932 
1898 932 926 944 
1899 944 926 952 
1900 928 927 955 
1901 945 928 946 
1902 946 928 947 
1903 947 928 955 
1904 929 930 954 
1905 941 930 974 
1906 930 941 976 
1907 954 930 976 
1908 931 932 934 
1909 933 931 942 
1910 931 934 942 
1911 934 932 935 
1912 935 932 936 
1913 936 932 944 
1914 933 942 971 
1915 951 933 971 
1916 933 951 975 
1917 953 933 975 
1918 934 935 938 
1919 934 938 940 
1920 934 940 942 
1921 935 936 983 
1922 938 935 939 
1923 939 935 983 
1924 936 944 963 
1925 936 963 964 
1926 936 964 983 
1927 941 937 973 
1928 937 941 974 
1929 937 945 979 
1930 973 937 979 
1931 938 939 976 
1932 940 938 941 
1933 941 938 976 
1934 961 939 966 
1935 939 961 976 
1936 966 939 983 
1937 940 941 973 
1938 942 940 943 
1939 943 940 973 
1940 942 943 971 
1941 971 943 984 
1942 943 973 979 
1943 943 979 984 
1944 945 946 979 
1945 946 947 948 
1946 946 948 984 
1947 979 946 984 
1948 948 947 949 
1949 949 947 969 
1950 947 955 969 
1951 948 949 950 
1952 948 950 951 
1953 948 951 984 
1954 950 949 978 
1955 968 949 969 
1956 949 968 978 
1957 951 950 975 
1958 950 958 977 
1959 958 950 978 
1960 975 950 977 
1961 951 971 984 
1962 961 954 976 
1963 957 956 958 
1964 958 956 977 
1965 957 958 970 
1966 961 966 967 
1967 964 963 965 
1968 964 966 983 
3 1 4 5905
1969 1213 1359 988 1360 
1970 1030 1208 415 1225 
1971 291 1096 1304 1331 
1972 1092 1370 605 1384 
1973 1048 1287 1079 1449 
1974 985 1117 1099 1168 
1975 1010 1359 1213 1360 
1976 446 1116 1143 1145 
1977 682 1093 1092 1094 
1978 990 1101 1073 1179 
1979 536 201 692 1126 
1980 632 1061 1184 1389 
1981 1040 1307 1105 1367 
1982 291 1304 312 1331 
1983 719 1098 825 1398 
1984 1020 1210 1001 1329 
1985 632 1181 1061 1389 
1986 1040 1105 1307 1442 
1987 1046 1082 1000 1211 
1988 1048 1193 1287 1449 
1989 1193 1287 1001 1409 
1990 495 1226 1051 1367 
1991 516 1221 1078 1378 
1992 1029 1345 1319 1455 
1993 353 1270 1008 1377 
1994 1175 1001 1287 1409 
1995 1079 1287 1001 1449 
1996 337 1078 1221 1380 
1997 638 1128 1033 1176 
1998 991 1284 1049 1339 
1999 1192 1302 860 1472 
2000 943 1076 1089 1421 
2001 617 1068 1232 1309 
2002 861 1097 981 1224 
2003 1049 1146 991 1339 
2004 362 1216 1065 1297 
2005 813 1095 1235 1369 
2006 964 1186 1147 1220 
2007 813 1095 1156 1235 
2008 934 1258 935 1387 
2009 977 956 1149 1255 
2010 615 1287 1193 1409 
2011 924 956 977 1313 
2012 1019 1180 1272 1313 
2013 1038 1149 956 1255 
2014 641 1155 1095 1197 
2015 1056 1064 175 1115 
2016 173 1217 1215 1224 
2017 1096 1002 1130 1141 
2018 1111 1130 1002 1141 
2019 1099 1168 1117 1261 
2020 987 1103 1341 1360 
2021 1038 956 1149 1313 
2022 1051 1247 495 1351 
2023 943 973 1076 1421 
2024 934 1303 1258 1387 
2025 495 1051 1226 1247 
2026 1059 1190 1164 1284 
2027 1083 1086 996 1120 
2028 953 1037 925 1180 
2029 1041 1113 1093 1325 
2030 1064 176 1352 1399 
2031 1020 1329 1001 1409 
2032 536 194 201 1126 
2033 446 1116 1086 1143 
2034 988 1359 1084 1360 
2035 1001 1287 1193 1449 
2036 446 1143 445 1145 
2037 1073 1075 534 1322 
2038 415 1208 1030 1283 
2039 929 1217 173 1224 
2040 1028 1052 1154 1215 
2041 1041 1093 596 1404 
2042 928 909 1150 1289 
2043 1063 987 1210 1330 
2044 1033 1161 684 1176 
2045 925 1037 953 1272 
2046 638 1033 684 1176 
2047 1028 1215 1115 1460 
2048 604 1370 1245 1384 
2049 1019 1272 1280 1313 
2050 1028 1154 1115 1215 
2051 312 1304 1124 1331 
2052 998 1124 1122 1127 
2053 998 1122 1112 1127 
2054 228 856 1302 1472 
2055 1010 1084 1359 1360 
2056 1004 1096 1130 1141 
2057 1004 1130 1111 1141 
2058 990 1179 1073 1415 
2059 641 1197 1095 1414 
2060 775 1034 1186 1222 
2061 1127 1219 624 1298 
2062 1019 1227 1313 1324 
2063 928 1150 1248 1289 
2064 1038 1280 1272 1313 
2065 491 1049 1204 1340 
2066 973 1335 1076 1421 
2067 1098 1200 825 1398 
2068 404 406 1049 1146 
2069 1112 1122 1002 1127 
2070 860 1302 1192 1395 
2071 1007 1050 1039 1250 
2072 742 1257 1188 1417 
2073 973 1076 1335 1448 
2074 1049 1146 406 1204 
2075 1122 1124 1002 1127 
2076 1341 1360 1139 1477 
2077 228 748 856 1472 
2078 868 1451 1186 1458 
2079 632 1061 675 1184 
2080 1015 1164 1059 1190 
2081 495 1051 1236 1367 
2082 538 445 446 1143 
2083 582 1088 1121 1409 
2084 1019 1272 1180 1280 
2085 700 1072 716 1151 
2086 538 446 1086 1143 
2087 264 1073 1065 1075 
2088 201 692 1126 1383 
2089 1049 1225 1164 1440 
2090 996 1143 1116 1145 
2091 1028 1052 1215 1460 
2092 775 1147 1034 1257 
2093 728 1087 1151 1368 
2094 1061 1125 675 1184 
2095 1060 1106 1237 1277 
2096 1093 1113 1024 1325 
2097 1048 1287 1193 1375 
2098 444 1143 1142 1145 
2099 441 1416 1100 1418 
2100 624 1127 626 1219 
2101 632 1184 673 1389 
2102 1105 1367 1307 1379 
2103 1052 1154 849 1462 
2104 1064 1352 1077 1399 
2105 1146 1190 991 1339 
2106 1231 1237 1106 1277 
2107 996 1086 1083 1116 
2108 953 1037 1180 1272 
2109 1079 1287 1048 1375 
2110 684 1161 1033 1207 
2111 1009 1097 1138 1214 
2112 943 1089 1076 1246 
2113 638 1033 1128 1207 
2114 291 312 290 1331 
2115 1032 1178 1133 1438 
2116 1112 1127 624 1298 
2117 471 294 1096 1191 
2118 973 1335 1133 1448 
2119 992 1107 1071 1152 
2120 1038 1149 1091 1313 
2121 1001 1175 1020 1409 
2122 850 811 1061 1129 
2123 936 1110 1186 1220 
2124 1039 1050 1007 1311 
2125 1020 1175 1001 1210 
2126 925 1234 1037 1272 
2127 408 1047 1204 1269 
2128 1037 1140 925 1180 
2129 1030 1242 415 1283 
2130 987 1103 1062 1341 
2131 1138 1214 1097 1266 
2132 415 1149 1030 1225 
2133 1091 1149 956 1313 
2134 1070 1102 410 1118 
2135 1061 1129 811 1394 
2136 884 1177 1144 1462 
2137 681 1176 1161 1405 
2138 1007 1170 1050 1173 
2139 934 1110 1303 1387 
2140 199 1119 189 1166 
2141 805 726 566 1095 
2142 566 633 805 1095 
2143 1083 1086 998 1116 
2144 1108 1273 1077 1352 
2145 1017 1097 1214 1266 
2146 992 1107 1152 1153 
2147 404 1146 1049 1208 
2148 952 1371 1279 1407 
2149 964 936 1186 1220 
2150 943 979 973 1421 
2151 1087 1151 1050 1250 
2152 1051 495 1236 1351 
2153 228 856 309 1302 
2154 1011 1095 1078 1197 
2155 987 1360 1341 1477 
2156 993 1072 1050 1087 
2157 993 1104 1094 1404 
2158 1193 1287 691 1375 
2159 428 1307 1367 1379 
2160 1078 1095 1011 1235 
2161 408 1047 413 1204 
2162 1115 1154 1028 1316 
2163 638 684 1033 1207 
2164 909 1150 1289 1329 
2165 1106 1277 1060 1420 
2166 1000 1163 1082 1364 
2167 413 1231 1047 1309 
2168 1194 1195 1035 1238 
2169 516 1078 485 1378 
2170 1133 1335 973 1421 
2171 201 195 692 1383 
2172 1082 1160 1000 1211 
2173 998 1086 1083 1120 
2174 1019 1227 1324 1332 
2175 1050 1151 1039 1250 
2176 1071 1107 1015 1152 
2177 868 1222 1186 1451 
2178 1091 1275 1038 1280 
2179 387 441 1100 1418 
2180 901 360 539 1171 
2181 175 1064 1056 1213 
2182 996 1082 1046 1160 
2183 199 321 1119 1166 
2184 1066 1416 1100 1479 
2185 639 1125 1061 1401 
2186 856 860 1302 1472 
2187 1258 1303 1170 1387 
2188 1033 1148 1135 1176 
2189 308 1078 337 1380 
2190 1119 1270 997 1285 
2191 1000 1082 1046 1364 
2192 1007 1067 1170 1173 
2193 1013 1085 1076 1104 
2194 1011 1135 1148 1176 
2195 1063 987 1330 1484 
2196 783 1257 742 1417 
2197 1056 988 1213 1359 
2198 1071 1110 934 1312 
2199 613 1066 1063 1286 
2200 1065 1297 1216 1415 
2201 934 1110 1071 1303 
2202 1133 1178 1032 1254 
2203 485 1078 1197 1378 
2204 1133 1178 1088 1438 
2205 1043 1252 1202 1326 
2206 560 378 1130 1184 
2207 1032 1133 1088 1438 
2208 174 175 1056 1445 
2209 1019 1275 1091 1280 
2210 993 1325 1104 1404 
2211 308 1235 1078 1380 
2212 1095 1155 1078 1197 
2213 605 682 1092 1094 
2214 688 1138 1018 1353 
2215 1105 1379 1307 1442 
2216 771 1092 1093 1305 
2217 1192 1302 889 1468 
2218 201 1126 194 1383 
2219 988 1084 1056 1299 
2220 1078 1156 1095 1235 
2221 1112 1122 798 1355 
2222 728 729 1087 1368 
2223 983 1186 1110 1387 
2224 1230 1396 1042 1422 
2225 625 1127 1112 1429 
2226 1050 1170 1006 1173 
2227 174 1056 175 1115 
2228 334 1141 714 1304 
2229 993 1104 1085 1435 
2230 349 1270 1119 1285 
2231 959 981 861 1097 
2232 1063 1210 1286 1330 
2233 586 1178 1253 1254 
2234 1034 1147 775 1186 
2235 777 1132 1042 1434 
2236 1128 1148 1033 1176 
2237 1171 889 1302 1468 
2238 1106 1204 456 1231 
2239 989 1136 1290 1328 
2240 713 1141 1189 1390 
2241 1050 1085 1072 1435 
2242 1013 1253 1178 1254 
2243 542 1026 1379 1425 
2244 1020 1057 1210 1329 
2245 1007 1087 1050 1250 
2246 1011 1148 1128 1176 
2247 775 1257 1034 1320 
2248 552 1382 1043 1483 
2249 1086 1116 505 1430 
2250 491 1049 406 1204 
2251 700 716 1072 1308 
2252 474 390 223 1078 
2253 486 681 1161 1405 
2254 291 290 1096 1331 
2255 1046 1160 1211 1292 
2256 775 1034 1222 1320 
2257 996 1046 1036 1142 
2258 967 1072 700 1151 
2259 536 494 194 1126 
2260 1003 1273 1108 1352 
2261 175 1115 1064 1371 
2262 294 1096 1191 1343 
2263 938 1258 1085 1463 
2264 1160 1196 848 1439 
2265 1161 1207 888 1468 
2266 201 194 195 1383 
2267 1034 1186 1110 1220 
2268 353 326 1270 1377 
2269 232 1109 1016 1153 
2270 297 474 223 1078 
2271 264 362 1065 1073 
2272 1047 413 1204 1231 
2273 605 1094 1092 1384 
2274 1063 1066 613 1372 
2275 305 1394 1129 1424 
2276 813 1249 1095 1369 
2277 675 1061 639 1125 
2278 393 290 467 1096 
2279 534 1075 517 1322 
2280 1086 1116 996 1143 
2281 1013 1085 1104 1413 
2282 1116 1219 505 1430 
2283 626 624 1112 1127 
2284 931 1312 1234 1391 
2285 915 1154 1115 1316 
2286 1144 1177 1028 1462 
2287 787 1186 868 1222 
2288 1003 1108 1064 1352 
2289 1009 1174 1121 1252 
2290 657 1083 564 1374 
2291 988 1278 1084 1299 
2292 1043 1202 1165 1326 
2293 1024 1113 1093 1464 
2294 1050 1087 1007 1441 
2295 1046 1142 996 1145 
2296 850 1129 1061 1480 
2297 856 748 860 1472 
2298 952 1316 1371 1407 
2299 393 226 290 1096 
2300 1019 1313 1091 1324 
2301 1024 985 1187 1441 
2302 415 1030 1149 1242 
2303 849 1154 1052 1428 
2304 555 888 1161 1207 
2305 1164 1284 1190 1339 
2306 1121 1020 1274 1409 
2307 387 1100 1145 1418 
2308 482 1125 1401 1427 
2309 1023 1370 1092 1384 
2310 991 1190 1284 1339 
2311 1085 1104 1094 1435 
2312 552 1281 1043 1382 
2313 813 1156 814 1235 
2314 813 1235 814 1369 
2315 1070 1117 1102 1118 
2316 471 1191 1096 1350 
2317 994 1137 1104 1296 
2318 1050 1258 1170 1387 
2319 428 1307 429 1367 
2320 486 1176 681 1405 
2321 1003 1216 1182 1263 
2322 850 1061 811 1480 
2323 1246 1258 940 1303 
2324 682 1093 1094 1404 
2325 604 605 1370 1384 
2326 290 467 1096 1331 
2327 813 808 1249 1369 
2328 526 1091 458 1149 
2329 176 1064 1213 1399 
2330 572 1145 1100 1211 
2331 1064 1108 1077 1352 
2332 641 642 1155 1197 
2333 988 1205 1213 1360 
2334 863 1240 1055 1459 
2335 1005 1163 1082 1198 
2336 728 700 716 1151 
2337 783 1147 1257 1417 
2338 1065 1073 362 1297 
2339 1043 1032 1202 1252 
2340 1001 1210 1287 1453 
2341 309 856 1148 1302 
2342 945 1150 1133 1421 
2343 334 821 714 1141 
2344 934 935 1110 1387 
2345 305 1156 1394 1424 
2346 991 1146 1070 1288 
2347 1133 1150 945 1300 
2348 1017 1214 1097 1217 
2349 1050 1087 1072 1151 
2350 939 938 1085 1463 
2351 819 1120 222 1393 
2352 1005 1082 1163 1364 
2353 731 568 1181 1475 
2354 1051 1289 1210 1477 
2355 1114 1201 947 1237 
2356 1186 1451 1039 1458 
2357 320 355 198 1228 
2358 223 1078 390 1221 
2359 1094 1104 1085 1413 
2360 1279 1371 1045 1407 
2361 560 1184 1130 1389 
2362 1038 1241 330 1280 
2363 312 1124 290 1331 
2364 1047 1277 1106 1420 
2365 700 1072 967 1308 
2366 254 1136 1058 1216 
2367 1121 1252 1174 1317 
2368 1076 1104 1085 1358 
2369 1076 1085 1013 1448 
2370 713 1141 218 1189 
2371 439 1351 1063 1372 
2372 1001 1057 1289 1329 
2373 238 1319 1345 1455 
2374 1050 1007 1173 1441 
2375 1042 1230 777 1396 
2376 884 1144 1262 1462 
2377 916 1313 1227 1334 
2378 227 1135 395 1171 
2379 243 1182 1065 1216 
2380 936 1110 983 1186 
2381 211 1203 1102 1457 
2382 1061 1394 811 1475 
2383 482 1401 1155 1427 
2384 987 1051 1236 1453 
2385 1047 1231 1106 1277 
2386 1009 1097 1214 1217 
2387 1046 1160 1082 1211 
2388 925 1140 1037 1234 
2389 305 851 1129 1394 
2390 1089 1376 947 1421 
2391 1180 1272 1037 1280 
2392 1050 1258 938 1463 
2393 989 1136 1259 1290 
2394 995 1117 1168 1261 
2395 1072 1151 1087 1368 
2396 639 1401 1061 1475 
2397 406 491 404 1049 
2398 993 1085 1050 1435 
2399 1234 1312 1071 1391 
2400 1032 1254 1178 1438 
2401 1091 1241 1038 1275 
2402 337 1221 300 1380 
2403 950 1225 1164 1255 
2404 564 1083 1292 1374 
2405 1115 1154 915 1215 
2406 245 1065 362 1216 
2407 1071 1170 1152 1303 
2408 1054 1324 1227 1332 
2409 938 1050 935 1258 
2410 1226 1318 1040 1367 
2411 1154 1316 962 1461 
2412 1037 1234 1140 1279 
2413 555 1161 698 1207 
2414 988 1084 1103 1360 
2415 950 1164 1225 1440 
2416 1084 1299 989 1460 
2417 1000 1012 1134 1293 
2418 993 1050 1072 1435 
2419 566 1095 726 1249 
2420 1061 1181 568 1475 
2421 1210 1289 1057 1477 
2422 565 1128 725 1207 
2423 676 482 1125 1401 
2424 446 445 443 1145 
2425 525 1102 1070 1146 
2426 947 969 1114 1237 
2427 1054 990 1307 1322 
2428 642 1197 641 1414 
2429 1092 1093 993 1094 
2430 990 1077 1227 1301 
2431 947 1089 1237 1376 
2432 319 1058 254 1144 
2433 294 226 471 1096 
2434 1170 1173 1067 1452 
2435 393 471 226 1096 
2436 1000 1082 1163 1198 
2437 632 646 1181 1389 
2438 755 1195 1194 1238 
2439 358 1086 279 1291 
2440 1039 1050 1170 1387 
2441 992 1109 1042 1169 
2442 988 1080 1056 1213 
2443 516 477 1221 1378 
2444 1031 1190 1146 1339 
2445 1046 996 1160 1292 
2446 918 981 1097 1224 
2447 1060 1089 1246 1392 
2448 1174 1252 1032 1317 
2449 990 1077 1301 1341 
2450 415 402 1208 1283 
2451 943 984 1089 1246 
2452 1140 1234 925 1279 
2453 568 632 1061 1475 
2454 709 1083 657 1374 
2455 996 1120 1086 1291 
2456 959 1097 861 1326 
2457 355 1228 320 1377 
2458 940 1246 1076 1258 
2459 290 1124 467 1331 
2460 441 571 1100 1416 
2461 1006 1173 1170 1452 
2462 889 1302 1192 1472 
2463 321 199 197 1166 
2464 596 1183 1041 1306 
2465 1054 1307 990 1442 
2466 1024 741 1212 1411 
2467 1096 1141 291 1304 
2468 632 568 1061 1181 
2469 731 1475 1181 1480 
2470 1201 1237 1114 1376 
2471 508 1026 1276 1379 
2472 1040 1105 1062 1477 
2473 918 1252 1097 1326 
2474 596 1113 1041 1183 
2475 1091 1324 1313 1334 
2476 1215 1217 1017 1224 
2477 958 1149 1225 1255 
2478 1008 1230 353 1377 
2479 1056 1084 988 1359 
2480 1009 1252 1121 1317 
2481 605 1092 546 1370 
2482 334 714 219 1304 
2483 1025 1073 1101 1179 
2484 1142 1143 996 1145 
2485 989 1299 1084 1328 
2486 1072 1085 1050 1463 
2487 1045 1371 1316 1407 
2488 1071 1015 1107 1347 
2489 1086 1120 279 1291 
2490 1038 1275 1241 1280 
2491 912 1077 178 1227 
2492 264 1075 1065 1408 
2493 1147 1186 1034 1220 
2494 874 198 355 1228 
2495 453 1294 1114 1323 
2496 1020 1057 1205 1210 
2497 1048 1193 691 1375 
2498 1026 1066 1012 1431 
2499 1037 1172 1234 1279 
2500 997 1270 1203 1285 
2501 553 387 441 1100 
2502 1069 1251 1137 1481 
2503 244 1182 1216 1263 
2504 1072 1151 967 1463 
2505 1097 1252 1009 1382 
2506 1001 1210 1057 1329 
2507 1039 1170 1050 1311 
2508 415 1208 402 1225 
2509 305 1156 851 1394 
2510 952 926 1279 1371 
2511 992 1153 1152 1386 
2512 534 1073 206 1075 
2513 1073 1332 990 1415 
2514 725 1207 1128 1395 
2515 355 874 1228 1377 
2516 1018 1138 688 1388 
2517 456 1204 1106 1340 
2518 582 1175 581 1409 
2519 1056 1080 988 1419 
2520 704 848 1196 1439 
2521 1055 1240 863 1402 
2522 1152 1303 1170 1433 
2523 929 1097 918 1252 
2524 1034 1257 1244 1320 
2525 178 1227 1077 1301 
2526 684 698 1161 1207 
2527 1036 1158 256 1474 
2528 1234 1071 1347 1391 
2529 1036 1046 996 1364 
2530 1164 1225 1030 1255 
2531 1010 1341 1103 1360 
2532 1003 1108 1273 1415 
2533 984 1237 1089 1476 
2534 947 1376 1201 1421 
2535 993 1094 1104 1435 
2536 992 1107 1153 1295 
2537 985 1325 1173 1441 
2538 669 1127 625 1429 
2539 676 1155 482 1401 
2540 928 1201 1150 1421 
2541 230 1230 353 1432 
2542 1131 1218 645 1251 
2543 1117 1168 985 1223 
2544 990 1301 1054 1442 
2545 1035 1238 1198 1328 
2546 1083 1120 796 1354 
2547 819 222 282 1393 
2548 1170 1303 1110 1387 
2549 842 798 1122 1355 
2550 946 1089 947 1421 
2551 429 1040 1318 1367 
2552 1050 935 1258 1387 
2553 537 354 1166 1285 
2554 996 1243 1120 1291 
2555 1020 1205 1175 1210 
2556 1181 1475 1061 1480 
2557 928 1150 945 1421 
2558 320 1119 326 1377 
2559 988 1205 1080 1213 
2560 444 1145 1142 1418 
2561 350 1185 1031 1314 
2562 1060 994 1089 1392 
2563 1136 1157 989 1259 
2564 673 632 675 1184 
2565 1028 1264 1265 1316 
2566 1100 1145 1046 1211 
2567 991 1261 1204 1420 
2568 1064 1077 1010 1399 
2569 1084 1359 1299 1460 
2570 1114 1294 1048 1323 
2571 199 184 189 1119 
2572 1009 1138 1097 1382 
2573 439 386 1063 1351 
2574 1071 1312 1234 1347 
2575 1053 1220 1034 1345 
2576 378 649 560 1130 
2577 545 1323 1048 1375 
2578 728 1087 730 1151 
2579 931 1071 1312 1391 
2580 1124 1127 462 1331 
2581 998 1219 1127 1298 
2582 716 729 728 1368 
2583 1005 1159 1082 1364 
2584 788 1266 1097 1469 
2585 1043 1032 1167 1202 
2586 321 1166 354 1285 
2587 1130 1184 532 1350 
2588 197 354 321 1166 
2589 836 825 719 1098 
2590 990 1227 1054 1301 
2591 429 1040 1307 1318 
2592 719 1228 1098 1398 
2593 916 1227 1054 1334 
2594 1108 1003 1259 1415 
2595 1139 1341 1010 1360 
2596 1001 1210 1286 1287 
2597 638 698 684 1207 
2598 490 538 1086 1143 
2599 918 1217 929 1224 
2600 1015 1071 1059 1391 
2601 429 1318 1226 1367 
2602 987 1236 1063 1453 
2603 532 1130 378 1184 
2604 617 1209 1068 1309 
2605 1147 1220 1053 1407 
2606 1084 1278 1035 1299 
2607 270 355 320 1377 
2608 1094 1253 1013 1254 
2609 1046 1082 996 1364 
2610 1015 1152 1107 1153 
2611 542 1418 1026 1425 
2612 209 1188 742 1257 
2613 467 290 289 1124 
2614 1001 1248 1150 1289 
2615 320 198 193 1228 
2616 1061 1014 1125 1366 
2617 1000 1012 1293 1381 
2618 1052 1028 1290 1460 
2619 926 1279 1234 1312 
2620 1021 1338 188 1398 
2621 1038 1149 1030 1242 
2622 681 684 1161 1176 
2623 989 1052 1290 1460 
2624 1089 1237 1060 1476 
2625 632 673 646 1389 
2626 321 1119 1166 1285 
2627 632 639 675 1061 
2628 320 1228 1119 1377 
2629 197 537 354 1166 
2630 1024 1325 985 1441 
2631 490 538 374 1086 
2632 996 1142 1036 1143 
2633 888 1207 895 1468 
2634 1038 1255 924 1272 
2635 593 1175 1287 1409 
2636 1057 1210 1001 1289 
2637 352 1267 1124 1393 
2638 1171 1405 1161 1468 
2639 989 1157 1136 1328 
2640 456 491 1204 1340 
2641 453 1294 1048 1375 
2642 1186 1222 1039 1451 
2643 1307 1322 990 1442 
2644 1029 1234 1172 1279 
2645 987 1062 1105 1477 
2646 1059 1071 1152 1303 
2647 488 1124 462 1331 
2648 1051 987 1210 1453 
2649 230 1109 1230 1432 
2650 281 1120 1086 1393 
2651 1000 1163 1364 1381 
2652 601 1232 1068 1251 
2653 1030 1149 1038 1255 
2654 806 813 1095 1394 
2655 1013 1104 1094 1413 
2656 929 1217 1097 1252 
2657 1084 989 1359 1460 
2658 998 1127 1112 1298 
2659 1065 1332 1073 1415 
2660 1065 1182 1003 1216 
2661 957 1091 526 1149 
2662 962 1154 915 1316 
2663 1118 1021 1338 1397 
2664 1031 1185 350 1342 
2665 936 983 964 1186 
2666 199 189 197 1166 
2667 241 240 1037 1446 
2668 1030 1164 1049 1225 
2669 788 1138 1097 1266 
2670 828 1368 1308 1370 
2671 1050 1170 1007 1311 
2672 634 1095 641 1401 
2673 1001 1286 1175 1287 
2674 408 412 413 1047 
2675 1123 1125 1014 1366 
2676 677 1093 1041 1113 
2677 791 1177 1090 1188 
2678 246 1022 1136 1216 
2679 448 526 458 1149 
2680 413 456 1204 1231 
2681 1218 1231 999 1233 
2682 494 194 1126 1397 
2683 987 1341 1062 1477 
2684 1063 1286 1066 1330 
2685 524 1091 384 1334 
2686 1035 1000 1278 1293 
2687 1144 1028 1262 1462 
2688 1015 1164 1190 1339 
2689 1020 1121 1088 1409 
2690 1071 1107 992 1356 
2691 723 819 282 1393 
2692 1118 995 1223 1426 
2693 1147 1407 1053 1417 
2694 513 649 378 1130 
2695 553 387 1100 1145 
2696 1038 1272 924 1313 
2697 798 1122 1112 1354 
2698 609 848 1160 1196 
2699 1050 1151 1072 1463 
2700 1061 1004 1184 1389 
2701 918 1097 1217 1224 
2702 1102 1117 1070 1288 
2703 374 331 1086 1267 
2704 241 1037 1182 1446 
2705 985 1325 1024 1365 
2706 1060 1246 1089 1476 
2707 931 926 1234 1312 
2708 1092 1094 1023 1384 
2709 1122 1124 312 1304 
2710 643 1128 644 1176 
2711 1028 1264 1144 1290 
2712 984 1089 1246 1476 
2713 1052 1262 1055 1290 
2714 1063 1330 1066 1484 
2715 1216 1297 1022 1415 
2716 849 1052 768 1428 
2717 587 1178 1069 1253 
2718 178 1077 1139 1301 
2719 1017 1194 1266 1278 
2720 1072 1308 716 1368 
2721 671 645 1131 1218 
2722 1003 1273 1065 1415 
2723 240 1037 1319 1410 
2724 954 1202 1252 1326 
2725 1139 1301 1077 1341 
2726 993 1094 1093 1404 
2727 474 516 390 1078 
2728 1030 1225 1149 1255 
2729 295 225 472 1123 
2730 716 1308 828 1368 
2731 1036 996 1082 1364 
2732 1001 1289 1150 1329 
2733 991 1190 1146 1288 
2734 704 848 551 1196 
2735 626 1112 625 1127 
2736 919 927 1248 1363 
2737 1085 1258 1050 1463 
2738 1001 1210 1175 1286 
2739 994 1168 1137 1296 
2740 1043 1032 1252 1317 
2741 1133 1254 1032 1260 
2742 240 1172 1037 1446 
2743 1006 1050 1173 1358 
2744 1147 1053 1257 1417 
2745 1073 1101 990 1322 
2746 947 1114 969 1201 
2747 1139 1360 1057 1477 
2748 688 1353 1018 1471 
2749 805 1095 633 1206 
2750 321 349 1119 1285 
2751 1078 1155 485 1197 
2752 337 297 223 1078 
2753 1149 1241 448 1242 
2754 581 1175 582 1274 
2755 1061 1181 1004 1389 
2756 641 1095 1249 1414 
2757 1003 1180 1140 1446 
2758 1076 1335 1089 1421 
2759 244 1216 1058 1263 
2760 823 1083 869 1374 
2761 212 1171 889 1302 
2762 1099 1117 985 1199 
2763 804 850 811 1480 
2764 489 1118 1102 1285 
2765 1010 1103 1084 1360 
2766 1150 928 1248 1449 
2767 293 291 1096 1141 
2768 1179 1297 1073 1415 
2769 470 1130 1096 1331 
2770 1063 1210 987 1453 
2771 644 638 684 1176 
2772 408 412 1047 1269 
2773 1028 1154 1052 1462 
2774 692 659 1126 1383 
2775 1252 1281 1009 1382 
2776 1045 1265 1264 1316 
2777 308 1156 1078 1235 
2778 252 1158 1022 1297 
2779 392 1123 225 1191 
2780 832 708 899 1207 
2781 766 863 1055 1459 
2782 959 918 981 1097 
2783 613 1066 1286 1479 
2784 802 630 569 1111 
2785 1286 1287 1210 1453 
2786 433 495 1236 1367 
2787 510 493 417 1218 
2788 802 569 732 1111 
2789 992 1042 1311 1406 
2790 735 739 1212 1305 
2791 589 1137 1069 1251 
2792 1216 1259 1003 1415 
2793 1195 1198 1035 1238 
2794 453 1048 1294 1323 
2795 653 1253 1094 1254 
2796 957 384 526 1091 
2797 924 1272 1180 1313 
2798 638 1128 565 1207 
2799 1042 1132 777 1230 
2800 480 650 1125 1184 
2801 212 1302 889 1472 
2802 1101 1179 990 1442 
2803 796 869 823 1083 
2804 1038 1280 314 1410 
2805 954 1165 1202 1326 
2806 755 1198 1195 1238 
2807 392 472 225 1123 
2808 633 1095 634 1206 
2809 1074 988 1205 1362 
2810 805 806 1095 1206 
2811 1174 1300 922 1423 
2812 1028 1316 1154 1461 
2813 438 1126 1209 1426 
2814 987 1051 1210 1477 
2815 999 1376 1089 1481 
2816 350 1283 1185 1314 
2817 1188 1257 1053 1417 
2818 1115 1265 1028 1290 
2819 293 1141 1096 1343 
2820 393 1096 467 1331 
2821 553 441 571 1100 
2822 983 1186 1387 1458 
2823 880 903 694 1207 
2824 241 1037 240 1410 
2825 467 289 394 1124 
2826 1062 1344 986 1431 
2827 1102 1118 997 1285 
2828 1053 1034 1257 1345 
2829 428 1367 1105 1379 
2830 352 1124 283 1393 
2831 1005 1036 1159 1364 
2832 1054 1301 1040 1442 
2833 1110 1186 1039 1387 
2834 175 176 1064 1213 
2835 1174 1217 911 1252 
2836 541 1114 453 1294 
2837 932 934 1110 1312 
2838 1097 1138 788 1382 
2839 464 1226 495 1367 
2840 1015 1059 1071 1152 
2841 314 1038 330 1280 
2842 1109 1169 992 1295 
2843 357 1203 211 1457 
2844 850 811 1129 1394 
2845 1121 1174 1032 1317 
2846 992 1152 1071 1170 
2847 918 929 173 1224 
2848 1124 1304 1002 1331 
2849 564 1083 620 1292 
2850 945 928 909 1150 
2851 1059 1303 1152 1433 
2852 218 1189 1141 1343 
2853 283 1124 1122 1393 
2854 926 925 1234 1279 
2855 813 814 808 1369 
2856 1015 1059 1164 1391 
2857 1137 1251 1068 1481 
2858 1195 1266 1194 1278 
2859 1048 1323 453 1375 
2860 741 1024 844 1349 
2861 1058 1216 1136 1259 
2862 785 1222 868 1451 
2863 303 1129 846 1189 
2864 873 1266 1195 1447 
2865 1055 1290 1136 1328 
2866 823 1120 1083 1374 
2867 888 662 900 1207 
2868 342 228 309 1302 
2869 986 1179 1346 1444 
2870 173 915 1154 1215 
2871 985 1024 1187 1271 
2872 564 1292 1160 1374 
2873 408 1204 409 1269 
2874 692 195 659 1383 
2875 947 1089 946 1237 
2876 1058 1259 1136 1290 
2877 1056 1215 174 1445 
2878 1006 1258 1246 1303 
2879 1019 1324 1075 1332 
2880 967 1308 1072 1463 
2881 1031 1146 1190 1288 
2882 1065 1075 1073 1332 
2883 1062 1179 1101 1442 
2884 994 1137 1373 1481 
2885 1064 1010 1213 1399 
2886 1096 1130 470 1350 
2887 806 1095 1206 1394 
2888 292 291 1096 1343 
2889 891 1161 888 1468 
2890 300 308 337 1380 
2891 1145 1211 572 1292 
2892 634 1206 1095 1401 
2893 1014 1095 1078 1156 
2894 796 1083 823 1120 
2895 1039 1007 1250 1311 
2896 993 1085 1104 1358 
2897 999 1237 1231 1277 
2898 1308 1368 1072 1370 
2899 287 1241 1275 1280 
2900 952 1115 175 1371 
2901 261 1169 1244 1320 
2902 590 1137 1041 1404 
2903 609 551 848 1196 
2904 293 1096 291 1343 
2905 744 1326 1382 1483 
2906 233 1107 1153 1337 
2907 1078 1095 1014 1155 
2908 1067 985 1162 1199 
2909 1078 1156 298 1424 
2910 480 650 377 1125 
2911 1299 1328 989 1460 
2912 1177 1188 285 1315 
2913 1045 1263 1172 1436 
2914 991 1070 1117 1288 
2915 1052 989 1290 1328 
2916 993 1050 1085 1358 
2917 865 1165 882 1308 
2918 626 624 625 1112 
2919 475 1155 1078 1427 
2920 597 596 1093 1404 
2921 990 1073 1322 1332 
2922 947 1237 1201 1376 
2923 1074 1134 988 1214 
2924 1041 1104 1137 1296 
2925 516 485 477 1378 
2926 175 176 907 1064 
2927 735 1212 1087 1305 
2928 1013 1254 1133 1260 
2929 222 793 278 1120 
2930 991 1190 1059 1284 
2931 178 909 1139 1399 
2932 217 846 303 1129 
2933 1056 1299 1359 1460 
2934 700 715 716 1308 
2935 596 1041 677 1093 
2936 1052 1290 1055 1328 
2937 730 1151 1087 1250 
2938 1021 1223 1118 1338 
2939 1044 1175 579 1274 
2940 1052 989 1328 1460 
2941 1056 1115 174 1215 
2942 988 1084 1278 1293 
2943 993 1093 1325 1404 
2944 909 1289 1139 1399 
2945 970 1149 385 1225 
2946 734 1368 828 1370 
2947 865 743 882 1165 
2948 643 638 644 1128 
2949 386 603 1063 1351 
2950 1011 1197 1078 1378 
2951 396 548 1218 1232 
2952 937 1133 945 1300 
2953 1112 1127 1002 1429 
2954 713 845 1141 1390 
2955 988 1214 1134 1278 
2956 657 564 824 1374 
2957 1058 318 1144 1459 
2958 1152 1190 1059 1433 
2959 1106 1204 1049 1340 
2960 1113 1325 1041 1365 
2961 1011 1078 1235 1380 
2962 1037 1234 1172 1319 
2963 1232 1277 1231 1309 
2964 1010 1103 1341 1346 
2965 1172 1234 1029 1319 
2966 549 439 1063 1372 
2967 1062 1179 986 1276 
2968 332 1122 312 1304 
2969 1202 1252 1032 1478 
2970 1129 1189 339 1366 
2971 731 804 1475 1480 
2972 1047 1231 1277 1309 
2973 1091 1275 1019 1324 
2974 993 1173 1050 1358 
2975 586 1253 588 1254 
2976 554 438 1126 1209 
2977 942 1246 940 1303 
2978 482 559 676 1125 
2979 837 1354 1120 1393 
2980 1054 1227 916 1301 
2981 178 1139 909 1289 
2982 1009 1281 1138 1382 
2983 1076 1246 1089 1392 
2984 1096 1002 1304 1331 
2985 992 1169 1042 1406 
2986 1056 1299 1084 1359 
2987 1118 1338 1166 1397 
2988 413 1047 412 1309 
2989 1100 1400 1012 1479 
2990 821 218 713 1141 
2991 1115 1290 1028 1460 
2992 1062 1341 1040 1477 
2993 1049 991 1146 1420 
2994 935 1387 1050 1463 
2995 638 644 1128 1176 
2996 918 1097 929 1217 
2997 407 525 1070 1146 
2998 987 1210 1057 1477 
2999 903 900 694 1207 
3000 283 312 1122 1124 
3001 1038 1030 1239 1242 
3002 1161 1171 373 1405 
3003 625 1112 1310 1429 
3004 1002 1122 1112 1355 
3005 562 1112 733 1310 
3006 1175 1274 1020 1409 
3007 785 787 868 1222 
3008 1003 1182 1180 1446 
3009 958 977 1149 1255 
3010 1037 1140 1172 1279 
3011 468 470 1096 1331 
3012 778 1240 1159 1403 
3013 1010 1077 1064 1108 
3014 978 1225 1340 1440 
3015 1040 429 1307 1367 
3016 301 227 395 1171 
3017 373 1171 1161 1468 
3018 916 1091 1313 1334 
3019 901 896 898 1171 
3020 1083 796 1298 1354 
3021 1020 1175 1205 1274 
3022 1167 1202 1032 1413 
3023 1076 1246 1006 1258 
3024 279 1086 281 1120 
3025 1051 1210 1289 1453 
3026 991 1059 1190 1199 
3027 1003 1065 1216 1415 
3028 1083 1116 998 1482 
3029 1046 1211 1145 1292 
3030 992 1295 1153 1386 
3031 712 305 851 1129 
3032 1000 1195 1035 1278 
3033 1007 1170 1067 1311 
3034 194 1383 1126 1397 
3035 400 486 681 1161 
3036 293 291 1141 1304 
3037 963 1220 1147 1407 
3038 1164 1391 1059 1476 
3039 1011 1235 1095 1369 
3040 979 945 1133 1421 
3041 624 626 664 1219 
3042 178 912 177 1077 
3043 256 1036 260 1158 
3044 758 1052 1194 1428 
3045 318 254 1058 1144 
3046 281 1086 1267 1393 
3047 283 352 312 1124 
3048 627 562 733 1310 
3049 986 1157 1179 1444 
3050 243 244 1182 1216 
3051 362 251 1216 1297 
3052 714 1304 1141 1355 
3053 736 730 1087 1250 
3054 1024 1271 985 1365 
3055 733 799 627 1310 
3056 691 1193 1048 1485 
3057 384 1091 957 1334 
3058 1049 1164 1030 1339 
3059 1022 1179 1157 1444 
3060 1102 1070 1146 1288 
3061 820 842 1122 1304 
3062 809 637 565 1207 
3063 565 725 809 1207 
3064 1074 1205 988 1361 
3065 593 1287 615 1409 
3066 330 1038 1239 1241 
3067 594 1274 1121 1353 
3068 978 950 1225 1440 
3069 989 1265 1115 1290 
3070 723 282 1122 1393 
3071 462 1127 1124 1430 
3072 1067 985 1199 1452 
3073 1124 1127 998 1430 
3074 545 1048 691 1375 
3075 671 1218 1131 1323 
3076 1000 1134 1012 1400 
3077 734 716 828 1368 
3078 299 476 227 1135 
3079 1049 1208 1146 1339 
3080 1035 1278 1084 1293 
3081 278 1120 793 1243 
3082 433 1236 495 1351 
3083 1089 1376 1069 1481 
3084 1028 1177 1144 1264 
3085 1014 1061 1206 1394 
3086 988 1299 1056 1419 
3087 969 1233 1114 1237 
3088 1021 1126 1118 1223 
3089 1113 1041 1183 1365 
3090 675 1125 639 1401 
3091 709 657 1083 1298 
3092 222 819 793 1120 
3093 1144 1264 1058 1290 
3094 190 188 1021 1397 
3095 1102 1146 525 1357 
3096 281 280 1120 1393 
3097 909 945 1150 1329 
3098 990 1341 1301 1442 
3099 1064 1115 1056 1460 
3100 1061 1014 1206 1401 
3101 552 879 1382 1483 
3102 1037 1182 1180 1280 
3103 1043 1167 1032 1317 
3104 1198 1328 1238 1402 
3105 632 639 1061 1475 
3106 798 840 1122 1354 
3107 1029 1053 1220 1279 
3108 240 1037 1172 1319 
3109 295 1123 472 1268 
3110 366 1102 1357 1457 
3111 805 806 813 1095 
3112 837 723 1354 1393 
3113 1043 1281 1252 1382 
3114 199 321 184 1119 
3115 1076 1085 1258 1358 
3116 1009 1281 1252 1317 
3117 1102 1203 211 1285 
3118 476 395 227 1135 
3119 1053 1147 1034 1220 
3120 516 390 1078 1221 
3121 1067 1173 1007 1187 
3122 992 1067 1152 1170 
3123 174 175 952 1115 
3124 604 605 546 1370 
3125 1308 1333 1072 1463 
3126 1016 1270 1203 1288 
3127 1054 990 1322 1332 
3128 243 1065 1182 1408 
3129 1047 1204 1106 1231 
3130 490 1086 213 1143 
3131 943 1076 940 1246 
3132 1014 1061 1129 1366 
3133 789 788 1097 1469 
3134 633 641 634 1095 
3135 358 1143 1086 1291 
3136 931 1071 934 1312 
3137 1094 1254 1013 1413 
3138 730 728 729 1087 
3139 986 1276 1179 1282 
3140 1027 1133 1088 1150 
3141 911 1217 929 1252 
3142 1169 1356 1244 1406 
3143 641 1249 636 1414 
3144 1173 1187 985 1441 
3145 682 608 1092 1093 
3146 1148 1302 1135 1380 
3147 783 781 742 1257 
3148 891 888 895 1468 
3149 1000 1364 1046 1381 
3150 395 478 301 1171 
3151 1075 1019 1275 1324 
3152 997 1166 1119 1285 
3153 1040 1062 1105 1442 
3154 1173 1187 1067 1452 
3155 1220 1244 1034 1345 
3156 337 1078 223 1221 
3157 1052 763 1238 1262 
3158 1180 1182 1019 1280 
3159 582 583 1088 1409 
3160 1017 1266 1214 1278 
3161 1076 1258 1085 1448 
3162 1045 1264 1263 1436 
3163 474 1078 297 1268 
3164 1101 990 1322 1442 
3165 178 177 909 1399 
3166 490 374 213 1086 
3167 384 458 526 1091 
3168 292 293 291 1343 
3169 1026 1012 1066 1100 
3170 1204 1261 1047 1420 
3171 838 1195 873 1266 
3172 1009 1281 1121 1353 
3173 992 1356 1295 1406 
3174 1190 1199 1059 1433 
3175 900 662 694 1207 
3176 741 1024 1349 1411 
3177 226 291 290 1096 
3178 991 1070 1204 1261 
3179 1234 1347 1256 1391 
3180 1013 1178 1133 1254 
3181 313 820 1122 1304 
3182 1035 1084 1299 1328 
3183 400 681 570 1161 
3184 1049 1208 1030 1225 
3185 560 1130 672 1389 
3186 723 1122 1354 1393 
3187 651 1113 1183 1383 
3188 877 863 1240 1402 
3189 524 1324 1091 1334 
3190 1058 1144 319 1264 
3191 474 516 1078 1268 
3192 999 1114 1237 1376 
3193 821 334 218 1141 
3194 1059 1433 991 1470 
3195 845 821 713 1141 
3196 480 1125 519 1184 
3197 1074 1274 1044 1348 
3198 789 1097 861 1224 
3199 469 1096 470 1350 
3200 260 1158 1036 1159 
3201 371 617 1232 1309 
3202 1040 1341 1062 1442 
3203 634 641 678 1401 
3204 689 554 1126 1209 
3205 1117 1162 985 1199 
3206 251 1022 1216 1297 
3207 934 1071 931 1303 
3208 1015 1337 1185 1342 
3209 1052 1238 1055 1262 
3210 295 472 224 1268 
3211 1095 1197 1011 1414 
3212 1042 1169 1109 1422 
3213 704 753 848 1439 
3214 791 1177 884 1462 
3215 1028 1052 1262 1462 
3216 660 668 388 1127 
3217 791 1090 790 1188 
3218 250 1038 314 1410 
3219 215 1148 1235 1380 
3220 1169 1295 1244 1356 
3221 410 1070 525 1102 
3222 409 1204 1070 1269 
3223 1069 1178 1013 1253 
3224 1015 1059 1152 1190 
3225 995 1168 1117 1223 
3226 911 1174 1080 1217 
3227 834 1230 1132 1412 
3228 776 1396 1230 1422 
3229 990 1077 1108 1273 
3230 365 968 1106 1233 
3231 806 852 813 1394 
3232 1015 1190 1185 1339 
3233 997 1203 1102 1285 
3234 709 623 657 1298 
3235 1039 1451 1250 1458 
3236 711 1156 216 1235 
3237 1021 1183 1113 1383 
3238 1114 1131 1048 1201 
3239 427 1307 1101 1322 
3240 824 709 657 1374 
3241 953 1180 924 1272 
3242 590 596 1041 1137 
3243 999 1251 1376 1481 
3244 657 620 564 1083 
3245 360 478 539 1171 
3246 1252 1281 1043 1317 
3247 714 1141 843 1355 
3248 269 1270 349 1285 
3249 1062 1103 987 1431 
3250 631 731 803 1475 
3251 820 723 313 1122 
3252 175 1064 907 1371 
3253 1064 1056 1359 1460 
3254 631 568 731 1475 
3255 630 1111 802 1181 
3256 695 902 503 1161 
3257 333 1185 350 1283 
3258 1161 1176 1033 1405 
3259 1140 1045 1265 1446 
3260 983 964 1186 1458 
3261 377 559 482 1125 
3262 1055 1144 766 1459 
3263 1060 1089 994 1277 
3264 1175 1205 1044 1210 
3265 254 318 1058 1136 
3266 1026 1344 1062 1431 
3267 934 938 935 1258 
3268 930 1252 1202 1478 
3269 449 402 1208 1225 
3270 536 692 618 1126 
3271 942 943 940 1246 
3272 206 1073 264 1075 
3273 989 1259 1157 1444 
3274 1032 1202 1260 1413 
3275 1030 1038 1239 1255 
3276 296 304 1191 1366 
3277 1015 1164 1256 1391 
3278 1043 1382 1326 1483 
3279 472 391 224 1268 
3280 1017 1097 1266 1469 
3281 1070 1117 995 1261 
3282 282 313 723 1122 
3283 868 1186 787 1458 
3284 1028 1262 1052 1290 
3285 297 1078 337 1268 
3286 241 1280 1037 1410 
3287 249 238 1345 1455 
3288 1205 1213 1057 1423 
3289 899 708 886 1207 
3290 1036 1159 1082 1291 
3291 320 193 1119 1228 
3292 922 1080 911 1174 
3293 568 631 632 1475 
3294 1058 1136 318 1459 
3295 589 1069 687 1251 
3296 1101 1179 1062 1276 
3297 1032 1121 1088 1300 
3298 876 1461 1090 1462 
3299 1064 1108 1003 1259 
3300 962 173 915 1154 
3301 1059 1199 991 1433 
3302 1185 1190 1015 1342 
3303 1022 1157 1179 1282 
3304 1020 1174 1121 1362 
3305 493 1218 1114 1233 
3306 660 1127 388 1219 
3307 1094 1413 1085 1435 
3308 1001 1289 1210 1453 
3309 909 920 1057 1399 
3310 997 1102 1117 1118 
3311 1014 1129 1061 1394 
3312 1073 1297 1065 1415 
3313 1098 1024 1271 1411 
3314 1040 1307 1054 1442 
3315 798 1310 1112 1355 
3316 549 386 603 1063 
3317 873 1388 1266 1447 
3318 1070 1118 411 1269 
3319 714 820 219 1304 
3320 775 1222 773 1320 
3321 1044 1205 1074 1361 
3322 926 1140 925 1279 
3323 779 877 1240 1402 
3324 173 1154 172 1224 
3325 405 1146 404 1208 
3326 989 1064 1115 1265 
3327 1063 1286 1210 1453 
3328 1110 1170 1071 1303 
3329 1104 1325 1041 1404 
3330 173 1215 1154 1224 
3331 846 217 712 1129 
3332 1005 1035 1198 1328 
3333 376 1155 558 1197 
3334 235 1107 1337 1455 
3335 508 1276 1026 1418 
3336 1005 1157 1158 1364 
3337 1034 1244 1169 1320 
3338 251 1022 246 1216 
3339 1024 1325 1113 1365 
3340 468 470 469 1096 
3341 736 1087 1212 1250 
3342 1144 1177 319 1264 
3343 549 439 386 1063 
3344 851 812 1129 1394 
3345 796 709 1083 1298 
3346 846 1129 850 1189 
3347 1099 1199 985 1452 
3348 296 1129 339 1366 
3349 417 1218 1231 1232 
3350 475 485 1078 1155 
3351 995 1209 1183 1426 
3352 989 1115 1064 1460 
3353 857 1159 1243 1403 
3354 623 709 795 1298 
3355 542 1379 431 1425 
3356 696 1167 1043 1317 
3357 312 332 283 1122 
3358 252 1136 1022 1158 
3359 1063 1287 1286 1453 
3360 188 1166 1119 1338 
3361 603 1063 1351 1456 
3362 932 934 935 1110 
3363 909 1057 920 1329 
3364 787 773 1186 1222 
3365 1005 1163 1035 1328 
3366 1061 1125 1014 1401 
3367 961 1333 1308 1463 
3368 987 1057 1360 1477 
3369 1110 1186 1034 1406 
3370 263 534 1075 1465 
3371 946 1089 984 1237 
3372 1062 1341 1103 1346 
3373 805 813 726 1095 
3374 213 374 331 1086 
3375 246 1022 252 1136 
3376 1138 1281 665 1382 
3377 1061 1206 1394 1475 
3378 431 1379 1105 1425 
3379 405 1146 1208 1357 
3380 946 947 1201 1421 
3381 810 1207 725 1395 
3382 992 1071 1110 1170 
3383 1039 1151 1050 1387 
3384 791 1090 1177 1462 
3385 545 648 1048 1323 
3386 375 1197 1176 1378 
3387 1279 1345 1053 1436 
3388 922 1174 974 1300 
3389 614 691 1287 1375 
3390 1169 1295 1356 1406 
3391 1088 1133 1027 1178 
3392 649 672 560 1130 
3393 244 1058 254 1263 
3394 296 1123 1129 1366 
3395 363 1053 1188 1257 
3396 731 804 803 1475 
3397 1018 1134 1074 1214 
3398 270 320 326 1377 
3399 1039 1387 1186 1458 
3400 868 822 1451 1458 
3401 1018 1134 1214 1278 
3402 641 633 566 1095 
3403 988 1103 1084 1293 
3404 1026 1012 1381 1431 
3405 241 1182 1037 1280 
3406 677 1093 1113 1464 
3407 257 1036 256 1474 
3408 469 471 1096 1350 
3409 1061 1401 1206 1475 
3410 586 1178 588 1253 
3411 209 742 781 1257 
3412 994 1137 1168 1373 
3413 749 546 1092 1370 
3414 820 714 842 1304 
3415 990 1054 1227 1332 
3416 486 1161 522 1405 
3417 298 1078 308 1156 
3418 546 771 749 1092 
3419 1006 1246 1059 1303 
3420 775 772 1257 1320 
3421 889 893 1192 1468 
3422 339 1129 303 1189 
3423 480 377 519 1125 
3424 307 711 216 1235 
3425 294 292 1096 1343 
3426 1031 1102 1146 1288 
3427 1032 1174 1121 1300 
3428 922 1213 175 1445 
3429 1167 1254 1032 1438 
3430 1039 1186 1110 1406 
3431 1006 1170 1050 1258 
3432 305 712 217 1129 
3433 1057 1213 1205 1360 
3434 1003 1140 1265 1446 
3435 1014 1129 1123 1366 
3436 1315 1407 1090 1417 
3437 825 1200 1098 1349 
3438 762 1055 1238 1262 
3439 256 1158 260 1159 
3440 1043 1167 696 1483 
3441 1006 1170 1067 1452 
3442 758 768 1052 1428 
3443 952 1279 944 1407 
3444 991 1117 1070 1261 
3445 1000 1134 1278 1293 
3446 1055 1238 1052 1328 
3447 961 1202 1165 1333 
3448 215 1148 710 1235 
3449 293 351 291 1304 
3450 998 1120 1083 1354 
3451 931 926 925 1234 
3452 176 907 1064 1352 
3453 1009 1121 1274 1353 
3454 1082 1159 1036 1364 
3455 1244 1257 1034 1345 
3456 1160 1196 1000 1211 
3457 1028 1177 1090 1462 
3458 343 1267 352 1393 
3459 1136 1216 1022 1259 
3460 956 916 1091 1313 
3461 1038 250 1239 1410 
3462 1106 1231 1233 1237 
3463 313 219 820 1304 
3464 1015 1153 1337 1342 
3465 562 623 733 1298 
3466 991 1070 1146 1204 
3467 407 1146 1070 1204 
3468 954 1252 918 1326 
3469 724 1144 884 1177 
3470 987 1236 1051 1477 
3471 1049 1340 1225 1440 
3472 1220 1279 932 1312 
3473 545 397 1323 1375 
3474 1029 1053 1279 1345 
3475 857 1082 883 1403 
3476 1036 1229 257 1291 
3477 676 1125 640 1401 
3478 1167 1032 1254 1413 
3479 293 1141 334 1304 
3480 1069 1376 1251 1481 
3481 377 650 559 1125 
3482 330 1038 250 1239 
3483 933 931 1234 1391 
3484 1053 1407 1315 1417 
3485 1005 1157 1136 1158 
3486 232 1016 322 1153 
3487 1049 1284 991 1420 
3488 768 849 763 1052 
3489 217 303 339 1129 
3490 922 1080 1213 1445 
3491 796 795 709 1298 
3492 838 1194 1195 1266 
3493 766 1144 1055 1262 
3494 1049 1030 1208 1339 
3495 1087 1305 1212 1441 
3496 372 463 1142 1229 
3497 512 488 462 1331 
3498 562 733 1112 1298 
3499 1044 1205 1175 1274 
3500 999 1231 1232 1277 
3501 1017 1217 1215 1445 
3502 823 1243 1120 1374 
3503 1005 1158 1036 1364 
3504 1003 1182 1065 1273 
3505 584 1178 1088 1437 
3506 795 733 623 1298 
3507 1044 1330 1210 1360 
3508 1011 1078 1221 1378 
3509 937 979 945 1133 
3510 435 1073 534 1322 
3511 1208 1283 1031 1339 
3512 359 218 1141 1343 
3513 843 714 821 1141 
3514 1140 1180 1037 1446 
3515 517 1322 1075 1324 
3516 888 555 662 1207 
3517 1250 1451 822 1458 
3518 446 505 1086 1116 
3519 700 967 715 1308 
3520 745 861 1097 1326 
3521 1027 1133 1150 1421 
3522 836 825 1098 1349 
3523 1004 1061 1184 1366 
3524 1307 1379 1101 1442 
3525 1049 1146 1204 1420 
3526 1059 1246 1006 1470 
3527 306 1129 1123 1424 
3528 989 1064 1359 1460 
3529 584 1088 1178 1438 
3530 1003 1180 1182 1273 
3531 797 1112 733 1298 
3532 948 1237 984 1476 
3533 934 931 942 1303 
3534 1090 1177 1028 1315 
3535 1026 1012 1100 1381 
3536 1011 1221 1078 1380 
3537 294 292 226 1096 
3538 922 1080 1174 1423 
3539 874 826 198 1228 
3540 1034 1147 1053 1257 
3541 1180 1182 1037 1446 
3542 616 396 1218 1323 
3543 476 1135 299 1221 
3544 656 1116 459 1145 
3545 921 912 1180 1352 
3546 719 836 1098 1228 
3547 1088 1133 1032 1300 
3548 198 826 191 1228 
3549 1073 1179 1025 1297 
3550 353 1270 253 1432 
3551 443 1145 444 1418 
3552 807 565 635 1128 
3553 279 281 280 1120 
3554 1000 1134 1196 1278 
3555 1044 1210 1205 1360 
3556 1172 1345 1279 1436 
3557 1000 1196 1195 1278 
3558 1123 483 1427 1454 
3559 678 641 642 1155 
3560 963 1407 1147 1417 
3561 1137 1168 1041 1296 
3562 1023 1094 1092 1435 
3563 173 929 174 1445 
3564 355 784 874 1377 
3565 653 1254 1094 1384 
3566 842 1122 1304 1355 
3567 813 852 814 1156 
3568 1140 1279 926 1371 
3569 987 1210 1330 1360 
3570 916 923 1227 1313 
3571 536 618 399 1126 
3572 471 393 469 1096 
3573 722 1147 965 1186 
3574 986 1103 1062 1431 
3575 1058 1216 1003 1263 
3576 1123 1427 1125 1454 
3577 1120 1243 279 1291 
3578 1301 1341 1040 1442 
3579 961 1308 967 1463 
3580 289 214 394 1124 
3581 1222 1042 1406 1451 
3582 1074 1205 1044 1362 
3583 1029 1220 1053 1345 
3584 650 675 1125 1184 
3585 923 916 1227 1301 
3586 921 1077 912 1352 
3587 466 1124 214 1267 
3588 987 1105 1236 1477 
3589 536 399 494 1126 
3590 173 174 1215 1445 
3591 384 524 458 1091 
3592 401 415 1242 1283 
3593 931 1071 942 1303 
3594 927 1289 1248 1363 
3595 531 541 453 1294 
3596 1114 1201 1048 1294 
3597 990 1227 1077 1273 
3598 856 215 309 1148 
3599 863 699 1240 1459 
3600 1105 1367 1236 1477 
3601 1041 1137 1104 1253 
3602 776 777 1230 1396 
3603 1117 1162 997 1223 
3604 1056 175 1213 1445 
3605 1054 1301 916 1318 
3606 1066 1330 1012 1431 
3607 681 644 684 1176 
3608 609 1160 697 1196 
3609 630 629 1111 1181 
3610 357 211 1203 1285 
3611 653 588 1253 1254 
3612 930 1174 911 1252 
3613 986 1179 1157 1282 
3614 857 707 1159 1403 
3615 1031 1146 1102 1357 
3616 671 616 645 1218 
3617 1036 1082 996 1291 
3618 832 885 708 1207 
3619 1177 285 1264 1315 
3620 486 375 681 1176 
3621 997 1118 1117 1223 
3622 1114 1218 999 1233 
3623 395 1135 479 1171 
3624 584 1178 1254 1438 
3625 1028 1265 1115 1316 
3626 407 409 408 1204 
3627 1024 1271 1113 1349 
3628 322 1203 1016 1270 
3629 426 1276 1142 1443 
3630 235 1337 1153 1342 
3631 1104 1137 994 1450 
3632 993 1093 1092 1305 
3633 1121 1174 1009 1362 
3634 997 1016 1162 1288 
3635 510 1218 417 1232 
3636 997 1166 1118 1338 
3637 1246 1392 1006 1470 
3638 467 1124 488 1331 
3639 708 1192 886 1207 
3640 483 1123 515 1454 
3641 1001 1150 1248 1449 
3642 1072 1087 993 1368 
3643 902 503 540 695 
3644 1174 1032 1252 1478 
3645 1311 1406 1042 1451 
3646 865 913 743 1165 
3647 677 1041 596 1113 
3648 1020 1300 1174 1423 
3649 396 548 616 1218 
3650 587 588 1178 1253 
3651 1194 1278 1017 1299 
3652 1068 999 1277 1481 
3653 1152 1199 1190 1433 
3654 1187 1271 1024 1411 
3655 559 640 676 1125 
3656 1052 1328 1299 1460 
3657 876 1090 791 1462 
3658 1022 1157 1136 1259 
3659 665 1281 552 1382 
3660 758 1194 1052 1238 
3661 269 1203 1270 1285 
3662 1034 1169 1244 1406 
3663 228 1302 342 1472 
3664 252 1022 251 1297 
3665 254 1058 244 1216 
3666 1062 1026 1105 1379 
3667 1167 1032 1317 1438 
3668 689 1126 1183 1209 
3669 812 712 851 1129 
3670 834 777 1132 1230 
3671 506 388 668 1127 
3672 684 698 555 1161 
3673 1057 1360 1139 1399 
3674 489 410 1102 1118 
3675 330 314 250 1038 
3676 1081 1239 1038 1255 
3677 1039 1170 1110 1387 
3678 437 1054 1322 1324 
3679 552 1043 696 1483 
3680 1239 1241 1038 1242 
3681 604 546 769 1370 
3682 816 1148 856 1395 
3683 544 436 437 1334 
3684 302 1135 227 1171 
3685 1185 1031 1283 1339 
3686 440 448 1241 1242 
3687 926 932 1279 1312 
3688 1114 1233 999 1237 
3689 976 1260 1202 1333 
3690 1205 1274 1044 1362 
3691 1152 1170 1067 1433 
3692 1105 1236 432 1425 
3693 246 1136 254 1216 
3694 1016 1067 1162 1199 
3695 1142 1145 1046 1418 
3696 1077 1180 912 1352 
3697 1018 1266 1195 1278 
3698 752 1195 753 1447 
3699 213 1086 358 1143 
3700 1013 1133 1335 1448 
3701 1100 1416 573 1479 
3702 470 1327 1130 1331 
3703 1009 1121 1281 1317 
3704 1040 1301 1139 1341 
3705 1016 1199 1162 1288 
3706 376 558 484 1197 
3707 1153 1015 1190 1342 
3708 1058 1003 1216 1259 
3709 430 1236 1105 1367 
3710 909 1057 1289 1399 
3711 1279 1407 1045 1436 
3712 1121 1281 594 1353 
3713 842 798 840 1122 
3714 358 281 279 1086 
3715 1111 1181 629 1389 
3716 1043 1167 1165 1202 
3717 847 1138 665 1382 
3718 1122 1124 998 1393 
3719 188 1338 1119 1398 
3720 616 1218 671 1323 
3721 333 1239 1185 1283 
3722 1185 1190 1031 1339 
3723 1024 1113 1271 1365 
3724 456 491 406 1204 
3725 537 196 535 1166 
3726 976 1085 1260 1333 
3727 407 406 1146 1204 
3728 546 605 682 1092 
3729 245 362 251 1216 
3730 372 1142 1143 1229 
3731 542 447 1418 1425 
3732 985 1187 1173 1452 
3733 999 1232 1068 1277 
3734 483 515 1123 1427 
3735 989 1290 1115 1460 
3736 778 266 1159 1240 
3737 912 1180 1077 1227 
3738 1022 1108 1179 1444 
3739 485 516 475 1078 
3740 1041 1168 1306 1365 
3741 617 666 1068 1209 
3742 995 1117 1070 1118 
3743 666 1068 1209 1306 
3744 1296 1325 1104 1358 
3745 1138 1214 1018 1353 
3746 1038 1081 1255 1272 
3747 1054 1318 916 1334 
3748 335 1191 304 1343 
3749 1068 1137 601 1251 
3750 1101 1322 1307 1442 
3751 995 1118 1070 1269 
3752 1084 1103 1010 1346 
3753 204 1144 724 1177 
3754 857 1243 1082 1403 
3755 307 853 711 1235 
3756 1023 1245 1370 1384 
3757 592 1167 1317 1438 
3758 757 1198 755 1238 
3759 922 1213 1080 1423 
3760 1068 1373 1137 1481 
3761 414 1166 1118 1285 
3762 496 1226 429 1318 
3763 1010 1139 1360 1399 
3764 841 1042 1396 1451 
3765 244 242 1182 1263 
3766 241 240 239 1410 
3767 212 898 889 1171 
3768 1012 1000 1211 1381 
3769 578 1044 1274 1348 
3770 993 1104 1325 1358 
3771 1092 1094 993 1435 
3772 997 1117 1102 1288 
3773 1006 1067 1170 1433 
3774 850 1189 1129 1480 
3775 1053 1407 1279 1436 
3776 1107 1244 1029 1455 
3777 556 1176 375 1197 
3778 270 784 355 1377 
3779 669 626 625 1127 
3780 596 600 1113 1183 
3781 689 1209 1183 1306 
3782 775 1186 773 1222 
3783 1048 1131 1114 1323 
3784 190 1021 1383 1397 
3785 1177 1264 1028 1315 
3786 264 265 362 1073 
3787 1201 1294 1248 1449 
3788 997 1118 1223 1338 
3789 1035 1299 1052 1328 
3790 797 1298 796 1354 
3791 366 211 1102 1457 
3792 230 253 1109 1432 
3793 407 1070 409 1204 
3794 591 1131 1251 1486 
3795 854 172 1154 1224 
3796 362 1073 265 1297 
3797 466 394 214 1124 
3798 1069 1013 1178 1335 
3799 517 1324 1075 1465 
3800 987 1063 1236 1484 
3801 330 1241 1239 1242 
3802 387 442 441 1418 
3803 337 308 298 1078 
3804 305 216 851 1156 
3805 903 899 900 1207 
3806 288 209 781 1257 
3807 1028 1315 1264 1316 
3808 889 1171 892 1468 
3809 991 1099 1199 1261 
3810 1248 1289 1051 1363 
3811 989 1259 1064 1265 
3812 1169 992 1295 1406 
3813 1017 1217 1097 1224 
3814 996 1082 1160 1374 
3815 758 1052 763 1238 
3816 928 1248 927 1289 
3817 1191 1343 1096 1350 
3818 279 1120 278 1243 
3819 193 198 191 1228 
3820 1088 1150 1133 1300 
3821 612 1043 552 1281 
3822 693 1200 1113 1383 
3823 388 1219 1127 1430 
3824 492 365 1106 1233 
3825 557 460 656 1116 
3826 1089 1277 999 1481 
3827 553 1100 572 1145 
3828 697 1196 1160 1211 
3829 1002 1124 1122 1304 
3830 592 1254 1167 1438 
3831 955 1201 1114 1294 
3832 1172 1319 1029 1345 
3833 400 522 486 1161 
3834 992 1067 1170 1311 
3835 1090 962 1316 1461 
3836 1062 1379 1105 1442 
3837 1264 1315 285 1436 
3838 374 1086 505 1267 
3839 990 1179 1341 1442 
3840 797 733 795 1298 
3841 986 1381 1103 1431 
3842 937 922 1300 1423 
3843 343 352 283 1393 
3844 1035 1194 1052 1299 
3845 461 505 1219 1430 
3846 916 957 1091 1334 
3847 1150 1201 928 1449 
3848 558 679 484 1197 
3849 961 1165 1308 1333 
3850 912 178 923 1227 
3851 1035 1163 1000 1293 
3852 565 807 725 1128 
3853 359 1189 218 1343 
3854 1162 1199 1117 1288 
3855 1170 1258 1006 1303 
3856 578 1044 579 1274 
3857 645 616 548 1218 
3858 373 887 1171 1468 
3859 336 306 1123 1424 
3860 841 1434 1042 1451 
3861 1002 1141 1096 1304 
3862 1088 1121 1020 1300 
3863 1007 1042 1321 1434 
3864 290 312 289 1124 
3865 922 911 974 1174 
3866 993 1305 1087 1441 
3867 1125 1427 483 1454 
3868 1263 1265 1045 1446 
3869 488 467 394 1124 
3870 1036 1158 1005 1159 
3871 1022 1158 1282 1297 
3872 918 1097 959 1326 
3873 530 970 385 1225 
3874 505 1116 460 1219 
3875 448 398 1241 1467 
3876 865 913 1165 1308 
3877 951 1391 1164 1476 
3878 1042 1132 1230 1321 
3879 397 453 1323 1375 
3880 539 502 901 1171 
3881 345 1158 1159 1240 
3882 1150 1201 1027 1421 
3883 930 911 929 1252 
3884 1118 1126 1021 1397 
3885 240 1319 239 1410 
3886 1049 1204 1106 1420 
3887 1007 1187 1173 1441 
3888 374 466 331 1267 
3889 1028 1090 1316 1461 
3890 1124 1267 998 1393 
3891 1016 1153 1190 1342 
3892 660 626 1127 1219 
3893 230 353 253 1432 
3894 999 1233 1231 1237 
3895 1118 1223 1126 1426 
3896 237 1081 1239 1410 
3897 322 1016 232 1270 
3898 609 697 551 1196 
3899 548 1232 601 1251 
3900 1106 1233 949 1237 
3901 669 1327 1127 1429 
3902 901 324 360 1171 
3903 810 809 725 1207 
3904 945 1300 1150 1329 
3905 310 1135 1302 1380 
3906 695 663 902 1161 
3907 475 1078 516 1268 
3908 1146 1208 1031 1339 
3909 791 786 1177 1188 
3910 726 1095 813 1249 
3911 707 1159 220 1243 
3912 719 182 1228 1398 
3913 1157 1282 1158 1364 
3914 449 415 402 1225 
3915 219 293 334 1304 
3916 957 956 1091 1149 
3917 937 1300 1329 1423 
3918 988 1360 1103 1361 
3919 991 1204 1146 1420 
3920 257 260 256 1036 
3921 928 927 909 1289 
3922 263 534 206 1075 
3923 1086 505 1267 1430 
3924 925 1140 921 1180 
3925 895 1207 1192 1468 
3926 954 929 918 1252 
3927 990 1273 1108 1415 
3928 649 1130 513 1327 
3929 1234 1279 1029 1312 
3930 1024 1187 1411 1441 
3931 295 336 1123 1268 
3932 641 1095 566 1249 
3933 1011 1095 1249 1369 
3934 1016 997 1270 1288 
3935 919 1247 1226 1363 
3936 252 1158 1297 1474 
3937 999 1231 1218 1232 
3938 1068 1277 1232 1309 
3939 1172 1263 1045 1446 
3940 795 796 797 1298 
3941 1265 1352 1064 1371 
3942 608 546 682 1092 
3943 472 1123 515 1268 
3944 648 1048 1323 1485 
3945 388 1127 462 1430 
3946 1033 1207 1161 1468 
3947 939 1085 1333 1463 
3948 237 1239 1081 1337 
3949 376 482 676 1155 
3950 1005 1198 1082 1403 
3951 350 1314 1031 1457 
3952 1047 1204 1070 1261 
3953 1041 1253 1104 1404 
3954 1203 1270 997 1288 
3955 311 1319 1172 1345 
3956 233 235 1107 1337 
3957 791 876 790 1090 
3958 1082 1243 1159 1403 
3959 1128 1176 643 1414 
3960 197 196 537 1166 
3961 743 1165 913 1326 
3962 651 1113 600 1183 
3963 989 1064 1259 1444 
3964 793 220 278 1243 
3965 837 796 1120 1354 
3966 1112 1002 1310 1429 
3967 651 693 1113 1383 
3968 1098 1349 1024 1411 
3969 513 378 532 1130 
3970 988 1103 1293 1361 
3971 580 1274 594 1353 
3972 930 1174 1252 1478 
3973 453 1114 541 1323 
3974 987 1105 1062 1431 
3975 1068 1251 999 1481 
3976 415 1149 448 1242 
3977 1084 1035 1163 1328 
3978 1195 1196 1018 1278 
3979 973 943 1076 1448 
3980 1074 1044 1274 1362 
3981 783 1147 781 1257 
3982 1062 1276 986 1344 
3983 793 707 220 1243 
3984 1213 1360 1057 1399 
3985 1017 1299 1278 1419 
3986 1050 1258 1085 1358 
3987 435 369 206 1073 
3988 1170 1303 1006 1433 
3989 1134 1018 1196 1278 
3990 1010 1077 1108 1341 
3991 396 1218 418 1232 
3992 310 1135 338 1302 
3993 396 533 548 1232 
3994 854 1224 1154 1428 
3995 298 1156 340 1424 
3996 877 863 699 1240 
3997 306 296 1123 1129 
3998 474 475 516 1268 
3999 520 1155 475 1427 
4000 436 1318 1054 1334 
4001 276 1053 1257 1345 
4002 1059 1006 1433 1470 
4003 850 846 712 1129 
4004 1086 1120 998 1393 
4005 1128 1207 1033 1395 
4006 735 750 739 1305 
4007 784 1228 874 1377 
4008 295 224 336 1268 
4009 1031 1342 350 1457 
4010 502 896 901 1171 
4011 1035 1163 1005 1198 
4012 911 1217 1080 1445 
4013 996 1116 1083 1292 
4014 1003 1140 1180 1352 
4015 549 1063 613 1372 
4016 1042 1007 1311 1434 
4017 1236 1425 1105 1484 
4018 1096 1130 1002 1331 
4019 1059 1284 1164 1476 
4020 779 1402 1240 1403 
4021 453 452 1294 1375 
4022 1003 1058 1263 1265 
4023 656 574 1116 1145 
4024 990 1227 1273 1332 
4025 1005 1136 1055 1240 
4026 993 1325 1305 1441 
4027 178 923 1227 1301 
4028 1024 1098 1271 1349 
4029 1074 1018 1214 1353 
4030 305 340 1156 1424 
4031 1125 1184 1061 1454 
4032 1071 992 1110 1356 
4033 356 220 1159 1243 
4034 492 1106 456 1231 
4035 1108 1346 1179 1444 
4036 580 1175 581 1274 
4037 479 1171 1135 1405 
4038 1090 1315 1028 1316 
4039 243 1065 245 1216 
4040 1002 1130 1111 1429 
4041 952 926 944 1279 
4042 1007 1042 1311 1321 
4043 1169 1222 1042 1406 
4044 850 812 811 1394 
4045 1173 1325 1296 1358 
4046 1022 1282 1179 1297 
4047 689 666 1209 1306 
4048 1070 1204 1047 1269 
4049 446 505 538 1086 
4050 648 691 1048 1485 
4051 590 1041 596 1404 
4052 937 1329 920 1423 
4053 337 1078 298 1268 
4054 1068 1309 1209 1373 
4055 1001 1329 1150 1409 
4056 1164 1049 1284 1339 
4057 318 319 254 1144 
4058 997 1102 1203 1288 
4059 1072 1023 1308 1370 
4060 749 769 546 1370 
4061 1013 1069 1253 1450 
4062 1091 1149 1038 1241 
4063 373 1161 887 1468 
4064 931 942 1071 1391 
4065 1051 1079 1247 1351 
4066 1043 1252 1097 1382 
4067 1054 1040 1301 1318 
4068 958 1149 970 1225 
4069 1251 1376 1069 1486 
4070 554 438 399 1126 
4071 1026 1276 1142 1418 
4072 1017 1299 1215 1428 
4073 1003 1265 1263 1446 
4074 998 1083 1298 1354 
4075 1185 1283 1031 1314 
4076 341 1235 308 1380 
4077 1010 1108 1064 1359 
4078 235 1185 1337 1342 
4079 243 347 1065 1408 
4080 310 1302 1148 1380 
4081 782 766 1144 1459 
4082 1045 1279 1140 1371 
4083 1048 1201 1131 1485 
4084 992 1170 1110 1406 
4085 1047 1269 412 1309 
4086 508 1276 426 1379 
4087 414 1118 489 1285 
4088 835 1165 743 1326 
4089 986 1344 1381 1431 
4090 436 1054 437 1334 
4091 924 1180 912 1313 
4092 889 1192 894 1472 
4093 999 1068 1232 1251 
4094 1005 1328 1198 1402 
4095 694 637 880 1207 
4096 884 1262 767 1462 
4097 1078 298 1268 1424 
4098 458 1091 524 1324 
4099 1008 1271 1098 1338 
4100 797 1112 1298 1354 
4101 885 1192 708 1207 
4102 1000 1196 1160 1439 
4103 356 279 1243 1291 
4104 275 1244 1257 1320 
4105 850 1129 812 1394 
4106 315 1058 319 1264 
4107 985 1067 1187 1452 
4108 990 1108 1077 1341 
4109 1017 1215 1419 1445 
4110 388 461 1219 1430 
4111 626 668 660 1127 
4112 1076 1104 1358 1392 
4113 990 1179 1108 1341 
4114 1154 1224 1215 1428 
4115 1104 1392 1076 1450 
4116 1039 1406 1311 1451 
4117 801 1355 843 1390 
4118 1108 1259 1064 1444 
4119 393 467 468 1331 
4120 335 296 304 1191 
4121 1195 1266 1018 1447 
4122 1109 1016 1153 1386 
4123 963 1090 1407 1417 
4124 659 618 692 1126 
4125 867 965 1147 1417 
4126 875 780 690 1200 
4127 840 723 1122 1354 
4128 188 189 1119 1166 
4129 691 545 648 1048 
4130 1149 1038 1241 1242 
4131 1131 1376 1251 1486 
4132 988 1134 1074 1361 
4133 438 399 1126 1426 
4134 1006 1258 1050 1358 
4135 1007 1321 1132 1434 
4136 436 544 1318 1334 
4137 1105 1379 1026 1425 
4138 921 177 912 1077 
4139 433 464 495 1367 
4140 801 1111 1355 1390 
4141 781 1147 775 1257 
4142 437 1322 517 1324 
4143 710 1235 1148 1369 
4144 1052 1238 1035 1328 
4145 391 472 515 1268 
4146 1239 1255 1081 1336 
4147 214 1124 352 1267 
4148 503 400 695 1161 
4149 1088 1178 1027 1437 
4150 942 1246 1303 1391 
4151 1003 1064 1265 1352 
4152 836 864 825 1349 
4153 1027 1335 1376 1486 
4154 958 977 956 1149 
4155 856 710 215 1148 
4156 508 1142 1276 1418 
4157 545 397 647 1323 
4158 393 468 1096 1331 
4159 843 1355 1141 1390 
4160 475 1078 1268 1427 
4161 807 1128 635 1249 
4162 1026 1416 1066 1425 
4163 1080 1174 1009 1217 
4164 1062 1341 1179 1442 
4165 233 1153 235 1337 
4166 1013 1335 1076 1448 
4167 1003 1259 1058 1265 
4168 1007 1212 1187 1441 
4169 190 1021 188 1398 
4170 388 462 461 1430 
4171 948 946 984 1237 
4172 1014 1156 1078 1424 
4173 968 523 365 1106 
4174 1015 1153 1107 1337 
4175 772 203 1257 1320 
4176 1039 1250 1151 1458 
4177 313 1122 332 1304 
4178 1046 1211 1000 1381 
4179 257 260 1036 1291 
4180 1001 1248 1079 1449 
4181 1023 1165 1167 1202 
4182 594 1281 1121 1317 
4183 1005 1158 1136 1240 
4184 1032 1260 1254 1413 
4185 375 521 1197 1378 
4186 966 1387 1151 1458 
4187 1157 1259 1022 1444 
4188 771 1092 608 1093 
4189 1092 1072 1368 1370 
4190 1236 1351 499 1372 
4191 638 565 637 1207 
4192 1201 1248 928 1449 
4193 998 1086 1267 1430 
4194 1009 1214 1138 1353 
4195 1017 1278 1214 1419 
4196 331 281 1086 1267 
4197 328 257 1229 1291 
4198 258 350 1185 1342 
4199 432 1105 430 1236 
4200 1029 1279 1172 1345 
4201 740 1212 741 1411 
4202 1142 1229 1025 1282 
4203 1003 1352 1265 1371 
4204 775 787 773 1186 
4205 1052 1194 1035 1238 
4206 459 656 460 1116 
4207 973 1133 941 1448 
4208 610 1074 1274 1353 
4209 375 556 681 1176 
4210 515 1123 473 1454 
4211 1005 1159 1158 1240 
4212 580 581 582 1274 
4213 745 1097 788 1382 
4214 206 369 327 1073 
4215 1024 1349 1113 1464 
4216 642 641 636 1414 
4217 741 1411 1098 1412 
4218 1152 1153 1015 1190 
4219 1095 1156 1014 1394 
4220 1027 1150 1088 1437 
4221 1165 1326 835 1483 
4222 573 1400 1100 1479 
4223 297 337 298 1268 
4224 193 221 320 1119 
4225 1079 1247 507 1294 
4226 762 1055 863 1402 
4227 567 727 805 1206 
4228 805 633 567 1206 
4229 1097 1224 789 1469 
4230 915 174 1115 1215 
4231 991 1433 1199 1470 
4232 956 916 957 1091 
4233 985 1162 1117 1223 
4234 1185 1239 1030 1283 
4235 1075 1322 1073 1332 
4236 1078 1155 1014 1427 
4237 1088 1121 1032 1438 
4238 1180 1227 912 1313 
4239 385 1149 415 1225 
4240 734 1092 1368 1370 
4241 587 1069 589 1253 
4242 952 1316 1115 1371 
4243 425 1101 1379 1443 
4244 1003 1064 1259 1265 
4245 408 413 456 1204 
4246 409 1070 411 1269 
4247 413 416 1231 1309 
4248 555 888 897 1161 
4249 1072 1023 1370 1435 
4250 485 1197 521 1378 
4251 758 768 763 1052 
4252 736 1250 1212 1434 
4253 1133 1260 941 1448 
4254 261 1107 1244 1295 
4255 1017 1215 1056 1419 
4256 225 1123 296 1191 
4257 989 1359 1064 1444 
4258 520 482 1155 1427 
4259 1062 1103 986 1346 
4260 656 459 553 1145 
4261 1212 1305 1024 1441 
4262 1014 1155 1095 1401 
4263 986 1276 1282 1344 
4264 404 405 406 1146 
4265 1217 1362 1080 1419 
4266 1278 1299 988 1419 
4267 1013 1104 1076 1450 
4268 1121 1174 1020 1300 
4269 264 1065 347 1408 
4270 1113 1200 1021 1383 
4271 1214 1362 1217 1419 
4272 401 402 415 1283 
4273 690 200 875 1200 
4274 1037 1234 1081 1272 
4275 508 426 498 1379 
4276 615 1193 583 1409 
4277 308 216 1156 1235 
4278 717 959 861 1326 
4279 1040 1054 1307 1318 
4280 1013 1260 1133 1448 
4281 1059 1303 1246 1391 
4282 820 840 723 1122 
4283 1116 1219 998 1482 
4284 1002 1112 1310 1355 
4285 987 1057 1210 1360 
4286 1046 1145 996 1292 
4287 1131 1201 1114 1376 
4288 1060 1237 1106 1440 
4289 1184 1366 1061 1454 
4290 1263 1264 247 1436 
4291 1123 296 1191 1366 
4292 1319 1410 1081 1455 
4293 653 586 588 1254 
4294 276 1053 1345 1436 
4295 1060 1237 1089 1277 
4296 978 1340 968 1440 
4297 294 471 392 1191 
4298 655 1083 657 1298 
4299 356 1243 1159 1291 
4300 580 582 1121 1274 
4301 961 954 1165 1202 
4302 920 1057 1399 1423 
4303 1025 1179 1101 1276 
4304 798 1112 797 1354 
4305 363 1188 209 1257 
4306 1167 1245 696 1483 
4307 1069 1137 589 1253 
4308 392 473 1123 1191 
4309 1025 1179 1276 1282 
4310 1160 1292 996 1374 
4311 1080 1213 1205 1423 
4312 590 595 596 1137 
4313 1020 1174 1080 1423 
4314 936 1220 963 1407 
4315 578 1274 1074 1348 
4316 1009 1353 1274 1362 
4317 670 629 1389 1429 
4318 1016 1190 1203 1342 
4319 592 1167 674 1317 
4320 899 886 895 1207 
4321 1099 985 1168 1296 
4322 867 917 965 1417 
4323 1052 1215 1299 1428 
4324 197 189 196 1166 
4325 968 1340 1106 1440 
4326 179 1226 1318 1363 
4327 1097 1252 1043 1326 
4328 670 1389 1130 1429 
4329 289 352 214 1124 
4330 215 853 307 1235 
4331 965 1147 964 1186 
4332 920 1329 1057 1423 
4333 999 1131 1114 1376 
4334 179 1318 1301 1363 
4335 261 1244 275 1320 
4336 1051 1289 1248 1453 
4337 1205 1210 1057 1360 
4338 602 1372 1066 1416 
4339 215 1235 341 1380 
4340 1018 1353 1074 1471 
4341 1000 1160 1082 1439 
4342 246 251 252 1022 
4343 1026 1276 1062 1344 
4344 601 1137 1068 1306 
4345 766 699 863 1459 
4346 909 1289 1057 1329 
4347 557 1219 1116 1482 
4348 553 459 387 1145 
4349 244 242 243 1182 
4350 1086 998 1267 1393 
4351 1001 1248 1289 1453 
4352 771 1305 1093 1464 
4353 1100 1026 1344 1418 
4354 376 485 1155 1197 
4355 1095 1011 1249 1414 
4356 1005 1163 1157 1364 
4357 1009 1217 1214 1362 
4358 1111 1141 1002 1355 
4359 386 603 1351 1456 
4360 476 518 395 1135 
4361 1136 1157 1022 1158 
4362 1133 1032 1300 1478 
4363 446 459 1116 1145 
4364 1054 1324 437 1334 
4365 338 299 227 1135 
4366 698 662 555 1207 
4367 220 778 266 1159 
4368 616 454 396 1323 
4369 1000 1012 1211 1400 
4370 1202 1260 976 1478 
4371 647 454 616 1323 
4372 844 1024 750 1464 
4373 202 325 398 1241 
4374 741 1349 1098 1411 
4375 254 1058 315 1263 
4376 1108 1341 1179 1346 
4377 629 569 630 1111 
4378 222 278 279 1120 
4379 1020 1121 1274 1362 
4380 557 656 661 1116 
4381 507 1079 451 1247 
4382 802 732 801 1111 
4383 1027 1193 1150 1437 
4384 302 1135 1171 1302 
4385 1057 1329 1020 1423 
4386 1084 1163 1157 1328 
4387 822 1151 1250 1458 
4388 630 646 629 1181 
4389 775 772 781 1257 
4390 1024 1305 750 1464 
4391 360 301 478 1171 
4392 1031 1190 1185 1342 
4393 629 1181 646 1389 
4394 1013 1335 1069 1450 
4395 1018 1214 1138 1266 
4396 1029 1244 1220 1345 
4397 328 1229 1143 1291 
4398 1066 1100 1012 1479 
4399 740 1132 1212 1411 
4400 994 1089 1450 1481 
4401 1047 1106 1204 1420 
4402 835 1326 744 1483 
4403 1139 1289 178 1363 
4404 1182 1273 1019 1408 
4405 463 444 372 1142 
4406 1250 1311 1007 1434 
4407 1311 1434 1250 1451 
4408 291 351 312 1304 
4409 1089 1237 999 1277 
4410 1123 1125 1366 1454 
4411 1117 1118 995 1223 
4412 356 279 278 1243 
4413 762 766 1055 1262 
4414 542 498 431 1379 
4415 589 601 1137 1251 
4416 1040 1367 1105 1477 
4417 1002 1127 1124 1331 
4418 446 443 459 1145 
4419 1023 1202 1167 1413 
4420 537 268 354 1285 
4421 582 581 583 1409 
4422 502 887 896 1171 
4423 1019 1182 1180 1273 
4424 1035 1195 1000 1198 
4425 431 1105 432 1425 
4426 328 1143 358 1291 
4427 1196 1211 697 1400 
4428 1276 1379 1101 1443 
4429 989 1328 1084 1444 
4430 428 427 1307 1379 
4431 754 1195 1198 1439 
4432 1069 1450 1089 1481 
4433 1057 1020 1205 1423 
4434 542 508 1026 1418 
4435 1080 1174 1020 1362 
4436 1071 1303 1059 1391 
4437 392 225 294 1191 
4438 1066 1330 1286 1479 
4439 1045 1172 1140 1279 
4440 1072 1333 1085 1463 
4441 261 1244 1169 1295 
4442 732 1111 569 1310 
4443 1287 1351 1063 1456 
4444 1056 1215 1017 1299 
4445 732 800 1111 1310 
4446 1072 1368 993 1435 
4447 942 971 1246 1391 
4448 435 534 517 1322 
4449 1187 1321 1067 1432 
4450 992 1311 1170 1406 
4451 778 1159 707 1403 
4452 661 1116 1292 1482 
4453 816 856 860 1395 
4454 602 613 1066 1372 
4455 906 323 889 1472 
4456 221 184 321 1119 
4457 744 1382 792 1483 
4458 1209 1309 995 1373 
4459 1101 1307 427 1379 
4460 1034 1244 1356 1406 
4461 369 1073 1385 1473 
4462 190 186 1021 1398 
4463 336 306 296 1123 
4464 1130 1327 1002 1331 
4465 827 1212 1132 1434 
4466 613 1286 1063 1287 
4467 993 1087 1305 1368 
4468 1034 1244 1220 1356 
4469 735 736 730 1087 
4470 1044 1330 1361 1479 
4471 892 889 898 1171 
4472 985 1067 1162 1187 
4473 992 1152 1067 1386 
4474 247 1172 1263 1436 
4475 1226 1247 1051 1363 
4476 1008 1270 1162 1338 
4477 372 1142 444 1143 
4478 676 558 376 1155 
4479 1059 1006 1303 1433 
4480 983 1387 966 1458 
4481 666 601 617 1068 
4482 308 307 216 1235 
4483 584 1178 586 1254 
4484 800 801 732 1111 
4485 379 649 513 1327 
4486 1035 1084 1163 1293 
4487 1069 1376 1335 1486 
4488 396 418 533 1232 
4489 815 1128 807 1369 
4490 1072 1370 1092 1435 
4491 1039 1222 1406 1451 
4492 1094 1104 1013 1253 
4493 1045 1407 1315 1436 
4494 1212 1250 1007 1434 
4495 968 949 1106 1233 
4496 1067 1152 1199 1386 
4497 954 913 1165 1326 
4498 473 1123 1191 1454 
4499 340 216 305 1156 
4500 1008 1098 1228 1338 
4501 1112 1122 998 1354 
4502 603 1287 1063 1456 
4503 681 684 570 1161 
4504 886 1192 895 1207 
4505 976 1260 1085 1448 
4506 410 411 1070 1118 
4507 946 1201 928 1421 
4508 569 1310 1111 1429 
4509 1137 1253 1041 1404 
4510 901 898 324 1171 
4511 476 518 1135 1221 
4512 1201 1048 1294 1449 
4513 1068 1209 1306 1373 
4514 1016 1153 1152 1190 
4515 220 707 778 1159 
4516 1003 1263 1182 1446 
4517 992 1067 1311 1386 
4518 1010 1077 1139 1399 
4519 844 1349 1024 1464 
4520 1034 1220 1110 1356 
4521 302 338 1135 1302 
4522 606 1018 1447 1471 
4523 1006 1246 1076 1392 
4524 937 920 922 1423 
4525 817 1181 802 1390 
4526 994 1392 1104 1450 
4527 888 900 895 1207 
4528 475 520 485 1155 
4529 506 462 1127 1327 
4530 1004 1181 1061 1480 
4531 1118 1166 997 1285 
4532 650 675 559 1125 
4533 299 1135 338 1221 
4534 1014 1125 1123 1427 
4535 257 1229 1036 1474 
4536 1062 1101 1379 1442 
4537 424 1073 1322 1385 
4538 801 817 802 1390 
4539 599 1183 596 1306 
4540 762 1238 1055 1402 
4541 654 1094 653 1253 
4542 1182 1280 248 1408 
4543 1009 1274 1121 1362 
4544 1062 1276 1026 1379 
4545 1031 1283 1208 1314 
4546 1128 1249 807 1369 
4547 460 1116 557 1219 
4548 693 1113 1200 1349 
4549 216 711 851 1156 
4550 454 647 397 1323 
4551 1114 1131 999 1218 
4552 508 1142 426 1276 
4553 427 1101 424 1322 
4554 762 1238 763 1262 
4555 1137 1068 1306 1373 
4556 1007 1212 1087 1250 
4557 994 1168 1099 1466 
4558 1044 1286 1210 1330 
4559 969 1114 955 1201 
4560 1010 1360 1213 1399 
4561 582 1121 1088 1438 
4562 702 861 981 1224 
4563 1284 1440 1164 1476 
4564 1164 1440 950 1476 
4565 610 1274 580 1353 
4566 519 1184 1125 1454 
4567 1020 1300 1150 1409 
4568 234 1153 322 1342 
4569 1014 1078 1268 1424 
4570 728 730 822 1151 
4571 722 965 870 1186 
4572 649 670 1130 1327 
4573 1089 1335 1076 1450 
4574 968 523 1106 1340 
4575 1009 1080 1217 1362 
4576 378 560 480 1184 
4577 557 660 388 1219 
4578 1094 1384 1254 1413 
4579 661 557 1116 1482 
4580 841 1042 777 1396 
4581 1220 1244 1029 1356 
4582 1065 1273 1182 1408 
4583 1003 1140 1352 1371 
4584 1012 1211 1100 1381 
4585 945 937 1300 1329 
4586 933 1234 1256 1391 
4587 282 283 1122 1393 
4588 1236 1367 1051 1477 
4589 791 790 786 1188 
4590 990 1332 1273 1415 
4591 1236 1372 432 1425 
4592 1100 1211 1012 1400 
4593 277 1242 1239 1283 
4594 663 555 897 1161 
4595 1296 1358 1104 1392 
4596 1086 1143 996 1291 
4597 583 1409 1193 1437 
4598 1246 1391 971 1476 
4599 963 1090 962 1316 
4600 867 965 722 1147 
4601 400 570 695 1161 
4602 1195 1196 1000 1439 
4603 629 1111 1389 1429 
4604 1142 1229 463 1443 
4605 436 1307 1054 1318 
4606 1060 994 1392 1466 
4607 558 1155 642 1197 
4608 991 1199 1117 1261 
4609 1037 1172 1140 1446 
4610 1084 1103 986 1293 
4611 993 1305 1092 1368 
4612 1022 1158 1157 1282 
4613 398 325 440 1241 
4614 895 1192 893 1468 
4615 710 1148 855 1369 
4616 1139 1289 1057 1399 
4617 1143 1229 1036 1291 
4618 630 802 731 1181 
4619 371 1209 617 1309 
4620 568 630 731 1181 
4621 774 841 1396 1451 
4622 1107 1244 1295 1356 
4623 822 1151 730 1250 
4624 814 1156 711 1235 
4625 235 236 1107 1455 
4626 1056 1299 1017 1419 
4627 736 1212 827 1434 
4628 892 896 887 1171 
4629 606 1018 688 1388 
4630 295 296 225 1123 
4631 985 1296 1173 1325 
4632 612 696 1043 1317 
4633 268 321 354 1285 
4634 649 379 561 1327 
4635 858 749 771 1092 
4636 1017 1224 1097 1469 
4637 792 1382 879 1483 
4638 1098 1228 836 1412 
4639 334 293 218 1141 
4640 953 925 921 1180 
4641 151 805 567 727 
4642 726 805 566 152 
4643 151 805 633 567 
4644 633 566 805 152 
4645 262 1169 1396 1422 
4646 1036 1142 1046 1344 
4647 333 272 1185 1239 
4648 366 1102 211 1285 
4649 631 731 149 803 
4650 802 148 630 731 
4651 147 630 569 802 
4652 554 399 618 1126 
4653 732 147 569 802 
4654 148 568 630 731 
4655 731 631 149 568 
4656 569 628 1310 1429 
4657 1215 1056 1419 1445 
4658 769 1245 604 1370 
4659 1266 1388 1018 1447 
4660 363 276 1053 1257 
4661 1059 1391 1246 1476 
4662 574 1116 1145 1292 
4663 942 1303 1071 1391 
4664 325 440 1241 1242 
4665 1010 1139 1077 1341 
4666 1079 451 1247 1351 
4667 778 779 1240 1403 
4668 924 953 912 1180 
4669 993 1325 1173 1358 
4670 506 512 462 1327 
4671 921 1180 1140 1352 
4672 857 1159 707 1243 
4673 915 173 174 1215 
4674 411 1269 1118 1426 
4675 1190 1203 1031 1288 
4676 1078 1014 1268 1427 
4677 1062 1105 1026 1431 
4678 1135 1033 1171 1302 
4679 1057 1289 1139 1477 
4680 997 1162 1016 1270 
4681 340 298 308 1156 
4682 839 1092 734 1370 
4683 1004 1130 1096 1350 
4684 1372 1425 1236 1484 
4685 1067 1433 1006 1452 
4686 922 911 1080 1445 
4687 627 562 145 733 
4688 1017 1419 1217 1445 
4689 472 392 473 1123 
4690 583 1088 1409 1437 
4691 1081 1234 1037 1319 
4692 512 1327 470 1331 
4693 650 673 675 1184 
4694 345 317 1158 1240 
4695 1123 1129 1014 1424 
4696 1135 1221 518 1378 
4697 1079 1351 1051 1453 
4698 682 1094 654 1404 
4699 863 762 766 1055 
4700 316 1188 1053 1436 
4701 1082 1159 1243 1291 
4702 696 552 612 1043 
4703 1095 1014 1206 1394 
4704 1117 1199 1099 1261 
4705 145 627 733 799 
4706 560 650 480 1184 
4707 247 1263 1172 1446 
4708 1025 1142 1282 1344 
4709 1165 1167 1043 1483 
4710 986 1084 1157 1444 
4711 579 1175 1044 1286 
4712 1003 1265 1140 1371 
4713 439 499 1351 1372 
4714 760 1374 1160 1439 
4715 889 893 894 1192 
4716 1014 1095 1206 1401 
4717 861 789 745 1097 
4718 1047 1309 1277 1373 
4719 986 1157 1084 1163 
4720 800 801 1111 1355 
4721 1137 1306 1168 1373 
4722 1220 1279 1053 1407 
4723 771 858 1092 1305 
4724 1041 1306 1183 1365 
4725 387 1145 442 1418 
4726 586 587 588 1178 
4727 1135 1171 1033 1405 
4728 713 1189 818 1390 
4729 338 1221 1135 1380 
4730 714 842 1304 1355 
4731 313 332 219 1304 
4732 309 1148 310 1302 
4733 248 1280 1275 1408 
4734 995 1306 1209 1373 
4735 398 440 448 1241 
4736 1141 1343 1189 1390 
4737 1188 1315 1053 1436 
4738 800 1111 1310 1355 
4739 1111 1130 1004 1389 
4740 1296 1325 985 1365 
4741 941 1260 1133 1478 
4742 316 363 1053 1188 
4743 976 939 938 1085 
4744 857 883 707 1403 
4745 773 1320 1222 1396 
4746 1056 1213 1064 1359 
4747 778 707 779 1403 
4748 677 1113 1349 1464 
4749 862 967 1151 1458 
4750 963 1090 1316 1407 
4751 1247 1248 919 1294 
4752 772 203 288 1257 
4753 1023 1167 1165 1245 
4754 1002 1327 1127 1331 
4755 862 967 700 1151 
4756 1172 1279 1045 1436 
4757 1176 1197 556 1414 
4758 825 780 1200 1349 
4759 951 1255 1164 1256 
4760 362 347 264 1065 
4761 333 258 350 1185 
4762 429 1226 464 1367 
4763 1016 1162 1067 1432 
4764 744 835 743 1326 
4765 1184 1350 1130 1389 
4766 564 1160 824 1374 
4767 875 200 185 1200 
4768 376 520 482 1155 
4769 1038 1239 1081 1410 
4770 425 1385 1101 1443 
4771 405 1208 403 1357 
4772 1140 1172 1045 1446 
4773 427 434 1307 1322 
4774 1008 1230 1132 1321 
4775 385 415 530 1225 
4776 754 1195 755 1198 
4777 1033 1148 1128 1395 
4778 834 1377 1230 1412 
4779 606 1447 1196 1471 
4780 233 1153 1107 1295 
4781 951 1256 1164 1391 
4782 789 788 745 1097 
4783 930 974 911 1174 
4784 338 1135 310 1380 
4785 366 1357 419 1457 
4786 356 278 220 1243 
4787 1089 1335 1069 1376 
4788 458 1091 1324 1467 
4789 315 1263 1058 1264 
4790 1119 1166 997 1338 
4791 668 506 1127 1327 
4792 720 1090 917 1417 
4793 1108 1064 1359 1444 
4794 1081 1272 1038 1410 
4795 736 1087 735 1212 
4796 428 430 1105 1367 
4797 749 1092 839 1370 
4798 1009 1174 1080 1362 
4799 709 869 1083 1374 
4800 940 1076 943 1448 
4801 1044 1360 1205 1361 
4802 668 1127 669 1327 
4803 790 1188 1090 1417 
4804 941 1133 973 1478 
4805 1031 1203 1190 1342 
4806 1097 1326 1043 1382 
4807 1150 1300 1020 1329 
4808 1000 1163 1035 1198 
4809 946 928 945 1421 
4810 1047 1261 1269 1373 
4811 841 777 1042 1434 
4812 256 345 1158 1159 
4813 1101 1322 1073 1385 
4814 879 665 552 1382 
4815 1044 1330 1360 1361 
4816 784 826 874 1228 
4817 246 252 348 1136 
4818 987 1236 1105 1484 
4819 1006 1358 1296 1392 
4820 434 436 1307 1322 
4821 261 262 1169 1320 
4822 1119 1228 1008 1377 
4823 483 515 473 1454 
4824 1180 1273 1003 1352 
4825 999 1251 1131 1376 
4826 1018 1214 1266 1278 
4827 238 1319 311 1345 
4828 506 462 388 1127 
4829 204 319 1144 1177 
4830 601 1068 666 1306 
4831 937 922 974 1300 
4832 562 623 144 733 
4833 357 1203 269 1285 
4834 999 1218 1131 1251 
4835 349 221 321 1119 
4836 1045 1264 1315 1316 
4837 1102 1031 1203 1288 
4838 1135 1148 1033 1302 
4839 1025 1276 1142 1344 
4840 1096 1141 1004 1343 
4841 1007 1132 1187 1212 
4842 985 1223 1168 1365 
4843 424 1322 1101 1385 
4844 317 1136 1158 1240 
4845 1074 1353 610 1471 
4846 788 1138 847 1382 
4847 1082 1159 1005 1403 
4848 470 513 1130 1327 
4849 741 836 746 1412 
4850 1237 1440 1060 1476 
4851 333 277 1239 1283 
4852 461 505 460 1219 
4853 483 1125 482 1427 
4854 837 796 823 1120 
4855 518 1135 1378 1405 
4856 260 1159 1036 1291 
4857 826 719 191 1228 
4858 1064 1213 1010 1359 
4859 432 431 430 1105 
4860 368 1225 449 1340 
4861 1020 1329 1300 1423 
4862 376 484 485 1197 
4863 795 144 623 733 
4864 593 1175 1286 1287 
4865 293 359 218 1141 
4866 1151 1387 966 1463 
4867 876 1090 720 1417 
4868 898 212 324 1171 
4869 439 499 386 1351 
4870 994 1296 1104 1392 
4871 648 1323 1131 1485 
4872 1000 1293 1163 1381 
4873 1026 1381 1344 1431 
4874 994 1099 1168 1296 
4875 1239 1242 1030 1283 
4876 1019 1280 1182 1408 
4877 976 1085 938 1448 
4878 862 700 728 1151 
4879 1183 1209 1126 1426 
4880 1201 1376 1131 1485 
4881 1037 1272 1081 1410 
4882 782 1144 274 1459 
4883 1082 1243 996 1291 
4884 497 1269 527 1426 
4885 955 1114 914 1294 
4886 632 646 568 1181 
4887 663 897 902 1161 
4888 1000 1196 1134 1400 
4889 236 1244 1107 1455 
4890 1169 1320 262 1396 
4891 1051 1367 1226 1477 
4892 770 1245 1165 1483 
4893 994 1277 1089 1481 
4894 1081 1256 1255 1272 
4895 955 1248 1201 1294 
4896 846 850 818 1189 
4897 776 1230 229 1422 
4898 1115 1316 1265 1371 
4899 600 651 693 1113 
4900 772 288 781 1257 
4901 952 944 1316 1407 
4902 246 348 254 1136 
4903 263 206 264 1075 
4904 78 467 393 290 
4905 713 818 845 1390 
4906 1092 1305 858 1368 
4907 252 1297 255 1474 
4908 986 1103 1084 1346 
4909 986 1282 1157 1364 
4910 232 1109 1153 1295 
4911 1004 1141 1111 1390 
4912 1031 1208 1146 1357 
4913 1072 1308 1023 1333 
4914 1125 1061 1366 1454 
4915 408 409 412 1269 
4916 490 273 372 1143 
4917 1140 1265 1045 1371 
4918 1081 1015 1256 1347 
4919 577 579 1044 1286 
4920 606 688 1018 1471 
4921 818 1189 850 1480 
4922 1045 1263 1264 1265 
4923 1044 1361 1348 1479 
4924 1016 1067 1386 1432 
4925 1103 1381 1012 1431 
4926 820 842 840 1122 
4927 930 1202 976 1478 
4928 290 393 78 226 
4929 689 554 618 1126 
4930 1002 1127 1327 1429 
4931 374 538 505 1086 
4932 1151 1387 1039 1458 
4933 1020 1150 1329 1409 
4934 237 1239 250 1410 
4935 793 1120 823 1243 
4936 446 460 505 1116 
4937 1016 1203 1190 1288 
4938 1025 1101 1073 1385 
4939 1053 1315 1407 1436 
4940 1273 1332 1065 1415 
4941 283 313 282 1122 
4942 993 1093 1305 1325 
4943 306 339 296 1129 
4944 688 610 1353 1471 
4945 281 1267 280 1393 
4946 434 437 436 1322 
4947 1029 1319 1234 1347 
4948 993 1368 1092 1435 
4949 1002 1304 1122 1355 
4950 816 815 1369 1395 
4951 969 949 1233 1237 
4952 739 741 740 1212 
4953 815 1128 1369 1395 
4954 1061 1366 1004 1480 
4955 374 505 466 1267 
4956 639 1206 1401 1475 
4957 519 1125 483 1454 
4958 978 950 958 1225 
4959 1165 770 1308 1370 
4960 1040 1341 1139 1477 
4961 492 365 523 1106 
4962 1272 1280 1038 1410 
4963 1275 1280 1019 1408 
4964 1183 1209 995 1306 
4965 507 451 495 1247 
4966 448 458 398 1467 
4967 909 177 920 1399 
4968 1053 1315 1188 1417 
4969 578 579 1044 1348 
4970 1007 1311 1067 1321 
4971 811 1394 1206 1475 
4972 1135 1176 1011 1378 
4973 188 189 184 1119 
4974 976 939 1085 1333 
4975 1168 1261 1099 1466 
4976 1000 1082 1198 1439 
4977 921 925 907 1140 
4978 1069 1178 587 1486 
4979 937 973 1133 1478 
4980 285 1177 284 1188 
4981 635 565 807 154 
4982 1043 1281 612 1317 
4983 242 1182 1263 1446 
4984 1106 1237 949 1440 
4985 1027 1376 1201 1485 
4986 226 471 79 294 
4987 471 226 79 393 
4988 778 779 877 1240 
4989 775 1147 722 1186 
4990 1107 1029 1244 1356 
4991 680 1176 556 1414 
4992 1036 1143 1142 1229 
4993 968 1106 949 1440 
4994 345 1159 266 1240 
4995 1044 1286 1330 1479 
4996 400 540 503 695 
4997 940 1258 934 1303 
4998 754 753 1195 1439 
4999 1265 1316 1045 1371 
5000 916 1301 179 1318 
5001 306 305 1129 1424 
5002 490 445 538 1143 
5003 605 654 682 1094 
5004 186 190 1021 1383 
5005 835 770 1165 1483 
5006 696 674 1167 1317 
5007 1088 1300 1020 1409 
5008 381 1114 914 1233 
5009 902 890 503 1161 
5010 487 375 1176 1378 
5011 624 562 1112 1298 
5012 780 875 825 1200 
5013 573 1211 1100 1400 
5014 1196 1447 1018 1471 
5015 1150 1193 1027 1449 
5016 1104 1253 1137 1450 
5017 1017 1266 1194 1469 
5018 607 690 780 1200 
5019 1037 1280 1272 1410 
5020 610 1074 578 1274 
5021 1075 1324 1054 1332 
5022 890 373 503 1161 
5023 735 1305 1087 1368 
5024 492 1106 1231 1233 
5025 341 308 300 1380 
5026 1075 1322 1054 1324 
5027 1077 1227 1180 1273 
5028 978 968 949 1440 
5029 907 1064 1352 1371 
5030 1162 1187 1067 1432 
5031 878 824 564 1160 
5032 281 213 331 1086 
5033 580 1121 594 1274 
5034 710 855 1235 1369 
5035 276 316 1053 1436 
5036 501 462 1124 1430 
5037 242 1172 240 1446 
5038 932 1110 936 1220 
5039 788 1138 1266 1388 
5040 1033 1176 1135 1405 
5041 675 640 1125 1401 
5042 1025 1282 1229 1474 
5043 661 1116 574 1292 
5044 1097 1217 1009 1252 
5045 215 710 853 1235 
5046 501 462 488 1124 
5047 495 1247 451 1351 
5048 625 624 562 1112 
5049 591 1131 645 1251 
5050 816 1369 1148 1395 
5051 1011 1148 1135 1380 
5052 917 1090 720 1461 
5053 263 389 534 1465 
5054 948 1440 1237 1476 
5055 687 1251 1069 1486 
5056 890 887 373 1161 
5057 1032 1174 1300 1478 
5058 1081 1256 1015 1336 
5059 1068 1277 1309 1373 
5060 997 1223 1162 1338 
5061 907 1140 926 1371 
5062 1212 1411 1187 1441 
5063 1132 1411 740 1412 
5064 827 1132 834 1434 
5065 1041 1168 1137 1306 
5066 606 1018 1388 1447 
5067 375 486 487 1176 
5068 1107 1029 1347 1455 
5069 435 206 534 1073 
5070 1169 1295 1109 1422 
5071 515 1268 1123 1427 
5072 336 1123 1268 1424 
5073 961 1165 913 1308 
5074 405 404 403 1208 
5075 1150 1027 1201 1449 
5076 206 265 264 1073 
5077 331 466 214 1267 
5078 668 626 669 1127 
5079 988 1278 1134 1293 
5080 1026 1100 1066 1416 
5081 235 1153 234 1342 
5082 478 395 479 1171 
5083 1132 1321 1042 1434 
5084 310 1148 215 1380 
5085 809 832 880 1207 
5086 218 303 713 1189 
5087 1044 1074 1348 1361 
5088 932 1110 1220 1312 
5089 1004 1184 1350 1454 
5090 181 1166 188 1397 
5091 1165 1245 1167 1483 
5092 1141 1355 1111 1390 
5093 1076 940 1258 1448 
5094 1069 1335 1089 1450 
5095 1201 1449 1027 1485 
5096 986 1157 1163 1364 
5097 1016 1199 1152 1386 
5098 1165 1245 770 1370 
5099 713 303 846 1189 
5100 964 910 965 1186 
5101 366 1102 465 1357 
5102 1132 1230 1008 1412 
5103 1128 1148 1011 1369 
5104 724 204 782 1144 
5105 1022 1259 1216 1415 
5106 1054 1322 1075 1332 
5107 672 1130 670 1389 
5108 287 1275 248 1280 
5109 1030 1185 1283 1339 
5110 719 872 836 1228 
5111 675 639 640 1401 
5112 1085 1260 1013 1448 
5113 483 377 482 1125 
5114 608 771 546 1092 
5115 1057 1213 1399 1423 
5116 854 172 705 1154 
5117 241 1182 242 1446 
5118 1261 1420 991 1466 
5119 885 1192 1207 1395 
5120 994 1060 1277 1466 
5121 809 565 637 155 
5122 809 565 155 725 
5123 1029 1107 1347 1356 
5124 537 1166 421 1285 
5125 869 796 709 1083 
5126 1009 1217 1174 1252 
5127 997 1162 1117 1288 
5128 845 843 1141 1390 
5129 194 190 1383 1397 
5130 872 836 1228 1412 
5131 241 242 240 1446 
5132 301 302 227 1171 
5133 819 823 793 1120 
5134 886 831 904 1192 
5135 1049 1164 1284 1440 
5136 1035 1195 1194 1278 
5137 415 448 440 1242 
5138 1104 1253 1094 1404 
5139 577 1044 579 1348 
5140 974 1174 930 1478 
5141 992 1109 1295 1386 
5142 497 1209 1269 1426 
5143 1215 1224 1017 1428 
5144 186 1021 1200 1383 
5145 237 272 1239 1337 
5146 222 41 278 793 
5147 407 406 405 1146 
5148 1029 1279 1220 1312 
5149 1113 1271 1098 1349 
5150 740 1132 827 1212 
5151 1059 991 1284 1470 
5152 417 492 1231 1233 
5153 1154 1215 1052 1428 
5154 1126 1383 1021 1397 
5155 921 1140 907 1352 
5156 745 717 861 1326 
5157 979 937 973 1133 
5158 786 35 724 1177 
5159 416 1232 1231 1309 
5160 589 687 601 1251 
5161 326 1119 349 1270 
5162 1074 1214 988 1362 
5163 1004 1350 1191 1454 
5164 983 966 964 1458 
5165 236 261 1107 1244 
5166 979 1133 973 1421 
5167 625 1310 628 1429 
5168 1055 1136 1290 1459 
5169 665 1138 611 1281 
5170 413 492 456 1231 
5171 294 1191 335 1343 
5172 673 1184 560 1389 
5173 486 487 1176 1405 
5174 280 222 1120 1393 
5175 797 798 733 1112 
5176 613 602 1066 1479 
5177 1004 1366 1184 1454 
5178 637 809 880 1207 
5179 995 1309 1269 1373 
5180 1027 1178 1133 1335 
5181 569 146 732 1310 
5182 821 845 843 1141 
5183 931 934 932 1312 
5184 745 1326 1097 1382 
5185 986 1346 1084 1444 
5186 315 254 319 1058 
5187 852 851 1156 1394 
5188 275 1257 1244 1345 
5189 1076 1358 1006 1392 
5190 422 1443 1229 1473 
5191 304 1189 359 1343 
5192 741 1098 836 1412 
5193 455 1114 493 1218 
5194 505 466 1267 1430 
5195 724 782 884 1144 
5196 1100 1046 1145 1418 
5197 529 370 982 1247 
5198 1104 1296 1041 1325 
5199 213 358 328 1143 
5200 285 319 1177 1264 
5201 452 1079 1294 1375 
5202 1048 1294 1079 1375 
5203 273 490 213 1143 
5204 244 254 315 1263 
5205 670 672 649 1130 
5206 421 1166 414 1285 
5207 680 556 1197 1414 
5208 1008 1119 1270 1338 
5209 974 1300 1174 1478 
5210 422 1385 1443 1473 
5211 647 616 671 1323 
5212 991 1466 1420 1470 
5213 995 1183 1168 1223 
5214 1046 1036 1344 1364 
5215 678 1155 676 1401 
5216 1048 1449 1201 1485 
5217 407 405 525 1146 
5218 1044 577 1286 1479 
5219 1030 1283 1208 1339 
5220 649 561 670 1327 
5221 1045 1315 1264 1436 
5222 1083 996 1292 1374 
5223 1084 986 1163 1293 
5224 1047 1261 1070 1269 
5225 1234 1319 1081 1347 
5226 875 185 825 1200 
5227 1090 1188 1177 1315 
5228 1084 1328 1157 1444 
5229 317 1136 252 1158 
5230 656 553 574 1145 
5231 798 800 1310 1355 
5232 908 970 530 1225 
5233 493 541 381 1114 
5234 1034 1356 1110 1406 
5235 914 955 969 1114 
5236 213 281 358 1086 
5237 1132 1212 1007 1434 
5238 661 1292 620 1482 
5239 426 1379 1276 1443 
5240 1165 1202 1023 1333 
5241 297 224 391 1268 
5242 574 1145 572 1292 
5243 643 1176 644 1414 
5244 1010 1346 1108 1359 
5245 623 655 657 1298 
5246 1194 1266 838 1469 
5247 545 647 648 1323 
5248 1076 1258 1006 1358 
5249 1037 1081 1319 1410 
5250 370 1226 982 1247 
5251 1067 1321 1311 1386 
5252 1071 1347 1107 1356 
5253 991 1199 1099 1470 
5254 392 80 471 294 
5255 986 1179 1062 1346 
5256 574 661 656 1116 
5257 781 783 775 1147 
5258 812 850 712 1129 
5259 369 327 1073 1473 
5260 1192 1207 1033 1468 
5261 1040 1226 1367 1477 
5262 235 258 1185 1342 
5263 1194 1299 1017 1428 
5264 725 807 565 154 
5265 999 1232 1218 1251 
5266 591 1251 687 1486 
5267 391 474 297 1268 
5268 922 175 911 1445 
5269 623 143 709 657 
5270 485 521 477 1378 
5271 944 932 1220 1279 
5272 525 1146 405 1357 
5273 41 222 819 793 
5274 870 965 910 1186 
5275 514 1191 471 1350 
5276 1118 1269 995 1426 
5277 973 940 943 1448 
5278 991 1117 1199 1288 
5279 862 910 967 1458 
5280 887 892 1171 1468 
5281 1085 1258 938 1448 
5282 1160 1374 1082 1439 
5283 1102 1031 1357 1457 
5284 305 217 306 1129 
5285 1036 1229 1142 1282 
5286 1028 1461 1154 1462 
5287 1047 1420 1261 1466 
5288 1021 1098 1113 1271 
5289 261 233 1107 1295 
5290 1063 1066 1372 1484 
5291 673 560 672 1389 
5292 496 464 429 1226 
5293 1198 1238 757 1402 
5294 243 1182 248 1408 
5295 732 146 799 1310 
5296 991 1099 1466 1470 
5297 637 694 662 1207 
5298 1209 1269 995 1309 
5299 570 663 695 1161 
5300 569 627 146 1310 
5301 1107 1295 992 1356 
5302 882 1165 770 1308 
5303 1015 1337 1107 1347 
5304 1080 1205 1020 1423 
5305 1109 1321 1230 1432 
5306 1321 1386 1067 1432 
5307 1000 1211 1196 1400 
5308 893 889 892 1468 
5309 237 1081 1410 1455 
5310 180 179 1226 1318 
5311 1144 1262 1028 1290 
5312 428 427 429 1307 
5313 775 773 772 1320 
5314 1179 1341 1062 1346 
5315 935 936 932 1110 
5316 143 709 795 623 
5317 1025 1179 1282 1297 
5318 1223 1271 1113 1365 
5319 1108 1022 1259 1444 
5320 1063 1351 1236 1372 
5321 236 249 1244 1455 
5322 915 1115 952 1316 
5323 774 841 777 1396 
5324 193 184 221 1119 
5325 607 1200 780 1349 
5326 1027 1178 1335 1486 
5327 740 827 736 1212 
5328 1049 1420 1106 1440 
5329 1067 1199 1016 1386 
5330 438 504 399 1426 
5331 470 379 513 1327 
5332 581 615 583 1409 
5333 922 176 175 1213 
5334 328 273 1143 1229 
5335 1319 1347 1029 1455 
5336 935 983 1110 1387 
5337 814 711 853 1235 
5338 1061 1129 1366 1480 
5339 611 1138 688 1353 
5340 1159 1240 1005 1403 
5341 1015 1081 1337 1347 
5342 648 671 1131 1323 
5343 994 1099 1296 1392 
5344 413 412 416 1309 
5345 1088 1150 1300 1409 
5346 359 1141 293 1343 
5347 456 1106 523 1340 
5348 620 1292 1083 1482 
5349 1007 1067 1187 1321 
5350 507 1247 380 1294 
5351 1058 1264 1263 1265 
5352 840 798 797 1354 
5353 1106 1420 1060 1440 
5354 501 394 466 1124 
5355 366 419 271 1457 
5356 1051 1226 1363 1477 
5357 1075 1275 1019 1408 
5358 359 304 218 1189 
5359 1282 1297 1158 1474 
5360 1051 1247 1079 1248 
5361 309 215 310 1148 
5362 889 323 212 1472 
5363 1021 1183 1126 1223 
5364 294 392 80 225 
5365 754 755 757 1198 
5366 855 710 816 1148 
5367 1240 1402 1005 1403 
5368 677 1349 550 1464 
5369 497 1269 1209 1309 
5370 1075 1275 329 1465 
5371 976 1260 941 1478 
5372 580 579 1175 1274 
5373 1023 1072 1333 1435 
5374 373 1171 479 1405 
5375 919 1226 179 1363 
5376 1010 1084 1346 1359 
5377 237 1410 1319 1455 
5378 754 753 752 1195 
5379 807 815 725 1128 
5380 720 1090 876 1461 
5381 643 635 565 1128 
5382 1183 1306 1168 1365 
5383 655 620 657 1083 
5384 1074 1134 1018 1471 
5385 558 678 642 1155 
5386 1126 1183 1021 1383 
5387 685 1372 602 1416 
5388 907 925 926 1140 
5389 347 245 243 1065 
5390 1007 1187 1132 1321 
5391 590 1253 1137 1404 
5392 176 921 907 1352 
5393 605 654 1094 1384 
5394 1016 1190 1152 1199 
5395 597 596 677 1093 
5396 196 181 535 1166 
5397 434 427 424 1322 
5398 1041 1325 1296 1365 
5399 782 274 699 1459 
5400 518 479 395 1135 
5401 571 572 553 1100 
5402 299 223 85 390 
5403 1042 1434 1311 1451 
5404 638 643 565 1128 
5405 1036 1282 1142 1344 
5406 1062 1101 1276 1379 
5407 223 474 84 390 
5408 452 1079 507 1294 
5409 1002 1327 1130 1429 
5410 1026 1418 1416 1425 
5411 1102 1203 1031 1457 
5412 1019 1227 1180 1313 
5413 996 1145 1116 1292 
5414 635 643 636 1414 
5415 393 468 469 1096 
5416 1000 1198 1195 1439 
5417 1142 1276 1026 1344 
5418 1219 1298 998 1482 
5419 429 1307 436 1318 
5420 1025 1282 1276 1344 
5421 887 502 373 1171 
5422 1133 1178 1013 1335 
5423 491 368 449 1340 
5424 1025 1229 1142 1443 
5425 1081 1255 1256 1336 
5426 1185 1239 272 1337 
5427 761 1374 760 1439 
5428 225 472 81 295 
5429 472 224 82 295 
5430 1009 1214 1353 1362 
5431 390 85 299 476 
5432 1021 186 1200 1398 
5433 558 642 679 1197 
5434 416 417 1231 1232 
5435 474 223 84 297 
5436 766 884 1144 1262 
5437 947 946 948 1237 
5438 955 928 1201 1248 
5439 1189 1366 1129 1480 
5440 876 794 1461 1462 
5441 1006 1296 1358 1452 
5442 443 442 1145 1418 
5443 583 1088 584 1438 
5444 963 962 915 1316 
5445 914 1114 969 1233 
5446 603 613 1063 1287 
5447 627 799 146 1310 
5448 1043 1326 1165 1483 
5449 761 1082 1374 1439 
5450 705 172 980 1154 
5451 855 1148 816 1369 
5452 435 424 1073 1322 
5453 852 711 814 1156 
5454 1079 1375 452 1456 
5455 999 1237 1089 1376 
5456 1046 1100 1344 1418 
5457 1330 1012 1361 1479 
5458 635 636 1249 1414 
5459 1039 1311 1250 1451 
5460 226 292 291 1096 
5461 1008 1230 1321 1432 
5462 808 815 807 1369 
5463 1070 1261 995 1269 
5464 610 580 594 1353 
5465 1039 1222 1186 1406 
5466 338 227 302 1135 
5467 885 1207 810 1395 
5468 892 898 896 1171 
5469 966 1151 967 1458 
5470 839 858 734 1092 
5471 1049 1106 1340 1440 
5472 1019 1332 1075 1408 
5473 299 223 390 1221 
5474 1056 1213 1080 1445 
5475 968 969 949 1233 
5476 1138 1281 1009 1353 
5477 1168 1373 1261 1466 
5478 1055 1290 1144 1459 
5479 1134 1348 1074 1361 
5480 384 972 543 1334 
5481 1069 1137 1253 1450 
5482 417 493 492 1233 
5483 547 688 1138 1388 
5484 601 595 1137 1306 
5485 808 807 1249 1369 
5486 476 227 86 299 
5487 1305 1325 1024 1441 
5488 224 472 82 391 
5489 1165 1023 1308 1333 
5490 1060 1466 1392 1470 
5491 809 810 885 1207 
5492 1113 1183 1223 1365 
5493 327 265 206 1073 
5494 390 476 299 1221 
5495 224 391 83 297 
5496 1019 1273 1332 1408 
5497 518 479 1135 1405 
5498 222 282 42 819 
5499 873 765 1266 1388 
5500 1085 1333 1072 1435 
5501 472 225 81 392 
5502 1083 1292 1116 1482 
5503 641 566 636 1249 
5504 726 813 808 1249 
5505 653 1094 654 1384 
5506 672 670 629 1389 
5507 954 913 961 1165 
5508 1030 1239 1185 1336 
5509 326 320 221 1119 
5510 470 1130 532 1350 
5511 690 658 200 1200 
5512 191 719 182 1228 
5513 1124 998 1267 1430 
5514 777 827 834 1434 
5515 1013 1260 1085 1413 
5516 1025 1229 1443 1473 
5517 190 188 186 1398 
5518 227 476 86 395 
5519 1115 1265 1064 1371 
5520 634 639 1206 1401 
5521 923 912 1227 1313 
5522 584 585 1178 1437 
5523 220 278 40 793 
5524 297 391 83 474 
5525 1025 1142 1276 1443 
5526 1022 1108 1259 1415 
5527 706 550 1349 1464 
5528 996 1143 1036 1291 
5529 1023 1165 1308 1370 
5530 387 101 553 441 
5531 528 381 914 1233 
5532 522 1161 373 1405 
5533 868 822 785 1451 
5534 619 572 1211 1292 
5535 557 388 460 1219 
5536 596 599 600 1183 
5537 481 532 378 1184 
5538 707 220 40 793 
5539 966 967 1151 1463 
5540 537 535 421 1166 
5541 897 888 891 1161 
5542 1060 1420 1466 1470 
5543 1035 1278 1194 1299 
5544 744 1326 745 1382 
5545 1130 1389 1111 1429 
5546 368 908 1225 1340 
5547 1040 1363 1226 1477 
5548 946 947 928 1201 
5549 1189 1343 1004 1390 
5550 1023 1333 1202 1413 
5551 1020 1205 1080 1362 
5552 532 1184 481 1350 
5553 831 904 1192 1472 
5554 583 584 1088 1437 
5555 1012 1330 1103 1431 
5556 1184 481 1350 1454 
5557 440 325 267 1242 
5558 342 1302 212 1472 
5559 811 806 1206 1394 
5560 432 1236 499 1372 
5561 1348 1361 1012 1479 
5562 346 262 1320 1396 
5563 935 983 936 1110 
5564 994 1373 1168 1466 
5565 652 592 1317 1438 
5566 289 467 77 290 
5567 926 931 932 1312 
5568 342 212 323 1472 
5569 1416 1418 447 1425 
5570 329 1075 264 1408 
5571 1004 1191 1366 1454 
5572 660 664 626 1219 
5573 352 289 312 1124 
5574 1133 1260 1032 1478 
5575 1080 1205 988 1362 
5576 1130 1327 670 1429 
5577 782 699 766 1459 
5578 202 66 398 325 
5579 1168 1223 1183 1365 
5580 1118 1166 414 1397 
5581 316 363 276 1053 
5582 1014 1123 1268 1427 
5583 1051 1248 1079 1453 
5584 735 1087 729 1368 
5585 1123 1014 1268 1424 
5586 582 1088 583 1438 
5587 455 541 1114 1323 
5588 786 284 35 1177 
5589 1023 1167 1384 1413 
5590 845 801 843 1390 
5591 736 737 1250 1434 
5592 372 1143 273 1229 
5593 689 1126 651 1183 
5594 1006 1392 1296 1452 
5595 685 364 1372 1416 
5596 1152 1153 1016 1386 
5597 330 1239 277 1242 
5598 494 1126 399 1397 
5599 1111 1004 1181 1389 
5600 280 1267 343 1393 
5601 640 559 675 1125 
5602 1008 1228 1119 1338 
5603 945 920 937 1329 
5604 602 549 613 1372 
5605 1060 1392 1246 1470 
5606 458 1324 500 1467 
5607 1015 1336 1164 1339 
5608 280 282 222 1393 
5609 1004 1111 1181 1390 
5610 428 429 430 1367 
5611 34 786 742 1188 
5612 1015 1081 1336 1337 
5613 1011 1176 1128 1414 
5614 1080 1362 988 1419 
5615 1090 1461 1028 1462 
5616 774 1222 785 1451 
5617 1051 1351 1236 1453 
5618 963 1147 965 1417 
5619 254 348 318 1136 
5620 988 1205 1360 1361 
5621 991 1420 1284 1470 
5622 577 1044 1348 1479 
5623 1131 1323 1048 1485 
5624 1021 1113 1098 1200 
5625 854 702 172 1224 
5626 963 965 917 1417 
5627 1189 1004 1343 1366 
5628 693 1200 607 1349 
5629 865 715 913 1308 
5630 588 654 653 1253 
5631 952 175 907 1371 
5632 1023 1245 1165 1370 
5633 1100 1211 1046 1381 
5634 651 1183 1126 1383 
5635 302 310 338 1302 
5636 247 1172 242 1446 
5637 693 563 1200 1383 
5638 287 1275 1241 1467 
5639 774 1396 1222 1451 
5640 233 235 236 1107 
5641 1114 1218 455 1323 
5642 998 1298 1112 1354 
5643 902 897 890 1161 
5644 199 321 221 184 
5645 906 889 894 1472 
5646 989 1084 1359 1444 
5647 193 187 1119 1228 
5648 987 1330 1103 1360 
5649 960 1247 919 1294 
5650 1108 1359 1346 1444 
5651 1027 1449 1193 1485 
5652 564 619 1160 1292 
5653 1029 1347 1312 1356 
5654 190 181 188 1397 
5655 321 269 349 1285 
5656 513 532 470 1130 
5657 1052 1299 1194 1428 
5658 1008 1132 1187 1321 
5659 329 1275 1075 1408 
5660 988 1293 1134 1361 
5661 908 530 368 1225 
5662 1276 1101 1385 1443 
5663 1099 1261 991 1466 
5664 409 410 411 1070 
5665 1168 1306 995 1373 
5666 478 502 539 1171 
5667 510 418 1218 1232 
5668 933 1256 1234 1272 
5669 665 847 547 1138 
5670 971 1391 951 1476 
5671 1017 1214 1217 1419 
5672 578 579 580 1274 
5673 1013 1076 1335 1450 
5674 44 714 820 219 
5675 283 332 313 1122 
5676 1034 1186 1222 1406 
5677 734 1092 858 1368 
5678 1012 1348 1134 1361 
5679 1093 1041 1325 1404 
5680 755 1194 758 1238 
5681 1105 1026 1431 1484 
5682 326 353 270 1377 
5683 1030 1255 1239 1336 
5684 252 255 1158 1474 
5685 1274 1353 1074 1362 
5686 360 324 301 1171 
5687 838 1194 755 1195 
5688 975 1255 951 1256 
5689 1008 1098 1271 1411 
5690 952 915 174 1115 
5691 1083 998 1298 1482 
5692 951 1164 950 1476 
5693 1047 1269 1309 1373 
5694 592 584 1254 1438 
5695 263 1075 329 1465 
5696 572 1100 573 1211 
5697 819 282 42 723 
5698 410 407 525 1070 
5699 232 1153 233 1295 
5700 353 326 253 1270 
5701 1214 1278 988 1419 
5702 702 789 861 1224 
5703 208 699 274 1459 
5704 1167 1254 592 1384 
5705 209 34 742 1188 
5706 1004 1350 1184 1389 
5707 1077 1273 1180 1352 
5708 743 913 959 1326 
5709 758 1194 759 1428 
5710 635 153 807 1249 
5711 430 431 428 1105 
5712 920 1399 176 1423 
5713 172 702 981 1224 
5714 1113 1183 1021 1223 
5715 1060 1284 1420 1470 
5716 495 1226 370 1247 
5717 613 1286 577 1479 
5718 776 207 229 1230 
5719 963 1316 915 1407 
5720 1001 1287 1079 1453 
5721 465 1102 525 1357 
5722 394 467 77 289 
5723 655 1083 1298 1482 
5724 1153 1295 1109 1386 
5725 944 926 932 1279 
5726 834 701 777 1230 
5727 917 962 1090 1461 
5728 401 440 267 1242 
5729 265 1297 1073 1473 
5730 1254 1384 1167 1413 
5731 991 1199 1190 1288 
5732 995 1269 1261 1373 
5733 1004 1366 1189 1480 
5734 526 448 385 1149 
5735 1241 1275 1091 1467 
5736 749 839 769 1370 
5737 982 1226 919 1247 
5738 726 153 566 1249 
5739 726 807 153 1249 
5740 566 153 635 1249 
5741 588 587 589 1253 
5742 1111 1002 1310 1355 
5743 1002 1111 1310 1429 
5744 1020 1274 1205 1362 
5745 370 496 180 1226 
5746 395 301 87 227 
5747 791 884 767 1462 
5748 247 1263 315 1264 
5749 927 178 1289 1363 
5750 1042 1222 1169 1396 
5751 553 572 574 1145 
5752 288 363 209 1257 
5753 664 1219 557 1482 
5754 990 1108 1179 1415 
5755 500 1324 517 1465 
5756 1168 1183 995 1306 
5757 839 734 828 1370 
5758 1069 1335 1178 1486 
5759 655 620 1083 1482 
5760 701 1230 834 1377 
5761 886 904 894 1192 
5762 704 1196 551 1447 
5763 1110 1312 1071 1356 
5764 247 242 1263 1446 
5765 94 616 647 454 
5766 1081 1234 1256 1272 
5767 542 447 508 1418 
5768 1050 1387 1151 1463 
5769 179 919 180 1226 
5770 176 1213 922 1423 
5771 1127 1219 998 1430 
5772 775 722 870 1186 
5773 279 280 222 1120 
5774 252 251 255 1297 
5775 1007 1087 1212 1441 
5776 1082 996 1243 1374 
5777 761 1082 857 1243 
5778 652 592 674 1317 
5779 962 172 173 1154 
5780 1185 1336 1239 1337 
5781 610 578 580 1274 
5782 982 960 529 1247 
5783 1199 1433 1099 1470 
5784 519 483 473 1454 
5785 825 864 780 1349 
5786 1220 1029 1312 1356 
5787 514 1191 1350 1454 
5788 1034 1222 1169 1406 
5789 1008 1228 1098 1412 
5790 937 941 973 1478 
5791 489 414 410 1118 
5792 676 678 558 1155 
5793 266 220 39 778 
5794 345 220 266 1159 
5795 1141 1004 1343 1390 
5796 1081 237 1337 1455 
5797 887 1161 891 1468 
5798 219 820 44 313 
5799 1027 1376 1335 1421 
5800 685 439 549 1372 
5801 567 634 639 1206 
5802 997 1162 1270 1338 
5803 966 967 910 1458 
5804 687 1069 587 1486 
5805 851 711 852 1156 
5806 241 248 1182 1280 
5807 204 724 35 1177 
5808 1180 1227 1019 1273 
5809 1188 1315 1090 1417 
5810 563 183 1200 1383 
5811 985 1162 1223 1271 
5812 599 689 1183 1306 
5813 910 1186 964 1458 
5814 591 671 645 1131 
5815 1024 1305 1093 1325 
5816 1162 1271 1008 1338 
5817 616 94 396 454 
5818 1133 1300 937 1478 
5819 816 710 856 1148 
5820 328 257 273 1229 
5821 401 1242 267 1283 
5822 317 348 252 1136 
5823 890 891 887 1161 
5824 514 1350 481 1454 
5825 256 345 317 1158 
5826 811 806 727 1206 
5827 274 782 204 1144 
5828 917 1090 963 1417 
5829 1081 1347 1319 1455 
5830 366 489 1102 1285 
5831 1025 1276 1101 1385 
5832 571 553 101 441 
5833 281 343 280 1267 
5834 342 309 310 1302 
5835 660 104 557 388 
5836 563 183 192 1200 
5837 1015 1185 1336 1339 
5838 986 1293 1103 1381 
5839 777 834 1132 1434 
5840 1191 1343 1004 1366 
5841 241 314 1280 1410 
5842 1079 1248 1001 1453 
5843 512 470 468 1331 
5844 1005 1157 1163 1328 
5845 372 444 445 1143 
5846 1169 1222 1034 1320 
5847 1094 1253 654 1404 
5848 622 696 1167 1245 
5849 720 917 867 1417 
5850 936 944 1220 1407 
5851 707 39 220 778 
5852 859 1266 788 1469 
5853 302 1171 212 1302 
5854 185 1200 186 1398 
5855 219 351 293 1304 
5856 870 1186 910 1458 
5857 269 1203 322 1270 
5858 826 24 191 719 
5859 66 440 398 325 
5860 333 277 272 1239 
5861 1065 1332 1273 1408 
5862 790 1090 876 1417 
5863 399 554 90 438 
5864 1031 1314 1208 1357 
5865 1022 1297 1179 1415 
5866 541 493 455 1114 
5867 1032 1260 1202 1478 
5868 301 395 87 478 
5869 180 1226 496 1318 
5870 550 607 706 1349 
5871 1033 1302 1192 1468 
5872 1021 1098 1271 1338 
5873 176 1399 1213 1423 
5874 599 666 689 1306 
5875 480 519 481 1184 
5876 1074 1353 1214 1362 
5877 1021 1113 1223 1271 
5878 858 839 749 1092 
5879 894 1192 904 1472 
5880 865 882 715 1308 
5881 1004 1130 1350 1389 
5882 567 1206 639 1475 
5883 260 356 1159 1291 
5884 699 208 1240 1459 
5885 1075 1332 1065 1408 
5886 435 369 1073 1385 
5887 786 284 1177 1188 
5888 481 1184 519 1454 
5889 1094 1023 1384 1413 
5890 997 1270 1119 1338 
5891 518 1378 487 1405 
5892 402 404 449 1208 
5893 883 857 761 1082 
5894 668 561 506 1327 
5895 365 528 968 1233 
5896 761 1082 1243 1374 
5897 247 1264 285 1436 
5898 1010 1341 1108 1346 
5899 972 384 957 1334 
5900 428 1105 431 1379 
5901 637 698 638 1207 
5902 625 628 669 1429 
5903 621 696 1245 1483 
5904 443 444 442 1418 
5905 831 886 708 1192 
5906 606 1196 683 1471 
5907 456 492 523 1106 
5908 350 205 1283 1314 
5909 713 846 818 1189 
5910 1254 1260 1013 1413 
5911 380 529 960 1247 
5912 930 976 941 1478 
5913 895 886 893 1192 
5914 1135 1378 1011 1380 
5915 942 940 934 1303 
5916 1001 1409 1150 1449 
5917 509 268 537 1285 
5918 758 763 762 1238 
5919 793 857 707 1243 
5920 1013 1253 1104 1450 
5921 658 563 192 1200 
5922 1135 1221 1378 1380 
5923 811 1206 727 1475 
5924 994 1450 1137 1481 
5925 387 443 442 1145 
5926 416 371 1232 1309 
5927 1239 1336 1081 1337 
5928 834 866 1377 1412 
5929 595 599 596 1306 
5930 942 971 943 1246 
5931 1023 1413 1094 1435 
5932 794 1154 705 1461 
5933 1098 1228 1338 1398 
5934 230 253 232 1109 
5935 256 260 345 1159 
5936 1022 1179 1108 1415 
5937 927 178 909 1289 
5938 423 422 1385 1443 
5939 487 521 375 1378 
5940 900 899 895 1207 
5941 484 114 375 679 
5942 788 1266 765 1388 
5943 378 109 480 560 
5944 178 1301 1139 1363 
5945 1099 1392 994 1466 
5946 950 1164 951 1255 
5947 410 525 489 1102 
5948 1055 1262 1144 1290 
5949 1011 1378 1221 1380 
5950 30 346 718 1396 
5951 955 919 1248 1294 
5952 510 417 418 1232 
5953 535 181 383 1166 
5954 1023 1085 1333 1413 
5955 260 356 220 1159 
5956 497 1209 371 1309 
5957 1092 1370 1023 1435 
5958 578 1074 610 1471 
5959 773 718 1320 1396 
5960 195 194 190 1383 
5961 954 959 913 1326 
5962 776 229 1396 1422 
5963 724 884 791 1177 
5964 589 587 687 1069 
5965 265 1073 327 1473 
5966 1115 1215 1056 1460 
5967 954 1202 930 1252 
5968 64 401 267 1283 
5969 1069 1137 1450 1481 
5970 399 1126 420 1397 
5971 867 170 965 917 
5972 307 215 52 853 
5973 976 941 1260 1448 
5974 1029 1234 1312 1347 
5975 743 835 882 1165 
5976 603 613 549 1063 
5977 650 480 109 560 
5978 729 735 730 1087 
5979 1033 1405 1171 1468 
5980 822 862 1151 1458 
5981 456 523 491 1340 
5982 440 401 415 1242 
5983 619 1211 1160 1292 
5984 1027 1335 1133 1421 
5985 876 791 794 1462 
5986 1098 1200 1113 1349 
5987 346 1320 718 1396 
5988 261 275 262 1320 
5989 110 377 480 650 
5990 1005 1055 1328 1402 
5991 1335 1376 1089 1421 
5992 202 1241 398 1467 
5993 994 1373 1277 1481 
5994 940 938 934 1258 
5995 975 924 1255 1272 
5996 648 1131 671 1485 
5997 529 495 370 1247 
5998 316 285 284 1188 
5999 264 329 263 1075 
6000 1162 1270 1008 1432 
6001 975 977 950 1255 
6002 1023 1333 1085 1435 
6003 338 300 1221 1380 
6004 261 233 236 1107 
6005 202 287 1241 1467 
6006 1008 1271 1187 1411 
6007 947 969 955 1201 
6008 699 778 877 1240 
6009 1105 1425 1026 1484 
6010 613 593 1286 1287 
6011 1005 1240 1055 1402 
6012 1173 1358 1296 1452 
6013 651 1126 659 1383 
6014 257 328 260 1291 
6015 714 843 842 1355 
6016 556 644 681 1176 
6017 243 245 244 1216 
6018 1011 1128 1369 1414 
6019 370 180 982 1226 
6020 649 108 378 560 
6021 426 1142 463 1443 
6022 1016 1270 1162 1432 
6023 770 882 835 1165 
6024 1148 1369 1128 1395 
6025 1131 1218 1114 1323 
6026 684 555 663 1161 
6027 1167 1245 1023 1384 
6028 820 723 43 313 
6029 900 888 158 662 
6030 422 463 1229 1443 
6031 644 556 680 1176 
6032 484 375 521 1197 
6033 411 1118 420 1426 
6034 232 322 234 1153 
6035 1208 1314 403 1357 
6036 584 586 592 1254 
6037 715 967 913 1308 
6038 1072 1092 1368 1435 
6039 1275 1324 1091 1467 
6040 477 518 1221 1378 
6041 233 234 235 1153 
6042 70 206 435 369 
6043 215 309 53 856 
6044 780 706 607 1349 
6045 188 1119 187 1398 
6046 17 194 494 1397 
6047 325 1241 330 1242 
6048 310 215 341 1380 
6049 394 76 214 289 
6050 186 1200 183 1383 
6051 685 364 439 1372 
6052 341 215 307 1235 
6053 1289 1363 1139 1477 
6054 245 347 362 1065 
6055 667 1193 691 1485 
6056 108 378 513 649 
6057 978 1225 908 1340 
6058 459 443 387 1145 
6059 506 561 379 1327 
6060 671 1131 591 1485 
6061 1168 1296 985 1365 
6062 1249 1369 1128 1414 
6063 680 643 644 1414 
6064 1110 1220 1312 1356 
6065 957 958 956 1149 
6066 608 1093 677 1464 
6067 421 414 489 1285 
6068 651 618 659 1126 
6069 776 701 207 1230 
6070 680 644 1176 1414 
6071 704 752 753 1447 
6072 879 847 665 1382 
6073 988 1362 1214 1419 
6074 647 545 95 397 
6075 180 916 179 1318 
6076 420 1126 399 1426 
6077 677 596 600 1113 
6078 632 631 639 1475 
6079 1006 1358 1173 1452 
6080 1176 1378 1135 1405 
6081 1437 1485 591 1486 
6082 294 225 335 1191 
6083 438 1209 504 1426 
6084 787 785 773 1222 
6085 378 480 481 1184 
6086 771 1093 608 1464 
6087 960 380 1247 1294 
6088 366 271 211 1457 
6089 929 1217 911 1445 
6090 756 1082 761 1439 
6091 989 1157 1328 1444 
6092 333 350 205 1283 
6093 1024 1411 1212 1441 
6094 769 546 604 133 
6095 452 451 1079 1456 
6096 1173 1325 993 1441 
6097 1046 1344 1142 1418 
6098 272 235 1185 1337 
6099 412 1269 497 1309 
6100 589 1137 590 1253 
6101 645 548 601 1251 
6102 115 486 375 681 
6103 571 573 1100 1416 
6104 1011 1369 1249 1414 
6105 1150 1409 1193 1449 
6106 531 960 914 1294 
6107 419 1357 1314 1457 
6108 1030 1164 1255 1336 
6109 294 335 292 1343 
6110 1008 1098 1411 1412 
6111 923 179 916 1301 
6112 388 660 105 668 
6113 1164 1015 1256 1336 
6114 364 1372 1416 1425 
6115 496 429 436 1318 
6116 1324 1465 500 1467 
6117 633 634 567 1206 
6118 661 664 557 1482 
6119 1187 1212 1132 1411 
6120 805 727 806 1206 
6121 65 440 325 267 
6122 1055 1240 1136 1459 
6123 376 485 520 1155 
6124 773 785 774 1222 
6125 1001 1193 1409 1449 
6126 957 970 958 1149 
6127 487 1378 1176 1405 
6128 284 204 35 1177 
6129 1071 1312 1347 1356 
6130 261 1169 231 1295 
6131 415 385 448 1149 
6132 396 510 418 1218 
6133 757 833 1198 1402 
6134 1238 1328 1055 1402 
6135 1105 1431 987 1484 
6136 819 837 823 1120 
6137 899 832 163 708 
6138 773 1222 774 1396 
6139 231 1295 1169 1422 
6140 454 397 453 1323 
6141 1033 1161 1405 1468 
6142 1018 1266 1138 1388 
6143 709 824 869 1374 
6144 435 1073 424 1385 
6145 737 822 1250 1451 
6146 371 533 418 1232 
6147 952 907 926 1371 
6148 1100 1416 1026 1418 
6149 665 612 552 1281 
6150 959 717 743 1326 
6151 759 1194 838 1469 
6152 427 425 1101 1379 
6153 618 554 90 399 
6154 454 647 95 397 
6155 723 282 43 313 
6156 1023 1085 1413 1435 
6157 458 524 500 1324 
6158 854 829 1224 1428 
6159 961 913 967 1308 
6160 552 792 879 1483 
6161 740 834 1132 1412 
6162 944 1279 1220 1407 
6163 1120 1354 998 1393 
6164 459 102 553 387 
6165 975 1255 1256 1272 
6166 64 382 401 1283 
6167 627 628 625 1310 
6168 591 645 687 1251 
6169 37 782 274 699 
6170 437 517 500 1324 
6171 328 273 213 1143 
6172 995 1269 1209 1426 
6173 206 70 327 369 
6174 683 1196 697 1400 
6175 885 860 1192 1395 
6176 606 551 1196 1447 
6177 799 798 800 1310 
6178 1004 1096 1343 1350 
6179 1059 1246 1470 1476 
6180 803 804 811 1475 
6181 110 377 650 559 
6182 407 408 406 1204 
6183 34 284 786 1188 
6184 1008 1162 1187 1271 
6185 948 949 1237 1440 
6186 1141 1304 1002 1355 
6187 332 312 351 1304 
6188 764 1238 762 1402 
6189 1148 1369 1235 1380 
6190 995 1261 1168 1373 
6191 966 910 964 1458 
6192 1079 1287 1375 1456 
6193 736 737 730 1250 
6194 72 422 372 1229 
6195 469 514 471 1350 
6196 299 338 300 1221 
6197 937 1300 974 1478 
6198 838 752 873 1195 
6199 652 1317 1121 1438 
6200 1033 1302 1148 1395 
6201 353 1230 207 1377 
6202 560 673 650 1184 
6203 744 747 792 1382 
6204 314 287 248 1280 
6205 798 842 800 1355 
6206 1134 1400 1196 1471 
6207 738 1245 770 1483 
6208 292 359 293 1343 
6209 275 276 1257 1345 
6210 561 107 379 649 
6211 611 1281 1138 1353 
6212 862 728 822 1151 
6213 1080 1419 1056 1445 
6214 1033 1171 1302 1468 
6215 658 192 200 1200 
6216 237 239 1319 1410 
6217 386 603 98 549 
6218 193 12 320 221 
6219 1163 1293 986 1381 
6220 473 515 472 1123 
6221 578 1348 1074 1471 
6222 817 731 1181 1480 
6223 98 386 549 439 
6224 983 966 1387 1463 
6225 494 399 420 1397 
6226 476 477 518 1221 
6227 693 651 563 1383 
6228 794 1154 1461 1462 
6229 1030 1164 1336 1339 
6230 403 1208 402 1314 
6231 1059 1470 1284 1476 
6232 460 446 459 1116 
6233 607 658 690 1200 
6234 814 1235 855 1369 
6235 398 67 202 1467 
6236 336 296 295 1123 
6237 960 531 380 1294 
6238 976 1202 961 1333 
6239 514 473 1191 1454 
6240 1176 1011 1378 1414 
6241 963 964 965 1147 
6242 245 251 246 1216 
6243 735 830 1305 1368 
6244 1197 1378 1011 1414 
6245 682 597 1093 1404 
6246 371 91 617 1209 
6247 308 216 340 1156 
6248 776 777 701 1230 
6249 193 191 187 1228 
6250 1346 1359 1084 1444 
6251 923 924 912 1313 
6252 867 1147 783 1417 
6253 701 834 866 1377 
6254 1176 1378 1197 1414 
6255 794 849 705 1154 
6256 550 677 607 1349 
6257 335 225 296 1191 
6258 910 168 862 967 
6259 430 433 1236 1367 
6260 34 209 284 1188 
6261 356 358 279 1291 
6262 517 437 434 1322 
6263 580 582 594 1121 
6264 790 876 720 1417 
6265 204 285 319 1177 
6266 619 697 1160 1211 
6267 809 885 832 1207 
6268 933 1256 951 1391 
6269 823 761 857 1243 
6270 1222 1396 1042 1451 
6271 102 553 656 459 
6272 469 470 532 1350 
6273 422 369 1385 1473 
6274 440 65 401 267 
6275 247 240 242 1172 
6276 203 288 32 772 
6277 660 557 664 1219 
6278 267 1242 277 1283 
6279 1230 1377 1008 1412 
6280 642 680 1197 1414 
6281 326 221 349 1119 
6282 210 422 72 1229 
6283 918 173 172 1224 
6284 918 959 954 1326 
6285 789 859 788 1469 
6286 372 73 273 490 
6287 761 1243 823 1374 
6288 331 214 281 1267 
6289 241 239 314 1410 
6290 1014 1129 1394 1424 
6291 334 46 821 218 
6292 1142 1344 1026 1418 
6293 561 506 106 668 
6294 392 514 473 1191 
6295 453 397 452 1375 
6296 17 181 194 1397 
6297 1158 1282 1036 1364 
6298 781 32 288 772 
6299 392 471 514 1191 
6300 385 970 127 526 
6301 727 1206 567 1475 
6302 25 719 825 185 
6303 1004 1189 1390 1480 
6304 1148 1011 1369 1380 
6305 1082 756 1403 1439 
6306 407 410 409 1070 
6307 132 749 546 771 
6308 624 623 562 1298 
6309 556 375 114 679 
6310 648 647 671 1323 
6311 605 653 654 1384 
6312 1296 1392 1099 1452 
6313 348 1136 317 1459 
6314 1199 1433 1067 1452 
6315 1103 1360 1330 1361 
6316 582 583 584 1438 
6317 506 388 105 668 
6318 963 917 962 1090 
6319 883 1082 756 1403 
6320 449 368 530 1225 
6321 262 1396 229 1422 
6322 208 266 699 1240 
6323 1063 1372 1236 1484 
6324 546 769 749 133 
6325 364 511 1372 1425 
6326 303 48 846 217 
6327 366 465 419 1357 
6328 466 76 214 394 
6329 513 379 107 649 
6330 1025 1443 1385 1473 
6331 669 670 1327 1429 
6332 1004 1390 1181 1480 
6333 1125 1014 1401 1427 
6334 196 181 16 535 
6335 835 738 770 1483 
6336 685 549 602 1372 
6337 1223 1271 1162 1338 
6338 642 680 556 1197 
6339 1315 1316 1090 1407 
6340 1235 1369 1011 1380 
6341 1229 1282 1036 1474 
6342 702 10 172 981 
6343 1008 1321 1187 1432 
6344 1099 985 1296 1452 
6345 64 267 205 1283 
6346 106 379 506 561 
6347 230 1230 1109 1422 
6348 1196 1400 683 1471 
6349 1008 1187 1132 1411 
6350 848 760 1160 1439 
6351 916 972 957 1334 
6352 783 867 722 1147 
6353 907 1352 1140 1371 
6354 908 958 970 1225 
6355 872 1228 784 1377 
6356 1093 1305 1024 1464 
6357 507 452 451 1079 
6358 710 52 215 853 
6359 450 452 1375 1456 
6360 712 846 48 217 
6361 208 37 274 699 
6362 1134 1196 1018 1471 
6363 764 757 762 1238 
6364 618 651 689 1126 
6365 1282 1344 1036 1364 
6366 575 1211 573 1400 
6367 1198 1403 756 1439 
6368 243 248 347 1408 
6369 422 1229 210 1473 
6370 821 714 45 334 
6371 482 377 111 559 
6372 180 496 367 1318 
6373 1040 1139 1301 1363 
6374 1033 1207 1192 1395 
6375 977 975 924 1255 
6376 182 185 186 1398 
6377 856 53 215 710 
6378 172 854 10 702 
6379 814 710 855 1235 
6380 383 17 494 1397 
6381 652 594 1121 1317 
6382 483 519 377 1125 
6383 464 370 495 1226 
6384 236 238 249 1455 
6385 1049 1284 1420 1440 
6386 854 705 849 1154 
6387 218 304 303 1189 
6388 1082 1403 1198 1439 
6389 24 182 191 719 
6390 527 409 411 1269 
6391 497 527 504 1426 
6392 1066 1416 1372 1425 
6393 920 177 176 1399 
6394 29 776 207 229 
6395 1016 1190 1199 1288 
6396 880 637 694 156 
6397 1067 1199 1152 1433 
6398 1012 1103 1293 1381 
6399 909 920 945 1329 
6400 564 609 878 1160 
6401 622 604 1245 1384 
6402 1122 998 1354 1393 
6403 678 676 640 1401 
6404 490 372 445 1143 
6405 452 507 380 1294 
6406 334 714 45 219 
6407 919 982 180 1226 
6408 30 229 346 1396 
6409 505 501 466 1430 
6410 987 1103 1330 1431 
6411 1019 1273 1227 1332 
6412 976 938 941 1448 
6413 818 1390 1189 1480 
6414 1107 1347 1337 1455 
6415 1175 1210 1044 1286 
6416 1103 1012 1293 1361 
6417 975 1256 933 1272 
6418 1201 1376 1027 1421 
6419 1081 1256 1234 1347 
6420 1121 1317 1032 1438 
6421 509 537 421 1285 
6422 420 1397 1126 1426 
6423 510 455 493 1218 
6424 606 683 598 1471 
6425 575 697 1211 1400 
6426 1030 1336 1185 1339 
6427 681 375 115 556 
6428 826 784 872 1228 
6429 1351 1453 1079 1456 
6430 847 721 547 1138 
6431 424 1101 425 1385 
6432 357 269 211 1285 
6433 150 727 567 1475 
6434 1063 1236 1351 1453 
6435 1048 1193 1449 1485 
6436 665 547 611 1138 
6437 1017 1194 1428 1469 
6438 1027 1437 1178 1486 
6439 607 706 130 550 
6440 383 414 1166 1397 
6441 1215 1299 1056 1460 
6442 919 179 927 1363 
6443 374 213 74 490 
6444 585 587 1178 1486 
6445 578 577 579 1348 
6446 760 756 761 1439 
6447 878 609 848 1160 
6448 852 812 851 1394 
6449 337 223 300 1221 
6450 630 568 646 1181 
6451 992 1110 1356 1406 
6452 1012 1330 1066 1479 
6453 1246 1060 1470 1476 
6454 203 275 1257 1320 
6455 410 414 411 1118 
6456 286 1275 287 1467 
6457 482 112 376 676 
6458 661 574 620 1292 
6459 655 1298 624 1482 
6460 854 10 705 172 
6461 384 543 524 1334 
6462 582 652 1121 1438 
6463 655 624 664 1482 
6464 1016 1386 1109 1432 
6465 104 557 388 460 
6466 921 912 953 1180 
6467 1004 1343 1191 1350 
6468 1099 1433 1199 1452 
6469 571 602 573 1416 
6470 528 914 968 1233 
6471 497 504 1209 1426 
6472 1079 1248 1247 1294 
6473 961 967 966 1463 
6474 838 873 765 1266 
6475 235 234 258 1342 
6476 794 849 1154 1462 
6477 72 372 273 1229 
6478 740 746 834 1412 
6479 764 762 863 1402 
6480 830 858 1305 1368 
6481 286 202 67 1467 
6482 759 1428 1194 1469 
6483 955 960 919 1294 
6484 203 772 718 1320 
6485 111 482 559 676 
6486 915 952 944 1316 
6487 994 1277 1373 1466 
6488 50 851 305 216 
6489 1275 1465 1324 1467 
6490 713 821 46 218 
6491 960 955 914 1294 
6492 847 788 721 1138 
6493 217 339 306 1129 
6494 427 425 424 1101 
6495 331 213 74 374 
6496 317 1136 1240 1459 
6497 802 817 731 1181 
6498 572 573 575 1211 
6499 1033 1192 1302 1395 
6500 1041 1296 1168 1365 
6501 583 1193 667 1437 
6502 64 205 382 1283 
6503 192 658 20 563 
6504 668 669 561 1327 
6505 1284 1470 1060 1476 
6506 622 1167 592 1384 
6507 708 163 899 886 
6508 669 670 561 1327 
6509 311 1345 1172 1436 
6510 516 477 390 1221 
6511 985 1187 1162 1271 
6512 770 828 1308 1370 
6513 1014 1394 1156 1424 
6514 1060 1420 1284 1440 
6515 1164 1256 1255 1336 
6516 1287 1079 1453 1456 
6517 253 322 232 1270 
6518 978 958 908 1225 
6519 679 484 113 558 
6520 229 1230 230 1422 
6521 420 1118 1397 1426 
6522 980 172 962 1154 
6523 373 522 503 1161 
6524 304 339 303 1189 
6525 968 908 523 1340 
6526 871 917 720 1461 
6527 594 1281 611 1353 
6528 744 745 747 1382 
6529 187 1119 1228 1398 
6530 231 1109 1295 1422 
6531 721 1138 788 1388 
6532 1222 1320 1169 1396 
6533 1052 1299 1215 1460 
6534 1155 1401 1014 1427 
6535 20 192 563 183 
6536 688 611 547 1138 
6537 585 1178 1437 1486 
6538 527 1269 411 1426 
6539 552 135 792 1483 
6540 888 555 158 662 
6541 455 453 541 1323 
6542 237 272 250 1239 
6543 213 273 73 490 
6544 383 181 17 1397 
6545 231 1169 262 1422 
6546 705 1154 980 1461 
6547 248 243 241 1182 
6548 366 211 509 1285 
6549 883 761 756 1082 
6550 256 1158 255 1474 
6551 741 844 864 1349 
6552 552 621 135 1483 
6553 207 1230 701 1377 
6554 475 1268 515 1427 
6555 1134 1348 1012 1400 
6556 1018 1196 1195 1447 
6557 872 719 826 1228 
6558 1337 1347 1081 1455 
6559 531 453 452 1294 
6560 855 816 815 1369 
6561 747 788 847 1382 
6562 1073 1297 1025 1473 
6563 584 585 586 1178 
6564 419 62 366 271 
6565 380 507 529 1247 
6566 758 759 768 1428 
6567 184 187 188 1119 
6568 780 706 130 607 
6569 1051 1363 1289 1477 
6570 679 642 556 1197 
6571 972 916 1318 1334 
6572 217 49 712 305 
6573 212 898 58 889 
6574 614 1375 1287 1456 
6575 30 718 776 1396 
6576 667 591 1437 1485 
6577 627 569 628 1310 
6578 873 1195 752 1447 
6579 262 346 229 1396 
6580 319 274 204 1144 
6581 298 336 1268 1424 
6582 273 210 72 1229 
6583 180 370 8 496 
6584 425 1379 426 1443 
6585 737 785 822 1451 
6586 662 698 637 1207 
6587 317 252 256 1158 
6588 549 685 99 439 
6589 329 248 1275 1408 
6590 711 307 51 853 
6591 29 776 701 207 
6592 214 352 343 1267 
6593 326 349 253 1270 
6594 1060 1440 1284 1476 
6595 530 415 449 1225 
6596 564 620 619 1292 
6597 692 618 89 536 
6598 1021 1200 1098 1398 
6599 202 286 287 1467 
6600 871 720 876 1461 
6601 308 341 307 1235 
6602 710 814 853 1235 
6603 1063 1351 1287 1453 
6604 800 843 801 1355 
6605 421 383 414 1166 
6606 235 258 272 1185 
6607 558 376 112 676 
6608 1134 1293 1012 1361 
6609 456 406 408 1204 
6610 601 666 595 1306 
6611 416 417 413 1231 
6612 732 799 800 1310 
6613 769 738 134 1245 
6614 612 1281 594 1317 
6615 470 512 379 1327 
6616 589 601 595 1137 
6617 1025 1297 1282 1474 
6618 194 181 190 1397 
6619 1287 1453 1351 1456 
6620 729 716 734 1368 
6621 787 1186 870 1458 
6622 854 829 702 1224 
6623 724 791 786 1177 
6624 376 113 484 558 
6625 824 1160 760 1374 
6626 401 382 402 1283 
6627 398 457 67 1467 
6628 346 203 718 1320 
6629 1027 1193 1437 1485 
6630 716 715 828 1308 
6631 917 871 980 1461 
6632 719 25 182 185 
6633 27 784 874 355 
6634 465 366 489 1102 
6635 1126 1397 1118 1426 
6636 47 846 713 303 
6637 621 134 738 1245 
6638 329 1275 286 1465 
6639 327 369 71 1473 
6640 501 488 394 1124 
6641 693 563 658 1200 
6642 259 350 1342 1457 
6643 521 485 484 1197 
6644 372 422 463 1229 
6645 591 1485 1131 1486 
6646 622 1245 1167 1384 
6647 817 804 731 1480 
6648 232 231 1109 1295 
6649 724 204 36 782 
6650 1075 1324 1275 1465 
6651 357 322 269 1203 
6652 316 209 363 1188 
6653 367 1318 544 1334 
6654 178 179 1301 1363 
6655 1098 1338 1021 1398 
6656 221 193 12 184 
6657 159 897 555 888 
6658 860 708 885 1192 
6659 479 373 502 1171 
6660 1040 1139 1363 1477 
6661 871 917 980 171 
6662 355 27 784 270 
6663 970 957 127 526 
6664 257 256 255 1474 
6665 828 882 770 1308 
6666 321 13 199 221 
6667 216 307 51 711 
6668 178 179 923 1301 
6669 606 598 688 1471 
6670 570 400 116 681 
6671 400 486 116 681 
6672 851 712 49 305 
6673 420 411 414 1118 
6674 1025 1229 1473 1474 
6675 585 1437 591 1486 
6676 884 782 766 1144 
6677 167 865 715 913 
6678 221 13 199 184 
6679 1025 1276 1385 1443 
6680 930 929 954 1252 
6681 285 247 315 1264 
6682 878 848 760 1160 
6683 769 134 604 1245 
6684 764 757 1238 1402 
6685 91 554 617 1209 
6686 419 1314 271 1457 
6687 612 674 696 1317 
6688 499 1236 433 1351 
6689 740 834 827 1132 
6690 383 1166 181 1397 
6691 193 187 184 1119 
6692 324 212 302 1171 
6693 739 736 735 1212 
6694 1015 1336 1185 1337 
6695 309 228 54 856 
6696 956 923 916 1313 
6697 897 891 890 1161 
6698 1073 1025 1385 1473 
6699 970 126 908 530 
6700 856 228 54 748 
6701 756 1198 833 1403 
6702 181 383 16 535 
6703 759 758 755 1194 
6704 1198 1402 833 1403 
6705 959 165 861 981 
6706 987 1431 1330 1484 
6707 275 1244 249 1345 
6708 789 1224 829 1469 
6709 787 775 870 1186 
6710 303 713 47 218 
6711 150 803 727 1475 
6712 399 89 618 536 
6713 960 122 982 529 
6714 150 567 631 1475 
6715 207 28 270 1377 
6716 511 431 432 1425 
6717 266 778 699 1240 
6718 593 1175 579 1286 
6719 371 438 91 1209 
6720 50 851 216 711 
6721 789 702 829 1224 
6722 124 968 365 528 
6723 931 925 933 1234 
6724 814 855 808 1369 
6725 742 1188 790 1417 
6726 348 318 1136 1459 
6727 747 745 788 1382 
6728 256 252 255 1158 
6729 622 621 696 1245 
6730 701 28 207 1377 
6731 416 412 497 1309 
6732 547 1138 721 1388 
6733 159 897 663 555 
6734 311 249 238 1345 
6735 1068 1277 1373 1481 
6736 590 654 1253 1404 
6737 286 1465 1275 1467 
6738 270 353 207 1377 
6739 433 495 451 1351 
6740 1330 1431 1066 1484 
6741 422 71 369 1473 
6742 10 980 705 172 
6743 418 416 371 1232 
6744 286 67 457 1467 
6745 511 432 1372 1425 
6746 743 865 166 913 
6747 895 893 891 1468 
6748 648 671 591 1485 
6749 688 598 610 1471 
6750 936 963 944 1407 
6751 938 1258 940 1448 
6752 1012 1103 1330 1361 
6753 829 1224 1428 1469 
6754 414 420 1118 1397 
6755 412 527 497 1269 
6756 191 182 187 1228 
6757 551 139 704 1447 
6758 761 823 869 1374 
6759 583 615 667 1193 
6760 444 1142 508 1418 
6761 232 234 233 1153 
6762 757 764 833 1402 
6763 886 894 893 1192 
6764 277 330 250 1239 
6765 1224 1017 1428 1469 
6766 238 237 1319 1455 
6767 763 767 1262 1462 
6768 621 1245 738 1483 
6769 604 134 621 1245 
6770 364 99 685 439 
6771 325 202 330 1241 
6772 878 760 824 1160 
6773 254 244 246 1216 
6774 1012 1400 1348 1479 
6775 474 391 475 1268 
6776 617 548 92 533 
6777 465 489 525 1102 
6778 775 783 722 1147 
6779 496 8 180 367 
6780 369 423 422 1385 
6781 962 980 1154 1461 
6782 200 192 185 1200 
6783 663 570 684 1161 
6784 815 816 810 1395 
6785 582 652 594 1121 
6786 297 298 224 1268 
6787 380 960 123 531 
6788 920 176 922 1423 
6789 580 579 581 1175 
6790 554 689 666 1209 
6791 735 729 830 1368 
6792 492 528 365 1233 
6793 523 968 125 908 
6794 603 593 613 1287 
6795 677 600 693 1113 
6796 619 575 697 1211 
6797 717 744 743 1326 
6798 238 237 239 1319 
6799 872 746 836 1412 
6800 983 939 966 1463 
6801 166 717 743 959 
6802 931 933 942 1391 
6803 509 211 268 1285 
6804 1119 1338 1228 1398 
6805 961 976 954 1202 
6806 452 450 451 1456 
6807 186 183 190 1383 
6808 588 590 654 1253 
6809 241 243 242 1182 
6810 831 708 860 1192 
6811 267 277 333 1283 
6812 503 120 373 890 
6813 1008 1187 1162 1432 
6814 416 497 371 1309 
6815 182 187 1228 1398 
6816 745 744 717 1326 
6817 859 838 1266 1469 
6818 870 910 703 1458 
6819 551 848 704 140 
6820 367 972 1318 1334 
6821 425 423 1385 1443 
6822 755 754 752 1195 
6823 165 861 717 959 
6824 985 1271 1223 1365 
6825 520 483 482 1427 
6826 374 75 331 466 
6827 432 430 433 1236 
6828 416 418 417 1232 
6829 910 862 703 1458 
6830 180 972 916 1318 
6831 933 953 975 1272 
6832 30 776 229 1396 
6833 573 572 571 1100 
6834 170 722 867 965 
6835 945 979 946 1421 
6836 205 382 1283 1314 
6837 31 203 772 718 
6838 186 192 183 1200 
6839 576 1400 1348 1471 
6840 150 631 803 1475 
6841 621 738 135 1483 
6842 437 1324 524 1334 
6843 770 1245 769 1370 
6844 1173 1296 985 1452 
6845 928 955 927 1248 
6846 917 871 720 171 
6847 752 838 755 1195 
6848 566 635 636 1249 
6849 589 595 590 1137 
6850 951 933 975 1256 
6851 451 1351 1079 1456 
6852 619 572 575 1211 
6853 306 340 305 1424 
6854 817 1181 1390 1480 
6855 622 674 592 1167 
6856 955 919 927 1248 
6857 860 831 1192 1472 
6858 502 478 479 1171 
6859 503 522 400 1161 
6860 975 950 951 1255 
6861 552 696 621 1483 
6862 944 915 1316 1407 
6863 726 808 807 1249 
6864 504 420 399 1426 
6865 529 960 122 380 
6866 196 189 181 1166 
6867 367 543 972 1334 
6868 872 1377 866 1412 
6869 188 181 189 1166 
6870 367 436 544 1318 
6871 606 551 683 1196 
6872 840 837 723 1354 
6873 606 139 551 1447 
6874 236 249 261 1244 
6875 383 421 535 1166 
6876 608 131 771 1464 
6877 1163 986 1364 1381 
6878 388 461 460 1219 
6879 427 428 425 1379 
6880 747 879 792 1382 
6881 325 330 277 1242 
6882 613 577 602 1479 
6883 224 298 336 1268 
6884 948 950 1440 1476 
6885 302 301 324 1171 
6886 262 231 261 1169 
6887 343 281 214 1267 
6888 914 969 968 1233 
6889 425 498 426 1379 
6890 500 1465 457 1467 
6891 355 198 11 320 
6892 880 809 637 156 
6893 203 275 288 1257 
6894 706 1349 844 1464 
6895 120 887 373 890 
6896 606 1388 751 1447 
6897 757 755 758 1238 
6898 628 629 670 1429 
6899 766 767 884 1262 
6900 248 287 329 1275 
6901 515 475 391 1268 
6902 508 444 426 1142 
6903 240 238 239 1319 
6904 1045 1316 1315 1407 
6905 779 764 877 1402 
6906 784 270 28 1377 
6907 1297 1473 344 1474 
6908 786 790 742 1188 
6909 522 373 479 1405 
6910 704 139 751 1447 
6911 651 600 599 1183 
6912 960 914 123 531 
6913 403 402 382 1314 
6914 700 862 168 967 
6915 345 260 220 1159 
6916 1250 1434 737 1451 
6917 736 827 737 1434 
6918 648 667 691 1485 
6919 763 849 767 1462 
6920 367 972 180 1318 
6921 268 269 321 1285 
6922 1005 1402 1198 1403 
6923 285 315 319 1264 
6924 1392 1466 1099 1470 
6925 762 763 766 1262 
6926 696 674 622 1167 
6927 588 589 590 1253 
6928 266 38 208 699 
6929 251 362 265 1297 
6930 689 651 599 1183 
6931 1158 1036 1282 1474 
6932 458 500 457 1467 
6933 230 1109 231 1422 
6934 703 868 787 1458 
6935 235 1337 237 1455 
6936 927 179 178 1363 
6937 333 272 258 1185 
6938 1348 1400 1134 1471 
6939 608 677 550 1464 
6940 1074 1348 1134 1471 
6941 817 1390 818 1480 
6942 505 461 501 1430 
6943 125 365 968 523 
6944 959 743 166 913 
6945 772 773 718 1320 
6946 467 488 468 1331 
6947 833 754 757 1198 
6948 592 1254 653 1384 
6949 736 739 740 1212 
6950 774 777 776 1396 
6951 782 204 36 274 
6952 100 364 685 1416 
6953 564 619 609 1160 
6954 936 944 932 1220 
6955 366 509 489 1285 
6956 209 316 284 1188 
6957 75 214 331 466 
6958 947 955 928 1201 
6959 172 981 918 1224 
6960 506 379 512 1327 
6961 1109 1386 1321 1432 
6962 318 274 1144 1459 
6963 1008 1411 1132 1412 
6964 265 344 1297 1473 
6965 1047 1261 1373 1466 
6966 272 237 235 1337 
6967 969 947 949 1237 
6968 282 280 283 1393 
6969 195 21 659 1383 
6970 794 705 871 1461 
6971 486 522 487 1405 
6972 402 403 404 1208 
6973 811 812 806 1394 
6974 274 319 318 1144 
6975 606 751 139 1447 
6976 634 640 639 1401 
6977 879 747 847 1382 
6978 203 31 346 718 
6979 1123 1366 1191 1454 
6980 258 259 350 1342 
6981 822 868 862 1458 
6982 1228 1377 872 1412 
6983 848 753 760 1439 
6984 452 380 531 1294 
6985 788 859 765 1266 
6986 500 517 389 1465 
6987 578 610 598 1471 
6988 168 703 910 862 
6989 142 878 824 564 
6990 619 574 572 1292 
6991 371 617 92 533 
6992 701 784 28 1377 
6993 792 835 744 1483 
6994 58 324 898 212 
6995 693 658 607 1200 
6996 984 1246 971 1476 
6997 585 667 591 1437 
6998 683 1400 576 1471 
6999 863 877 764 1402 
7000 585 587 586 1178 
7001 62 366 271 211 
7002 241 314 248 1280 
7003 329 264 347 1408 
7004 615 691 667 1193 
7005 430 464 433 1367 
7006 310 302 342 1302 
7007 1042 1396 1169 1422 
7008 1021 1271 1223 1338 
7009 547 606 688 1388 
7010 857 793 823 1243 
7011 672 646 673 1389 
7012 435 434 424 1322 
7013 787 870 703 1458 
7014 280 343 283 1393 
7015 961 939 1333 1463 
7016 61 509 366 211 
7017 774 785 841 1451 
7018 759 829 1428 1469 
7019 514 481 473 1454 
7020 91 438 554 1209 
7021 493 528 492 1233 
7022 364 1416 511 1425 
7023 430 429 464 1367 
7024 232 233 231 1295 
7025 622 605 604 1384 
7026 426 444 463 1142 
7027 885 810 860 1395 
7028 608 550 131 1464 
7029 210 327 71 1473 
7030 707 883 779 1403 
7031 583 585 584 1437 
7032 738 792 135 1483 
7033 239 237 250 1410 
7034 329 287 286 1275 
7035 276 1345 311 1436 
7036 1047 1373 1277 1466 
7037 510 396 455 1218 
7038 715 167 913 967 
7039 464 496 370 1226 
7040 597 677 608 1093 
7041 848 551 609 140 
7042 1031 1203 1342 1457 
7043 371 497 438 1209 
7044 344 1473 210 1474 
7045 1080 1217 1419 1445 
7046 195 183 21 1383 
7047 210 71 422 1473 
7048 539 360 88 478 
7049 779 833 764 1402 
7050 96 397 545 1375 
7051 971 933 951 1391 
7052 818 817 845 1390 
7053 320 198 11 193 
7054 859 759 838 1469 
7055 929 911 174 1445 
7056 170 867 720 917 
7057 488 512 468 1331 
7058 61 509 211 268 
7059 563 659 21 1383 
7060 126 368 908 530 
7061 299 300 223 1221 
7062 457 1465 286 1467 
7063 438 497 504 1209 
7064 269 322 253 1270 
7065 738 769 770 1245 
7066 432 433 499 1236 
7067 439 432 499 1372 
7068 269 253 349 1270 
7069 523 908 368 1340 
7070 837 797 796 1354 
7071 455 454 453 1323 
7072 323 906 56 905 
7073 169 870 965 910 
7074 579 593 581 1175 
7075 96 450 397 1375 
7076 737 1434 841 1451 
7077 1348 1400 576 1479 
7078 370 8 982 180 
7079 686 1375 614 1456 
7080 275 249 276 1345 
7081 771 750 1305 1464 
7082 783 742 790 1417 
7083 124 914 968 528 
7084 183 563 21 1383 
7085 476 390 477 1221 
7086 655 661 620 1482 
7087 287 330 202 1241 
7088 866 872 784 1377 
7089 896 502 119 887 
7090 619 697 609 1160 
7091 754 1198 756 1439 
7092 871 705 980 1461 
7093 131 706 771 1464 
7094 771 546 132 608 
7095 255 1297 344 1474 
7096 1027 1485 1437 1486 
7097 631 567 639 1475 
7098 68 286 457 1465 
7099 356 328 358 1291 
7100 543 128 972 384 
7101 210 1229 257 1474 
7102 509 421 489 1285 
7103 498 428 431 1379 
7104 642 636 680 1414 
7105 332 351 219 1304 
7106 978 908 968 1340 
7107 22 195 692 201 
7108 624 655 623 1298 
7109 517 434 435 1322 
7110 364 100 441 1416 
7111 721 788 765 1388 
7112 492 413 417 1231 
7113 804 818 850 1480 
7114 507 495 529 1247 
7115 367 544 543 1334 
7116 785 737 841 1451 
7117 930 954 976 1202 
7118 436 427 434 1307 
7119 210 1473 1229 1474 
7120 206 534 70 435 
7121 230 229 207 1230 
7122 803 811 727 1475 
7123 96 686 450 1375 
7124 672 629 646 1389 
7125 822 730 737 1250 
7126 427 436 429 1307 
7127 682 597 608 1093 
7128 284 285 204 1177 
7129 419 63 271 1314 
7130 718 773 774 1396 
7131 667 1437 1193 1485 
7132 259 1342 1203 1457 
7133 755 838 759 1194 
7134 259 322 1203 1342 
7135 975 953 924 1272 
7136 263 329 286 1465 
7137 614 1287 603 1456 
7138 735 830 750 1305 
7139 185 192 186 1200 
7140 974 930 941 1478 
7141 801 845 817 1390 
7142 573 576 1400 1479 
7143 611 688 610 1353 
7144 881 904 905 161 
7145 117 540 400 695 
7146 191 198 23 826 
7147 986 1344 1282 1364 
7148 900 694 157 903 
7149 412 409 527 1269 
7150 593 614 615 1287 
7151 699 266 38 778 
7152 815 808 855 1369 
7153 586 653 592 1254 
7154 335 304 359 1343 
7155 794 871 876 1461 
7156 854 768 829 1428 
7157 880 164 903 832 
7158 544 437 524 1334 
7159 905 904 881 1472 
7160 419 403 1314 1357 
7161 348 317 318 1459 
7162 317 1240 208 1459 
7163 810 816 860 1395 
7164 956 924 923 1313 
7165 578 598 1348 1471 
7166 261 249 275 1244 
7167 198 874 23 826 
7168 131 550 706 1464 
7169 943 971 984 1246 
7170 601 687 645 1251 
7171 167 715 700 967 
7172 384 127 957 526 
7173 680 636 643 1414 
7174 473 481 519 1454 
7175 640 634 678 1401 
7176 344 255 251 1297 
7177 721 138 547 1388 
7178 210 257 255 1474 
7179 771 830 858 1305 
7180 779 833 1402 1403 
7181 828 715 882 1308 
7182 686 96 545 1375 
7183 610 594 611 1353 
7184 302 212 342 1302 
7185 325 277 267 1242 
7186 329 347 248 1408 
7187 389 263 68 1465 
7188 617 554 666 1209 
7189 614 545 691 1375 
7190 875 26 185 200 
7191 18 201 536 194 
7192 694 662 900 157 
7193 812 852 806 1394 
7194 833 756 754 1198 
7195 982 919 960 1247 
7196 598 576 1348 1471 
7197 311 1172 247 1436 
7198 129 875 780 690 
7199 465 525 405 1357 
7200 323 906 905 1472 
7201 22 195 659 692 
7202 323 228 342 1472 
7203 205 271 63 1314 
7204 606 138 751 1388 
7205 944 963 915 1407 
7206 780 864 706 1349 
7207 695 160 902 663 
7208 547 138 606 1388 
7209 286 68 263 1465 
7210 315 247 242 1263 
7211 757 758 762 1238 
7212 860 748 831 1472 
7213 532 481 514 1350 
7214 612 611 594 1281 
7215 518 487 479 1405 
7216 695 400 117 570 
7217 68 457 389 1465 
7218 887 891 892 1468 
7219 685 602 571 1416 
7220 437 500 524 1324 
7221 1008 1377 1228 1412 
7222 669 628 670 1429 
7223 261 231 233 1295 
7224 174 911 175 1445 
7225 450 452 397 1375 
7226 501 461 462 1430 
7227 244 315 242 1263 
7228 229 231 262 1422 
7229 154 807 635 153 
7230 151 633 805 152 
7231 567 150 151 727 
7232 153 726 566 152 
7233 148 630 147 802 
7234 262 275 203 1320 
7235 631 149 150 803 
7236 247 311 240 1172 
7237 447 511 1416 1425 
7238 148 149 568 731 
7239 569 146 147 732 
7240 79 78 393 226 
7241 899 903 164 832 
7242 19 200 690 658 
7243 100 685 571 1416 
7244 552 135 879 792 
7245 145 562 144 733 
7246 683 697 575 1400 
7247 599 595 666 1306 
7248 185 825 26 875 
7249 976 961 939 1333 
7250 590 596 597 1404 
7251 941 937 974 1478 
7252 847 547 137 665 
7253 194 536 18 494 
7254 612 665 611 1281 
7255 145 146 627 799 
7256 255 344 210 1474 
7257 941 938 940 1448 
7258 706 864 844 1349 
7259 940 973 941 1448 
7260 60 537 268 354 
7261 247 285 316 1436 
7262 265 344 251 1297 
7263 686 450 1375 1456 
7264 948 949 947 1237 
7265 239 250 314 1410 
7266 259 234 322 1342 
7267 125 523 908 368 
7268 571 441 100 1416 
7269 621 622 604 1245 
7270 683 551 697 1196 
7271 499 433 451 1351 
7272 143 795 144 623 
7273 652 612 594 1317 
7274 591 687 587 1486 
7275 211 269 268 1285 
7276 230 232 231 1109 
7277 458 457 398 1467 
7278 259 1203 357 1457 
7279 585 591 587 1486 
7280 577 1348 576 1479 
7281 186 188 187 1398 
7282 966 939 961 1463 
7283 63 419 382 1314 
7284 363 275 276 1257 
7285 78 77 467 290 
7286 230 207 353 1230 
7287 890 503 121 902 
7288 1314 1357 1031 1457 
7289 518 477 487 1378 
7290 540 121 503 902 
7291 667 648 591 1485 
7292 1066 1425 1372 1484 
7293 414 383 420 1397 
7294 770 839 828 1370 
7295 220 40 39 707 
7296 235 237 236 1455 
7297 881 55 361 1472 
7298 435 424 369 1385 
7299 338 310 300 1380 
7300 335 359 292 1343 
7301 535 15 196 537 
7302 831 881 904 1472 
7303 690 780 129 607 
7304 496 436 367 1318 
7305 56 323 905 361 
7306 67 66 398 202 
7307 431 511 542 1425 
7308 424 425 423 1385 
7309 622 592 653 1384 
7310 423 463 422 1443 
7311 277 250 272 1239 
7312 205 63 382 1314 
7313 767 794 791 1462 
7314 881 831 904 161 
7315 620 574 619 1292 
7316 721 751 138 1388 
7317 364 511 439 1372 
7318 843 800 842 1355 
7319 881 748 55 1472 
7320 986 1344 1364 1381 
7321 360 301 88 478 
7322 887 502 119 373 
7323 948 951 950 1476 
7324 271 357 211 1457 
7325 60 537 509 268 
7326 257 210 273 1229 
7327 442 444 508 1418 
7328 830 734 858 1368 
7329 837 840 797 1354 
7330 97 450 686 1456 
7331 686 603 97 1456 
7332 432 439 511 1372 
7333 598 683 576 1471 
7334 663 160 902 897 
7335 534 69 263 206 
7336 829 768 759 1428 
7337 576 578 598 1348 
7338 271 1314 350 1457 
7339 260 328 356 1291 
7340 766 763 767 1262 
7341 475 515 483 1427 
7342 317 345 266 1240 
7343 686 614 603 1456 
7344 720 867 790 1417 
7345 521 487 477 1378 
7346 603 386 97 1456 
7347 883 756 833 1403 
7348 834 746 866 1412 
7349 182 186 187 1398 
7350 577 613 579 1286 
7351 298 306 336 1424 
7352 751 1388 873 1447 
7353 761 824 760 1374 
7354 222 42 41 819 
7355 234 259 258 1342 
7356 19 200 658 192 
7357 664 661 655 1482 
7358 514 469 532 1350 
7359 341 300 310 1380 
7360 951 984 971 1476 
7361 386 1351 451 1456 
7362 839 770 769 1370 
7363 403 465 405 1357 
7364 367 8 180 972 
7365 592 652 584 1438 
7366 80 79 471 294 
7367 651 659 563 1383 
7368 171 980 871 705 
7369 205 267 333 1283 
7370 271 205 350 1314 
7371 841 827 777 1434 
7372 84 85 223 390 
7373 155 725 565 154 
7374 263 389 69 534 
7375 480 109 110 650 
7376 419 465 403 1357 
7377 905 361 323 1472 
7378 753 754 756 1439 
7379 817 818 804 1480 
7380 746 872 866 1412 
7381 447 542 511 1425 
7382 703 862 868 1458 
7383 537 15 196 197 
7384 386 450 97 1456 
7385 861 165 702 981 
7386 1025 1473 1297 1474 
7387 891 893 892 1468 
7388 652 674 612 1317 
7389 209 34 33 742 
7390 609 564 878 141 
7391 96 95 545 397 
7392 229 230 231 1422 
7393 391 83 82 224 
7394 917 980 962 1461 
7395 539 118 901 502 
7396 502 118 901 896 
7397 682 654 597 1404 
7398 137 721 547 847 
7399 901 324 59 360 
7400 276 311 316 1436 
7401 81 80 392 225 
7402 701 866 784 1377 
7403 859 838 765 1266 
7404 238 236 237 1455 
7405 381 123 914 531 
7406 613 593 579 1286 
7407 227 86 87 395 
7408 527 411 504 1426 
7409 511 364 447 1416 
7410 82 81 472 295 
7411 346 262 203 1320 
7412 85 86 299 476 
7413 27 28 784 270 
7414 44 45 714 219 
7415 83 84 297 474 
7416 771 750 830 1305 
7417 573 577 576 1479 
7418 603 614 593 1287 
7419 483 520 475 1427 
7420 523 368 491 1340 
7421 383 16 17 181 
7422 317 208 318 1459 
7423 90 89 618 399 
7424 306 298 340 1424 
7425 479 487 522 1405 
7426 494 420 383 1397 
7427 282 43 42 723 
7428 318 208 274 1459 
7429 46 47 713 218 
7430 957 972 128 384 
7431 425 426 423 1443 
7432 108 109 378 560 
7433 563 21 20 183 
7434 389 457 500 1465 
7435 156 809 637 155 
7436 68 67 457 286 
7437 77 76 394 289 
7438 170 722 965 169 
7439 41 40 278 793 
7440 228 361 55 1472 
7441 213 73 74 490 
7442 557 104 103 460 
7443 965 722 870 169 
7444 442 508 447 1418 
7445 386 499 451 1351 
7446 344 265 327 1473 
7447 665 136 879 552 
7448 377 110 111 559 
7449 718 774 776 1396 
7450 273 72 73 372 
7451 127 957 128 384 
7452 69 68 389 263 
7453 190 183 195 1383 
7454 686 545 614 1375 
7455 55 748 228 1472 
7456 354 1 537 197 
7457 215 53 52 710 
7458 898 324 59 901 
7459 114 115 375 556 
7460 917 720 170 171 
7461 851 49 50 305 
7462 971 942 933 1391 
7463 949 950 978 1440 
7464 191 23 24 826 
7465 576 683 575 1400 
7466 751 873 752 1447 
7467 266 208 317 1240 
7468 244 245 246 1216 
7469 482 111 112 676 
7470 504 411 420 1426 
7471 212 58 57 889 
7472 604 769 133 134 
7473 960 123 122 380 
7474 543 544 524 1334 
7475 419 403 382 1314 
7476 794 767 849 1462 
7477 102 101 553 387 
7478 370 982 122 529 
7479 653 605 622 1384 
7480 363 288 275 1257 
7481 878 848 609 141 
7482 576 575 573 1400 
7483 759 859 829 1469 
7484 143 142 709 657 
7485 970 126 530 385 
7486 259 322 357 1203 
7487 440 66 65 325 
7488 35 34 284 786 
7489 135 738 621 134 
7490 106 107 379 561 
7491 578 576 577 1348 
7492 26 25 825 185 
7493 107 108 513 649 
7494 846 47 48 303 
7495 12 13 221 184 
7496 376 112 113 558 
7497 101 100 571 441 
7498 21 22 195 659 
7499 549 99 98 439 
7500 712 48 49 217 
7501 216 51 50 711 
7502 894 905 906 1472 
7503 881 361 905 1472 
7504 271 259 357 1457 
7505 201 692 3 536 
7506 729 734 830 1368 
7507 93 94 396 616 
7508 288 33 32 781 
7509 948 950 949 1440 
7510 2 874 198 355 
7511 820 43 44 313 
7512 506 105 106 668 
7513 1046 1364 1344 1381 
7514 951 948 984 1476 
7515 158 900 662 157 
7516 582 584 652 1438 
7517 737 827 841 1434 
7518 136 135 879 552 
7519 790 867 783 1417 
7520 249 311 276 1345 
7521 914 124 381 528 
7522 203 32 31 772 
7523 821 45 46 334 
7524 771 706 750 1464 
7525 656 103 102 459 
7526 6 901 360 539 
7527 441 447 364 1416 
7528 11 12 320 193 
7529 1 15 537 197 
7530 577 573 602 1479 
7531 752 704 751 1447 
7532 702 165 10 981 
7533 423 369 424 1385 
7534 703 870 169 910 
7535 555 158 159 888 
7536 972 367 128 543 
7537 894 904 905 1472 
7538 401 65 64 267 
7539 214 75 76 466 
7540 126 970 127 385 
7541 136 879 847 665 
7542 28 29 701 207 
7543 119 120 887 373 
7544 138 606 751 139 
7545 182 24 25 719 
7546 171 10 980 705 
7547 200 875 4 690 
7548 323 361 228 1472 
7549 95 94 647 454 
7550 165 717 166 959 
7551 694 9 903 880 
7552 583 667 585 1437 
7553 498 425 428 1379 
7554 897 663 160 159 
7555 789 829 859 1469 
7556 124 365 968 125 
7557 751 765 873 1388 
7558 163 708 162 886 
7559 316 311 247 1436 
7560 210 71 72 422 
7561 503 121 120 890 
7562 137 136 847 665 
7563 199 14 13 321 
7564 386 451 450 1456 
7565 776 29 30 229 
7566 751 721 765 1388 
7567 331 74 75 374 
7568 307 52 51 853 
7569 194 18 17 494 
7570 140 609 848 141 
7571 419 63 62 271 
7572 164 899 832 163 
7573 658 20 19 192 
7574 484 113 114 679 
7575 910 169 703 168 
7576 271 350 259 1457 
7577 660 105 104 388 
7578 779 883 833 1403 
7579 844 750 706 1464 
7580 204 36 35 724 
7581 756 760 753 1439 
7582 70 71 327 369 
7583 208 38 37 699 
7584 831 748 881 1472 
7585 597 654 590 1404 
7586 56 57 906 323 
7587 537 60 1 354 
7588 198 11 2 355 
7589 874 23 2 198 
7590 881 905 5 161 
7591 344 327 210 1473 
7592 167 166 865 913 
7593 140 704 551 139 
7594 160 902 7 695 
7595 692 3 22 201 
7596 201 3 18 536 
7597 132 131 771 608 
7598 738 835 792 1483 
7599 901 6 118 539 
7600 901 59 6 360 
7601 382 64 63 205 
7602 200 4 19 690 
7603 824 761 869 1374 
7604 367 128 8 972 
7605 157 694 9 903 
7606 164 903 9 880 
7607 700 168 167 967 
7608 982 122 8 370 
7609 692 89 3 536 
7610 564 142 878 141 
7611 115 116 486 681 
7612 309 54 53 856 
7613 2 27 874 355 
7614 366 62 61 211 
7615 694 9 880 156 
7616 162 904 831 161 
7617 70 69 534 206 
7618 368 908 125 126 
7619 92 91 617 371 
7620 98 97 603 386 
7621 509 61 60 268 
7622 88 6 360 539 
7623 875 129 4 690 
7624 119 118 502 896 
7625 133 749 546 132 
7626 97 96 686 450 
7627 130 129 780 607 
7628 875 4 26 200 
7629 354 14 1 197 
7630 131 130 706 550 
7631 685 100 99 364 
7632 5 905 881 361 
7633 902 540 7 695 
7634 116 117 400 570 
7635 36 37 782 274 
7636 87 88 301 478 
7637 55 54 228 748 
7638 463 423 426 1443 
7639 93 92 548 533 
7640 881 55 5 361 
7641 138 721 547 137 
7642 540 117 7 695 
7643 324 59 58 898 
7644 346 31 30 718 
7645 554 91 90 438 
7646 196 16 15 535 
7647 39 38 266 778 
7648 123 914 124 381 
7649 540 7 121 902 
7650 905 5 56 361 
7651 1274 1409 582 1121 
7652 582 1409 1274 1175 
7653 1430 1116 998 1086 
7654 1430 998 1116 1219 
7655 924 1255 1313 977 
7656 924 1313 1255 1038 
7657 956 1313 1255 977 
7658 956 1255 1313 1038 
7659 1270 1377 1119 1008 
7660 1119 1377 1270 326 
7661 1217 173 1445 929 
7662 1217 1445 173 1215 
7663 1399 177 921 1077 
7664 921 177 1399 176 
7665 921 1352 1399 1077 
7666 1399 1352 921 176 
7667 1441 1050 993 1173 
7668 1441 993 1050 1087 
7669 1220 964 963 1147 
7670 1220 963 964 936 
7671 946 1421 984 1089 
7672 946 984 1421 979 
7673 943 984 1421 1089 
7674 943 1421 984 979 
7675 1432 353 1008 1230 
7676 1432 1008 353 1270 
7677 716 1151 1368 728 
7678 1368 1151 716 1072 
7679 1255 958 950 1225 
7680 1255 950 958 977 
7681 1334 1227 1324 1313 
7682 1334 1324 1227 1054 
7683 1272 925 933 953 
7684 1272 933 925 1234 
7685 1145 445 444 1143 
7686 1145 444 445 443 
7687 1463 938 935 939 
7688 1463 935 938 1050 
7689 1393 819 837 723 
7690 1393 837 819 1120 
7691 1280 1313 1091 1019 
7692 1091 1313 1280 1038 
7693 1345 1455 1244 249 
7694 1244 1455 1345 1029 
7695 1479 1416 602 1066 
7696 1479 602 1416 573 
7697 1195 1439 1447 1196 
7698 1195 1447 1439 753 
7699 704 1447 1439 1196 
7700 704 1439 1447 753 
7701 1290 1264 1265 1028 
7702 1290 1265 1264 1058 
7703 1395 856 1302 1148 
7704 1395 1302 856 860 
7705 1328 1136 1005 1157 
7706 1328 1005 1136 1055 
7707 1149 1241 1467 448 
7708 1467 1241 1149 1091 
7709 1467 458 1149 448 
7710 1149 458 1467 1091 
7711 197 321 14 199 
7712 14 321 197 354 
7713 1398 825 185 1200 
7714 914 1294 381 531 
7715 914 381 1294 1114 
7716 541 381 1294 531 
7717 541 1294 381 1114 
7718 1137 596 1306 595 
7719 1137 1306 596 1041 
7720 1379 508 542 498 
7721 1379 542 508 1026 
7722 330 1280 287 314 
7723 287 1280 330 1241 
7724 1156 813 1394 1095 
7725 1156 1394 813 852 
7726 1155 641 1401 678 
7727 1155 1401 641 1095 
7728 1409 593 581 615 
7729 1409 581 593 1175 
7730 1232 601 617 548 
7731 1232 617 601 1068 
7732 449 1340 1049 491 
7733 1049 1340 449 1225 
7734 1049 404 449 491 
7735 1260 1333 1413 1202 
7736 1413 1333 1260 1085 
7737 1436 1188 285 316 
7738 1436 285 1188 1315 
7739 1338 1397 188 1166 
7740 188 1397 1338 1021 
7741 1305 739 1024 750 
7742 1305 1024 739 1212 
7743 844 1024 739 750 
7744 1366 304 339 296 
7745 1366 339 304 1189 
7746 1343 1366 304 1189 
7747 304 1366 1343 1191 
7748 1459 1058 1290 1144 
7749 1459 1290 1058 1136 
7750 1233 381 493 528 
7751 1233 493 381 1114 
7752 1465 534 517 389 
7753 1465 517 534 1075 
7754 1374 1120 996 1243 
7755 1374 996 1120 1083 
7756 1363 1247 1248 919 
7757 1363 1248 1247 1051 
7758 1462 763 1052 1262 
7759 1462 1052 763 849 
7760 1342 1016 322 1203 
7761 1342 322 1016 1153 
7762 691 1287 615 614 
7763 615 1287 691 1193 
7764 1310 733 798 1112 
7765 1310 798 733 799 
7766 1322 436 1054 437 
7767 1322 1054 436 1307 
7768 1406 1170 1039 1311 
7769 1406 1039 1170 1110 
7770 1310 562 625 627 
7771 1310 625 562 1112 
7772 1016 1432 232 1270 
7773 1016 232 1432 1109 
7774 253 232 1432 1270 
7775 253 1432 232 1109 
7776 719 185 1398 825 
7777 1398 185 719 182 
7778 657 824 142 709 
7779 657 142 824 564 
7780 1420 1277 1466 1047 
7781 1420 1466 1277 1060 
7782 802 1390 1111 801 
7783 1111 1390 802 1181 
7784 209 781 33 288 
7785 33 781 209 742 
7786 1428 849 854 768 
7787 1428 854 849 1154 
7788 1399 178 1077 1139 
7789 1399 1077 178 177 
7790 1251 548 1218 645 
7791 1251 1218 548 1232 
7792 1233 417 1218 1231 
7793 1233 1218 417 493 
7794 1327 462 1331 512 
7795 1327 1331 462 1127 
7796 1429 569 629 1111 
7797 1429 629 569 628 
7798 1475 1480 811 1061 
7799 811 1480 1475 804 
7800 1100 1344 1381 1046 
7801 1381 1344 1100 1026 
7802 1414 635 1128 1249 
7803 1414 1128 635 643 
7804 1450 1392 1089 994 
7805 1450 1089 1392 1076 
7806 1259 1290 1265 989 
7807 1265 1290 1259 1058 
7808 1349 693 677 607 
7809 1349 677 693 1113 
7810 1482 624 1219 1298 
7811 1482 1219 624 664 
7812 1318 1363 1040 1301 
7813 1040 1363 1318 1226 
7814 1470 1006 1099 1392 
7815 1470 1099 1006 1433 
7816 1452 1099 1006 1392 
7817 1452 1006 1099 1433 
7818 1347 1391 1015 1256 
7819 1015 1391 1347 1071 
7820 1183 1426 1223 995 
7821 1223 1426 1183 1126 
7822 1463 935 983 939 
7823 1463 983 935 1387 
7824 1412 741 740 746 
7825 1412 740 741 1411 
7826 1294 1449 1079 1248 
7827 1079 1449 1294 1048 
7828 460 656 103 557 
7829 460 103 656 459 
7830 1323 396 455 454 
7831 1323 455 396 1218 
7832 679 375 1197 556 
7833 679 1197 375 484 
7834 725 1395 815 810 
7835 815 1395 725 1128 
7836 1319 311 240 238 
7837 1319 240 311 1172 
7838 1386 1109 1042 992 
7839 1042 1109 1386 1321 
7840 1042 1311 1386 992 
7841 1386 1311 1042 1321 
7842 1109 1042 1230 1321 
7843 1109 1230 1042 1422 
7844 1349 836 741 1098 
7845 1349 741 836 864 
7846 1409 1437 1150 1193 
7847 1150 1437 1409 1088 
7848 886 831 162 904 
7849 886 162 831 708 
7850 548 396 93 533 
7851 548 93 396 616 
7852 1314 402 1283 1208 
7853 1314 1283 402 382 
7854 1430 466 1124 501 
7855 1430 1124 466 1267 
7856 970 526 1149 957 
7857 1149 526 970 385 
7858 889 323 57 212 
7859 57 323 889 906 
7860 1485 1376 1486 1027 
7861 1485 1486 1376 1131 
7862 1418 441 447 442 
7863 1418 447 441 1416 
7864 1484 1026 1066 1425 
7865 1484 1066 1026 1431 
7866 617 533 1232 548 
7867 1232 533 617 371 
7868 832 903 1207 899 
7869 832 1207 903 880 
7870 449 1049 1208 404 
7871 1208 1049 449 1225 
7872 1024 739 741 844 
7873 1024 741 739 1212 
$EndElements
