$MeshFormat
2.2 0 8
$EndMeshFormat
$PhysicalNames
5
1 11 "xmin"
1 12 "xmax"
1 13 "ymin"
1 14 "ymax"
2 1 "domain"
$EndPhysicalNames
$Nodes
3016
1 0 0 0
2 1 0 0
3 1 1 0
4 0 1 0
5 0.02 0 0
6 0.04 0 0
7 0.06 0 0
8 0.08 0 0
9 0.1 0 0
10 0.12 0 0
11 0.14 0 0
12 0.16 0 0
13 0.18 0 0
14 0.2 0 0
15 0.22 0 0
16 0.24 0 0
17 0.26 0 0
18 0.28 0 0
19 0.3 0 0
20 0.32 0 0
21 0.34 0 0
22 0.36 0 0
23 0.38 0 0
24 0.4 0 0
25 0.42 0 0
26 0.44 0 0
27 0.46 0 0
28 0.48 0 0
29 0.5 0 0
30 0.52 0 0
31 0.54 0 0
32 0.5600000000000001 0 0
33 0.58 0 0
34 0.6 0 0
35 0.62 0 0
36 0.64 0 0
37 0.66 0 0
38 0.68 0 0
39 0.7 0 0
40 0.72 0 0
41 0.74 0 0
42 0.76 0 0
43 0.78 0 0
44 0.8 0 0
45 0.82 0 0
46 0.84 0 0
47 0.86 0 0
48 0.88 0 0
49 0.9 0 0
50 0.92 0 0
51 0.9399999999999999 0 0
52 0.96 0 0
53 0.98 0 0
54 1 0.02 0
55 1 0.04 0
56 1 0.06 0
57 1 0.08 0
58 1 0.1 0
59 1 0.12 0
60 1 0.14 0
61 1 0.16 0
62 1 0.18 0
63 1 0.2 0
64 1 0.22 0
65 1 0.24 0
66 1 0.26 0
67 1 0.28 0
68 1 0.3 0
69 1 0.32 0
70 1 0.34 0
71 1 0.36 0
72 1 0.38 0
73 1 0.4 0
74 1 0.42 0
75 1 0.44 0
76 1 0.46 0
77 1 0.48 0
78 1 0.5 0
79 1 0.52 0
80 1 0.54 0
81 1 0.5600000000000001 0
82 1 0.58 0
83 1 0.6 0
84 1 0.62 0
85 1 0.64 0
86 1 0.66 0
87 1 0.68 0
88 1 0.7 0
89 1 0.72 0
90 1 0.74 0
91 1 0.76 0
92 1 0.78 0
93 1 0.8 0
94 1 0.82 0
95 1 0.84 0
96 1 0.86 0
97 1 0.88 0
98 1 0.9 0
99 1 0.92 0
100 1 0.9399999999999999 0
101 1 0.96 0
102 1 0.98 0
103 0.98 1 0
104 0.96 1 0
105 0.9399999999999999 1 0
106 0.92 1 0
107 0.9 1 0
108 0.88 1 0
109 0.86 1 0
110 0.84 1 0
111 0.8200000000000001 1 0
112 0.8 1 0
113 0.78 1 0
114 0.76 1 0
115 0.74 1 0
116 0.72 1 0
117 0.7 1 0
118 0.6799999999999999 1 0
119 0.6599999999999999 1 0
120 0.64 1 0
121 0.62 1 0
122 0.6 1 0
123 0.5800000000000001 1 0
124 0.5600000000000001 1 0
125 0.54 1 0
126 0.52 1 0
127 0.5 1 0
128 0.48 1 0
129 0.46 1 0
130 0.4399999999999999 1 0
131 0.42 1 0
132 0.4 1 0
133 0.38 1 0
134 0.36 1 0
135 0.34 1 0
136 0.32 1 0
137 0.3 1 0
138 0.28 1 0
139 0.26 1 0
140 0.24 1 0
141 0.22 1 0
142 0.2 1 0
143 0.18 1 0
144 0.16 1 0
145 0.14 1 0
146 0.12 1 0
147 0.09999999999999998 1 0
148 0.07999999999999996 1 0
149 0.06000000000000005 1 0
150 0.04000000000000004 1 0
151 0.02000000000000002 1 0
152 0 0.98 0
153 0 0.96 0
154 0 0.9399999999999999 0
155 0 0.92 0
156 0 0.9 0
157 0 0.88 0
158 0 0.86 0
159 0 0.84 0
160 0 0.8200000000000001 0
161 0 0.8 0
162 0 0.78 0
163 0 0.76 0
164 0 0.74 0
165 0 0.72 0
166 0 0.7 0
167 0 0.6799999999999999 0
168 0 0.6599999999999999 0
169 0 0.64 0
170 0 0.62 0
171 0 0.6 0
172 0 0.5800000000000001 0
173 0 0.5600000000000001 0
174 0 0.54 0
175 0 0.52 0
176 0 0.5 0
177 0 0.48 0
178 0 0.46 0
179 0 0.4399999999999999 0
180 0 0.42 0
181 0 0.4 0
182 0 0.38 0
183 0 0.36 0
184 0 0.34 0
185 0 0.32 0
186 0 0.3 0
187 0 0.28 0
188 0 0.26 0
189 0 0.24 0
190 0 0.22 0
191 0 0.2 0
192 0 0.18 0
193 0 0.16 0
194 0 0.14 0
195 0 0.12 0
196 0 0.09999999999999998 0
197 0 0.07999999999999996 0
198 0 0.06000000000000005 0
199 0 0.04000000000000004 0
200 0 0.02000000000000002 0
201 0.4899523891252951 0.984007042391705 0
202 0.4895837741488674 0.01494297157307711 0
203 0.9826794919243067 0.4899999999999959 0
204 0.0157906852790341 0.4906154379049725 0
205 0.61 0.9826794919243113 0
206 0.01732050807568875 0.61 0
207 0.6103365023497569 0.01489593927001182 0
208 0.9826794919243109 0.6099999999999992 0
209 0.3696991249383661 0.01756366237538382 0
210 0.3728919895180126 0.980995173179388 0
211 0.9826794919243096 0.3699999999999998 0
212 0.0173205080756888 0.37 0
213 0.9826794919243126 0.7099999999999991 0
214 0.7105563861092601 0.01699927840573401 0
215 0.01635401476631082 0.7097802007482275 0
216 0.7105563861092621 0.9830007215942671 0
217 0.2713420113835325 0.01908013888956239 0
218 0.9826794919243076 0.2700000000000005 0
219 0.2709220219670425 0.9817359322847428 0
220 0.0173205080756888 0.27 0
221 0.9826794919243113 0.7899999999999996 0
222 0.791174081443897 0.01910020252749567 0
223 0.0173205080756888 0.79 0
224 0.7907803350012468 0.9818032856696719 0
225 0.01635401476631049 0.1897802007482299 0
226 0.1912261958800237 0.9820299461620768 0
227 0.9826794919243075 0.1899999999999996 0
228 0.1905841266356622 0.01698326240534831 0
229 0.87 0.9826794919243111 0
230 0.0173205080756888 0.87 0
231 0.87 0.0173205080756888 0
232 0.9826794919243113 0.8700000000000001 0
233 0.1095881069757991 0.01788501013461619 0
234 0.1314566424463505 0.9814799776649943 0
235 0.01579068527903738 0.129384562095039 0
236 0.9826794919243036 0.1299999999999988 0
237 0.9826794919243058 0.4299999999999986 0
238 0.01537923820775661 0.4300000000000045 0
239 0.4300455554470773 0.01511756044635792 0
240 0.4318805970144108 0.9820541638620142 0
241 0.01579068527903349 0.5506154379049739 0
242 0.5499628268763097 0.01746842057341969 0
243 0.5497552306523825 0.9821928703457734 0
244 0.982679491924309 0.5499999999999972 0
245 0.9826794919243114 0.93 0
246 0.06803939473343801 0.9812372410156962 0
247 0.9300000000000002 0.01732050807568869 0
248 0.01732050807568869 0.0699999999999999 0
249 0.9304277993475688 0.9822460184393097 0
250 0.01635401476631237 0.9297802007482274 0
251 0.9809757324312749 0.06929074396797236 0
252 0.6496432130290709 0.9842072676959048 0
253 0.01732050807568869 0.65 0
254 0.9826794919243067 0.2299999999999989 0
255 0.9826794919243114 0.7499999999999992 0
256 0.75 0.0173205080756888 0
257 0.23 0.0173205080756888 0
258 0.8283925145501697 0.01907058323287675 0
259 0.01732050807568869 0.83 0
260 0.01732050807568875 0.33 0
261 0.1478868655325063 0.01803238428647569 0
262 0.9826794919243038 0.3100000000000007 0
263 0.9826794919243114 0.6699999999999985 0
264 0.3085509236782656 0.01908120861803181 0
265 0.6689532749668822 0.01588701472527071 0
266 0.0173205080756888 0.75 0
267 0.0173205080756888 0.23 0
268 0.982679491924312 0.8299999999999994 0
269 0.33 0.9826794919243113 0
270 0.8283925145501772 0.9809294167671301 0
271 0.06753136853262209 0.01901732313164484 0
272 0.7530079375966217 0.9808578542061303 0
273 0.2330827468406131 0.980768610411931 0
274 0.9818860550511842 0.03183651238114804 0
275 0.01616371365533853 0.03006571554152038 0
276 0.9826794919243111 0.9700000000000003 0
277 0.01616371365533964 0.9699342844584852 0
278 0.9826794919243113 0.9100000000000001 0
279 0.9654432750611337 0.9198540033372994 0
280 0.9653730323840409 0.8999756672228836 0
281 0.948139156943433 0.9098256150973301 0
282 0.9480575973905864 0.8899668803867026 0
283 0.9307379348286025 0.8999654159140074 0
284 0.9307244824887466 0.8799887160501181 0
285 0.913401873275365 0.8899923553273562 0
286 0.9133992810291078 0.869996845229579 0
287 0.8960779907227607 0.8799982000928231 0
288 0.8960774283099411 0.8599991742204012 0
289 0.8787566961270064 0.8699995623855383 0
290 0.8787565650403282 0.8499997894343242 0
291 0.8614359977656525 0.8599998919699785 0
292 0.8614359660513748 0.8399999469007176 0
293 0.8441154428234749 0.8499999731451192 0
294 0.8441154350123945 0.8299999866743061 0
295 0.8267949231094891 0.8399999933032409 0
296 0.8267949211697736 0.8199999966629256 0
297 0.8094744121329279 0.829999998327698 0
298 0.8094744116494499 0.8099999991651061 0
299 0.7921539033329876 0.8199999995821377 0
300 0.79215390321228 0.7999999997912097 0
301 0.7748333950763446 0.8099999998955605 0
302 0.774833395046186 0.7899999999477963 0
303 0.7575128869554295 0.7999999999738958 0
304 0.7575128869478918 0.7799999999869502 0
305 0.7401923788684351 0.7899999999934793 0
306 0.7401923788665502 0.7699999999967415 0
307 0.7228718707899194 0.7799999999983753 0
308 0.7228718707894479 0.7599999999991897 0
309 0.7055513627135237 0.7699999999995986 0
310 0.7055513627134056 0.7499999999998019 0
311 0.688230854637658 0.7599999999999049 0
312 0.6882308546376282 0.7399999999999554 0
313 0.6709103465619251 0.7499999999999812 0
314 0.6709103465619173 0.7299999999999939 0
315 0.6535898384862251 0.7400000000000005 0
316 0.6535898384862235 0.7200000000000025 0
317 0.6362693304105325 0.7300000000000073 0
318 0.6362693304105328 0.710000000000006 0
319 0.6189488223348436 0.720000000000009 0
320 0.6189488223348431 0.7000000000000077 0
321 0.6016283142591548 0.7100000000000093 0
322 0.6016283142591542 0.6900000000000082 0
323 0.5843078061834656 0.7000000000000086 0
324 0.5843078061834652 0.6800000000000084 0
325 0.5669872981077766 0.6900000000000087 0
326 0.5669872981077761 0.6700000000000087 0
327 0.5496667900320876 0.6800000000000089 0
328 0.5496667900320873 0.660000000000009 0
329 0.5669872981077758 0.6500000000000088 0
330 0.5496667900320871 0.640000000000009 0
331 0.5669872981077761 0.6300000000000088 0
332 0.5496667900320868 0.620000000000009 0
333 0.566987298107776 0.6100000000000088 0
334 0.5496667900320864 0.6000000000000091 0
335 0.5669872981077755 0.5900000000000086 0
336 0.5496667900320861 0.5800000000000091 0
337 0.5669872981077752 0.5700000000000086 0
338 0.5496667900320857 0.560000000000009 0
339 0.5669872981077743 0.5500000000000088 0
340 0.5496667900320853 0.540000000000009 0
341 0.5669872981077744 0.5300000000000088 0
342 0.5496667900320851 0.5200000000000091 0
343 0.566987298107774 0.5100000000000088 0
344 0.5496667900320847 0.5000000000000091 0
345 0.5323462819563988 0.6700000000000095 0
346 0.5323462819563971 0.5700000000000093 0
347 0.5669872981077733 0.4900000000000088 0
348 0.5496667900320842 0.4800000000000092 0
349 0.5669872981077728 0.4700000000000089 0
350 0.5496667900320837 0.4600000000000092 0
351 0.5323462819563952 0.4700000000000096 0
352 0.5323462819563948 0.4500000000000096 0
353 0.5150257738807063 0.46000000000001 0
354 0.5669872981077724 0.4500000000000088 0
355 0.5150257738807059 0.4400000000000099 0
356 0.4977052658050173 0.4500000000000103 0
357 0.4977052658050169 0.4300000000000102 0
358 0.4803847577293283 0.4400000000000107 0
359 0.4803847577293279 0.4200000000000107 0
360 0.4630642496536394 0.4300000000000109 0
361 0.4630642496536389 0.4100000000000111 0
362 0.4457437415779504 0.4200000000000113 0
363 0.4803847577293273 0.4000000000000106 0
364 0.4457437415779499 0.4000000000000115 0
365 0.4284232335022614 0.4100000000000117 0
366 0.5843078061834613 0.4600000000000085 0
367 0.5843078061834609 0.4400000000000085 0
368 0.428423233502261 0.3900000000000118 0
369 0.4111027254265724 0.4000000000000122 0
370 0.4111027254265729 0.420000000000012 0
371 0.411102725426572 0.3800000000000122 0
372 0.6882308546376064 0.7199999999999946 0
373 0.6016283142591499 0.4500000000000081 0
374 0.6016283142591494 0.4300000000000082 0
375 0.3937822173508834 0.3900000000000126 0
376 0.393782217350883 0.3700000000000126 0
377 0.6189488223348384 0.4400000000000078 0
378 0.6189488223348379 0.4200000000000077 0
379 0.4111027254265715 0.3600000000000122 0
380 0.3764617092751944 0.3800000000000129 0
381 0.376461709275194 0.360000000000013 0
382 0.636269330410527 0.4300000000000074 0
383 0.6362693304105265 0.4100000000000071 0
384 0.3591412011995054 0.3700000000000134 0
385 0.359141201199505 0.3500000000000134 0
386 0.6535898384862154 0.4200000000000069 0
387 0.6535898384862149 0.4000000000000069 0
388 0.3418206931238165 0.3600000000000138 0
389 0.3418206931238172 0.3800000000000137 0
390 0.341820693123816 0.3400000000000138 0
391 0.5323462819563997 0.6900000000000099 0
392 0.5150257738807101 0.6800000000000098 0
393 0.670910346561904 0.4100000000000064 0
394 0.6709103465619035 0.3900000000000065 0
395 0.6535898384862144 0.3800000000000069 0
396 0.670910346561903 0.3700000000000064 0
397 0.653589838486214 0.3600000000000069 0
398 0.6709103465619024 0.3500000000000065 0
399 0.6535898384862134 0.340000000000007 0
400 0.6709103465619017 0.3300000000000065 0
401 0.6535898384862129 0.3200000000000069 0
402 0.6709103465619046 0.4300000000000064 0
403 0.6709103465619012 0.3100000000000065 0
404 0.3245001850481275 0.3500000000000144 0
405 0.3245001850481269 0.3300000000000144 0
406 0.3418206931238153 0.3200000000000138 0
407 0.3245001850481262 0.3100000000000144 0
408 0.6535898384862122 0.300000000000007 0
409 0.3418206931238146 0.3000000000000138 0
410 0.5150257738807111 0.7000000000000104 0
411 0.4977052658050216 0.6900000000000102 0
412 0.7575128869419266 0.7599999999972823 0
413 0.6882308546375906 0.3400000000000059 0
414 0.688230854637593 0.4200000000000059 0
415 0.6882308546375937 0.4400000000000058 0
416 0.3245001850481255 0.2900000000000144 0
417 0.3071796769724371 0.300000000000015 0
418 0.6709103465619007 0.2900000000000065 0
419 0.4977052658050221 0.7100000000000102 0
420 0.480384757729333 0.7000000000000104 0
421 0.6535898384862118 0.280000000000007 0
422 0.3418206931238139 0.2800000000000138 0
423 0.4803847577293334 0.7200000000000104 0
424 0.4630642496536444 0.7100000000000107 0
425 0.3071796769724364 0.280000000000015 0
426 0.7055513627132821 0.4300000000000053 0
427 0.7055513627132828 0.4500000000000052 0
428 0.289859168896748 0.2900000000000156 0
429 0.4630642496536447 0.7300000000000106 0
430 0.4457437415779558 0.7200000000000109 0
431 0.4457437415779555 0.7000000000000108 0
432 0.4284232335022669 0.7100000000000111 0
433 0.4284232335022667 0.690000000000011 0
434 0.4111027254265781 0.7000000000000113 0
435 0.4111027254265778 0.6800000000000113 0
436 0.3937822173508891 0.6900000000000115 0
437 0.3937822173508889 0.6700000000000115 0
438 0.3764617092752003 0.6800000000000117 0
439 0.3764617092752004 0.7000000000000116 0
440 0.3591412011995115 0.6900000000000117 0
441 0.3591412011995114 0.6700000000000118 0
442 0.3418206931238227 0.6800000000000119 0
443 0.3418206931238226 0.6600000000000119 0
444 0.3245001850481339 0.6700000000000121 0
445 0.3245001850481337 0.6500000000000121 0
446 0.324500185048134 0.690000000000012 0
447 0.3071796769724452 0.6800000000000123 0
448 0.3071796769724453 0.7000000000000122 0
449 0.2898591688967564 0.6900000000000124 0
450 0.2898591688967566 0.7100000000000124 0
451 0.6709103465619003 0.2700000000000066 0
452 0.2898591688967473 0.2700000000000156 0
453 0.7228718707889712 0.4400000000000046 0
454 0.722871870788972 0.4600000000000045 0
455 0.6535898384862111 0.260000000000007 0
456 0.4457437415779562 0.7400000000000112 0
457 0.480384757729334 0.7400000000000115 0
458 0.2725386608210678 0.7000000000000125 0
459 0.2725386608210679 0.7200000000000124 0
460 0.2725386608210589 0.2800000000000161 0
461 0.2725386608210582 0.2600000000000161 0
462 0.6362693304105227 0.2700000000000075 0
463 0.6362693304105221 0.2500000000000075 0
464 0.6189488223348336 0.2600000000000081 0
465 0.6362693304105329 0.7500000000000073 0
466 0.6709103465618996 0.2500000000000066 0
467 0.6882308546375887 0.260000000000006 0
468 0.2898591688967567 0.7300000000000123 0
469 0.272538660821068 0.7400000000000124 0
470 0.2898591688967569 0.7500000000000122 0
471 0.7401923788646604 0.4500000000000038 0
472 0.7401923788646612 0.4700000000000039 0
473 0.2552181527453792 0.7300000000000125 0
474 0.2552181527453792 0.7500000000000124 0
475 0.6189488223348331 0.2400000000000081 0
476 0.6016283142591445 0.2500000000000087 0
477 0.2552181527453698 0.2700000000000168 0
478 0.2552181527453705 0.2900000000000168 0
479 0.2552181527453691 0.2500000000000168 0
480 0.2725386608210575 0.2400000000000162 0
481 0.6882308546375882 0.240000000000006 0
482 0.7055513627132771 0.2500000000000055 0
483 0.7575128869403495 0.4600000000000031 0
484 0.7575128869403502 0.4800000000000031 0
485 0.2552181527453683 0.2300000000000167 0
486 0.7055513627132766 0.2300000000000056 0
487 0.7228718707889655 0.2400000000000051 0
488 0.6016283142591439 0.2300000000000087 0
489 0.5843078061834555 0.2400000000000092 0
490 0.7401923788646619 0.4900000000000038 0
491 0.757512886940351 0.5000000000000031 0
492 0.7575128869403487 0.4400000000000032 0
493 0.7401923788646627 0.5100000000000038 0
494 0.7575128869403518 0.520000000000003 0
495 0.2378976446696905 0.7400000000000124 0
496 0.2378976446696906 0.7600000000000124 0
497 0.2378976446696814 0.2800000000000173 0
498 0.2378976446696821 0.3000000000000173 0
499 0.7228718707889651 0.2200000000000052 0
500 0.7401923788646541 0.2300000000000047 0
501 0.584307806183455 0.2200000000000093 0
502 0.5669872981077664 0.2300000000000099 0
503 0.2725386608210566 0.2200000000000161 0
504 0.7748333950160387 0.4700000000000025 0
505 0.5669872981077657 0.2100000000000098 0
506 0.5496667900320773 0.2200000000000105 0
507 0.601628314259144 0.2100000000000088 0
508 0.2552181527453675 0.2100000000000167 0
509 0.7055513627134844 0.7899999999996703 0
510 0.7401923788646534 0.2100000000000047 0
511 0.7575128869403425 0.2200000000000042 0
512 0.7575128869403431 0.2400000000000041 0
513 0.7748333950160315 0.2300000000000037 0
514 0.7748333950160321 0.2500000000000037 0
515 0.7748333950160309 0.2100000000000037 0
516 0.220577136593993 0.290000000000018 0
517 0.2205771365939937 0.3100000000000179 0
518 0.2205771365940018 0.7500000000000125 0
519 0.2205771365940019 0.7700000000000127 0
520 0.8267949196445605 0.7999999993046722 0
521 0.5843078061834657 0.6000000000000083 0
522 0.2205771365940018 0.7300000000000126 0
523 0.3418206931238224 0.6400000000000119 0
524 0.3245001850481335 0.6300000000000121 0
525 0.3418206931238221 0.6200000000000119 0
526 0.3245001850481332 0.6100000000000121 0
527 0.7401923788646634 0.5300000000000038 0
528 0.7575128869403526 0.5400000000000031 0
529 0.46306424965364 0.4500000000000107 0
530 0.774833395016041 0.5300000000000025 0
531 0.7748333950160418 0.5500000000000025 0
532 0.2378976446696908 0.7800000000000125 0
533 0.220577136594002 0.7900000000000126 0
534 0.5496667900320769 0.2000000000000106 0
535 0.5323462819563882 0.2100000000000111 0
536 0.2378976446696909 0.8000000000000125 0
537 0.7228718707889644 0.2000000000000053 0
538 0.3418206931238219 0.6000000000000119 0
539 0.3245001850481329 0.5900000000000122 0
540 0.3071796769724443 0.6000000000000123 0
541 0.3071796769724441 0.5800000000000124 0
542 0.2898591688967556 0.5900000000000125 0
543 0.2898591688967553 0.5700000000000125 0
544 0.2725386608210666 0.5800000000000127 0
545 0.2725386608210664 0.5600000000000127 0
546 0.2552181527453778 0.5700000000000127 0
547 0.2552181527453776 0.5500000000000129 0
548 0.2378976446696889 0.5600000000000129 0
549 0.2378976446696887 0.540000000000013 0
550 0.2205771365940001 0.5500000000000133 0
551 0.2205771365939997 0.5300000000000133 0
552 0.2725386608210558 0.2000000000000161 0
553 0.79215390309172 0.2200000000000033 0
554 0.7921539030917195 0.2000000000000031 0
555 0.7921539030917299 0.5400000000000018 0
556 0.7921539030917309 0.5600000000000018 0
557 0.2032566285183046 0.3000000000000186 0
558 0.2032566285183053 0.3200000000000185 0
559 0.2032566285183131 0.7600000000000128 0
560 0.2032566285183111 0.5400000000000137 0
561 0.2032566285183108 0.5200000000000137 0
562 0.2032566285183116 0.5600000000000136 0
563 0.2552181527453666 0.1900000000000168 0
564 0.2378976446696783 0.2000000000000174 0
565 0.2205771365940022 0.8100000000000125 0
566 0.5323462819563874 0.1900000000000112 0
567 0.515025773880699 0.2000000000000118 0
568 0.740192378864664 0.5500000000000038 0
569 0.289859168896755 0.5500000000000126 0
570 0.5323462819563889 0.230000000000011 0
571 0.2205771365939993 0.5100000000000134 0
572 0.2032566285183104 0.5000000000000138 0
573 0.5496667900320766 0.1800000000000107 0
574 0.8094744111674085 0.2100000000000028 0
575 0.8094744111674079 0.1900000000000028 0
576 0.5843078061834559 0.2600000000000089 0
577 0.3418206931238216 0.580000000000012 0
578 0.5150257738806983 0.1800000000000118 0
579 0.4977052658050098 0.1900000000000124 0
580 0.2378976446696778 0.1800000000000174 0
581 0.2205771365939891 0.190000000000018 0
582 0.7575128869529176 0.8199999999782489 0
583 0.237897644669691 0.8200000000000124 0
584 0.8094744111674192 0.550000000000001 0
585 0.80947441116742 0.5700000000000011 0
586 0.7921539030917317 0.5800000000000017 0
587 0.8094744111674209 0.5900000000000011 0
588 0.272538660821055 0.1800000000000161 0
589 0.1859361204426218 0.5100000000000139 0
590 0.1859361204426214 0.4900000000000139 0
591 0.2032566285183102 0.4800000000000139 0
592 0.185936120442621 0.470000000000014 0
593 0.1859361204426162 0.3100000000000191 0
594 0.2898591688967441 0.1900000000000154 0
595 0.6362693304105338 0.6900000000000052 0
596 0.4977052658050091 0.1700000000000125 0
597 0.4803847577293208 0.180000000000013 0
598 0.4803847577293214 0.2000000000000131 0
599 0.4630642496536323 0.1900000000000137 0
600 0.2898591688967433 0.1700000000000154 0
601 0.2205771365939886 0.1700000000000179 0
602 0.2032566285183001 0.1800000000000186 0
603 0.2205771365940024 0.8300000000000125 0
604 0.2032566285183136 0.8200000000000128 0
605 0.4630642496536316 0.1700000000000138 0
606 0.4111027254265776 0.6600000000000114 0
607 0.7921539030917325 0.6000000000000018 0
608 0.8094744111674217 0.6100000000000011 0
609 0.826794919243109 0.5800000000000003 0
610 0.826794919243097 0.2000000000000023 0
611 0.8267949192430974 0.2200000000000024 0
612 0.8267949192430967 0.1800000000000024 0
613 0.8094744111674075 0.1700000000000028 0
614 0.5843078061834633 0.5400000000000085 0
615 0.4457437415779432 0.1800000000000143 0
616 0.4630642496536331 0.2100000000000137 0
617 0.6016283142591488 0.4100000000000076 0
618 0.20325662851831 0.4600000000000138 0
619 0.1859361204426169 0.3300000000000191 0
620 0.2032566285183139 0.8400000000000127 0
621 0.1859361204426251 0.8300000000000133 0
622 0.2032566285182994 0.1600000000000186 0
623 0.1859361204426111 0.1700000000000192 0
624 0.4457437415779426 0.1600000000000143 0
625 0.826794919243096 0.1600000000000024 0
626 0.1686156123669328 0.5000000000000142 0
627 0.1686156123669278 0.3200000000000196 0
628 0.1686156123669272 0.3000000000000196 0
629 0.168615612366928 0.3400000000000187 0
630 0.2378976446696912 0.8400000000000124 0
631 0.2552181527453799 0.8300000000000123 0
632 0.7921539030917334 0.6200000000000018 0
633 0.8094744111674225 0.630000000000001 0
634 0.1859361204426255 0.8500000000000132 0
635 0.1686156123669366 0.8400000000000137 0
636 0.220577136593988 0.1500000000000175 0
637 0.2552181527453799 0.8500000000000123 0
638 0.2725386608210687 0.8400000000000123 0
639 0.5843078061834666 0.7200000000000104 0
640 0.2205771365939942 0.3300000000000172 0
641 0.8094744111674071 0.1500000000000028 0
642 0.809474411972734 0.8499999986051653 0
643 0.8441154273187851 0.1700000000000019 0
644 0.7228718707889744 0.5200000000000045 0
645 0.1859361204426103 0.1500000000000192 0
646 0.1686156123669219 0.1600000000000199 0
647 0.8441154273187845 0.1500000000000018 0
648 0.428423233502254 0.1700000000000148 0
649 0.4284232335022533 0.1500000000000148 0
650 0.1512951042912388 0.31000000000002 0
651 0.1512951042912382 0.2900000000000202 0
652 0.2725386608210686 0.8600000000000122 0
653 0.2898591688967576 0.8500000000000121 0
654 0.8787564688413515 0.8299999560558398 0
655 0.2552181527453785 0.5900000000000128 0
656 0.4457437415779419 0.1400000000000143 0
657 0.1686156123669374 0.8600000000000135 0
658 0.1512951042912482 0.8500000000000143 0
659 0.1512951042912475 0.8300000000000143 0
660 0.1686156123669211 0.1400000000000199 0
661 0.1512951042912328 0.1500000000000205 0
662 0.1512951042912336 0.1700000000000205 0
663 0.8614359353944734 0.1600000000000014 0
664 0.8614359353944729 0.1400000000000013 0
665 0.7921539030917341 0.6400000000000017 0
666 0.8094744111674232 0.650000000000001 0
667 0.8267949192431115 0.6400000000000003 0
668 0.8267949192431124 0.6600000000000004 0
669 0.7748333950160449 0.6300000000000023 0
670 0.8441154273188007 0.6499999999999997 0
671 0.8441154273188016 0.6699999999999996 0
672 0.4284232335022529 0.1300000000000148 0
673 0.4111027254265643 0.1400000000000152 0
674 0.1339745962155497 0.3000000000000206 0
675 0.133974596215549 0.2800000000000207 0
676 0.1339745962155444 0.1600000000000211 0
677 0.1339745962155439 0.1400000000000211 0
678 0.1859361204426263 0.8700000000000129 0
679 0.359141201199503 0.2900000000000132 0
680 0.3591412011995105 0.5900000000000116 0
681 0.3591412011995102 0.5700000000000117 0
682 0.3764617092751991 0.5800000000000114 0
683 0.3764617092751988 0.5600000000000115 0
684 0.3937822173508878 0.5700000000000112 0
685 0.8614359353944899 0.659999999999999 0
686 0.8614359353944907 0.6799999999999989 0
687 0.6189488223348389 0.4600000000000077 0
688 0.6362693304105242 0.330000000000007 0
689 0.4977052658050213 0.67000000000001 0
690 0.3937822173508874 0.5500000000000111 0
691 0.3764617092751985 0.5400000000000115 0
692 0.4111027254265763 0.5600000000000108 0
693 0.3591412011995023 0.2700000000000132 0
694 0.3764617092751914 0.2800000000000126 0
695 0.2898591688967574 0.8700000000000121 0
696 0.3071796769724463 0.8600000000000121 0
697 0.1512951042912491 0.870000000000014 0
698 0.1339745962155591 0.840000000000015 0
699 0.1339745962155585 0.8200000000000149 0
700 0.8441154273188023 0.6899999999999996 0
701 0.8614359353944914 0.699999999999999 0
702 0.7748333950160455 0.6500000000000024 0
703 0.7575128869403565 0.6400000000000029 0
704 0.3071796769724325 0.1800000000000146 0
705 0.3071796769724317 0.1600000000000146 0
706 0.1859361204426209 0.4500000000000139 0
707 0.2032566285183099 0.4400000000000138 0
708 0.2205771365939987 0.4500000000000138 0
709 0.4457437415779416 0.1200000000000145 0
710 0.2725386608210686 0.8800000000000121 0
711 0.4111027254265639 0.1200000000000152 0
712 0.3071796769724464 0.8400000000000122 0
713 0.3245001850481352 0.8500000000000123 0
714 0.3245001850481349 0.8700000000000122 0
715 0.3418206931238238 0.8600000000000125 0
716 0.3418206931238238 0.8400000000000124 0
717 0.3591412011995126 0.8500000000000125 0
718 0.3591412011995125 0.8300000000000124 0
719 0.3764617092752013 0.8400000000000123 0
720 0.3764617092752014 0.8600000000000125 0
721 0.3937822173508902 0.8500000000000123 0
722 0.3937822173508902 0.8700000000000123 0
723 0.4111027254265791 0.8600000000000124 0
724 0.1339745962155451 0.1800000000000214 0
725 0.2205771365939986 0.4300000000000138 0
726 0.2378976446696874 0.4400000000000137 0
727 0.2378976446696872 0.4200000000000137 0
728 0.2552181527453761 0.4300000000000136 0
729 0.8614359878991547 0.8799999090592558 0
730 0.4111027254265789 0.8800000000000124 0
731 0.4284232335022678 0.8700000000000125 0
732 0.428423233502268 0.8500000000000126 0
733 0.4457437415779566 0.8600000000000129 0
734 0.4457437415779564 0.8800000000000128 0
735 0.4630642496536452 0.8700000000000132 0
736 0.4630642496536455 0.8500000000000131 0
737 0.480384757729334 0.8600000000000134 0
738 0.4803847577293343 0.8400000000000133 0
739 0.4977052658050229 0.8500000000000134 0
740 0.4977052658050227 0.8700000000000134 0
741 0.5150257738807116 0.8600000000000136 0
742 0.5150257738807118 0.8400000000000136 0
743 0.5323462819564004 0.8500000000000137 0
744 0.5323462819564007 0.8300000000000138 0
745 0.5496667900320893 0.8400000000000138 0
746 0.5496667900320891 0.860000000000014 0
747 0.5669872981077779 0.850000000000014 0
748 0.5669872981077778 0.8700000000000141 0
749 0.5843078061834666 0.8600000000000143 0
750 0.5843078061834663 0.8800000000000143 0
751 0.6016283142591552 0.8700000000000144 0
752 0.878756443470162 0.1500000000000007 0
753 0.8787564434701625 0.1700000000000009 0
754 0.8787564434701614 0.1300000000000007 0
755 0.8614359353944722 0.1200000000000013 0
756 0.6016283142591554 0.8500000000000145 0
757 0.6189488223348441 0.8600000000000148 0
758 0.6189488223348441 0.8800000000000145 0
759 0.6362693304105328 0.8700000000000148 0
760 0.5496667900320896 0.8200000000000139 0
761 0.3764617092752012 0.8200000000000122 0
762 0.3937822173508871 0.5300000000000111 0
763 0.3764617092751981 0.5200000000000115 0
764 0.8787564434701798 0.6899999999999984 0
765 0.8787564434701803 0.7099999999999984 0
766 0.8787564434701605 0.1100000000000008 0
767 0.2032566285183007 0.2000000000000185 0
768 0.3764617092751907 0.2600000000000126 0
769 0.3937822173508799 0.270000000000012 0
770 0.6882308546375944 0.4600000000000056 0
771 0.8614359353944893 0.639999999999999 0
772 0.8094744111674183 0.530000000000001 0
773 0.2552181527453763 0.4500000000000136 0
774 0.272538660821065 0.4400000000000134 0
775 0.2898591688967425 0.1500000000000153 0
776 0.3071796769724308 0.1400000000000145 0
777 0.2898591688967417 0.1300000000000152 0
778 0.3071796769724301 0.1200000000000145 0
779 0.1166540881398606 0.2900000000000212 0
780 0.1166540881398612 0.3100000000000209 0
781 0.1166540881398598 0.2700000000000213 0
782 0.1166540881398552 0.1500000000000216 0
783 0.116654088139855 0.1300000000000215 0
784 0.11665408813987 0.8300000000000156 0
785 0.1166540881398693 0.8100000000000156 0
786 0.6362693304105326 0.8900000000000144 0
787 0.6535898384862215 0.8800000000000148 0
788 0.3937822173508901 0.8900000000000123 0
789 0.5669872981077777 0.8900000000000141 0
790 0.289859168896741 0.1100000000000151 0
791 0.896076951545851 0.1600000000000004 0
792 0.8960769515458514 0.1800000000000004 0
793 0.6189488223348444 0.8400000000000147 0
794 0.7575128869403571 0.6600000000000028 0
795 0.7401923788646682 0.6500000000000035 0
796 0.8441154273188031 0.7099999999999994 0
797 0.3591412011995124 0.8100000000000124 0
798 0.3764617092752012 0.8000000000000123 0
799 0.2725386608210676 0.6800000000000125 0
800 0.2725386608210652 0.4600000000000133 0
801 0.2898591688967538 0.4500000000000132 0
802 0.3937822173508867 0.5100000000000112 0
803 0.3764617092751978 0.5000000000000115 0
804 0.3245001850481208 0.170000000000014 0
805 0.2552181527453756 0.4100000000000137 0
806 0.1859361204426212 0.4300000000000139 0
807 0.1686156123669321 0.4400000000000139 0
808 0.6535898384862213 0.9000000000000146 0
809 0.6709103465619102 0.8900000000000147 0
810 0.09933358006417209 0.3000000000000216 0
811 0.09933358006417259 0.3200000000000215 0
812 0.3071796769724296 0.1000000000000145 0
813 0.8614359353944716 0.1000000000000015 0
814 0.6709103465619103 0.8700000000000148 0
815 0.688230854637599 0.8800000000000147 0
816 0.8960769515458498 0.1199999999999997 0
817 0.8960769515458487 0.09999999999999981 0
818 0.5323462819564011 0.8100000000000138 0
819 0.54966679003209 0.8000000000000139 0
820 0.9133978426501613 0.8499993365749958 0
821 0.1339745962155578 0.8000000000000149 0
822 0.1166540881398687 0.7900000000000156 0
823 0.1339745962155571 0.7800000000000148 0
824 0.116654088139868 0.7700000000000156 0
825 0.1339745962155563 0.7600000000000147 0
826 0.1166540881398672 0.7500000000000154 0
827 0.1339745962155555 0.7400000000000149 0
828 0.1166540881398665 0.7300000000000154 0
829 0.133974596215555 0.720000000000015 0
830 0.116654088139866 0.7100000000000155 0
831 0.1339745962155547 0.7000000000000151 0
832 0.1166540881398654 0.6900000000000155 0
833 0.1339745962155541 0.680000000000015 0
834 0.1166540881398649 0.6700000000000157 0
835 0.1339745962155542 0.6600000000000147 0
836 0.1166540881398645 0.6500000000000159 0
837 0.1512951042912444 0.6700000000000138 0
838 0.1339745962155547 0.6400000000000146 0
839 0.1166540881398643 0.6300000000000157 0
840 0.1339745962155539 0.620000000000015 0
841 0.1166540881398641 0.6100000000000154 0
842 0.09933358006417642 0.6800000000000163 0
843 0.1339745962155525 0.6000000000000153 0
844 0.1166540881398637 0.5900000000000155 0
845 0.1512951042912418 0.6100000000000148 0
846 0.133974596215553 0.5800000000000155 0
847 0.1166540881398634 0.5700000000000156 0
848 0.09933358006417475 0.5800000000000161 0
849 0.09933358006417425 0.560000000000016 0
850 0.3245001850481185 0.1100000000000141 0
851 0.5150257738807119 0.720000000000012 0
852 0.6709103465619227 0.7699999999999856 0
853 0.1859361204426095 0.1300000000000192 0
854 0.5843078061834662 0.9000000000000142 0
855 0.7921539030917186 0.1600000000000031 0
856 0.7921539030917182 0.1400000000000032 0
857 0.7748333950160294 0.1500000000000038 0
858 0.7748333950160291 0.1300000000000038 0
859 0.7575128869403406 0.1400000000000041 0
860 0.7575128869403402 0.120000000000004 0
861 0.7401923788646518 0.1300000000000044 0
862 0.7401923788646512 0.1100000000000045 0
863 0.7228718707889628 0.120000000000005 0
864 0.7748333950160288 0.1100000000000038 0
865 0.4111027254265767 0.5800000000000108 0
866 0.4284232335022652 0.5700000000000105 0
867 0.4284232335022656 0.5900000000000105 0
868 0.7575128869403437 0.2600000000000041 0
869 0.7748333950160327 0.2700000000000036 0
870 0.7575128869403442 0.280000000000004 0
871 0.7748333950160332 0.2900000000000035 0
872 0.7921539030917217 0.2800000000000031 0
873 0.7921539030917222 0.300000000000003 0
874 0.8094744111674107 0.2900000000000026 0
875 0.8094744111674113 0.3100000000000026 0
876 0.8267949192430997 0.3000000000000022 0
877 0.8267949192431001 0.3200000000000022 0
878 0.8441154273187887 0.3100000000000017 0
879 0.8441154273187892 0.3300000000000017 0
880 0.7921539030917226 0.320000000000003 0
881 0.8614359353944778 0.3200000000000014 0
882 0.8614359353944782 0.3400000000000014 0
883 0.8441154273187896 0.3500000000000017 0
884 0.8614359353944786 0.3600000000000014 0
885 0.8614359353944774 0.3000000000000014 0
886 0.8441154273187901 0.3700000000000017 0
887 0.8614359353944792 0.3800000000000013 0
888 0.8787564434701668 0.3300000000000011 0
889 0.8441154273187906 0.3900000000000017 0
890 0.8614359353944797 0.4000000000000012 0
891 0.8787564434701681 0.3900000000000008 0
892 0.8787564434701687 0.4100000000000008 0
893 0.8614359353944799 0.4200000000000012 0
894 0.8787564434701689 0.4300000000000009 0
895 0.8614359353944802 0.4400000000000009 0
896 0.8787564434701689 0.450000000000001 0
897 0.8267949192431014 0.3800000000000022 0
898 0.8960769515458571 0.4000000000000003 0
899 0.8960769515458578 0.4400000000000008 0
900 0.8960769515458575 0.4600000000000007 0
901 0.8787564434701693 0.4700000000000008 0
902 0.8960769515458579 0.4800000000000004 0
903 0.7748333950160462 0.6700000000000024 0
904 0.4630642496536453 0.8900000000000128 0
905 0.3245001850481217 0.190000000000014 0
906 0.6882308546375879 0.2200000000000062 0
907 0.5323462819563943 0.4300000000000091 0
908 0.5323462819563964 0.5300000000000094 0
909 0.4977052658050178 0.4700000000000102 0
910 0.8267949192431074 0.5400000000000004 0
911 0.4284232335022649 0.5500000000000106 0
912 0.8787564434701783 0.6499999999999984 0
913 0.8787564434701776 0.6299999999999983 0
914 0.8960769515458668 0.6399999999999979 0
915 0.8960769515458661 0.6199999999999979 0
916 0.3591412011995124 0.7900000000000122 0
917 0.3764617092752012 0.7800000000000125 0
918 0.3937822173508899 0.7900000000000122 0
919 0.3591412011995125 0.7700000000000123 0
920 0.7921539031168497 0.7799999999564996 0
921 0.7575128869403577 0.6800000000000028 0
922 0.7748333950160466 0.6900000000000024 0
923 0.3071796769724384 0.340000000000015 0
924 0.7575128869403447 0.3000000000000039 0
925 0.532346281956398 0.6100000000000092 0
926 0.3764617092751953 0.4000000000000131 0
927 0.1686156123669266 0.2800000000000196 0
928 0.6016283142591545 0.6700000000000079 0
929 0.5150257738806976 0.1600000000000119 0
930 0.3591412011995092 0.5100000000000118 0
931 0.8960769515458689 0.699999999999998 0
932 0.8960769515458693 0.7199999999999979 0
933 0.4457437415779496 0.3800000000000114 0
934 0.7228718707889705 0.4200000000000046 0
935 0.289859168896754 0.4700000000000132 0
936 0.7401923788646674 0.6300000000000034 0
937 0.722871870788979 0.640000000000004 0
938 0.1339745962155482 0.2600000000000208 0
939 0.1166540881398587 0.2500000000000215 0
940 0.4457437415779538 0.5600000000000103 0
941 0.3591412011995088 0.4900000000000118 0
942 0.2898591688967576 0.8900000000000122 0
943 0.2725386608210685 0.900000000000012 0
944 0.7228718707889783 0.6200000000000041 0
945 0.7055513627132899 0.6300000000000047 0
946 0.7055513627132892 0.6100000000000046 0
947 0.6882308546376008 0.6200000000000052 0
948 0.6882308546376001 0.6000000000000053 0
949 0.6709103465619117 0.6100000000000058 0
950 0.6709103465619111 0.5900000000000059 0
951 0.4457437415779535 0.5400000000000102 0
952 0.4630642496536456 0.8300000000000132 0
953 0.8787564434701808 0.7299999999999983 0
954 0.8960769515458694 0.739999999999998 0
955 0.1339745962155432 0.120000000000021 0
956 0.1166540881398543 0.1100000000000216 0
957 0.8267949192431021 0.4000000000000022 0
958 0.809474411167413 0.3900000000000026 0
959 0.1166540881398707 0.8500000000000155 0
960 0.8960778603509825 0.8999984259033685 0
961 0.3418206931238099 0.1800000000000133 0
962 0.4284232335022547 0.1900000000000148 0
963 0.2205771365939984 0.4100000000000138 0
964 0.1686156123669323 0.420000000000014 0
965 0.1512951042912435 0.430000000000014 0
966 0.1512951042912435 0.4100000000000141 0
967 0.1339745962155549 0.4200000000000143 0
968 0.1339745962155549 0.440000000000014 0
969 0.1166540881398662 0.4300000000000143 0
970 0.1166540881398663 0.4500000000000143 0
971 0.1166540881398656 0.4100000000000154 0
972 0.688230854637599 0.9000000000000146 0
973 0.7055513627132878 0.8900000000000146 0
974 0.722871870788962 0.1000000000000051 0
975 0.7055513627132737 0.1100000000000057 0
976 0.7055513627132746 0.1300000000000057 0
977 0.6882308546375854 0.1200000000000065 0
978 0.6882308546375862 0.1400000000000065 0
979 0.670910346561897 0.1300000000000072 0
980 0.6709103465618962 0.110000000000007 0
981 0.6535898384862079 0.1200000000000078 0
982 0.6535898384862073 0.1000000000000077 0
983 0.6362693304105188 0.1100000000000082 0
984 0.6535898384862087 0.1400000000000076 0
985 0.4111027254265787 0.9000000000000126 0
986 0.1339745962155425 0.100000000000021 0
987 0.3245001850481188 0.09000000000001451 0
988 0.2898591688967573 0.9100000000000121 0
989 0.09933358006418164 0.8400000000000163 0
990 0.09933358006418236 0.8600000000000161 0
991 0.09933358006418025 0.8000000000000165 0
992 0.09933358006417892 0.7600000000000166 0
993 0.09933358006417758 0.720000000000016 0
994 0.09933358006417758 0.4400000000000144 0
995 0.09933358006417758 0.4600000000000143 0
996 0.0993335800641752 0.6200000000000164 0
997 0.09933358006416659 0.1400000000000218 0
998 0.09933358006416659 0.1600000000000219 0
999 0.09933358006417059 0.2600000000000224 0
1000 0.0993335800641692 0.2400000000000225 0
1001 0.705551362713273 0.0900000000000058 0
1002 0.6362693304105181 0.09000000000000824 0
1003 0.6189488223348297 0.1000000000000087 0
1004 0.6189488223348305 0.1200000000000087 0
1005 0.6016283142591413 0.1100000000000093 0
1006 0.6016283142591407 0.09000000000000918 0
1007 0.5843078061834522 0.1000000000000097 0
1008 0.6362693304105327 0.9100000000000146 0
1009 0.7055513627132878 0.9100000000000146 0
1010 0.7228718707889764 0.9000000000000146 0
1011 0.39378221735089 0.9100000000000124 0
1012 0.1166540881398533 0.09000000000002162 0
1013 0.09933358006416509 0.1000000000000222 0
1014 0.2898591688967405 0.09000000000001507 0
1015 0.2725386608210518 0.1000000000000156 0
1016 0.7401923788646505 0.09000000000000474 0
1017 0.5669872981077775 0.910000000000014 0
1018 0.913397459621538 0.1099999999999985 0
1019 0.9134733218350296 0.09013139720814323 0
1020 0.9133974596215398 0.17 0
1021 0.9133974596215405 0.19 0
1022 0.8960769515458521 0.2000000000000004 0
1023 0.9133974596215411 0.2100000000000001 0
1024 0.8960769515458524 0.2200000000000003 0
1025 0.9133974596215415 0.23 0
1026 0.6882308546375989 0.8600000000000148 0
1027 0.9133974596215459 0.4500000000000001 0
1028 0.8787564434701811 0.7499999999999982 0
1029 0.8960769515458699 0.759999999999998 0
1030 0.6882308546376015 0.640000000000005 0
1031 0.1166540881398631 0.5500000000000157 0
1032 0.09933358006417431 0.5400000000000159 0
1033 0.5323462819564013 0.7900000000000139 0
1034 0.3937822173508754 0.1300000000000155 0
1035 0.3937822173508752 0.1100000000000154 0
1036 0.4111027254265638 0.1000000000000153 0
1037 0.3937822173508751 0.09000000000001535 0
1038 0.1512951042912447 0.7100000000000142 0
1039 0.3937822173508806 0.2900000000000121 0
1040 0.411102725426569 0.2800000000000115 0
1041 0.6016283142591423 0.1300000000000094 0
1042 0.3071796769724358 0.2600000000000151 0
1043 0.2725386608210686 0.8200000000000123 0
1044 0.2205771365939924 0.2700000000000179 0
1045 0.2898591688967557 0.6100000000000125 0
1046 0.9133974596215552 0.6299999999999972 0
1047 0.9133974596215544 0.6099999999999972 0
1048 0.8960769515458651 0.5999999999999981 0
1049 0.9133974596215534 0.5899999999999974 0
1050 0.8960769515458642 0.5799999999999981 0
1051 0.9133974596215524 0.5699999999999973 0
1052 0.8960769515458631 0.5599999999999981 0
1053 0.9133974596215513 0.5499999999999973 0
1054 0.4630642496536425 0.5500000000000099 0
1055 0.4630642496536428 0.5700000000000099 0
1056 0.3937822173508864 0.4900000000000112 0
1057 0.2552181527453798 0.8900000000000119 0
1058 0.2552181527453795 0.9100000000000117 0
1059 0.2898591688967536 0.4300000000000135 0
1060 0.3071796769724425 0.4400000000000131 0
1061 0.9133974596215584 0.7299999999999977 0
1062 0.307179676972439 0.3600000000000149 0
1063 0.28985916889675 0.3500000000000155 0
1064 0.8267949192431067 0.5200000000000004 0
1065 0.4111027254265681 0.2600000000000118 0
1066 0.4284232335022573 0.2700000000000112 0
1067 0.428423233502258 0.290000000000011 0
1068 0.4457437415779466 0.280000000000011 0
1069 0.4457437415779469 0.3000000000000106 0
1070 0.4630642496536357 0.2900000000000105 0
1071 0.463064249653636 0.3100000000000102 0
1072 0.4803847577293245 0.3000000000000096 0
1073 0.480384757729325 0.3200000000000097 0
1074 0.4977052658050136 0.3100000000000092 0
1075 0.497705265805014 0.3300000000000092 0
1076 0.5150257738807026 0.3200000000000088 0
1077 0.515025773880703 0.3400000000000089 0
1078 0.5323462819563916 0.3300000000000084 0
1079 0.532346281956392 0.3500000000000084 0
1080 0.5496667900320805 0.340000000000008 0
1081 0.5496667900320811 0.360000000000008 0
1082 0.5669872981077696 0.3500000000000075 0
1083 0.5323462819563911 0.3100000000000085 0
1084 0.4803847577293243 0.2800000000000105 0
1085 0.566987298107769 0.3300000000000075 0
1086 0.6882308546375988 0.9200000000000146 0
1087 0.5843078061834516 0.08000000000000979 0
1088 0.5669872981077632 0.09000000000001029 0
1089 0.5669872981077638 0.1100000000000103 0
1090 0.5496667900320747 0.1000000000000109 0
1091 0.08201307198848884 0.4500000000000146 0
1092 0.08201307198848862 0.4300000000000158 0
1093 0.08201307198848856 0.4700000000000143 0
1094 0.08201307198848568 0.5700000000000166 0
1095 0.08201307198847779 0.1500000000000219 0
1096 0.08201307198847785 0.1700000000000219 0
1097 0.08201307198849322 0.8500000000000171 0
1098 0.08201307198849417 0.8700000000000169 0
1099 0.09933358006418325 0.8800000000000161 0
1100 0.082013071988495 0.8900000000000169 0
1101 0.09933358006418408 0.9000000000000161 0
1102 0.08201307198849583 0.9100000000000168 0
1103 0.09933358006418497 0.920000000000016 0
1104 0.08201307198848345 0.3100000000000219 0
1105 0.08201307198848401 0.330000000000022 0
1106 0.09933358006417314 0.3400000000000213 0
1107 0.08201307198848462 0.3500000000000221 0
1108 0.08201307198848107 0.2500000000000235 0
1109 0.09933358006416426 0.08000000000002216 0
1110 0.08201307198847596 0.09000000000002306 0
1111 0.7228718707889764 0.8800000000000145 0
1112 0.7401923788646653 0.8900000000000146 0
1113 0.7401923788646652 0.9100000000000147 0
1114 0.7575128869403539 0.9000000000000148 0
1115 0.7575128869403538 0.9200000000000147 0
1116 0.7748333950160426 0.910000000000015 0
1117 0.5496667900320901 0.780000000000014 0
1118 0.5669872981077788 0.790000000000014 0
1119 0.7228718707890762 0.7399999999998347 0
1120 0.6535898384862227 0.6000000000000064 0
1121 0.653589838486222 0.5800000000000064 0
1122 0.6535898384862233 0.6200000000000063 0
1123 0.6709103465619104 0.5700000000000058 0
1124 0.6535898384862213 0.5600000000000064 0
1125 0.7228718707889799 0.6600000000000038 0
1126 0.4111027254265782 0.7200000000000114 0
1127 0.3245001850481342 0.7100000000000121 0
1128 0.3418206931238108 0.2000000000000133 0
1129 0.4111027254265655 0.1800000000000154 0
1130 0.3764617092751994 0.6000000000000114 0
1131 0.6882308546375897 0.3000000000000059 0
1132 0.8960769515458529 0.2400000000000003 0
1133 0.913397459621542 0.2499999999999999 0
1134 0.2552181527453772 0.5300000000000129 0
1135 0.4630642496536421 0.53000000000001 0
1136 0.1859361204426178 0.3500000000000183 0
1137 0.8957879619480852 0.08015329674283567 0
1138 0.5843078061834663 0.9200000000000146 0
1139 0.5496667900320741 0.0800000000000109 0
1140 0.5323462819563856 0.09000000000001129 0
1141 0.532346281956385 0.07000000000001139 0
1142 0.5150257738806966 0.08000000000001195 0
1143 0.9311805190024259 0.9198338112743814 0
1144 0.2725386608210513 0.08000000000001561 0
1145 0.2552181527453628 0.09000000000001618 0
1146 0.4111027254265635 0.08000000000001517 0
1147 0.4111027254265786 0.9200000000000124 0
1148 0.6535898384862066 0.08000000000000773 0
1149 0.1339745962155418 0.08000000000002083 0
1150 0.9307306113994749 0.1000218995346882 0
1151 0.9293808308680458 0.08077688356436685 0
1152 0.7575128869403536 0.8800000000000152 0
1153 0.1686156123669333 0.5200000000000142 0
1154 0.116654088139863 0.5300000000000159 0
1155 0.9307200749809352 0.1200036499224461 0
1156 0.0820130719884799 0.2300000000000235 0
1157 0.6362693304105329 0.5700000000000069 0
1158 0.6362693304105322 0.5500000000000069 0
1159 0.6535898384862208 0.5400000000000065 0
1160 0.6362693304105317 0.5300000000000069 0
1161 0.6535898384862202 0.5200000000000065 0
1162 0.8787564434701811 0.769999999999998 0
1163 0.8960769515458702 0.7799999999999979 0
1164 0.9133974596215586 0.7699999999999976 0
1165 0.8614359353944924 0.7599999999999981 0
1166 0.9133974596215592 0.7899999999999975 0
1167 0.1512951042912463 0.7900000000000142 0
1168 0.3418206931238237 0.7800000000000122 0
1169 0.4803847577293344 0.8200000000000133 0
1170 0.4630642496536458 0.810000000000013 0
1171 0.4803847577293346 0.8000000000000133 0
1172 0.1512951042912308 0.09000000000002034 0
1173 0.9133974596215558 0.6499999999999972 0
1174 0.8441154273187959 0.5299999999999997 0
1175 0.3418206931238233 0.8800000000000122 0
1176 0.6362693304105254 0.370000000000007 0
1177 0.8267949192430992 0.2800000000000022 0
1178 0.4457437415779532 0.5200000000000103 0
1179 0.6362693304105218 0.2300000000000076 0
1180 0.5496667900320888 0.9000000000000137 0
1181 0.5496667900320883 0.9200000000000137 0
1182 0.7748333950160433 0.5900000000000023 0
1183 0.5843078061834635 0.5000000000000084 0
1184 0.1512951042912343 0.1900000000000204 0
1185 0.5323462819563924 0.3700000000000084 0
1186 0.5496667900320815 0.380000000000008 0
1187 0.3418206931238213 0.560000000000012 0
1188 0.5150257738806969 0.1000000000000117 0
1189 0.4977052658050078 0.09000000000001207 0
1190 0.1166540881398656 0.4700000000000146 0
1191 0.8960769515458565 0.3800000000000004 0
1192 0.9133974596215457 0.3899999999999999 0
1193 0.9133974596215448 0.3700000000000001 0
1194 0.4977052658050086 0.1500000000000125 0
1195 0.4457437415779553 0.6800000000000109 0
1196 0.1166540881398732 0.9100000000000152 0
1197 0.6189488223348339 0.2800000000000077 0
1198 0.3418206931238091 0.1600000000000131 0
1199 0.3418206931238202 0.5000000000000121 0
1200 0.6882308546375919 0.380000000000006 0
1201 0.255218152745379 0.6900000000000126 0
1202 0.2552181527453788 0.6700000000000126 0
1203 0.2378976446696902 0.6800000000000126 0
1204 0.23789764466969 0.6600000000000127 0
1205 0.2205771365940014 0.6700000000000127 0
1206 0.2205771365940014 0.6500000000000127 0
1207 0.9307179676972417 0.5799999999999969 0
1208 0.8094744111674066 0.1300000000000029 0
1209 0.5323462819563998 0.9100000000000131 0
1210 0.5321978110316533 0.9302571591851192 0
1211 0.6709103465619102 0.8500000000000149 0
1212 0.8094744111674137 0.4100000000000025 0
1213 0.7921539030917246 0.4000000000000031 0
1214 0.792153903091724 0.3800000000000031 0
1215 0.7748333950160355 0.3900000000000035 0
1216 0.7748333950160351 0.3700000000000035 0
1217 0.7575128869403466 0.3800000000000038 0
1218 0.757512886940346 0.3600000000000038 0
1219 0.5150010287265864 0.920042859864197 0
1220 0.9307179676972444 0.6399999999999967 0
1221 0.930717967697245 0.6599999999999966 0
1222 0.237897644669691 0.9000000000000112 0
1223 0.2378976446696902 0.920000000000011 0
1224 0.896076951545862 0.5399999999999983 0
1225 0.9133974596215502 0.5299999999999971 0
1226 0.4803847577293222 0.220000000000013 0
1227 0.4111027254265664 0.2000000000000151 0
1228 0.2205771365940019 0.9100000000000101 0
1229 0.06469256391280681 0.9000000000000176 0
1230 0.06469256391280009 0.4600000000000143 0
1231 0.06469256391278921 0.1600000000000222 0
1232 0.2205771365940006 0.93000000000001 0
1233 0.2032566285183132 0.9200000000000098 0
1234 0.7401923788646649 0.9300000000000146 0
1235 0.6362693304105174 0.07000000000000822 0
1236 0.2556210956120468 0.07069791751766152 0
1237 0.238367744680806 0.08081423710393615 0
1238 0.3934711195886839 0.07053883713025122 0
1239 0.3937822173508897 0.9300000000000123 0
1240 0.3764617092752011 0.9200000000000118 0
1241 0.06469256391280775 0.9200000000000177 0
1242 0.06469256391279976 0.4800000000000142 0
1243 0.06469256391278955 0.1800000000000223 0
1244 0.06469256391278899 0.1400000000000221 0
1245 0.1512951042912301 0.07000000000002032 0
1246 0.1686156123669192 0.08000000000001967 0
1247 0.2898591688967397 0.07000000000001488 0
1248 0.7748463265436127 0.9299776019372439 0
1249 0.7921560583463264 0.9199962669895527 0
1250 0.2552443027220302 0.929954706911834 0
1251 0.1167278191458007 0.9298722941516578 0
1252 0.1339868847165503 0.9199787156919546 0
1253 0.08201307198847485 0.07000000000002315 0
1254 0.4977052658050077 0.07000000000001216 0
1255 0.4803847577293188 0.08000000000001228 0
1256 0.930717967697229 0.1799999999999994 0
1257 0.930717967697231 0.2199999999999995 0
1258 0.7921542623008303 0.8999993778316044 0
1259 0.8094748302447023 0.9099992741368689 0
1260 0.8094748402227333 0.9299992568544131 0
1261 0.8267950605985414 0.9199997551652226 0
1262 0.9307179676972341 0.3799999999999996 0
1263 0.9307179676972328 0.3599999999999992 0
1264 0.9307179676972345 0.3999999999999996 0
1265 0.6882308546375984 0.8400000000000138 0
1266 0.6709103465619101 0.8300000000000149 0
1267 0.9307179676972395 0.539999999999996 0
1268 0.9307179676972384 0.5199999999999961 0
1269 0.5669872981077788 0.770000000000014 0
1270 0.5843078061834676 0.7800000000000141 0
1271 0.7575128869403582 0.7000000000000028 0
1272 0.7748333950160472 0.7100000000000023 0
1273 0.5323462819564014 0.7700000000000139 0
1274 0.2032566285183123 0.660000000000013 0
1275 0.2032566285183125 0.6400000000000128 0
1276 0.2032566285183126 0.6800000000000133 0
1277 0.6362693304105342 0.610000000000007 0
1278 0.6362693304105348 0.630000000000007 0
1279 0.4630642496536458 0.790000000000013 0
1280 0.376461709275186 0.1200000000000149 0
1281 0.3591412011994984 0.1700000000000139 0
1282 0.1512951042912452 0.7500000000000139 0
1283 0.09933358006416859 0.2200000000000224 0
1284 0.3937822173508899 0.7700000000000123 0
1285 0.4111027254265787 0.7800000000000122 0
1286 0.3764098596481544 0.08008980618838829 0
1287 0.4977052658050145 0.3500000000000094 0
1288 0.5496667900320752 0.1200000000000109 0
1289 0.2379759946715297 0.1001357061840031 0
1290 0.4630642496536367 0.3300000000000103 0
1291 0.4284232335022585 0.310000000000011 0
1292 0.7401923788646521 0.1500000000000047 0
1293 0.3591412011995017 0.2500000000000132 0
1294 0.4111027254265787 0.8000000000000124 0
1295 0.7921539030917357 0.7000000000000017 0
1296 0.7921539030917363 0.720000000000001 0
1297 0.3937822173508888 0.6500000000000115 0
1298 0.4111027254265774 0.6400000000000113 0
1299 0.3764617092751936 0.3400000000000129 0
1300 0.3245001850481226 0.210000000000014 0
1301 0.3418206931238237 0.7600000000000122 0
1302 0.3591412011995125 0.7500000000000124 0
1303 0.6362693304105311 0.510000000000007 0
1304 0.8787564434701758 0.5899999999999986 0
1305 0.7401923788646557 0.2900000000000044 0
1306 0.7401923788646562 0.3100000000000043 0
1307 0.5843078061834674 0.8000000000000141 0
1308 0.6016283142591563 0.7900000000000142 0
1309 0.8787564434701634 0.2100000000000009 0
1310 0.7401923788646576 0.3700000000000043 0
1311 0.2725386608210675 0.6600000000000126 0
1312 0.2552181527453711 0.3100000000000168 0
1313 0.8094744111674174 0.510000000000001 0
1314 0.8267949192431058 0.5000000000000003 0
1315 0.2552181527453765 0.4700000000000135 0
1316 0.8960769515458533 0.2600000000000003 0
1317 0.913397459621542 0.2700000000000002 0
1318 0.8787564434701645 0.2500000000000007 0
1319 0.930717967697233 0.2599999999999995 0
1320 0.9307179676972325 0.2799999999999997 0
1321 0.2725386608210534 0.1400000000000158 0
1322 0.2378976446696902 0.6400000000000128 0
1323 0.7228718707889776 0.6000000000000042 0
1324 0.584307806183458 0.3400000000000071 0
1325 0.5843078061834586 0.3600000000000071 0
1326 0.1339745962155471 0.2400000000000209 0
1327 0.4803847577293313 0.5600000000000097 0
1328 0.4803847577293316 0.5800000000000096 0
1329 0.6709103465619092 0.5300000000000059 0
1330 0.6709103465619086 0.510000000000006 0
1331 0.9133974596215426 0.29 0
1332 0.9307179676972313 0.2999999999999999 0
1333 0.2206685449294833 0.09015832388133505 0
1334 0.2204634220821846 0.06908894800186127 0
1335 0.34182069312382 0.4800000000000123 0
1336 0.3591412011995086 0.470000000000012 0
1337 0.5843078061834575 0.3200000000000071 0
1338 0.4630642496536417 0.51000000000001 0
1339 0.4457437415779528 0.5000000000000103 0
1340 0.4803847577293305 0.5200000000000098 0
1341 0.08201307198848812 0.4900000000000144 0
1342 0.06469256391279843 0.5000000000000143 0
1343 0.9307179676972476 0.779999999999997 0
1344 0.9307179676972481 0.7999999999999969 0
1345 0.3071796769724418 0.4200000000000135 0
1346 0.3245001850481311 0.430000000000013 0
1347 0.4284232335022564 0.2500000000000123 0
1348 0.3764617092751899 0.2400000000000126 0
1349 0.289859168896751 0.3700000000000155 0
1350 0.272538660821062 0.3600000000000152 0
1351 0.8787564434701702 0.4900000000000007 0
1352 0.1686156123669322 0.4000000000000139 0
1353 0.1512951042912437 0.3900000000000145 0
1354 0.09933358006417381 0.3600000000000214 0
1355 0.08201307198848518 0.370000000000022 0
1356 0.1166540881398621 0.3500000000000204 0
1357 0.09969725852754768 0.9391790533075892 0
1358 0.5144858584852029 0.9401727459066161 0
1359 0.4975389507609984 0.9299108716489976 0
1360 0.480384757729319 0.06000000000001238 0
1361 0.46306424965363 0.07000000000001244 0
1362 0.133974596215541 0.06000000000002093 0
1363 0.06469256391279532 0.3400000000000226 0
1364 0.06469256391279132 0.2400000000000243 0
1365 0.06469256391279288 0.2600000000000243 0
1366 0.06469256391280487 0.8600000000000179 0
1367 0.06469256391280392 0.8400000000000181 0
1368 0.06469256391278655 0.08000000000002422 0
1369 0.1686156123669185 0.0600000000000197 0
1370 0.4630642496536304 0.05000000000001242 0
1371 0.06469256391278527 0.0600000000000242 0
1372 0.40959827483877 0.05700446146354715 0
1373 0.4111027254265784 0.9400000000000125 0
1374 0.4284232335022668 0.9300000000000125 0
1375 0.1340626638059756 0.9398474624589206 0
1376 0.1513118303064848 0.9299710296918198 0
1377 0.1513125698921929 0.9499697486917975 0
1378 0.653589838486206 0.06000000000000805 0
1379 0.2032566285183115 0.9400000000000091 0
1380 0.5496667900320734 0.06000000000001088 0
1381 0.5323462819563844 0.0500000000000117 0
1382 0.5494935739532176 0.9403000190493042 0
1383 0.8267950143115672 0.939999835336615 0
1384 0.8441154667227797 0.9299999317503147 0
1385 0.3760901202814578 0.06064361101668631 0
1386 0.3764617092752006 0.9400000000000118 0
1387 0.3591412011995122 0.9300000000000114 0
1388 0.636269330410517 0.05000000000000826 0
1389 0.948040934270575 0.1100042582428528 0
1390 0.9480386738579755 0.130000343093382 0
1391 0.9480384757729216 0.2900000000000013 0
1392 0.9480384757729194 0.3100000000000003 0
1393 0.8094744449331415 0.8899999415160686 0
1394 0.9480384757729279 0.5299999999999953 0
1395 0.948038475772923 0.3899999999999995 0
1396 0.9480384757729231 0.4099999999999995 0
1397 0.5843078061834676 0.7600000000000141 0
1398 0.8614359353944923 0.779999999999998 0
1399 0.844115427318803 0.7699999999999986 0
1400 0.9480384757729262 0.509999999999995 0
1401 0.1339745962155517 0.5400000000000157 0
1402 0.1339745962155522 0.5200000000000156 0
1403 0.1859361204426235 0.650000000000013 0
1404 0.1859361204426238 0.6300000000000128 0
1405 0.2032566285183126 0.6200000000000128 0
1406 0.1859361204426228 0.610000000000013 0
1407 0.3937822173508773 0.1900000000000158 0
1408 0.6189488223348457 0.6200000000000075 0
1409 0.566987298107779 0.7500000000000138 0
1410 0.9480384757729332 0.6499999999999959 0
1411 0.06469256391279044 0.2200000000000231 0
1412 0.4803847577293348 0.7800000000000132 0
1413 0.9133974596215584 0.8099999999999985 0
1414 0.9307179676972486 0.8199999999999971 0
1415 0.6189488223348434 0.5600000000000076 0
1416 0.6189488223348426 0.5200000000000075 0
1417 0.532346281956393 0.3900000000000083 0
1418 0.9480384757729292 0.5499999999999959 0
1419 0.0993335800641631 0.0600000000000222 0
1420 0.4803847577293189 0.1000000000000127 0
1421 0.549666790032082 0.400000000000008 0
1422 0.1512951042912365 0.2500000000000203 0
1423 0.7575128869403586 0.7200000000000027 0
1424 0.7401923788646698 0.7100000000000031 0
1425 0.09933358006416643 0.1800000000000219 0
1426 0.8787564434701739 0.5499999999999989 0
1427 0.324500185048135 0.7700000000000122 0
1428 0.3245001850481349 0.7900000000000122 0
1429 0.5150257738807039 0.3800000000000088 0
1430 0.1859361204426246 0.8100000000000133 0
1431 0.9480427485077938 0.8699925994061358 0
1432 0.7401923788646527 0.1900000000000047 0
1433 0.722871870788964 0.1800000000000054 0
1434 0.4111027254265771 0.6000000000000109 0
1435 0.428423233502266 0.6100000000000105 0
1436 0.7748333950160301 0.1900000000000037 0
1437 0.5669872981077647 0.1300000000000107 0
1438 0.4111027254265784 0.7600000000000122 0
1439 0.4284232335022677 0.7700000000000123 0
1440 0.1859361204426222 0.5500000000000141 0
1441 0.5669872981077705 0.3900000000000076 0
1442 0.2898591688967458 0.2300000000000155 0
1443 0.9307179676972311 0.3199999999999997 0
1444 0.359141201199511 0.6300000000000118 0
1445 0.6535898384862212 0.9200000000000147 0
1446 0.6362693304105326 0.9300000000000145 0
1447 0.6535898384862214 0.9400000000000144 0
1448 0.9480384757729327 0.6299999999999961 0
1449 0.324500185048135 0.7500000000000122 0
1450 0.2552181527453795 0.7900000000000124 0
1451 0.2898591688967493 0.3300000000000156 0
1452 0.7921539030917236 0.3600000000000031 0
1453 0.3071796769724462 0.7800000000000122 0
1454 0.3071796769724462 0.8000000000000121 0
1455 0.3590706280960375 0.07012223620085656 0
1456 0.6016283142591398 0.07000000000000928 0
1457 0.4630642496536431 0.59000000000001 0
1458 0.480384757729332 0.6000000000000096 0
1459 0.3591412011995117 0.7100000000000117 0
1460 0.6189488223348452 0.6000000000000075 0
1461 0.5843078061834648 0.6400000000000085 0
1462 0.23789764466968 0.2400000000000175 0
1463 0.7575128869403451 0.3200000000000038 0
1464 0.7401923788646565 0.3300000000000042 0
1465 0.7055513627132876 0.8500000000000145 0
1466 0.7055513627132872 0.8300000000000137 0
1467 0.7228718707889763 0.8400000000000145 0
1468 0.3071796769724448 0.6400000000000123 0
1469 0.2206054296502117 0.1100490050109014 0
1470 0.2379154185126887 0.1200307851991618 0
1471 0.5150257738806969 0.1400000000000119 0
1472 0.3418206931238206 0.5200000000000121 0
1473 0.3245001850481317 0.5100000000000124 0
1474 0.3245001850481321 0.5300000000000124 0
1475 0.4284232335022663 0.650000000000011 0
1476 0.1512951042912358 0.2300000000000202 0
1477 0.1686156123669251 0.2400000000000196 0
1478 0.6535898384862239 0.6400000000000063 0
1479 0.5843078061834509 0.06000000000000982 0
1480 0.7055513627132778 0.2700000000000055 0
1481 0.5323462819563868 0.1500000000000114 0
1482 0.5669872981077684 0.3100000000000075 0
1483 0.8094744111674167 0.4900000000000011 0
1484 0.826794919243105 0.4800000000000004 0
1485 0.4630642496536435 0.61000000000001 0
1486 0.4803847577293324 0.6200000000000097 0
1487 0.4630642496536437 0.6300000000000099 0
1488 0.3764617092752005 0.7200000000000116 0
1489 0.3071796769724462 0.9000000000000122 0
1490 0.3071796769724461 0.9200000000000123 0
1491 0.289859168896757 0.930000000000012 0
1492 0.3071796769724457 0.9400000000000124 0
1493 0.7055513627132877 0.9300000000000146 0
1494 0.688230854637599 0.9400000000000146 0
1495 0.4457437415779568 0.8200000000000128 0
1496 0.1686156123669241 0.2200000000000196 0
1497 0.1859361204426132 0.2300000000000189 0
1498 0.1859361204426143 0.2500000000000189 0
1499 0.4630642496536307 0.1300000000000138 0
1500 0.7055513627132758 0.1900000000000058 0
1501 0.7228718707889676 0.3200000000000045 0
1502 0.8094744111674159 0.4700000000000011 0
1503 0.6189488223348314 0.1400000000000086 0
1504 0.6016283142591432 0.1500000000000095 0
1505 0.6189488223348323 0.1600000000000086 0
1506 0.1339745962155462 0.2000000000000213 0
1507 0.2032566285183124 0.6000000000000127 0
1508 0.8441154273187964 0.5499999999999998 0
1509 0.9653589838486227 0.9400000000000002 0
1510 0.9307179676972472 0.7599999999999969 0
1511 0.6709103465618951 0.07000000000000733 0
1512 0.3071796769724431 0.5200000000000127 0
1513 0.7921539030917254 0.4200000000000028 0
1514 0.6362693304105355 0.650000000000007 0
1515 0.6535898384862244 0.6600000000000056 0
1516 0.7575128869403471 0.4000000000000037 0
1517 0.6189488223348419 0.5000000000000075 0
1518 0.63626933041053 0.4900000000000069 0
1519 0.2032765787502509 0.1000345548153855 0
1520 0.3591307911033671 0.09001803081542481 0
1521 0.8441154273187831 0.1100000000000018 0
1522 0.8441154273187828 0.09000000000000169 0
1523 0.8267949192430941 0.100000000000002 0
1524 0.8267949192430938 0.08000000000000201 0
1525 0.8441154273187823 0.07000000000000184 0
1526 0.8267949192430931 0.06000000000000216 0
1527 0.8094744111674046 0.07000000000000273 0
1528 0.8267949192431028 0.4200000000000019 0
1529 0.8614359353944883 0.619999999999999 0
1530 0.3937822173508759 0.1500000000000155 0
1531 0.6016283142591471 0.3500000000000066 0
1532 0.6016283142591476 0.3700000000000065 0
1533 0.9307179676972368 0.4999999999999963 0
1534 0.9480384757729244 0.4899999999999949 0
1535 0.2205771365940014 0.6100000000000126 0
1536 0.4977052658050204 0.5900000000000094 0
1537 0.2378976446696912 0.8600000000000122 0
1538 0.3245001850481349 0.9100000000000117 0
1539 0.08201307198848617 0.5900000000000165 0
1540 0.06469256391279721 0.5800000000000172 0
1541 0.06469256391279732 0.6000000000000175 0
1542 0.06469256391279665 0.5600000000000172 0
1543 0.6016283142591441 0.1700000000000094 0
1544 0.6189488223348333 0.1800000000000085 0
1545 0.5843078061834548 0.1600000000000101 0
1546 0.6362693304105215 0.1700000000000079 0
1547 0.6362693304105222 0.1900000000000077 0
1548 0.6535898384862108 0.180000000000007 0
1549 0.4630642496536413 0.49000000000001 0
1550 0.463064249653634 0.2300000000000135 0
1551 0.4284232335022523 0.0900000000000144 0
1552 0.4976734224386646 0.9099922885855407 0
1553 0.1512975715120177 0.9099957266482909 0
1554 0.7228718707889679 0.3400000000000045 0
1555 0.1859361204426231 0.5700000000000141 0
1556 0.1686156123669338 0.5600000000000148 0
1557 0.8267949192431041 0.4600000000000007 0
1558 0.8441154273188036 0.7499999999999982 0
1559 0.8267949192431142 0.7599999999999983 0
1560 0.4457437415779524 0.4800000000000104 0
1561 0.7921539685875346 0.8799998865579559 0
1562 0.3071796769724398 0.3800000000000148 0
1563 0.8787564434701729 0.529999999999999 0
1564 0.06469256391278788 0.100000000000024 0
1565 0.5843078061834569 0.300000000000007 0
1566 0.5669872981077678 0.290000000000008 0
1567 0.6535898384862109 0.2000000000000069 0
1568 0.2898591688967519 0.3900000000000149 0
1569 0.1166540881398631 0.5100000000000158 0
1570 0.6016283142591459 0.3100000000000067 0
1571 0.9133974596215446 0.35 0
1572 0.4803847577293232 0.2400000000000128 0
1573 0.9480384757729339 0.6699999999999959 0
1574 0.9307179676972461 0.6799999999999967 0
1575 0.9480384757729352 0.6899999999999962 0
1576 0.8267949192431145 0.7399999999999983 0
1577 0.2205771365940026 0.890000000000011 0
1578 0.1339745962155535 0.5000000000000154 0
1579 0.4803517313276033 0.9199838600390972 0
1580 0.4802793292026221 0.9398573926352105 0
1581 0.4284232335022552 0.2100000000000145 0
1582 0.4111027254265665 0.2200000000000136 0
1583 0.9480384757729357 0.7699999999999965 0
1584 0.9480384757729355 0.7499999999999967 0
1585 0.9480384757729192 0.3299999999999999 0
1586 0.9480384757729372 0.8099999999999963 0
1587 0.1166540881398636 0.3700000000000195 0
1588 0.1339745962155519 0.3600000000000179 0
1589 0.8094744111674257 0.7499999999999978 0
1590 0.9480384757729372 0.8299999999999972 0
1591 0.8438425904178566 0.9495273549877021 0
1592 0.8613904691449937 0.9399212144563442 0
1593 0.8614283642535676 0.9199868577011179 0
1594 0.8787476039051068 0.9299846786929179 0
1595 0.843842568005767 0.0504726061934615 0
1596 0.8613904588423017 0.06007876769891157 0
1597 0.6365343217045148 0.9495410216152741 0
1598 0.6189929875505076 0.9399235036025579 0
1599 0.3592106406500494 0.05048456234745768 0
1600 0.3418205041816568 0.06010113309139675 0
1601 0.34119270710836 0.03718321811684383 0
1602 0.3245001850481189 0.05000000000001775 0
1603 0.3592843343329264 0.9496430788554866 0
1604 0.2898591688967568 0.9500000000000122 0
1605 0.04754971745715908 0.5703077189525007 0
1606 0.04775544099279289 0.0900000000000255 0
1607 0.0477554409927945 0.1500000000000229 0
1608 0.04754971745717007 0.909692281047534 0
1609 0.04775544099280271 0.4700000000000136 0
1610 0.04737205583711557 0.850000000000019 0
1611 0.04737205583710358 0.2500000000000259 0
1612 0.8094744111674039 0.05000000000000282 0
1613 0.7921539030917156 0.06000000000000355 0
1614 0.809474498521383 0.9499998486985144 0
1615 0.04778505126281879 0.8899487135079377 0
1616 0.04761361498311162 0.450307718952498 0
1617 0.04761361498310157 0.109692281047539 0
1618 0.8789546519227202 0.9496253316762615 0
1619 0.8961085130271107 0.9399350017282033 0
1620 0.8963225059564681 0.9595677383854613 0
1621 0.913801797645891 0.9499317594541383 0
1622 0.4979383367364251 0.05040369069499495 0
1623 0.04796178342634094 0.9296409945554498 0
1624 0.06467555423796967 0.9397404644470214 0
1625 0.04781101725755676 0.9499474029764143 0
1626 0.04737205583710491 0.2700000000000259 0
1627 0.04737205583711424 0.8300000000000191 0
1628 0.06469256391280309 0.8200000000000183 0
1629 0.04737205583711368 0.8100000000000188 0
1630 0.06469256391280243 0.8000000000000181 0
1631 0.04737205583711335 0.7900000000000187 0
1632 0.06469256391280193 0.7800000000000182 0
1633 0.04737205583711279 0.7700000000000187 0
1634 0.06469256391280132 0.7600000000000182 0
1635 0.04737205583711257 0.7500000000000187 0
1636 0.06469256391280087 0.7400000000000181 0
1637 0.0473720558371119 0.7300000000000187 0
1638 0.06469256391280043 0.7200000000000182 0
1639 0.04793217315632509 0.7096922810475308 0
1640 0.06478591679933537 0.6999487135079366 0
1641 0.0476586291581208 0.6896324468067723 0
1642 0.06475588494738993 0.6799301933857969 0
1643 0.04781375671873656 0.6699271066987741 0
1644 0.06477673423216801 0.6599762166807741 0
1645 0.04759422526001167 0.6499958057137617 0
1646 0.06474362053650995 0.6399953370657682 0
1647 0.04758302238041379 0.6299996157321552 0
1648 0.04796271288285875 0.5503590054445813 0
1649 0.06479100675375471 0.5400598342407774 0
1650 0.04787029097391748 0.5300698066142367 0
1651 0.9653589838486136 0.3999999999999996 0
1652 0.7228718707889772 0.8200000000000129 0
1653 0.9653589838486178 0.5199999999999946 0
1654 0.1686156123669351 0.6400000000000128 0
1655 0.9307179676972279 0.1599999999999994 0
1656 0.948038475772917 0.1699999999999985 0
1657 0.9480384757729186 0.1899999999999983 0
1658 0.1686156123669349 0.5800000000000148 0
1659 0.4630642496536458 0.7700000000000127 0
1660 0.5669872981077712 0.410000000000008 0
1661 0.9307179676972468 0.6999999999999965 0
1662 0.9480384757729363 0.7099999999999966 0
1663 0.3937822173508896 0.7500000000000121 0
1664 0.9133974596215462 0.4300000000000004 0
1665 0.9307179676972344 0.4399999999999993 0
1666 0.5150257738807048 0.4000000000000089 0
1667 0.4457437415779412 0.06000000000001265 0
1668 0.8267949192431139 0.7000000000000001 0
1669 0.359141201199501 0.230000000000013 0
1670 0.3418206931238126 0.2400000000000137 0
1671 0.8094744111674239 0.670000000000001 0
1672 0.5150257738807126 0.7800000000000139 0
1673 0.5150257738807126 0.7600000000000139 0
1674 0.5323462819564013 0.7500000000000139 0
1675 0.9653589838486218 0.639999999999996 0
1676 0.4977052658050234 0.8100000000000136 0
1677 0.3937822173508886 0.6300000000000113 0
1678 0.6016283142591561 0.8100000000000144 0
1679 0.6189488223348449 0.8000000000000145 0
1680 0.6189488223348451 0.7800000000000143 0
1681 0.6362693304105341 0.7900000000000129 0
1682 0.6362693304105337 0.8100000000000145 0
1683 0.6535898384862224 0.8000000000000123 0
1684 0.5843078061834671 0.8200000000000141 0
1685 0.2898591688967574 0.7900000000000122 0
1686 0.4803847577293327 0.6400000000000096 0
1687 0.4977052658050212 0.6300000000000092 0
1688 0.463064249653644 0.6500000000000101 0
1689 0.5843078061834556 0.1800000000000098 0
1690 0.3245001850481349 0.8100000000000123 0
1691 0.497705265805008 0.1300000000000123 0
1692 0.8960769515458682 0.6799999999999978 0
1693 0.6016283142591549 0.9100000000000142 0
1694 0.844115427318786 0.2100000000000019 0
1695 0.8441154273187865 0.2300000000000018 0
1696 0.8267949192430981 0.2400000000000023 0
1697 0.8441154273187872 0.2500000000000018 0
1698 0.1686156123669203 0.1200000000000199 0
1699 0.4457437415779562 0.9000000000000122 0
1700 0.4111027254265753 0.5000000000000109 0
1701 0.4111027254265749 0.4800000000000109 0
1702 0.393782217350886 0.4700000000000112 0
1703 0.4111027254265745 0.460000000000011 0
1704 0.3937822173508855 0.4500000000000116 0
1705 0.08203560981233382 0.6499952589577687 0
1706 0.8787564434701649 0.2700000000000009 0
1707 0.2032566285183025 0.2400000000000181 0
1708 0.4977052658050113 0.2300000000000123 0
1709 0.497705265805012 0.2500000000000118 0
1710 0.7921539030917166 0.0800000000000034 0
1711 0.7748333950160272 0.07000000000000417 0
1712 0.7751262051547156 0.05050716203718542 0
1713 0.7575616886301192 0.06008452700620215 0
1714 0.2378976446696902 0.7000000000000126 0
1715 0.1854993047857127 0.07075658691130249 0
1716 0.3418445486460593 0.9399405131425903 0
1717 0.6535898384862214 0.8400000000000151 0
1718 0.3071796769724429 0.5000000000000128 0
1719 0.2898591688967542 0.510000000000013 0
1720 0.7921539030917283 0.5000000000000017 0
1721 0.5323462819564001 0.8900000000000136 0
1722 0.08201307198848823 0.5100000000000146 0
1723 0.7055513627132751 0.1500000000000057 0
1724 0.6882308546375868 0.1600000000000061 0
1725 0.1339745962155499 0.3400000000000192 0
1726 0.220577136594001 0.590000000000013 0
1727 0.3245001850481313 0.4500000000000129 0
1728 0.3418206931238199 0.4400000000000127 0
1729 0.3418206931238198 0.4200000000000129 0
1730 0.3591412011995084 0.4300000000000128 0
1731 0.3591412011995125 0.9100000000000115 0
1732 0.6882308546375977 0.5200000000000055 0
1733 0.6882308546375981 0.5400000000000054 0
1734 0.6882308546375968 0.5000000000000053 0
1735 0.6709103465619077 0.4900000000000059 0
1736 0.463041173832237 0.9299735421123922 0
1737 0.46304283226229 0.9499718224579411 0
1738 0.8094744111674153 0.4500000000000012 0
1739 0.08201307198848312 0.2900000000000219 0
1740 0.06469256391279454 0.3000000000000222 0
1741 0.8960769515458595 0.4999999999999997 0
1742 0.844115427318793 0.4700000000000004 0
1743 0.6709103465619 0.190000000000006 0
1744 0.3591412011994974 0.1500000000000125 0
1745 0.3418206931238081 0.1400000000000132 0
1746 0.4630642496536349 0.2500000000000123 0
1747 0.3764617092751896 0.2200000000000132 0
1748 0.9307179676972349 0.4799999999999968 0
1749 0.9480384757729227 0.4699999999999952 0
1750 0.1686188112396053 0.9199944593900249 0
1751 0.1686159565174145 0.8999994039139023 0
1752 0.168615612366932 0.3800000000000142 0
1753 0.1859361204426205 0.3900000000000145 0
1754 0.2204184903555216 0.9495359318460137 0
1755 0.6014113752094834 0.05037574945615864 0
1756 0.5843078061834501 0.04000000000000981 0
1757 0.6712557789312895 0.05059830641437818 0
1758 0.6882884266991496 0.06009971773573564 0
1759 0.4280841319891099 0.9494126589503014 0
1760 0.4105233194234656 0.9597613507627331 0
1761 0.7052425120787706 0.9501606745455047 0
1762 0.6884508284520227 0.9594227816419973 0
1763 0.1881244319872069 0.05064517012669117 0
1764 0.3068992494442073 0.9595142852732614 0
1765 0.6885694709629225 0.04072033480728154 0
1766 0.7052665759992436 0.04988913428244268 0
1767 0.03167981339904047 0.8993247278542845 0
1768 0.03168552794168744 0.4606667243970575 0
1769 0.03170274959184949 0.6793111543459629 0
1770 0.0316855279416865 0.09933327560296712 0
1771 0.1691477509064708 0.04068941831653516 0
1772 0.4467690604194994 0.04002411072248746 0
1773 0.4646280395645546 0.03112829172822773 0
1774 0.2021339974226159 0.9627043891859151 0
1775 0.1859361204426213 0.9500000000000064 0
1776 0.3412066697008319 0.9628409658027259 0
1777 0.4798714757619323 0.9583387274204177 0
1778 0.4637294470401379 0.9692827304618712 0
1779 0.6193345116642591 0.9628307345744495 0
1780 0.6016283142591552 0.9500000000000151 0
1781 0.3774603481369334 0.038869896703565 0
1782 0.3762433599704991 0.9598721705074695 0
1783 0.8609239631084173 0.03716884718517832 0
1784 0.8791471406476166 0.04900708902120099 0
1785 0.7584957897853778 0.03720092659430152 0
1786 0.7401923788646486 0.05000000000000698 0
1787 0.2895664630169201 0.9696527589446755 0
1788 0.2720529485597576 0.9600883194317247 0
1789 0.2534155775629826 0.9695637381856353 0
1790 0.6553127876175593 0.9576393009093153 0
1791 0.06557174196674354 0.9595199909162507 0
1792 0.0477857767212766 0.9700539434440949 0
1793 0.08436435573993928 0.9673642236515148 0
1794 0.1333583752048068 0.9598134725542516 0
1795 0.1512951042912544 0.9700000000000129 0
1796 0.1155888188116226 0.9676232558656772 0
1797 0.5497161295061124 0.03939678365470733 0
1798 0.5311751687032504 0.02960179938124896 0
1799 0.3084690474771187 0.9807997976988243 0
1800 0.568495676778939 0.02951157467569748 0
1801 0.9130925618245078 0.9696589775054909 0
1802 0.9311588768338893 0.9609399247320476 0
1803 0.9485058558573235 0.9714725332187926 0
1804 0.8938407021289198 0.9806082299466922 0
1805 0.9488061723262012 0.9512897058519699 0
1806 0.9311481747463271 0.9401865368893901 0
1807 0.9653594266123938 0.12000076688937 0
1808 0.9657243192034438 0.1006327793963666 0
1809 0.9653590906567477 0.1400001849971252 0
1810 0.9826795097256587 0.1500000308328541 0
1811 0.9653589838486067 0.1799999999999969 0
1812 0.9653589838486125 0.1999999999999984 0
1813 0.9653589838486132 0.4799999999999943 0
1814 0.9653589838486134 0.4599999999999953 0
1815 0.9827404549440757 0.1101055910476222 0
1816 0.965358983848609 0.3200000000000008 0
1817 0.9653589838486092 0.3400000000000001 0
1818 0.8094744278452264 0.8699999711132052 0
1819 0.826794927650365 0.8799999854382176 0
1820 0.7921539169215507 0.8599999760460622 0
1821 0.7921539057320474 0.8399999954268471 0
1822 0.774833397761065 0.8499999952454932 0
1823 0.8960808899994133 0.9199863510540864 0
1824 0.9653589838486125 0.4199999999999989 0
1825 0.7055513627133202 0.8099999999999551 0
1826 0.9653589838486156 0.3799999999999995 0
1827 0.8094744111716099 0.7699999999927496 0
1828 0.7921539030966196 0.75999999999154 0
1829 0.6362693304105339 0.7700000000000133 0
1830 0.7401923788667597 0.8299999999963852 0
1831 0.7401923788650138 0.8499999999994097 0
1832 0.930718031535348 0.839999889429164 0
1833 0.8441154273857103 0.7899999998841112 0
1834 0.8614359354056432 0.7999999999806835 0
1835 0.7228718707898009 0.799999999998583 0
1836 0.6882308546376366 0.7999999999999428 0
1837 0.5843078061834674 0.7400000000000141 0
1838 0.6016283142591559 0.750000000000014 0
1839 0.9826794919243078 0.469999999999997 0
1840 0.8267949267866819 0.8599999869341584 0
1841 0.7401923788646849 0.7299999999999751 0
1842 0.1512951042912412 0.5300000000000152 0
1843 0.1686156123669341 0.6600000000000135 0
1844 0.9480391985350958 0.8499987481392159 0
1845 0.7228718707889986 0.7199999999999708 0
1846 0.7228718707889841 0.6999999999999978 0
1847 0.7055513627132954 0.7099999999999957 0
1848 0.7055513627132932 0.6900000000000011 0
1849 0.6882308546376039 0.7000000000000006 0
1850 0.6882308546376039 0.6800000000000028 0
1851 0.6709103465619133 0.6900000000000028 0
1852 0.5150257738807122 0.7400000000000131 0
1853 0.5323462819564015 0.7300000000000134 0
1854 0.5323462819564025 0.7100000000000131 0
1855 0.5496667900320904 0.7200000000000135 0
1856 0.1512951042912446 0.5700000000000154 0
1857 0.6016283142591563 0.610000000000008 0
1858 0.6016283142591556 0.5900000000000079 0
1859 0.601628314259157 0.630000000000008 0
1860 0.584307806183466 0.580000000000008 0
1861 0.4977052658050233 0.7500000000000127 0
1862 0.06479201024242554 0.5200216068091783 0
1863 0.04764933103489932 0.5103229545230618 0
1864 0.03171062228050303 0.5206808980945234 0
1865 0.1512951042912449 0.6500000000000138 0
1866 0.1686156123669336 0.6800000000000138 0
1867 0.4295751423888168 0.04967734169482729 0
1868 0.948038475772921 0.2099999999999986 0
1869 0.9653589838486144 0.2199999999999985 0
1870 0.9480384757729224 0.2299999999999986 0
1871 0.9653589838486143 0.239999999999998 0
1872 0.9480384757729239 0.2499999999999985 0
1873 0.9653589838486154 0.2599999999999965 0
1874 0.9480385265884498 0.150000088015084 0
1875 0.2378392551298918 0.93976163500995 0
1876 0.1512951042912436 0.5100000000000149 0
1877 0.1512951042912433 0.4900000000000149 0
1878 0.9307183603946111 0.1400006801718183 0
1879 0.6016283142591533 0.510000000000008 0
1880 0.6016283142591524 0.490000000000008 0
1881 0.6016283142591536 0.530000000000008 0
1882 0.6016283142591552 0.7300000000000118 0
1883 0.09933358006417492 0.3800000000000201 0
1884 0.08201307198848651 0.3900000000000207 0
1885 0.06469256391279699 0.380000000000023 0
1886 0.06469256391279837 0.4000000000000217 0
1887 0.04775544099280238 0.3900000000000242 0
1888 0.04761361498311234 0.4096922810475374 0
1889 0.0475880435455639 0.3700000000000243 0
1890 0.03168552794169316 0.3993332756029676 0
1891 0.6189488223348336 0.2000000000000084 0
1892 0.7575128869406214 0.7399999999995444 0
1893 0.4457437415779411 0.08000000000001262 0
1894 0.9307179676972477 0.7199999999999966 0
1895 0.1166540881398567 0.190000000000022 0
1896 0.8441154290020956 0.8099999970844491 0
1897 0.1166540881398649 0.4900000000000151 0
1898 0.549666790032076 0.140000000000011 0
1899 0.948038475772923 0.2700000000000003 0
1900 0.9653589838486143 0.2800000000000004 0
1901 0.5669872981077663 0.1700000000000105 0
1902 0.06473623444063381 0.6199991587996656 0
1903 0.0473720558371088 0.6100000000000186 0
1904 0.5669584287612985 0.9300500031748961 0
1905 0.5669536172035511 0.9500583370373767 0
1906 0.5495266553921342 0.9609480625238092 0
1907 0.5669872981077744 0.9700000000000149 0
1908 0.5313417594319852 0.970413946264991 0
1909 0.5317215351906186 0.9503393016810699 0
1910 0.5143370507251855 0.9595531951067711 0
1911 0.5129068496365733 0.9807950806207013 0
1912 0.5840852536497699 0.9596339733834238 0
1913 0.5863855979011542 0.9806498859508804 0
1914 0.4457437415779572 0.7800000000000129 0
1915 0.4457437415779567 0.7600000000000122 0
1916 0.5843078061834597 0.4000000000000076 0
1917 0.1166540881398574 0.2100000000000218 0
1918 0.5669872981077717 0.4300000000000085 0
1919 0.8267428834015188 0.9596034697715368 0
1920 0.8095906890943431 0.9698330139188657 0
1921 0.7917907401066235 0.9602006535917149 0
1922 0.7732039527513941 0.9697341342437512 0
1923 0.04761361498310213 0.1696922810475369 0
1924 0.04797243301398557 0.189640994555456 0
1925 0.03168552794168644 0.1593332756029652 0
1926 0.06479262677560416 0.1999401657592614 0
1927 0.04782187798248105 0.2099643843805202 0
1928 0.04759068394931648 0.2299984548270246 0
1929 0.5323462819563858 0.1300000000000114 0
1930 0.04778505126280841 0.5900512864920985 0
1931 0.03167981339902803 0.5806752721457409 0
1932 0.982679491924303 0.3300000000000002 0
1933 0.913397459621558 0.7099999999999973 0
1934 0.8267428492624216 0.04039647109785099 0
1935 0.8096562932526012 0.03031753237531909 0
1936 0.4630642496536304 0.1100000000000138 0
1937 0.08202304349999967 0.6299991288115098 0
1938 0.2205848144105269 0.1300132983683557 0
1939 0.4977052658050215 0.6500000000000093 0
1940 0.51502577388071 0.640000000000009 0
1941 0.4111027254265783 0.7400000000000116 0
1942 0.08201307198849173 0.8100000000000173 0
1943 0.8267949193218699 0.7799999998635889 0
1944 0.8960769515458511 0.1399999999999996 0
1945 0.9480384757729361 0.7299999999999973 0
1946 0.8787564434720396 0.7899999999967791 0
1947 0.8787564477008774 0.8099999926722163 0
1948 0.6189488223348362 0.3600000000000063 0
1949 0.1166540881398558 0.1700000000000217 0
1950 0.1686156123669306 0.5400000000000145 0
1951 0.8441141955885474 0.909997757436114 0
1952 0.861434477000071 0.8999974206994171 0
1953 0.4284232335022662 0.6300000000000109 0
1954 0.359141201199512 0.7300000000000118 0
1955 0.9826794919243054 0.4099999999999995 0
1956 0.8094744111674248 0.7100000000000004 0
1957 0.9653589838486245 0.6999999999999965 0
1958 0.2379018866129353 0.140007347261264 0
1959 0.2378983516602201 0.1600012245435583 0
1960 0.08178671998680753 0.05039205316730355 0
1961 0.09945893099081848 0.03723127643395058 0
1962 0.06469256391278388 0.04000000000002435 0
1963 0.04737205583709586 0.0500000000000253 0
1964 0.04737205583709453 0.0300000000000254 0
1965 0.1166540881398512 0.05000000000002092 0
1966 0.6016356751284324 0.9299872506004385 0
1967 0.8960771193348676 0.8399997093809272 0
1968 0.9133975620641751 0.8299998225641806 0
1969 0.168615612366932 0.4800000000000143 0
1970 0.1512951042912428 0.4700000000000149 0
1971 0.3591412011995003 0.2100000000000134 0
1972 0.9653589838486165 0.4999999999999948 0
1973 0.4284232335022671 0.7500000000000118 0
1974 0.0993335800641677 0.200000000000022 0
1975 0.8441154273187947 0.5099999999999998 0
1976 0.6882308546376108 0.8199999999999911 0
1977 0.3071796769724456 0.7400000000000122 0
1978 0.2032566285183132 0.8000000000000129 0
1979 0.1859361204426241 0.7900000000000134 0
1980 0.6362693304105349 0.6700000000000063 0
1981 0.6189488223348446 0.6600000000000074 0
1982 0.428423233502268 0.7900000000000126 0
1983 0.4284232335022673 0.8100000000000127 0
1984 0.4111027254265784 0.8200000000000123 0
1985 0.7748333950160913 0.7299999999999247 0
1986 0.06472856186420561 0.3600000000000229 0
1987 0.0475821008725888 0.3500000000000232 0
1988 0.04758028129114633 0.3300000000000221 0
1989 0.06472726815513496 0.3200000000000221 0
1990 0.04737205583710558 0.3100000000000215 0
1991 0.7574794146369233 0.9398897621233611 0
1992 0.7401923788646649 0.9500000000000146 0
1993 0.3937822173508764 0.1700000000000158 0
1994 0.376461709275188 0.1800000000000147 0
1995 0.8960769522512952 0.799999998778165 0
1996 0.7921089079870238 0.9400065399491381 0
1997 0.272538660821052 0.1200000000000154 0
1998 0.9307179676972301 0.1999999999999994 0
1999 0.2032566285183131 0.7400000000000126 0
2000 0.2032566285183128 0.7200000000000127 0
2001 0.1859361204426242 0.7300000000000129 0
2002 0.1859361204426243 0.7100000000000131 0
2003 0.1686156123669352 0.7200000000000131 0
2004 0.1686156123669343 0.7400000000000133 0
2005 0.4457437415779568 0.8000000000000126 0
2006 0.2726058179654978 0.06011631958628988 0
2007 0.252582446605045 0.0506444404070735 0
2008 0.2898703617541464 0.05001938659772709 0
2009 0.2723034336360021 0.04032941496927611 0
2010 0.2898744012373956 0.03030730216076888 0
2011 0.3071321947615083 0.04038703095617713 0
2012 0.7748333950160362 0.4100000000000032 0
2013 0.0820130719884905 0.7700000000000174 0
2014 0.2725386608210683 0.7600000000000122 0
2015 0.1166540881398525 0.07000000000002099 0
2016 0.1359074732784654 0.03736788951228281 0
2017 0.3418189581077861 0.1000030051359161 0
2018 0.3591412011995123 0.8700000000000123 0
2019 0.8267949192431008 0.3600000000000022 0
2020 0.09933358006417831 0.7400000000000163 0
2021 0.7401923788646524 0.1700000000000048 0
2022 0.6535898384862161 0.4400000000000069 0
2023 0.168615612366932 0.4600000000000141 0
2024 0.7228718707889611 0.08000000000000579 0
2025 0.91 0.01732050807568869 0
2026 0.9200000000000003 0.03464101615137744 0
2027 0.9400000000000002 0.03464101615137744 0
2028 0.9316983238830605 0.05115411702523232 0
2029 0.950382914179454 0.05175516975761985 0
2030 0.9144580219469034 0.05288024050457707 0
2031 0.960214701186184 0.03404483256638835 0
2032 0.97001032387109 0.05103488182931398 0
2033 0.9599714628378829 0.06902524229421442 0
2034 0.9826818333468808 0.8899959445371473 0
2035 0.5843078061834641 0.5200000000000085 0
2036 0.6016283142591523 0.5500000000000086 0
2037 0.3936492581329203 0.9499389202117086 0
2038 0.3926649105579798 0.9699613516409712 0
2039 0.5842615158642789 0.9399549273660275 0
2040 0.08201307198848556 0.5300000000000147 0
2041 0.4977052658050228 0.7300000000000116 0
2042 0.5669872981077658 0.1500000000000106 0
2043 0.7921539030917184 0.180000000000003 0
2044 0.9653656145670393 0.8799885152588118 0
2045 0.3591412011995044 0.3300000000000133 0
2046 0.376461709275193 0.3200000000000129 0
2047 0.3937822173508821 0.3300000000000125 0
2048 0.3937822173508815 0.3100000000000124 0
2049 0.3418206931238118 0.2200000000000136 0
2050 0.1686156123669356 0.8000000000000137 0
2051 0.8614359353944749 0.2200000000000013 0
2052 0.4630642496536296 0.09000000000001274 0
2053 0.3937822173508893 0.7100000000000115 0
2054 0.3937822173508894 0.7300000000000116 0
2055 0.7921539030917346 0.6600000000000018 0
2056 0.584307806183462 0.4800000000000085 0
2057 0.5150257738807116 0.8800000000000134 0
2058 0.5843078061834667 0.8400000000000141 0
2059 0.6016283142591557 0.8300000000000144 0
2060 0.6189488223348446 0.8200000000000146 0
2061 0.1512951042912446 0.6900000000000142 0
2062 0.08203918430867585 0.6899798178156333 0
2063 0.08202947912864522 0.5500099723734763 0
2064 0.2205771365940016 0.6300000000000128 0
2065 0.2378976446696905 0.620000000000013 0
2066 0.255218152745379 0.6300000000000129 0
2067 0.255218152745379 0.610000000000013 0
2068 0.6016283142591563 0.7700000000000141 0
2069 0.82679491924311 0.6000000000000003 0
2070 0.8441154273187982 0.5899999999999997 0
2071 0.8267949192431108 0.6200000000000003 0
2072 0.7748333950160294 0.1700000000000038 0
2073 0.618948822334829 0.08000000000000856 0
2074 0.9133974596215566 0.6699999999999972 0
2075 0.3418206931238235 0.8000000000000123 0
2076 0.3418206931238236 0.8200000000000123 0
2077 0.3071796769724462 0.7600000000000122 0
2078 0.3245001850481344 0.7300000000000121 0
2079 0.7401923788653846 0.7499999999987612 0
2080 0.6362693304105276 0.4500000000000072 0
2081 0.6535898384862168 0.4600000000000067 0
2082 0.7748333950160441 0.6100000000000023 0
2083 0.757512886940355 0.6000000000000031 0
2084 0.7575128869403542 0.5800000000000031 0
2085 0.5496667900320825 0.4200000000000082 0
2086 0.4284232335022646 0.5300000000000106 0
2087 0.497705265805013 0.2900000000000096 0
2088 0.8614359353944836 0.5199999999999998 0
2089 0.2552181527453792 0.7100000000000124 0
2090 0.2898591688967576 0.8300000000000121 0
2091 0.4111027254265792 0.8400000000000123 0
2092 0.2725430191505099 0.9199924511519822 0
2093 0.1859361204426235 0.6700000000000134 0
2094 0.89 0.01690598923241521 0
2095 0.7748333950275865 0.7699999999800112 0
2096 0.2032579081543887 0.1400022163947414 0
2097 0.6189574100156672 0.9199851257005089 0
2098 0.9826794919243121 0.7299999999999994 0
2099 0.9307179676972407 0.5599999999999966 0
2100 0.94803847577293 0.5699999999999961 0
2101 0.948038475772931 0.5899999999999962 0
2102 0.9653589838486195 0.579999999999996 0
2103 0.9653589838486205 0.5999999999999961 0
2104 0.9653589838486193 0.5599999999999965 0
2105 0.9653589838486188 0.5399999999999957 0
2106 0.9826794919243098 0.5299999999999973 0
2107 0.1686156123669197 0.1000000000000199 0
2108 0.7575128869403398 0.1000000000000041 0
2109 0.1512951042912314 0.1100000000000204 0
2110 0.9480384757729248 0.3699999999999993 0
2111 0.04758804354555385 0.0700000000000251 0
2112 0.6189488223348445 0.7600000000000129 0
2113 0.411102725426576 0.5400000000000109 0
2114 0.515025773880702 0.3000000000000087 0
2115 0.5323462819563907 0.2900000000000085 0
2116 0.5150257738807014 0.2800000000000094 0
2117 0.5323462819563901 0.2700000000000091 0
2118 0.08202974913228156 0.2099900276265624 0
2119 0.4111027254265773 0.620000000000011 0
2120 0.3937822173508884 0.6100000000000112 0
2121 0.01697148822569489 0.05000399146875423 0
2122 0.7055513627132837 0.4700000000000052 0
2123 0.3071796769724439 0.5600000000000124 0
2124 0.6709103465618977 0.1500000000000069 0
2125 0.67091034656191 0.9300000000000146 0
2126 0.2205771365940015 0.6900000000000127 0
2127 0.4630642496536442 0.6900000000000107 0
2128 0.463064249653644 0.6700000000000105 0
2129 0.3591412011995112 0.6500000000000118 0
2130 0.4977052658050075 0.1100000000000123 0
2131 0.5843078061834592 0.3800000000000071 0
2132 0.6016283142591481 0.390000000000007 0
2133 0.6189488223348372 0.4000000000000072 0
2134 0.6709103465619052 0.4500000000000063 0
2135 0.2378976446696883 0.520000000000013 0
2136 0.2552181527453768 0.5100000000000129 0
2137 0.2378976446696878 0.500000000000013 0
2138 0.4457437415779445 0.2200000000000137 0
2139 0.9826794919243115 0.8099999999999984 0
2140 0.1285962512629006 0.01765905476494534 0
2141 0.3303049107934906 0.01762719554199055 0
2142 0.6294728338112926 0.9828272706477063 0
2143 0.01732050807568863 0.63 0
2144 0.6189488223348328 0.2200000000000082 0
2145 0.3071796769724333 0.2000000000000147 0
2146 0.1512951042912387 0.3300000000000192 0
2147 0.4803847577293343 0.880000000000013 0
2148 0.6016283142591465 0.3300000000000067 0
2149 0.6189488223348351 0.3200000000000069 0
2150 0.9826794919243068 0.2099999999999992 0
2151 0.705551362713279 0.3300000000000048 0
2152 0.2378976446696868 0.4000000000000136 0
2153 0.2205771365939977 0.390000000000014 0
2154 0.237897644669686 0.3800000000000135 0
2155 0.2205771365939963 0.3700000000000152 0
2156 0.2378976446696844 0.3600000000000146 0
2157 0.2552181527453749 0.3900000000000142 0
2158 0.9307179676972435 0.6199999999999968 0
2159 0.7300927310182099 0.01684860189584153 0
2160 0.7212569652485596 0.03628329660018231 0
2161 0.7748333950160379 0.4500000000000023 0
2162 0.203256628518304 0.2800000000000187 0
2163 0.2032566285183058 0.3400000000000178 0
2164 0.4803847577293202 0.160000000000013 0
2165 0.4457437415779438 0.2000000000000142 0
2166 0.4111027254265649 0.1600000000000152 0
2167 0.6709103465619131 0.6500000000000052 0
2168 0.5669872981077625 0.07000000000001039 0
2169 0.5323462819563858 0.1100000000000114 0
2170 0.6892000556389841 0.01998715779373794 0
2171 0.7695547770330282 0.01764688438121775 0
2172 0.9826794919243113 0.7699999999999996 0
2173 0.4284232335022605 0.3700000000000118 0
2174 0.42842323350226 0.3500000000000117 0
2175 0.445743741577949 0.3600000000000113 0
2176 0.4630642496536381 0.370000000000011 0
2177 0.4630642496536373 0.3500000000000107 0
2178 0.6535898384862107 0.2400000000000071 0
2179 0.2378976446696792 0.2200000000000174 0
2180 0.393782217350888 0.5900000000000112 0
2181 0.2378976446696877 0.4600000000000136 0
2182 0.2032661619750994 0.1200165124315706 0
2183 0.09933358006417697 0.420000000000016 0
2184 0.6189488223348426 0.5400000000000076 0
2185 0.5150257738806967 0.1200000000000118 0
2186 0.9307179676972345 0.4199999999999997 0
2187 0.4977052658050156 0.3900000000000098 0
2188 0.688230854637689 0.7799999999998515 0
2189 0.6709103465619346 0.7899999999999672 0
2190 0.6535898384862102 0.2200000000000072 0
2191 0.6550810693247033 0.04193931656449412 0
2192 0.6389611807472024 0.03087881273738446 0
2193 0.6196016204667619 0.04155354689022234 0
2194 0.01684806235295555 0.2099813095874364 0
2195 0.5496667900320833 0.4400000000000092 0
2196 0.4977052658050165 0.4100000000000101 0
2197 0.5496667900320781 0.24000000000001 0
2198 0.289859168896745 0.2100000000000155 0
2199 0.8787564434701791 0.6699999999999984 0
2200 0.3591412011995095 0.5300000000000118 0
2201 0.8982024487227632 0.03755839229671393 0
2202 0.4630642496536453 0.7500000000000119 0
2203 0.1686156123669346 0.620000000000013 0
2204 0.21 0.9826794919243113 0
2205 0.01732050807568847 0.8100000000000001 0
2206 0.9826794919243067 0.2499999999999997 0
2207 0.58763809503905 0.01850653520471063 0
2208 0.01732050807568858 0.8499999999999999 0
2209 0.0173205080756883 0.2899999999999999 0
2210 0.01732050807568913 0.3099999999999996 0
2211 0.8441154273187838 0.1300000000000018 0
2212 0.1512951042912458 0.7700000000000138 0
2213 0.1686156123669347 0.7800000000000137 0
2214 0.1859361204426233 0.7700000000000132 0
2215 0.6882308546375846 0.1000000000000065 0
2216 0.210097354439277 0.01726430046396521 0
2217 0.2200162257398791 0.03463164821609016 0
2218 0.2399999999999996 0.03464101615137799 0
2219 0.2305628993828148 0.05085918035155956 0
2220 0.2099671189615021 0.05073424738588295 0
2221 0.25 0.01732050807568963 0
2222 0.016201715389077 0.9499524142011218 0
2223 0.4803847577293289 0.4600000000000104 0
2224 0.2898591688967573 0.7700000000000122 0
2225 0.22057713659399 0.210000000000018 0
2226 0.09933358006418086 0.8200000000000165 0
2227 0.8441154273187881 0.2900000000000016 0
2228 0.9307179676972323 0.2399999999999994 0
2229 0.4457437415779483 0.3400000000000111 0
2230 0.4284232335022593 0.3300000000000116 0
2231 0.4457437415779474 0.3200000000000106 0
2232 0.8094744111674245 0.6900000000000008 0
2233 0.1512951042912414 0.5500000000000154 0
2234 0.6189488223348452 0.6400000000000075 0
2235 0.6535898384862258 0.7600000000000011 0
2236 0.3937822173508825 0.3500000000000126 0
2237 0.6882308546375913 0.360000000000006 0
2238 0.7055513627132803 0.3700000000000055 0
2239 0.705551362713281 0.3900000000000055 0
2240 0.6882308546375925 0.400000000000006 0
2241 0.2725386608210596 0.3000000000000163 0
2242 0.2378976446696904 0.7200000000000125 0
2243 0.2552181527453796 0.7700000000000123 0
2244 0.2725386608210685 0.7800000000000122 0
2245 0.7228718707889752 0.5400000000000044 0
2246 0.7228718707889759 0.5600000000000044 0
2247 0.7401923788646649 0.5700000000000037 0
2248 0.2032566285183129 0.7800000000000129 0
2249 0.3071796769724446 0.6200000000000123 0
2250 0.2898591688967561 0.6300000000000125 0
2251 0.4977052658050106 0.2100000000000124 0
2252 0.515025773880712 0.8200000000000136 0
2253 0.3764617092751975 0.4800000000000115 0
2254 0.6709103465619124 0.6300000000000057 0
2255 0.6362693304105336 0.590000000000007 0
2256 0.3245001850481314 0.4900000000000125 0
2257 0.4284232335022634 0.4700000000000107 0
2258 0.4284232335022627 0.450000000000011 0
2259 0.4284232335022639 0.4900000000000106 0
2260 0.7923625249930826 0.04049464486051607 0
2261 0.35 0.01732050807568875 0
2262 0.9826794919243095 0.35 0
2263 0.1695140264591887 0.9813257069818289 0
2264 0.324500185048135 0.8300000000000122 0
2265 0.4977052658050231 0.8300000000000135 0
2266 0.2032566285183035 0.2600000000000182 0
2267 0.3071736287468435 0.06006773625899448 0
2268 0.3764617092751998 0.6400000000000116 0
2269 0.5323462819563967 0.5500000000000094 0
2270 0.5150257738807079 0.5400000000000096 0
2271 0.5150257738807076 0.5200000000000096 0
2272 0.5150257738807082 0.5600000000000094 0
2273 0.5323462819563961 0.5100000000000094 0
2274 0.5150257738807072 0.5000000000000097 0
2275 0.4803847577293329 0.6800000000000102 0
2276 0.584307806183467 0.6200000000000084 0
2277 0.6016283142591543 0.650000000000008 0
2278 0.2725386608210542 0.160000000000016 0
2279 0.35914120119951 0.5500000000000118 0
2280 0.4111027254265757 0.5200000000000109 0
2281 0.3071796769724426 0.460000000000013 0
2282 0.8787564434701749 0.569999999999999 0
2283 0.8614359353944857 0.5599999999999999 0
2284 0.3764617092751996 0.6200000000000114 0
2285 0.6535898384862193 0.5000000000000064 0
2286 0.1859361204426236 0.7500000000000129 0
2287 0.3892104303665209 0.01916814932471567 0
2288 0.3983336945277843 0.03761642459808251 0
2289 0.4120723177622601 0.02041965890743686 0
2290 0.8502136606070572 0.01761485655192341 0
2291 0.1512951042912376 0.2700000000000203 0
2292 0.307179676972446 0.8800000000000119 0
2293 0.3937822173508787 0.2500000000000124 0
2294 0.5150257738807057 0.420000000000009 0
2295 0.3071786689348316 0.08001128937651159 0
2296 0.272538660821061 0.3400000000000157 0
2297 0.56698729810777 0.3700000000000075 0
2298 0.4457437415779552 0.6600000000000107 0
2299 0.3245001850481303 0.4100000000000134 0
2300 0.8609522832751828 0.9627776206737781 0
2301 0.8787542731632201 0.9099922890084846 0
2302 0.5843078061834651 0.6600000000000084 0
2303 0.5323462819563975 0.5900000000000092 0
2304 0.2552181527453797 0.8100000000000124 0
2305 0.809474411167409 0.2300000000000029 0
2306 0.8094744111674097 0.2500000000000029 0
2307 0.7575128869403533 0.5600000000000031 0
2308 0.8441154273187855 0.1900000000000019 0
2309 0.9307202641243755 0.8599960224715347 0
2310 0.3071796769724342 0.2200000000000147 0
2311 0.3245001850481235 0.230000000000014 0
2312 0.3071796769724351 0.2400000000000149 0
2313 0.1692100142668727 0.02026798524359291 0
2314 0.9826794919243054 0.2900000000000008 0
2315 0.8502170320554842 0.9823787705741441 0
2316 0.7305940539509805 0.9828477918177971 0
2317 0.7213056651477785 0.9636908056999859 0
2318 0.01732050807568847 0.7699999999999998 0
2319 0.01684806235295511 0.7299813095874342 0
2320 0.01732050807568858 0.35 0
2321 0.3937822173508843 0.4100000000000125 0
2322 0.7575128869403417 0.2000000000000043 0
2323 0.272538660821066 0.5400000000000127 0
2324 0.3245001850481199 0.1500000000000137 0
2325 0.4457437415779542 0.5800000000000103 0
2326 0.4457437415779545 0.6000000000000103 0
2327 0.1166540881398723 0.8900000000000154 0
2328 0.4803847577293301 0.5000000000000098 0
2329 0.1512951042912419 0.3700000000000162 0
2330 0.2032566285183129 0.7000000000000131 0
2331 0.512126915446618 0.01862742844398574 0
2332 0.4102082073455977 0.9806687238808549 0
2333 0.01732050807568847 0.25 0
2334 0.3764617092752001 0.6600000000000117 0
2335 0.3071796769724455 0.7200000000000122 0
2336 0.7921539030917291 0.5200000000000016 0
2337 0.1859361204426216 0.530000000000014 0
2338 0.6189488223348442 0.680000000000007 0
2339 0.2725386608210645 0.4200000000000139 0
2340 0.8094744111674117 0.3300000000000026 0
2341 0.792153903091723 0.3400000000000029 0
2342 0.7748333950160341 0.3300000000000033 0
2343 0.4803847577293309 0.5400000000000098 0
2344 0.6709103465619097 0.5500000000000059 0
2345 0.341820693123823 0.7200000000000119 0
2346 0.08999999999999986 0.01732050807568886 0
2347 0.7228718707889729 0.4800000000000045 0
2348 0.7228718707889736 0.5000000000000044 0
2349 0.7401923788646545 0.2500000000000046 0
2350 0.5669872981077669 0.2500000000000093 0
2351 0.7055513627132877 0.8700000000000145 0
2352 0.1859361204426117 0.190000000000019 0
2353 0.2725386608210685 0.8000000000000123 0
2354 0.9826794919243106 0.5699999999999992 0
2355 0.8267949192431132 0.6800000000000002 0
2356 0.6882308546375893 0.280000000000006 0
2357 0.7055513627132783 0.2900000000000054 0
2358 0.8267949192431081 0.5600000000000003 0
2359 0.8441154273187875 0.2700000000000016 0
2360 0.3764617092751972 0.4600000000000118 0
2361 0.8094744111674117 0.3500000000000025 0
2362 0.9826794919243114 0.6499999999999995 0
2363 0.497705265805015 0.3700000000000097 0
2364 0.7228718707889693 0.3800000000000049 0
2365 0.5843078061834602 0.420000000000008 0
2366 0.7575128869403558 0.620000000000003 0
2367 0.7055513627132884 0.5900000000000047 0
2368 0.6882308546375994 0.5800000000000053 0
2369 0.6189488223348443 0.5800000000000075 0
2370 0.6016283142591505 0.4700000000000081 0
2371 0.35 0.9826794919243114 0
2372 0.705551362713335 0.7299999999999255 0
2373 0.5323462819563958 0.4900000000000095 0
2374 0.7921539030917175 0.1200000000000035 0
2375 0.7921539030917171 0.1000000000000034 0
2376 0.982679491924312 0.8500000000000003 0
2377 0.6893326388564487 0.9798285026489593 0
2378 0.6686597987773004 0.9838474040823134 0
2379 0.4630642496536385 0.3900000000000111 0
2380 0.3245001850481249 0.2700000000000144 0
2381 0.3245001850481242 0.2500000000000144 0
2382 0.4284232335022665 0.670000000000011 0
2383 0.6016283142591448 0.2700000000000082 0
2384 0.4977052658050237 0.7900000000000137 0
2385 0.4284232335022642 0.5100000000000106 0
2386 0.5669872981077777 0.71000000000001 0
2387 0.3071796769724378 0.3200000000000151 0
2388 0.8787564434701668 0.3500000000000012 0
2389 0.8960769515458578 0.4200000000000003 0
2390 0.5150257738807035 0.360000000000009 0
2391 0.6362693304105231 0.2900000000000074 0
2392 0.5150257738807006 0.2400000000000111 0
2393 0.3418206931238132 0.2600000000000137 0
2394 0.1859361204426209 0.410000000000014 0
2395 0.8960769515458553 0.3400000000000007 0
2396 0.8960769515458553 0.3200000000000008 0
2397 0.8787564434701662 0.3100000000000009 0
2398 0.8787564434701656 0.2900000000000008 0
2399 0.5843078061834531 0.12000000000001 0
2400 0.3245001850481281 0.3700000000000142 0
2401 0.3245001850481327 0.5700000000000122 0
2402 0.4284232335022675 0.8900000000000123 0
2403 0.1859361204426124 0.2100000000000189 0
2404 0.8787564434701673 0.3700000000000011 0
2405 0.54966679003208 0.3200000000000081 0
2406 0.2898591688967467 0.2500000000000157 0
2407 0.2378976446696808 0.2600000000000174 0
2408 0.220577136593999 0.4900000000000136 0
2409 0.2205771365939989 0.4700000000000139 0
2410 0.2725386608210653 0.4800000000000132 0
2411 0.5496667900320902 0.760000000000014 0
2412 0.2898591688967563 0.6500000000000126 0
2413 0.8441154273187998 0.6299999999999997 0
2414 0.7748333950160345 0.3500000000000034 0
2415 0.7575128869403456 0.3400000000000038 0
2416 0.2898591688967574 0.8100000000000122 0
2417 0.7921539030917277 0.4800000000000018 0
2418 0.9133974596215575 0.6899999999999972 0
2419 0.2032566285183141 0.9000000000000107 0
2420 0.6535898384862213 0.8600000000000148 0
2421 0.67091034656191 0.9100000000000147 0
2422 0.2725386608210602 0.3200000000000162 0
2423 0.2552181527453717 0.3300000000000163 0
2424 0.4457437415779549 0.6200000000000103 0
2425 0.9480384757729319 0.6099999999999964 0
2426 0.9307179676972428 0.5999999999999969 0
2427 0.4284232335022671 0.7300000000000113 0
2428 0.3418206931238228 0.7000000000000119 0
2429 0.7228718707889661 0.260000000000005 0
2430 0.1686156123669362 0.8200000000000137 0
2431 0.1512951042912469 0.8100000000000143 0
2432 0.1166540881398715 0.8700000000000154 0
2433 0.861435935394476 0.2600000000000012 0
2434 0.168615612366926 0.2600000000000196 0
2435 0.7401923788646569 0.3500000000000042 0
2436 0.4977052658050207 0.6100000000000094 0
2437 0.4457437415779551 0.6400000000000104 0
2438 0.844115427318799 0.6099999999999997 0
2439 0.8614359353944874 0.5999999999999991 0
2440 0.8787564434701767 0.6099999999999983 0
2441 0.5323462819563987 0.6500000000000092 0
2442 0.792153903091727 0.4600000000000019 0
2443 0.4457437415779568 0.8400000000000128 0
2444 0.8267949192431006 0.3400000000000022 0
2445 0.9134794228463905 0.9099627265788681 0
2446 0.9135658595665819 0.9299804984498916 0
2447 0.6882308546375987 0.5600000000000054 0
2448 0.3245001850481347 0.8900000000000119 0
2449 0.9825776223601919 0.9505030078620926 0
2450 0.6709103465619148 0.709999999999999 0
2451 0.6535898384862244 0.7000000000000007 0
2452 0.3071796769724451 0.6600000000000124 0
2453 0.2898591688967564 0.6700000000000124 0
2454 0.3591412011995107 0.6100000000000116 0
2455 0.6189488223348406 0.4800000000000075 0
2456 0.4284232335022681 0.8300000000000126 0
2457 0.7055513627132906 0.6500000000000041 0
2458 0.1339745962155545 0.4000000000000155 0
2459 0.3418206931238209 0.540000000000012 0
2460 0.3245001850481324 0.5500000000000123 0
2461 0.3764617092752009 0.740000000000012 0
2462 0.3591412011995065 0.3900000000000135 0
2463 0.7055513627132816 0.4100000000000054 0
2464 0.7921539030917212 0.2600000000000033 0
2465 0.9133974596215578 0.7499999999999977 0
2466 0.3591412011995038 0.3100000000000133 0
2467 0.3764617092751922 0.3000000000000128 0
2468 0.7401923788646596 0.4300000000000038 0
2469 0.2378976446696826 0.3200000000000169 0
2470 0.8787564434701629 0.1900000000000009 0
2471 0.8614359353944744 0.2000000000000015 0
2472 0.4111027254265696 0.3000000000000114 0
2473 0.2725386608210666 0.9400000000000122 0
2474 0.8267949192430954 0.1400000000000023 0
2475 0.6709103465618994 0.2300000000000066 0
2476 0.8614283559691094 0.08001312794981991 0
2477 0.1512951042912354 0.2100000000000203 0
2478 0.8267949192430949 0.1200000000000023 0
2479 0.7055513627132797 0.3500000000000054 0
2480 0.8441154273187911 0.4100000000000016 0
2481 0.8267949192430987 0.2600000000000022 0
2482 0.8094744111674101 0.2700000000000027 0
2483 0.7748333950160425 0.5700000000000024 0
2484 0.8094744111674124 0.3700000000000027 0
2485 0.8787564434701639 0.2300000000000008 0
2486 0.8614359353944755 0.2400000000000013 0
2487 0.3418206931238235 0.7400000000000121 0
2488 0.8960770016356876 0.8199999132418879 0
2489 0.1859361204426156 0.2900000000000192 0
2490 0.5150257738807068 0.4800000000000098 0
2491 0.5323462819563873 0.1700000000000114 0
2492 0.7401923788646553 0.2700000000000043 0
2493 0.1859361204426151 0.2700000000000189 0
2494 0.8094744113527699 0.7899999996789709 0
2495 0.7401923788647229 0.8699999999999138 0
2496 0.1339745962155542 0.4800000000000148 0
2497 0.5150257738806998 0.2200000000000116 0
2498 0.7748333950160337 0.3100000000000034 0
2499 0.7228718707889668 0.2800000000000049 0
2500 0.1512951042912321 0.1300000000000205 0
2501 0.2032566285183097 0.4200000000000139 0
2502 0.7228718707889633 0.1400000000000052 0
2503 0.4803847577293256 0.3400000000000097 0
2504 0.4111027254265709 0.3400000000000121 0
2505 0.9826794919243085 0.3899999999999997 0
2506 0.95 0.01732050807568836 0
2507 0.2552182705771232 0.1700002040906068 0
2508 0.9491715714518439 0.08741648931748225 0
2509 0.2898591688967487 0.3100000000000156 0
2510 0.6709103465619063 0.470000000000006 0
2511 0.5672469177986313 0.04981805972174091 0
2512 0.8614359353944765 0.2800000000000012 0
2513 0.7748333950160393 0.4900000000000023 0
2514 0.0820130719884779 0.1300000000000222 0
2515 0.9480384757729363 0.7899999999999963 0
2516 0.7401923788646667 0.6100000000000037 0
2517 0.7401923788646658 0.5900000000000037 0
2518 0.3764617092752012 0.8800000000000123 0
2519 0.7228718707889701 0.4000000000000048 0
2520 0.8614359353944849 0.5399999999999993 0
2521 0.4111027254265704 0.320000000000012 0
2522 0.1512951042912409 0.5900000000000156 0
2523 0.5496667900320794 0.3000000000000082 0
2524 0.4803847577293329 0.6600000000000097 0
2525 0.7228718707889763 0.9200000000000148 0
2526 0.04758932817827771 0.8699977749509028 0
2527 0.7921539030917353 0.6800000000000018 0
2528 0.1686156123669228 0.1800000000000197 0
2529 0.601628314259155 0.8900000000000143 0
2530 0.861435935394492 0.7199999999999988 0
2531 0.1512951042912293 0.05000000000002036 0
2532 0.4803847577293346 0.7600000000000129 0
2533 0.51502577388071 0.6600000000000096 0
2534 0.1339745962155529 0.5600000000000156 0
2535 0.9826794919243109 0.5899999999999992 0
2536 0.6362693304105258 0.3900000000000069 0
2537 0.7921539030917206 0.2400000000000033 0
2538 0.5669872981077786 0.8100000000000138 0
2539 0.3764513326546587 0.100017972833979 0
2540 0.722871870789044 0.8599999999998968 0
2541 0.3764617092752011 0.7600000000000124 0
2542 0.289859168896754 0.490000000000013 0
2543 0.7401923788646688 0.6700000000000034 0
2544 0.09933793211754177 0.6999966363026189 0
2545 0.08201307198848906 0.7100000000000166 0
2546 0.06479760854061628 0.8799910814098182 0
2547 0.7228718707889673 0.3000000000000048 0
2548 0.9480384757729226 0.4299999999999986 0
2549 0.7055513627132762 0.2100000000000057 0
2550 0.5150257738807125 0.8000000000000138 0
2551 0.584307806183454 0.1400000000000101 0
2552 0.6362693304105196 0.1300000000000081 0
2553 0.1686156123669343 0.7600000000000132 0
2554 0.9133974596215458 0.41 0
2555 0.428423233502267 0.9100000000000117 0
2556 0.1859410343907346 0.110008511207839 0
2557 0.7228718707889685 0.3600000000000049 0
2558 0.1339745962155598 0.8600000000000149 0
2559 0.1339745962155607 0.8800000000000145 0
2560 0.3937822173508899 0.8100000000000122 0
2561 0.6189488223348365 0.3800000000000066 0
2562 0.549666790032079 0.2800000000000086 0
2563 0.6190214655152081 0.06032154939106926 0
2564 0.08201307198849117 0.7900000000000174 0
2565 0.8787562142105325 0.8899976345248145 0
2566 0.09933358006417964 0.7800000000000165 0
2567 0.7748333950160281 0.09000000000000385 0
2568 0.3071796769724435 0.5400000000000125 0
2569 0.618950253614981 0.8999975209500968 0
2570 0.1686156123669234 0.2000000000000196 0
2571 0.6713883843193073 0.9492228861982348 0
2572 0.2898591688967547 0.5300000000000127 0
2573 0.4457437415779417 0.1000000000000141 0
2574 0.4977052658050236 0.7700000000000133 0
2575 0.6016283142591541 0.5700000000000079 0
2576 0.8614359353944739 0.1800000000000014 0
2577 0.2552181527453788 0.6500000000000128 0
2578 0.3071796769724427 0.4800000000000129 0
2579 0.7575128869403411 0.1800000000000043 0
2580 0.4630642496536311 0.1500000000000138 0
2581 0.8441154273187937 0.4899999999999999 0
2582 0.6362693304105329 0.8300000000000149 0
2583 0.08195555251354131 0.9296202183135449 0
2584 0.2725386608210656 0.5200000000000127 0
2585 0.2205771365939909 0.2300000000000182 0
2586 0.2032566285183017 0.2200000000000185 0
2587 0.2205771365940016 0.7100000000000126 0
2588 0.7748334658001929 0.8899998773982705 0
2589 0.3071796769724463 0.8200000000000121 0
2590 0.09933358006417503 0.600000000000016 0
2591 0.1858674618631388 0.09013327548909755 0
2592 0.7748333950160401 0.5100000000000022 0
2593 0.5669872981077783 0.8300000000000137 0
2594 0.09933358006416615 0.120000000000022 0
2595 0.6362693304105249 0.350000000000007 0
2596 0.5496667900320767 0.160000000000011 0
2597 0.3245001850481192 0.130000000000014 0
2598 0.2032566285183069 0.3600000000000166 0
2599 0.4803847577293198 0.140000000000013 0
2600 0.7401923788646583 0.3900000000000043 0
2601 0.8094744111674054 0.09000000000000263 0
2602 0.6362693304105238 0.3100000000000072 0
2603 0.1339770555025208 0.8999957403900506 0
2604 0.376461709275201 0.9000000000000121 0
2605 0.3418204039544704 0.1200005008559974 0
2606 0.6362693304105205 0.1500000000000081 0
2607 0.2552181527453766 0.4900000000000132 0
2608 0.2725386608210654 0.500000000000013 0
2609 0.1512951042912445 0.7300000000000142 0
2610 0.2552181527453796 0.8700000000000121 0
2611 0.913397876285054 0.1300007216823771 0
2612 0.8441154273187915 0.4300000000000012 0
2613 0.6016283142591446 0.190000000000009 0
2614 0.9307179676972475 0.7399999999999968 0
2615 0.8960769515458559 0.3600000000000006 0
2616 0.6189488223348356 0.3400000000000067 0
2617 0.1686156123669351 0.7000000000000135 0
2618 0.6709103465618956 0.09000000000000719 0
2619 0.8614359353944923 0.7399999999999984 0
2620 0.705551362713287 0.5500000000000049 0
2621 0.3937822173508897 0.8300000000000122 0
2622 0.7055513627132877 0.5700000000000048 0
2623 0.133974596215555 0.460000000000014 0
2624 0.4805863380961889 0.04162237109526035 0
2625 0.6535898384862222 0.8200000000000129 0
2626 0.2725386608210676 0.6400000000000127 0
2627 0.2205771365940005 0.5700000000000129 0
2628 0.3245001850481313 0.4700000000000126 0
2629 0.7228718707889636 0.1600000000000053 0
2630 0.7575128869403408 0.1600000000000042 0
2631 0.1339745962155465 0.2200000000000211 0
2632 0.8960769515458675 0.6599999999999978 0
2633 0.3591411530046074 0.1300000834760114 0
2634 0.6882308546375899 0.3200000000000059 0
2635 0.2205771365940025 0.8500000000000122 0
2636 0.2032566285183142 0.8600000000000121 0
2637 0.4284232335022527 0.1100000000000148 0
2638 0.7401923788646699 0.6900000000000023 0
2639 0.08201307198848989 0.7500000000000172 0
2640 0.5150646190359325 0.0600672817825092 0
2641 0.566987298107779 0.7300000000000126 0
2642 0.2032566285183092 0.4000000000000143 0
2643 0.08201307198847685 0.1100000000000226 0
2644 0.5496667900320886 0.7000000000000096 0
2645 0.566987298107766 0.1900000000000102 0
2646 0.6362693304105327 0.850000000000015 0
2647 0.5496667900320903 0.7400000000000135 0
2648 0.2378976446696895 0.5800000000000129 0
2649 0.7225593614096905 0.9406419133742582 0
2650 0.7055513627132863 0.5300000000000049 0
2651 0.5323462819564004 0.8700000000000137 0
2652 0.3418246690441962 0.9199900855237746 0
2653 0.5843078061834638 0.5600000000000083 0
2654 0.515016342460631 0.9000058580749651 0
2655 0.2378976446696877 0.4800000000000134 0
2656 0.8441154273187973 0.57 0
2657 0.2027351744979496 0.08078520176111681 0
2658 0.4977052658050192 0.5300000000000096 0
2659 0.09933358006417148 0.2800000000000219 0
2660 0.7228718707889767 0.5800000000000043 0
2661 0.4977052658050188 0.5100000000000097 0
2662 0.965358983848619 0.3599999999999996 0
2663 0.0647328237704678 0.4400512864920968 0
2664 0.8960769515458538 0.2800000000000006 0
2665 0.5323462819563938 0.4100000000000081 0
2666 0.4803847577293193 0.1200000000000129 0
2667 0.7055513627132856 0.5100000000000049 0
2668 0.09933899828673559 0.6399990646282239 0
2669 0.08203252865624794 0.1899883655643187 0
2670 0.6535898384862096 0.1600000000000075 0
2671 0.1166540881398577 0.2300000000000217 0
2672 0.2725386608210673 0.6000000000000126 0
2673 0.4977052658050185 0.4900000000000099 0
2674 0.08202201232837786 0.6099997146018736 0
2675 0.2205771365939918 0.250000000000018 0
2676 0.549666790032089 0.8800000000000138 0
2677 0.5150257738807091 0.6000000000000093 0
2678 0.8614359353944865 0.5799999999999994 0
2679 0.2552341733861749 0.1100277485638714 0
2680 0.4977052658050194 0.5500000000000095 0
2681 0.3418206931238199 0.4600000000000125 0
2682 0.3591412011995085 0.4500000000000123 0
2683 0.5150257738807095 0.6200000000000092 0
2684 0.09933823940524378 0.6599990539310097 0
2685 0.4977052658050199 0.5700000000000094 0
2686 0.2032566285183119 0.5800000000000132 0
2687 0.2378976446696901 0.6000000000000131 0
2688 0.1512953329571792 0.8899996039390061 0
2689 0.4283644765520475 0.06944696719307153 0
2690 0.3245001850481347 0.9500000000000107 0
2691 0.4803847577293261 0.3600000000000105 0
2692 0.5150257738807087 0.5800000000000093 0
2693 0.7055513627132788 0.3100000000000052 0
2694 0.6882404499811783 0.08001661962262818 0
2695 0.8267948143890167 0.8999994522820824 0
2696 0.2552204630239774 0.1300040015199537 0
2697 0.0820130719884925 0.8300000000000172 0
2698 0.7055513627132849 0.4900000000000048 0
2699 0.08204653879499801 0.6699800901284998 0
2700 0.376461701242705 0.1400000139126809 0
2701 0.7575128869403479 0.4200000000000034 0
2702 0.7401923788646589 0.410000000000004 0
2703 0.08201307198848962 0.7300000000000169 0
2704 0.6709103465618989 0.1700000000000065 0
2705 0.5323462819563985 0.6300000000000092 0
2706 0.4284232335022621 0.4300000000000113 0
2707 0.3245001850481288 0.3900000000000138 0
2708 0.4803847577293265 0.3800000000000106 0
2709 0.4111027254265738 0.4400000000000115 0
2710 0.8094744111674061 0.110000000000003 0
2711 0.965358983848621 0.6199999999999962 0
2712 0.9133975945150224 0.1500002336423658 0
2713 0.7575210205553021 0.08001408783437081 0
2714 0.2725386608210675 0.6200000000000128 0
2715 0.7055513627132756 0.1700000000000054 0
2716 0.1859361204426224 0.5900000000000136 0
2717 0.7748333950160372 0.4300000000000028 0
2718 0.4630642496536406 0.4700000000000104 0
2719 0.4457437415779517 0.4600000000000109 0
2720 0.6535898384862181 0.4800000000000063 0
2721 0.4803847577293295 0.4800000000000101 0
2722 0.9133974596215487 0.5099999999999979 0
2723 0.7921539030917263 0.4400000000000024 0
2724 0.06473282377045564 0.1199487135079423 0
2725 0.376461709275197 0.4400000000000122 0
2726 0.6882308546375879 0.2000000000000063 0
2727 0.4457437415779511 0.4400000000000109 0
2728 0.3937822173508849 0.430000000000012 0
2729 0.8441153087021298 0.8899997624650818 0
2730 0.04804321267176614 0.4903615447063385 0
2731 0.3245048236219029 0.9299884331110686 0
2732 0.8783870565570157 0.06987538023546203 0
2733 0.9133974596215473 0.4899999999999984 0
2734 0.2 0.03464101615137671 0
2735 0.5150257738806959 0.04000000000001275 0
2736 0.6362693304105287 0.4700000000000071 0
2737 0.8614359470022894 0.8199999798947021 0
2738 0.8441154273188035 0.7299999999999986 0
2739 0.7575128874003587 0.839999999203259 0
2740 0.7228718707889813 0.6800000000000019 0
2741 0.3764617079364402 0.1600000023187923 0
2742 0.4976983866739499 0.8899996911100929 0
2743 0.13397459621555 0.32000000000002 0
2744 0.6882308546375956 0.4800000000000053 0
2745 0.1512951042912433 0.4500000000000137 0
2746 0.705515092828461 0.07000091194013741 0
2747 0.4457398956077211 0.9199955903520753 0
2748 0.965358983848622 0.6599999999999963 0
2749 0.8094744111674146 0.4300000000000018 0
2750 0.6362693304105222 0.2100000000000074 0
2751 0.9826794919243116 0.629999999999999 0
2752 0.878645450814115 0.0900069674880199 0
2753 0.1166540881398613 0.3300000000000203 0
2754 0.08201307198848218 0.2700000000000229 0
2755 0.9133974596215428 0.3099999999999998 0
2756 0.6882308546375878 0.1800000000000057 0
2757 0.237897644669691 0.8800000000000116 0
2758 0.8267949192431033 0.4400000000000012 0
2759 0.4457437415779463 0.260000000000012 0
2760 0.8441154273187921 0.4500000000000006 0
2761 0.2552193822527273 0.1500021295692358 0
2762 0.09933358006417498 0.5200000000000157 0
2763 0.3071796769724409 0.4000000000000141 0
2764 0.6189488223348342 0.3000000000000071 0
2765 0.3591412011995117 0.8900000000000121 0
2766 0.3418213557772189 0.8999983475873057 0
2767 0.1686156123669305 0.6000000000000139 0
2768 0.1686156610758163 0.8799999156337616 0
2769 0.7748333960426201 0.8299999982219244 0
2770 0.185936120442624 0.6900000000000135 0
2771 0.8960769515458544 0.3000000000000004 0
2772 0.6709103465618997 0.2100000000000063 0
2773 0.3937822173508783 0.2300000000000132 0
2774 0.6016283142591446 0.2900000000000075 0
2775 0.3764617092751963 0.4200000000000128 0
2776 0.7055513627132918 0.6700000000000031 0
2777 0.5843078061834551 0.2000000000000095 0
2778 0.5843078061834559 0.2800000000000081 0
2779 0.5669872981077673 0.2700000000000087 0
2780 0.3591412011994995 0.1900000000000139 0
2781 0.740201868082107 0.07001643580676609 0
2782 0.8614359353944809 0.4600000000000008 0
2783 0.2898591688967527 0.4100000000000143 0
2784 0.5496667900320786 0.2600000000000093 0
2785 0.3591412011995077 0.4100000000000134 0
2786 0.9653599724723847 0.8599982876534162 0
2787 0.1512951042912456 0.6300000000000139 0
2788 0.2205771365940027 0.8700000000000117 0
2789 0.2032566285183144 0.8800000000000113 0
2790 0.3418206931238186 0.4000000000000136 0
2791 0.6882308546376025 0.6600000000000041 0
2792 0.09933358006417675 0.4800000000000146 0
2793 0.8441154319379098 0.8699999181686352 0
2794 0.9307179676972315 0.339999999999999 0
2795 0.8614359353944816 0.4800000000000006 0
2796 0.7225507919686635 0.05936496310492356 0
2797 0.826794919243114 0.7199999999999993 0
2798 0.0646925639127941 0.2800000000000235 0
2799 0.5323462819563894 0.2500000000000101 0
2800 0.5150257738807007 0.2600000000000102 0
2801 0.8960769515458604 0.5199999999999995 0
2802 0.2725386608210639 0.400000000000015 0
2803 0.9133974596215462 0.4699999999999992 0
2804 0.9653589838486236 0.7399999999999981 0
2805 0.4457437415779451 0.2400000000000128 0
2806 0.4803727995794739 0.8999959732891281 0
2807 0.9133974596215435 0.33 0
2808 0.09933358006417559 0.500000000000015 0
2809 0.2725386608210628 0.3800000000000147 0
2810 0.4977052658050127 0.2700000000000105 0
2811 0.2378976446696837 0.3400000000000154 0
2812 0.9826794948911961 0.1700000051388083 0
2813 0.255218152745374 0.3700000000000145 0
2814 0.4630522652631061 0.9099914942987863 0
2815 0.6709103465619133 0.6700000000000039 0
2816 0.3418108232240749 0.08002909586234064 0
2817 0.9480384757729228 0.3499999999999995 0
2818 0.04804396997274063 0.1296324468067767 0
2819 0.9653589838486227 0.6799999999999968 0
2820 0.4803847577293238 0.2600000000000116 0
2821 0.7748334204918415 0.8699999558746352 0
2822 0.255218152745373 0.3500000000000152 0
2823 0.4456791681285966 0.9398922689787889 0
2824 0.8614359353944826 0.5000000000000003 0
2825 0.7575128917205591 0.8599999917204544 0
2826 0.9653589838486232 0.7599999999999976 0
2827 0.3244973325306074 0.07003487576487932 0
2828 0.4630642496536352 0.2700000000000113 0
2829 0.3591402094644149 0.1100017177355611 0
2830 0.1859361859191852 0.8899998865912849 0
2831 0.9653590135805959 0.1600000514973112 0
2832 0.4111027254265671 0.2400000000000128 0
2833 0.4284232335022558 0.2300000000000134 0
2834 0.3937822173508785 0.2100000000000141 0
2835 0.6189488223348434 0.7400000000000121 0
2836 0.2205771365939952 0.3500000000000162 0
2837 0.9653589838486234 0.7799999999999975 0
2838 0.9828314335491604 0.09063679427632465 0
2839 0.7401923788687531 0.8099999999929304 0
2840 0.8094744111674257 0.7299999999999993 0
2841 0.8787564434701716 0.5099999999999998 0
2842 0.4439937167061507 0.9628941622798114 0
2843 0.3764617092751888 0.2000000000000142 0
2844 0.9826794919243125 0.6899999999999989 0
2845 0.0473720558371073 0.290000000000024 0
2846 0.2032566285183082 0.3800000000000155 0
2847 0.1859367218592431 0.9099989583158736 0
2848 0.9307179676972344 0.459999999999998 0
2849 0.9653589838486233 0.7999999999999965 0
2850 0.1859361204426194 0.3700000000000162 0
2851 0.9653589838486242 0.7199999999999979 0
2852 0.9480384757729228 0.4499999999999971 0
2853 0.133974596215553 0.3800000000000169 0
2854 0.9653589838486245 0.819999999999998 0
2855 0.1686156123669292 0.3600000000000169 0
2856 0.9653589838486122 0.3000000000000007 0
2857 0.7921539030925573 0.7399999999985769 0
2858 0.9653591293746389 0.8399997479415502 0
2859 0.1684623300356715 0.9596860247995802 0
2860 0.1512951042912399 0.350000000000018 0
2861 0.6709103465619228 0.8099999999999902 0
2862 0.116654088139865 0.3900000000000175 0
2863 0.9653589838486151 0.4399999999999974 0
2864 0.6535898384862233 0.6800000000000032 0
2865 0.6535898384862258 0.7800000000000029 0
2866 0.1859367538241722 0.9299989029509883 0
2867 0.7748333950192338 0.7499999999944799 0
2868 0.08201307198848851 0.4100000000000185 0
2869 0.9826794919243069 0.4499999999999981 0
2870 0.09933358006417625 0.400000000000018 0
2871 0.9826794919243085 0.5099999999999971 0
2872 0.06473953374674524 0.4199572612566183 0
2873 0.168596402623458 0.9399366942540361 0
2874 0.04760184218271135 0.4300007268493953 0
2875 0.7744418124087262 0.9498840085041164 0
2876 0.2547689414380915 0.949786554895007 0
2877 0.7563875827097216 0.9597058250558561 0
2878 0.6496722754409185 0.01470033172426594 0
2879 0.23658750188785 0.9595468552656158 0
2880 0.4972806864664637 0.9490944263337684 0
2881 0.9659232505891009 0.9609077772175596 0
2882 0.9676113772179551 0.9821814163725018 0
2883 0.1168543758228137 0.9489170011659103 0
2884 0.9128028131499899 0.0714155771747394 0
2885 0.4489443324964981 0.01910274885606011 0
2886 0.4516006267934499 0.9833493298982086 0
2887 0.9484026687194459 0.9298675381556523 0
2888 0.9694173703587512 0.01643489341757542 0
2889 0.03078971994344931 0.9828275817812018 0
2890 0.03075956536005331 0.01717634995671369 0
2891 0.0829926304044783 0.9487650698822143 0
2892 0.0901984568091323 0.9845758435128206 0
2893 0.01606206288530965 0.8898874546423838 0
2894 0.01606301530908433 0.3898888792671655 0
2895 0.01606588558410993 0.6698851923909969 0
2896 0.03132142617793843 0.4404238106428404 0
2897 0.03172583080919628 0.5603262390746359 0
2898 0.0160630153090815 0.0898888792671656 0
2899 0.01580804484297271 0.1497863062830046 0
2900 0.03176098451721743 0.5003301392048182 0
2901 0.03181863469113461 0.9197397007009158 0
2902 0.01580804484297088 0.4702136937170071 0
2903 0.01581222723277254 0.5302160559999193 0
2904 0.03183567429509027 0.699736013824749 0
2905 0.01606206288530265 0.5901125453576267 0
2906 0.03143697443912585 0.4199083490237909 0
2907 0.03183201163383748 0.1797411253257019 0
2908 0.03175097566894669 0.1196737609253907 0
2909 0.895706451343803 0.06010594952089687 0
2910 0.03184970415384969 0.9604526044768862 0
2911 0.03199947828071192 0.9399188862765026 0
2912 0.03234628195639594 0.8599999999999997 0
2913 0.032346281956395 0.8400000000000001 0
2914 0.03234628195640105 0.8000000000000094 0
2915 0.03234628195640021 0.8200000000000078 0
2916 0.03234628195639988 0.7800000000000078 0
2917 0.03234628195639588 0.7600000000000022 0
2918 0.03234628195639344 0.7399999999999992 0
2919 0.03211471039403113 0.7198649675346598 0
2920 0.03234628195639272 0.6200000000000001 0
2921 0.03234628195639244 0.6399999999999999 0
2922 0.03234628195640632 0.3600000000000239 0
2923 0.03234628195639 0.3199999999999996 0
2924 0.03234628195640571 0.3400000000000239 0
2925 0.03234628195638983 0.2999999999999992 0
2926 0.03234628195639749 0.2800000000000127 0
2927 0.03237894937887198 0.2199906914658342 0
2928 0.032346281956395 0.2600000000000108 0
2929 0.03220122485474042 0.1998497843438632 0
2930 0.03234628195638689 0.2400000000000005 0
2931 0.03234628195640077 0.0600000000000252 0
2932 0.03183086014527969 0.03954100949451078 0
2933 0.01598575429029958 0.9097886806576352 0
2934 0.01576079264961011 0.4098550839823215 0
2935 0.01599305403956003 0.6897854268849893 0
2936 0.03235185869556845 0.6000000000000195 0
2937 0.03180731604091314 0.4803645899883679 0
2938 0.03181206157638028 0.5403779071888117 0
2939 0.01588170069979211 0.1097134129817605 0
2940 0.01594659986413455 0.1697734846599837 0
2941 0.03235185869558349 0.8800000000000195 0
2942 0.01550508456071809 0.4501552653282035 0
2943 0.01584575321825454 0.5103070885340389 0
2944 0.03235185869557944 0.6600000000000185 0
2945 0.01587639872876012 0.5702882490804962 0
2946 0.03235185869558038 0.3800000000000253 0
2947 0.03180577411636309 0.1396350586188665 0
2948 0.03235185869557566 0.08000000000002705 0
2949 0.8796547104957595 0.03159216516223945 0
2950 0.8800100204690422 0.9672786580604356 0
2951 0.3595125641667418 0.03228436952378783 0
2952 0.3599727662917104 0.9676207555384796 0
2953 0.2202268098476123 0.9674475155725044 0
2954 0.7400075729833592 0.03153066663320425 0
2955 0.7399999999999997 0.9678691912577632 0
2956 0.6030680672967534 0.03197080778578043 0
2957 0.6002867354948678 0.9671588171666159 0
2958 0.1096635737701336 0.9846719855810729 0
2959 0.08068278619714053 0.03266654268800318 0
2960 0.4161494203123972 0.03960641770895623 0
2961 0.4966082084705854 0.03204639378494234 0
2962 0.496297192131386 0.9672103787018922 0
2963 0.1181549504669482 0.03250234367568117 0
2964 0.09990459015140318 0.9574205341622311 0
2965 0.6417162779711161 0.9682806813463141 0
2966 0.47 0.01413507721445939 0
2967 0.47 0.9858649227855552 0
2968 0.9424213050048739 0.06767175868208747 0
2969 0.8420231111067666 0.03294467285225816 0
2970 0.8420294607400438 0.9670433265548583 0
2971 0.63 0.01398840839660831 0
2972 0.3223361842779487 0.03285573064661224 0
2973 0.3222150303340585 0.9671669081398266 0
2974 0.25 0.9860722059932036 0
2975 0.256996249966941 0.0329068002612139 0
2976 0.7773426756820203 0.03298996408014321 0
2977 0.7699999999999999 0.9862587754415149 0
2978 0.1834545340480243 0.9671492134258814 0
2979 0.3919156307777292 0.05323302278143011 0
2980 0.39 0.9864282471985175 0
2981 0.7033383166555609 0.0327136381316494 0
2982 0.7030806662793467 0.9672394585524898 0
2983 0.05000000000000004 0.0134484348420697 0
2984 0.04932297827963283 0.9868237532481985 0
2985 0.5306529822052356 0.01313952967973087 0
2986 0.9866025403784442 0.05000000000000004 0
2987 0.15 0.9866387117479198 0
2988 0.8099999999999998 0.01333793739368416 0
2989 0.8099999999999999 0.9866620626063261 0
2990 0.29 0.01333366389000218 0
2991 0.2899999999999999 0.986666336110013 0
2992 0.1835047598139729 0.03261754212933526 0
2993 0.4253524601893414 0.9668204238770303 0
2994 0.1546894416551089 0.03327153547178141 0
2995 0.6729829407782633 0.03358983848622982 0
2996 0.6729829407782836 0.9664101615137821 0
2997 0.5687662382084336 0.9864946548274467 0
2998 0.9675967226780989 0.08368980790063191 0
2999 0.9112770346937709 0.9862849565279349 0
3000 0.5700000000000001 0.01288373575034907 0
3001 0.5302918250525467 0.9871669742760436 0
3002 0.430874287398132 0.03195898309269057 0
3003 0.2403153018697819 0.0641875051058885 0
3004 0.95 0.9876259912758745 0
3005 0.2010041814575314 0.06446937318692902 0
3006 0.09993010160201715 0.9726746011004807 0
3007 0.9853589838486227 0.9853589838486227 0
3008 0.9853589838486227 0.0146410161513772 0
3009 0.01453918529110093 0.01453918529110093 0
3010 0.01453918529110043 0.9854608147088996 0
3011 0.621692334137338 0.02581222241086706 0
3012 0.4793593201100732 0.02628771278493069 0
3013 0.4789715290507295 0.9737537412499905 0
3014 0.9270642526939388 0.06572444609710676 0
3015 0.6588076549156459 0.9723519979792609 0
3016 0.657130148251594 0.02739906284752908 0
$EndNodes
$Elements
6030
1 1 2 13 1 1 5
2 1 2 13 1 5 6
3 1 2 13 1 6 7
4 1 2 13 1 7 8
5 1 2 13 1 8 9
6 1 2 13 1 9 10
7 1 2 13 1 10 11
8 1 2 13 1 11 12
9 1 2 13 1 12 13
10 1 2 13 1 13 14
11 1 2 13 1 14 15
12 1 2 13 1 15 16
13 1 2 13 1 16 17
14 1 2 13 1 17 18
15 1 2 13 1 18 19
16 1 2 13 1 19 20
17 1 2 13 1 20 21
18 1 2 13 1 21 22
19 1 2 13 1 22 23
20 1 2 13 1 23 24
21 1 2 13 1 24 25
22 1 2 13 1 25 26
23 1 2 13 1 26 27
24 1 2 13 1 27 28
25 1 2 13 1 28 29
26 1 2 13 1 29 30
27 1 2 13 1 30 31
28 1 2 13 1 31 32
29 1 2 13 1 32 33
30 1 2 13 1 33 34
31 1 2 13 1 34 35
32 1 2 13 1 35 36
33 1 2 13 1 36 37
34 1 2 13 1 37 38
35 1 2 13 1 38 39
36 1 2 13 1 39 40
37 1 2 13 1 40 41
38 1 2 13 1 41 42
39 1 2 13 1 42 43
40 1 2 13 1 43 44
41 1 2 13 1 44 45
42 1 2 13 1 45 46
43 1 2 13 1 46 47
44 1 2 13 1 47 48
45 1 2 13 1 48 49
46 1 2 13 1 49 50
47 1 2 13 1 50 51
48 1 2 13 1 51 52
49 1 2 13 1 52 53
50 1 2 13 1 53 2
51 1 2 12 2 2 54
52 1 2 12 2 54 55
53 1 2 12 2 55 56
54 1 2 12 2 56 57
55 1 2 12 2 57 58
56 1 2 12 2 58 59
57 1 2 12 2 59 60
58 1 2 12 2 60 61
59 1 2 12 2 61 62
60 1 2 12 2 62 63
61 1 2 12 2 63 64
62 1 2 12 2 64 65
63 1 2 12 2 65 66
64 1 2 12 2 66 67
65 1 2 12 2 67 68
66 1 2 12 2 68 69
67 1 2 12 2 69 70
68 1 2 12 2 70 71
69 1 2 12 2 71 72
70 1 2 12 2 72 73
71 1 2 12 2 73 74
72 1 2 12 2 74 75
73 1 2 12 2 75 76
74 1 2 12 2 76 77
75 1 2 12 2 77 78
76 1 2 12 2 78 79
77 1 2 12 2 79 80
78 1 2 12 2 80 81
79 1 2 12 2 81 82
80 1 2 12 2 82 83
81 1 2 12 2 83 84
82 1 2 12 2 84 85
83 1 2 12 2 85 86
84 1 2 12 2 86 87
85 1 2 12 2 87 88
86 1 2 12 2 88 89
87 1 2 12 2 89 90
88 1 2 12 2 90 91
89 1 2 12 2 91 92
90 1 2 12 2 92 93
91 1 2 12 2 93 94
92 1 2 12 2 94 95
93 1 2 12 2 95 96
94 1 2 12 2 96 97
95 1 2 12 2 97 98
96 1 2 12 2 98 99
97 1 2 12 2 99 100
98 1 2 12 2 100 101
99 1 2 12 2 101 102
100 1 2 12 2 102 3
101 1 2 14 3 3 103
102 1 2 14 3 103 104
103 1 2 14 3 104 105
104 1 2 14 3 105 106
105 1 2 14 3 106 107
106 1 2 14 3 107 108
107 1 2 14 3 108 109
108 1 2 14 3 109 110
109 1 2 14 3 110 111
110 1 2 14 3 111 112
111 1 2 14 3 112 113
112 1 2 14 3 113 114
113 1 2 14 3 114 115
114 1 2 14 3 115 116
115 1 2 14 3 116 117
116 1 2 14 3 117 118
117 1 2 14 3 118 119
118 1 2 14 3 119 120
119 1 2 14 3 120 121
120 1 2 14 3 121 122
121 1 2 14 3 122 123
122 1 2 14 3 123 124
123 1 2 14 3 124 125
124 1 2 14 3 125 126
125 1 2 14 3 126 127
126 1 2 14 3 127 128
127 1 2 14 3 128 129
128 1 2 14 3 129 130
129 1 2 14 3 130 131
130 1 2 14 3 131 132
131 1 2 14 3 132 133
132 1 2 14 3 133 134
133 1 2 14 3 134 135
134 1 2 14 3 135 136
135 1 2 14 3 136 137
136 1 2 14 3 137 138
137 1 2 14 3 138 139
138 1 2 14 3 139 140
139 1 2 14 3 140 141
140 1 2 14 3 141 142
141 1 2 14 3 142 143
142 1 2 14 3 143 144
143 1 2 14 3 144 145
144 1 2 14 3 145 146
145 1 2 14 3 146 147
146 1 2 14 3 147 148
147 1 2 14 3 148 149
148 1 2 14 3 149 150
149 1 2 14 3 150 151
150 1 2 14 3 151 4
151 1 2 11 4 4 152
152 1 2 11 4 152 153
153 1 2 11 4 153 154
154 1 2 11 4 154 155
155 1 2 11 4 155 156
156 1 2 11 4 156 157
157 1 2 11 4 157 158
158 1 2 11 4 158 159
159 1 2 11 4 159 160
160 1 2 11 4 160 161
161 1 2 11 4 161 162
162 1 2 11 4 162 163
163 1 2 11 4 163 164
164 1 2 11 4 164 165
165 1 2 11 4 165 166
166 1 2 11 4 166 167
167 1 2 11 4 167 168
168 1 2 11 4 168 169
169 1 2 11 4 169 170
170 1 2 11 4 170 171
171 1 2 11 4 171 172
172 1 2 11 4 172 173
173 1 2 11 4 173 174
174 1 2 11 4 174 175
175 1 2 11 4 175 176
176 1 2 11 4 176 177
177 1 2 11 4 177 178
178 1 2 11 4 178 179
179 1 2 11 4 179 180
180 1 2 11 4 180 181
181 1 2 11 4 181 182
182 1 2 11 4 182 183
183 1 2 11 4 183 184
184 1 2 11 4 184 185
185 1 2 11 4 185 186
186 1 2 11 4 186 187
187 1 2 11 4 187 188
188 1 2 11 4 188 189
189 1 2 11 4 189 190
190 1 2 11 4 190 191
191 1 2 11 4 191 192
192 1 2 11 4 192 193
193 1 2 11 4 193 194
194 1 2 11 4 194 195
195 1 2 11 4 195 196
196 1 2 11 4 196 197
197 1 2 11 4 197 198
198 1 2 11 4 198 199
199 1 2 11 4 199 200
200 1 2 11 4 200 1
201 2 2 1 1 273 2879 1789
202 2 2 1 1 2016 2140 261
203 2 2 1 1 229 1804 108
204 2 2 1 1 2842 2886 240
205 2 2 1 1 272 2877 1922
206 2 2 1 1 261 2994 2016
207 2 2 1 1 2201 2909 1784
208 2 2 1 1 122 1913 205
209 2 2 1 1 1782 2038 210
210 2 2 1 1 240 2993 2842
211 2 2 1 1 1786 2796 2160
212 2 2 1 1 2317 2649 1992
213 2 2 1 1 1789 2974 273
214 2 2 1 1 209 2287 1781
215 2 2 1 1 1774 2204 226
216 2 2 1 1 2287 2288 1781
217 2 2 1 1 256 2171 1785
218 2 2 1 1 2141 2261 1601
219 2 2 1 1 1776 2371 269
220 2 2 1 1 1800 2207 1756
221 2 2 1 1 1922 2977 272
222 2 2 1 1 1783 2290 231
223 2 2 1 1 229 2315 2300
224 2 2 1 1 1779 2142 205
225 2 2 1 1 1961 2346 233
226 2 2 1 1 1962 1964 271
227 2 2 1 1 246 1792 1791
228 2 2 1 1 2038 2980 210
229 2 2 1 1 1798 2735 2331
230 2 2 1 1 274 2032 2031
231 2 2 1 1 201 1911 127
232 2 2 1 1 2288 2960 1372
233 2 2 1 1 1794 1795 234
234 2 2 1 1 226 2978 1774
235 2 2 1 1 1784 2949 2201
236 2 2 1 1 229 2950 1804
237 2 2 1 1 2007 2219 2218
238 2 2 1 1 2160 2796 1766
239 2 2 1 1 1761 2649 2317
240 2 2 1 1 2030 2909 2201
241 2 2 1 1 108 1804 107
242 2 2 1 1 1934 1935 258
243 2 2 1 1 270 1920 1919
244 2 2 1 1 123 1913 122
245 2 2 1 1 1372 2979 2288
246 2 2 1 1 1964 2983 271
247 2 2 1 1 246 2984 1792
248 2 2 1 1 2171 2976 1785
249 2 2 1 1 1913 2957 205
250 2 2 1 1 136 1799 269
251 2 2 1 1 264 2011 2010
252 2 2 1 1 25 2289 24
253 2 2 1 1 1800 3000 2207
254 2 2 1 1 2331 2985 1798
255 2 2 1 1 217 2010 2009
256 2 2 1 1 219 1788 1787
257 2 2 1 1 1601 2972 2141
258 2 2 1 1 269 2973 1776
259 2 2 1 1 1935 2260 222
260 2 2 1 1 224 1921 1920
261 2 2 1 1 2160 2954 1786
262 2 2 1 1 1992 2955 2317
263 2 2 1 1 1783 2969 2290
264 2 2 1 1 2315 2970 2300
265 2 2 1 1 274 2986 2032
266 2 2 1 1 1772 3002 2885
267 2 2 1 1 1779 2965 2142
268 2 2 1 1 2007 3003 2219
269 2 2 1 1 1763 2734 2220
270 2 2 1 1 1964 2932 2890
271 2 2 1 1 2889 2910 1792
272 2 2 1 1 1795 2859 2263
273 2 2 1 1 233 2963 1961
274 2 2 1 1 137 1799 136
275 2 2 1 1 2508 2968 2033
276 2 2 1 1 2449 2881 1509
277 2 2 1 1 127 1911 126
278 2 2 1 1 1791 1793 246
279 2 2 1 1 251 2033 2032
280 2 2 1 1 234 1796 1794
281 2 2 1 1 201 2962 1911
282 2 2 1 1 1795 2987 234
283 2 2 1 1 1797 1798 242
284 2 2 1 1 2896 2906 2874
285 2 2 1 1 1961 2959 2346
286 2 2 1 1 219 1789 1788
287 2 2 1 1 224 1922 1921
288 2 2 1 1 1765 2995 2170
289 2 2 1 1 2377 2996 1762
290 2 2 1 1 205 2957 1779
291 2 2 1 1 273 2953 2879
292 2 2 1 1 1802 1803 249
293 2 2 1 1 243 1908 1906
294 2 2 1 1 24 2289 2287
295 2 2 1 1 239 2289 25
296 2 2 1 1 231 2949 1783
297 2 2 1 1 2300 2950 229
298 2 2 1 1 1906 1907 243
299 2 2 1 1 1771 2994 2313
300 2 2 1 1 242 1800 1797
301 2 2 1 1 239 3002 2289
302 2 2 1 1 1621 2446 1806
303 2 2 1 1 1801 1802 249
304 2 2 1 1 1760 2993 2332
305 2 2 1 1 2261 2951 1601
306 2 2 1 1 1776 2952 2371
307 2 2 1 1 272 2955 2877
308 2 2 1 1 2289 3002 2960
309 2 2 1 1 1908 1911 1910
310 2 2 1 1 1760 2332 2038
311 2 2 1 1 1935 2988 258
312 2 2 1 1 270 2989 1920
313 2 2 1 1 1772 2885 1773
314 2 2 1 1 1778 2886 2842
315 2 2 1 1 2885 3002 239
316 2 2 1 1 2220 3005 1763
317 2 2 1 1 2890 2932 275
318 2 2 1 1 277 2910 2889
319 2 2 1 1 1137 2909 2884
320 2 2 1 1 1805 2887 1509
321 2 2 1 1 1382 1909 1210
322 2 2 1 1 2033 2998 2508
323 2 2 1 1 1509 2881 1805
324 2 2 1 1 2031 2888 274
325 2 2 1 1 1785 2954 256
326 2 2 1 1 2010 2990 264
327 2 2 1 1 1908 1910 1909
328 2 2 1 1 2287 2289 2288
329 2 2 1 1 217 2990 2010
330 2 2 1 1 1787 2991 219
331 2 2 1 1 1806 2887 1805
332 2 2 1 1 2192 3016 2191
333 2 2 1 1 2878 3016 2192
334 2 2 1 1 1806 2446 1143
335 2 2 1 1 238 2906 2896
336 2 2 1 1 1774 2953 2204
337 2 2 1 1 2170 2995 265
338 2 2 1 1 2378 2996 2377
339 2 2 1 1 1621 1806 1802
340 2 2 1 1 2859 2978 2263
341 2 2 1 1 1920 2989 224
342 2 2 1 1 222 2988 1935
343 2 2 1 1 1781 2951 209
344 2 2 1 1 210 2952 1782
345 2 2 1 1 276 2881 2449
346 2 2 1 1 1906 1909 1382
347 2 2 1 1 1210 1909 1358
348 2 2 1 1 1799 2973 269
349 2 2 1 1 1800 2511 1797
350 2 2 1 1 1756 2511 1800
351 2 2 1 1 2313 2994 261
352 2 2 1 1 2260 2976 222
353 2 2 1 1 2881 2882 1803
354 2 2 1 1 1151 2968 2508
355 2 2 1 1 2891 2964 1793
356 2 2 1 1 264 2972 2011
357 2 2 1 1 2207 2956 1756
358 2 2 1 1 1372 2960 1867
359 2 2 1 1 2009 2975 217
360 2 2 1 1 258 2969 1934
361 2 2 1 1 1919 2970 270
362 2 2 1 1 271 2959 1962
363 2 2 1 1 2735 2961 2331
364 2 2 1 1 2332 2993 240
365 2 2 1 1 104 2882 103
366 2 2 1 1 2016 2963 2140
367 2 2 1 1 1334 2220 2219
368 2 2 1 1 2170 2981 1765
369 2 2 1 1 1762 2982 2377
370 2 2 1 1 2884 2909 2030
371 2 2 1 1 2313 2992 1771
372 2 2 1 1 251 2998 2033
373 2 2 1 1 2263 2987 1795
374 2 2 1 1 1802 1805 1803
375 2 2 1 1 1908 1909 1906
376 2 2 1 1 1922 2875 1921
377 2 2 1 1 1924 2929 2907
378 2 2 1 1 1639 2919 2904
379 2 2 1 1 1623 2911 2901
380 2 2 1 1 172 2945 2905
381 2 2 1 1 2818 2947 2908
382 2 2 1 1 175 2943 2903
383 2 2 1 1 178 2942 2902
384 2 2 1 1 2900 2937 2730
385 2 2 1 1 2898 2939 196
386 2 2 1 1 2899 2940 193
387 2 2 1 1 2895 2935 167
388 2 2 1 1 2894 2934 181
389 2 2 1 1 2897 2938 1648
390 2 2 1 1 2893 2933 156
391 2 2 1 1 1789 2876 1788
392 2 2 1 1 2890 2983 1964
393 2 2 1 1 1792 2984 2889
394 2 2 1 1 1911 2962 1910
395 2 2 1 1 1357 2964 2891
396 2 2 1 1 2032 2986 251
397 2 2 1 1 1802 1806 1805
398 2 2 1 1 1796 2883 1794
399 2 2 1 1 1909 1910 1358
400 2 2 1 1 61 1810 60
401 2 2 1 1 236 1809 1807
402 2 2 1 1 218 1900 1873
403 2 2 1 1 262 2856 2314
404 2 2 1 1 1807 1815 236
405 2 2 1 1 227 1812 1811
406 2 2 1 1 61 2812 1810
407 2 2 1 1 62 2812 61
408 2 2 1 1 70 1932 69
409 2 2 1 1 227 2150 1812
410 2 2 1 1 2110 2817 2662
411 2 2 1 1 2739 2769 1822
412 2 2 1 1 1812 2150 1869
413 2 2 1 1 1952 2565 2301
414 2 2 1 1 729 2565 1952
415 2 2 1 1 2863 2869 1814
416 2 2 1 1 203 1839 77
417 2 2 1 1 1816 2856 262
418 2 2 1 1 1869 2150 254
419 2 2 1 1 60 1810 236
420 2 2 1 1 59 1815 58
421 2 2 1 1 1808 2838 1815
422 2 2 1 1 1818 1820 642
423 2 2 1 1 297 1821 299
424 2 2 1 1 1813 1839 203
425 2 2 1 1 77 1839 76
426 2 2 1 1 1826 2505 1651
427 2 2 1 1 2314 2856 1900
428 2 2 1 1 2695 2729 1951
429 2 2 1 1 211 2505 1826
430 2 2 1 1 237 2869 2863
431 2 2 1 1 582 2769 2739
432 2 2 1 1 236 1810 1809
433 2 2 1 1 254 1871 1869
434 2 2 1 1 1652 2839 1830
435 2 2 1 1 1823 2301 960
436 2 2 1 1 2301 2565 960
437 2 2 1 1 74 1955 73
438 2 2 1 1 218 2314 1900
439 2 2 1 1 1681 2865 1683
440 2 2 1 1 582 2739 1830
441 2 2 1 1 236 1815 59
442 2 2 1 1 244 2106 80
443 2 2 1 1 283 2445 285
444 2 2 1 1 304 2095 302
445 2 2 1 1 203 1972 1813
446 2 2 1 1 642 1840 1818
447 2 2 1 1 1972 2871 1653
448 2 2 1 1 293 1840 295
449 2 2 1 1 305 1835 307
450 2 2 1 1 237 2863 1824
451 2 2 1 1 2625 2861 1266
452 2 2 1 1 1830 2839 582
453 2 2 1 1 920 1828 1827
454 2 2 1 1 1827 2494 920
455 2 2 1 1 1319 1899 1320
456 2 2 1 1 307 1835 509
457 2 2 1 1 1822 2769 1821
458 2 2 1 1 318 2451 316
459 2 2 1 1 2105 2106 244
460 2 2 1 1 509 1835 1825
461 2 2 1 1 1825 1836 509
462 2 2 1 1 69 1932 262
463 2 2 1 1 1932 2262 1817
464 2 2 1 1 262 1932 1816
465 2 2 1 1 70 2262 1932
466 2 2 1 1 254 2206 1871
467 2 2 1 1 642 1821 297
468 2 2 1 1 1820 1821 642
469 2 2 1 1 295 1840 642
470 2 2 1 1 1811 2812 227
471 2 2 1 1 1872 1899 1319
472 2 2 1 1 2262 2662 1817
473 2 2 1 1 1808 1815 1807
474 2 2 1 1 1840 2793 1819
475 2 2 1 1 2662 2817 1817
476 2 2 1 1 227 2812 62
477 2 2 1 1 1829 2112 465
478 2 2 1 1 294 2737 292
479 2 2 1 1 1849 2450 1851
480 2 2 1 1 1824 1955 237
481 2 2 1 1 1873 1900 1899
482 2 2 1 1 372 2450 1849
483 2 2 1 1 639 1882 1837
484 2 2 1 1 1265 1976 1466
485 2 2 1 1 321 1882 639
486 2 2 1 1 237 1955 74
487 2 2 1 1 1319 2228 1872
488 2 2 1 1 1414 1968 1413
489 2 2 1 1 1399 1943 1559
490 2 2 1 1 296 1896 294
491 2 2 1 1 1819 2793 2729
492 2 2 1 1 317 2835 319
493 2 2 1 1 960 2445 1823
494 2 2 1 1 2110 2662 1826
495 2 2 1 1 372 1849 1847
496 2 2 1 1 465 2235 1829
497 2 2 1 1 1952 2729 729
498 2 2 1 1 840 2787 838
499 2 2 1 1 1406 2767 2716
500 2 2 1 1 80 2106 79
501 2 2 1 1 1320 1899 1391
502 2 2 1 1 1943 2494 1827
503 2 2 1 1 1651 2505 1955
504 2 2 1 1 203 2871 1972
505 2 2 1 1 1143 2445 283
506 2 2 1 1 820 1968 1832
507 2 2 1 1 1896 2737 294
508 2 2 1 1 1819 2729 2695
509 2 2 1 1 412 2095 304
510 2 2 1 1 1968 2488 1413
511 2 2 1 1 391 1854 410
512 2 2 1 1 1873 2206 218
513 2 2 1 1 1955 2505 73
514 2 2 1 1 1951 2729 1952
515 2 2 1 1 1845 2372 1847
516 2 2 1 1 1847 2372 372
517 2 2 1 1 1683 2865 2189
518 2 2 1 1 302 2095 920
519 2 2 1 1 66 2206 65
520 2 2 1 1 1119 2372 1845
521 2 2 1 1 846 2534 1856
522 2 2 1 1 1872 2228 1870
523 2 2 1 1 1826 2662 211
524 2 2 1 1 1957 2851 1662
525 2 2 1 1 1413 2488 1995
526 2 2 1 1 286 2309 284
527 2 2 1 1 1119 1845 1841
528 2 2 1 1 1821 2769 299
529 2 2 1 1 1722 1862 1342
530 2 2 1 1 928 2277 1981
531 2 2 1 1 851 1853 1852
532 2 2 1 1 1833 1896 520
533 2 2 1 1 285 2445 960
534 2 2 1 1 1981 2277 2234
535 2 2 1 1 920 2095 1828
536 2 2 1 1 1650 1864 1863
537 2 2 1 1 1852 2041 851
538 2 2 1 1 1578 1876 1402
539 2 2 1 1 316 2451 2450
540 2 2 1 1 412 2079 1892
541 2 2 1 1 319 1882 321
542 2 2 1 1 1814 2869 1839
543 2 2 1 1 1832 1968 1414
544 2 2 1 1 1855 2644 2386
545 2 2 1 1 838 1865 835
546 2 2 1 1 520 1896 296
547 2 2 1 1 1841 2079 1119
548 2 2 1 1 1431 2309 1844
549 2 2 1 1 1870 2228 1257
550 2 2 1 1 1892 2079 1841
551 2 2 1 1 457 2041 1861
552 2 2 1 1 521 1858 1857
553 2 2 1 1 595 2451 318
554 2 2 1 1 520 1943 1833
555 2 2 1 1 1843 1866 837
556 2 2 1 1 838 2787 1865
557 2 2 1 1 1861 2041 1852
558 2 2 1 1 835 1865 837
559 2 2 1 1 333 2276 331
560 2 2 1 1 2104 2105 244
561 2 2 1 1 1578 1877 1876
562 2 2 1 1 244 2354 2104
563 2 2 1 1 2104 2354 2102
564 2 2 1 1 1280 2829 2539
565 2 2 1 1 837 1865 1843
566 2 2 1 1 1950 2337 1440
567 2 2 1 1 1602 2267 2011
568 2 2 1 1 1854 2644 1855
569 2 2 1 1 1466 1976 1825
570 2 2 1 1 1815 2838 58
571 2 2 1 1 1611 1928 1364
572 2 2 1 1 1833 1943 1399
573 2 2 1 1 1658 2522 1856
574 2 2 1 1 1871 2206 1873
575 2 2 1 1 1861 2532 457
576 2 2 1 1 1832 2309 820
577 2 2 1 1 1650 1863 1862
578 2 2 1 1 1874 1878 1390
579 2 2 1 1 1266 2861 1976
580 2 2 1 1 2354 2535 2102
581 2 2 1 1 1835 2839 1652
582 2 2 1 1 309 2188 311
583 2 2 1 1 1390 1878 1155
584 2 2 1 1 293 2793 1840
585 2 2 1 1 319 2835 1882
586 2 2 1 1 337 1860 335
587 2 2 1 1 2004 2609 2003
588 2 2 1 1 1559 1943 1827
589 2 2 1 1 1868 1870 1257
590 2 2 1 1 410 1854 851
591 2 2 1 1 2061 2617 1038
592 2 2 1 1 263 2819 2748
593 2 2 1 1 1143 2446 2445
594 2 2 1 1 1722 2040 1862
595 2 2 1 1 1153 1950 1842
596 2 2 1 1 1266 1976 1265
597 2 2 1 1 2003 2609 1038
598 2 2 1 1 1038 2617 2003
599 2 2 1 1 1842 1876 1153
600 2 2 1 1 851 1854 1853
601 2 2 1 1 1556 2233 1950
602 2 2 1 1 1683 2861 2625
603 2 2 1 1 2102 2535 2103
604 2 2 1 1 457 2532 2202
605 2 2 1 1 1402 1876 1842
606 2 2 1 1 1653 2105 1394
607 2 2 1 1 343 2035 341
608 2 2 1 1 595 2338 1980
609 2 2 1 1 1809 2831 1874
610 2 2 1 1 1995 2488 1947
611 2 2 1 1 521 1860 1858
612 2 2 1 1 65 2206 254
613 2 2 1 1 2036 2184 1415
614 2 2 1 1 1818 1840 1819
615 2 2 1 1 1667 2689 1867
616 2 2 1 1 1837 2641 639
617 2 2 1 1 2202 2532 1659
618 2 2 1 1 1862 1863 1342
619 2 2 1 1 2853 2862 1587
620 2 2 1 1 292 2737 654
621 2 2 1 1 1926 2118 1411
622 2 2 1 1 1981 2338 928
623 2 2 1 1 218 2206 66
624 2 2 1 1 1061 1933 1894
625 2 2 1 1 1274 2093 1403
626 2 2 1 1 1867 2689 1372
627 2 2 1 1 1915 1973 456
628 2 2 1 1 820 2309 286
629 2 2 1 1 573 2645 534
630 2 2 1 1 1859 2277 1461
631 2 2 1 1 2780 2843 1971
632 2 2 1 1 1280 2700 2633
633 2 2 1 1 2386 2641 1855
634 2 2 1 1 1282 2609 2004
635 2 2 1 1 2203 2767 1406
636 2 2 1 1 2458 2862 2853
637 2 2 1 1 1856 2522 846
638 2 2 1 1 284 2309 1431
639 2 2 1 1 1183 1880 1879
640 2 2 1 1 1809 1874 1390
641 2 2 1 1 2103 2535 208
642 2 2 1 1 335 1860 521
643 2 2 1 1 1810 2831 1809
644 2 2 1 1 1980 2338 1981
645 2 2 1 1 1947 2488 654
646 2 2 1 1 1481 2596 2491
647 2 2 1 1 208 2711 2103
648 2 2 1 1 1281 2741 1994
649 2 2 1 1 305 2839 1835
650 2 2 1 1 987 2827 2816
651 2 2 1 1 1836 2189 2188
652 2 2 1 1 1898 2596 1481
653 2 2 1 1 1461 2276 1859
654 2 2 1 1 1881 2036 614
655 2 2 1 1 2040 2063 1649
656 2 2 1 1 1190 2496 1897
657 2 2 1 1 2450 2451 1851
658 2 2 1 1 1856 2233 1556
659 2 2 1 1 1901 2645 573
660 2 2 1 1 2716 2767 1658
661 2 2 1 1 213 2851 1957
662 2 2 1 1 2633 2700 1744
663 2 2 1 1 1556 1950 1440
664 2 2 1 1 1481 1929 1898
665 2 2 1 1 268 2858 2854
666 2 2 1 1 1183 2056 1880
667 2 2 1 1 391 2644 1854
668 2 2 1 1 1257 1998 1868
669 2 2 1 1 1377 2873 2859
670 2 2 1 1 1411 1927 1926
671 2 2 1 1 2854 2858 1590
672 2 2 1 1 1394 2105 1418
673 2 2 1 1 1825 1976 1836
674 2 2 1 1 1856 2534 2233
675 2 2 1 1 331 2276 1461
676 2 2 1 1 1857 2276 521
677 2 2 1 1 639 2641 2386
678 2 2 1 1 1820 1822 1821
679 2 2 1 1 2234 2277 1859
680 2 2 1 1 1388 2563 2193
681 2 2 1 1 1653 2871 2106
682 2 2 1 1 2855 2860 629
683 2 2 1 1 1153 2337 1950
684 2 2 1 1 839 2668 996
685 2 2 1 1 1829 2865 1681
686 2 2 1 1 521 2276 333
687 2 2 1 1 1898 1929 1288
688 2 2 1 1 1364 1928 1411
689 2 2 1 1 2604 2765 2518
690 2 2 1 1 1032 2063 2040
691 2 2 1 1 1893 2573 1551
692 2 2 1 1 2214 2553 2286
693 2 2 1 1 1912 2039 1780
694 2 2 1 1 1439 1973 1915
695 2 2 1 1 1658 2767 2522
696 2 2 1 1 2575 2653 2036
697 2 2 1 1 1604 2473 1491
698 2 2 1 1 311 2188 852
699 2 2 1 1 1844 2786 1431
700 2 2 1 1 1881 2184 2036
701 2 2 1 1 1936 2052 1420
702 2 2 1 1 1181 1904 1382
703 2 2 1 1 1660 2365 1918
704 2 2 1 1 1283 1974 1917
705 2 2 1 1 2465 2614 1510
706 2 2 1 1 1619 2446 1621
707 2 2 1 1 263 2844 2819
708 2 2 1 1 357 2294 355
709 2 2 1 1 845 2787 840
710 2 2 1 1 1411 2118 1156
711 2 2 1 1 1675 2751 2362
712 2 2 1 1 1866 2770 2617
713 2 2 1 1 1902 1903 1541
714 2 2 1 1 1578 2496 1877
715 2 2 1 1 1409 2647 2641
716 2 2 1 1 601 1959 580
717 2 2 1 1 1851 2864 2815
718 2 2 1 1 1892 2867 412
719 2 2 1 1 1946 1995 1947
720 2 2 1 1 1860 2653 2575
721 2 2 1 1 2757 2788 1537
722 2 2 1 1 592 2023 706
723 2 2 1 1 1915 2202 1659
724 2 2 1 1 2093 2770 1866
725 2 2 1 1 1902 2674 1937
726 2 2 1 1 833 2061 831
727 2 2 1 1 1276 2093 1274
728 2 2 1 1 2213 2553 2214
729 2 2 1 1 1904 1905 1382
730 2 2 1 1 1403 2093 1843
731 2 2 1 1 1418 2104 2100
732 2 2 1 1 1904 2039 1905
733 2 2 1 1 1889 1987 1986
734 2 2 1 1 1966 2039 1138
735 2 2 1 1 1905 2039 1912
736 2 2 1 1 1744 2741 1281
737 2 2 1 1 1653 2106 2105
738 2 2 1 1 654 2488 1967
739 2 2 1 1 1636 2703 2639
740 2 2 1 1 1916 2365 1660
741 2 2 1 1 1844 2309 1832
742 2 2 1 1 341 2035 614
743 2 2 1 1 614 2035 1881
744 2 2 1 1 2144 2750 1179
745 2 2 1 1 1879 2035 1183
746 2 2 1 1 1899 1900 1391
747 2 2 1 1 1820 2821 1822
748 2 2 1 1 509 2188 309
749 2 2 1 1 337 2653 1860
750 2 2 1 1 1916 2132 617
751 2 2 1 1 617 2365 1916
752 2 2 1 1 1918 2195 2085
753 2 2 1 1 2019 2484 2361
754 2 2 1 1 894 2389 899
755 2 2 1 1 996 2668 1937
756 2 2 1 1 1190 2623 2496
757 2 2 1 1 280 2044 2034
758 2 2 1 1 1235 2563 1388
759 2 2 1 1 263 2748 2362
760 2 2 1 1 1193 2615 1571
761 2 2 1 1 1937 2674 996
762 2 2 1 1 845 2767 2203
763 2 2 1 1 2816 2827 1600
764 2 2 1 1 465 2835 317
765 2 2 1 1 2611 2712 1944
766 2 2 1 1 1969 2023 592
767 2 2 1 1 1918 2085 1660
768 2 2 1 1 456 2202 1915
769 2 2 1 1 2809 2813 1350
770 2 2 1 1 2420 2646 1717
771 2 2 1 1 1576 2840 2797
772 2 2 1 1 1839 2869 76
773 2 2 1 1 1813 1972 1534
774 2 2 1 1 520 2494 1943
775 2 2 1 1 2118 2669 1974
776 2 2 1 1 2639 2703 2020
777 2 2 1 1 2157 2813 2809
778 2 2 1 1 1983 2456 1984
779 2 2 1 1 1983 2005 1495
780 2 2 1 1 1699 2814 2747
781 2 2 1 1 2193 2563 1755
782 2 2 1 1 1014 2295 812
783 2 2 1 1 1425 1949 1895
784 2 2 1 1 1439 1915 1914
785 2 2 1 1 1914 1982 1439
786 2 2 1 1 1551 2689 1893
787 2 2 1 1 1663 2541 2461
788 2 2 1 1 2496 2623 1970
789 2 2 1 1 2128 2524 2275
790 2 2 1 1 907 2665 2085
791 2 2 1 1 1895 1974 1425
792 2 2 1 1 1994 2780 1281
793 2 2 1 1 1491 2473 2092
794 2 2 1 1 636 1959 601
795 2 2 1 1 1988 1990 1989
796 2 2 1 1 208 2751 2711
797 2 2 1 1 1942 2564 991
798 2 2 1 1 1540 1930 1605
799 2 2 1 1 1061 2614 2465
800 2 2 1 1 709 2637 2573
801 2 2 1 1 885 2397 881
802 2 2 1 1 2203 2787 845
803 2 2 1 1 2711 2751 1675
804 2 2 1 1 1836 2188 509
805 2 2 1 1 1980 2864 595
806 2 2 1 1 1929 2185 2169
807 2 2 1 1 2132 2133 617
808 2 2 1 1 1126 2427 1941
809 2 2 1 1 1152 2825 2821
810 2 2 1 1 1183 2035 343
811 2 2 1 1 1534 1972 1400
812 2 2 1 1 389 2790 2707
813 2 2 1 1 559 2248 2214
814 2 2 1 1 2399 2551 1437
815 2 2 1 1 1897 2496 1578
816 2 2 1 1 1938 1958 636
817 2 2 1 1 932 1933 1061
818 2 2 1 1 1966 2097 1598
819 2 2 1 1 1866 2617 2061
820 2 2 1 1 2034 2044 232
821 2 2 1 1 710 2610 652
822 2 2 1 1 1843 2093 1866
823 2 2 1 1 1994 2741 1993
824 2 2 1 1 2507 2761 2278
825 2 2 1 1 2085 2195 907
826 2 2 1 1 1878 2611 1155
827 2 2 1 1 1891 2144 507
828 2 2 1 1 1267 2099 1053
829 2 2 1 1 1541 2674 1902
830 2 2 1 1 1950 2233 1842
831 2 2 1 1 2190 2772 2475
832 2 2 1 1 752 1944 791
833 2 2 1 1 881 2397 888
834 2 2 1 1 676 1949 782
835 2 2 1 1 745 2593 747
836 2 2 1 1 1415 2575 2036
837 2 2 1 1 1541 1930 1540
838 2 2 1 1 2232 2355 1668
839 2 2 1 1 1721 2654 2057
840 2 2 1 1 2648 2687 1726
841 2 2 1 1 2821 2825 1822
842 2 2 1 1 595 2864 2451
843 2 2 1 1 706 2023 807
844 2 2 1 1 1386 2037 1782
845 2 2 1 1 2056 2370 1880
846 2 2 1 1 1941 2427 1973
847 2 2 1 1 494 2592 530
848 2 2 1 1 2491 2596 573
849 2 2 1 1 2169 2185 1188
850 2 2 1 1 1418 2105 2104
851 2 2 1 1 1499 2666 2599
852 2 2 1 1 1919 1920 1614
853 2 2 1 1 1736 2823 2747
854 2 2 1 1 1741 2733 2722
855 2 2 1 1 2722 2801 1741
856 2 2 1 1 2052 2573 1893
857 2 2 1 1 687 2455 2370
858 2 2 1 1 1418 2100 2099
859 2 2 1 1 1923 1925 1607
860 2 2 1 1 378 2133 383
861 2 2 1 1 2214 2248 1979
862 2 2 1 1 648 2166 649
863 2 2 1 1 849 2063 1032
864 2 2 1 1 1933 2418 1661
865 2 2 1 1 2214 2286 559
866 2 2 1 1 1866 2061 837
867 2 2 1 1 885 2512 2398
868 2 2 1 1 1693 1966 1138
869 2 2 1 1 1008 2569 786
870 2 2 1 1 1302 2487 1954
871 2 2 1 1 1693 2097 1966
872 2 2 1 1 17 2221 16
873 2 2 1 1 2187 2196 363
874 2 2 1 1 1894 1933 1661
875 2 2 1 1 2275 2524 689
876 2 2 1 1 1941 2054 1126
877 2 2 1 1 991 2226 1942
878 2 2 1 1 2700 2741 1744
879 2 2 1 1 1868 1998 1657
880 2 2 1 1 1606 2111 1368
881 2 2 1 1 1630 2564 1942
882 2 2 1 1 1828 2867 2857
883 2 2 1 1 1398 1946 1834
884 2 2 1 1 1321 1997 777
885 2 2 1 1 1105 1989 1104
886 2 2 1 1 2030 2201 2026
887 2 2 1 1 902 2733 1741
888 2 2 1 1 1823 2446 1619
889 2 2 1 1 2128 2298 1688
890 2 2 1 1 1688 2524 2128
891 2 2 1 1 2133 2561 2536
892 2 2 1 1 721 2621 2091
893 2 2 1 1 2805 2833 2138
894 2 2 1 1 1671 2355 2232
895 2 2 1 1 2370 2455 1880
896 2 2 1 1 1883 1884 1355
897 2 2 1 1 1231 1923 1607
898 2 2 1 1 2177 2229 1290
899 2 2 1 1 1965 2016 1362
900 2 2 1 1 1973 2427 456
901 2 2 1 1 740 2147 737
902 2 2 1 1 1138 2039 1904
903 2 2 1 1 1017 1904 1181
904 2 2 1 1 2713 2781 1713
905 2 2 1 1 2585 2586 2225
906 2 2 1 1 927 2493 2489
907 2 2 1 1 2004 2553 1282
908 2 2 1 1 1383 1919 1614
909 2 2 1 1 720 2018 717
910 2 2 1 1 1147 2555 1374
911 2 2 1 1 1287 2691 2503
912 2 2 1 1 2312 2406 1442
913 2 2 1 1 1862 2040 1649
914 2 2 1 1 1889 1986 1885
915 2 2 1 1 1984 2456 2091
916 2 2 1 1 2285 2720 1735
917 2 2 1 1 1946 1947 1834
918 2 2 1 1 590 1969 592
919 2 2 1 1 1012 2015 1149
920 2 2 1 1 1156 2118 1283
921 2 2 1 1 1664 2554 2186
922 2 2 1 1 1326 2671 2631
923 2 2 1 1 2162 2266 1044
924 2 2 1 1 1628 2697 1367
925 2 2 1 1 1811 2831 2812
926 2 2 1 1 1437 2551 2042
927 2 2 1 1 1893 2689 1667
928 2 2 1 1 2156 2836 2811
929 2 2 1 1 2196 2294 357
930 2 2 1 1 1929 2169 1288
931 2 2 1 1 1598 2097 1446
932 2 2 1 1 2398 2512 1706
933 2 2 1 1 1894 2614 1061
934 2 2 1 1 2307 2483 2084
935 2 2 1 1 712 2589 2264
936 2 2 1 1 1435 2424 1953
937 2 2 1 1 1663 2461 2054
938 2 2 1 1 2011 2267 2008
939 2 2 1 1 717 2018 715
940 2 2 1 1 1256 1998 1021
941 2 2 1 1 1903 1930 1541
942 2 2 1 1 1663 2054 1941
943 2 2 1 1 1854 1855 1853
944 2 2 1 1 2162 2493 2266
945 2 2 1 1 724 1949 676
946 2 2 1 1 1144 2006 1247
947 2 2 1 1 2556 2591 1519
948 2 2 1 1 1584 2614 1945
949 2 2 1 1 754 1944 752
950 2 2 1 1 1363 1989 1105
951 2 2 1 1 2027 2506 2031
952 2 2 1 1 837 2061 833
953 2 2 1 1 1574 2074 1221
954 2 2 1 1 1420 2052 1255
955 2 2 1 1 855 2072 857
956 2 2 1 1 1615 2546 1229
957 2 2 1 1 1292 2629 2502
958 2 2 1 1 980 2215 977
959 2 2 1 1 1917 1974 1895
960 2 2 1 1 1409 2641 1837
961 2 2 1 1 2026 2201 2025
962 2 2 1 1 1574 2418 2074
963 2 2 1 1 1936 2573 2052
964 2 2 1 1 2172 2826 255
965 2 2 1 1 974 2024 1016
966 2 2 1 1 654 1967 290
967 2 2 1 1 636 2096 1938
968 2 2 1 1 737 2147 735
969 2 2 1 1 2058 2059 756
970 2 2 1 1 980 2618 2215
971 2 2 1 1 1137 2752 2732
972 2 2 1 1 1510 2614 1584
973 2 2 1 1 2413 2438 1529
974 2 2 1 1 1717 2646 2582
975 2 2 1 1 573 2596 1901
976 2 2 1 1 831 2061 1038
977 2 2 1 1 2006 2008 1247
978 2 2 1 1 1301 2487 1302
979 2 2 1 1 1682 2060 1679
980 2 2 1 1 1884 2870 2868
981 2 2 1 1 412 2867 2095
982 2 2 1 1 1657 1998 1256
983 2 2 1 1 1296 1985 1272
984 2 2 1 1 1422 2434 2291
985 2 2 1 1 1490 2731 1492
986 2 2 1 1 1554 2479 2151
987 2 2 1 1 1671 2527 2055
988 2 2 1 1 1878 2712 2611
989 2 2 1 1 2602 2764 2391
990 2 2 1 1 617 2133 378
991 2 2 1 1 938 2291 675
992 2 2 1 1 2149 2602 688
993 2 2 1 1 2294 2665 907
994 2 2 1 1 1113 2525 1010
995 2 2 1 1 1207 2426 1049
996 2 2 1 1 1176 2561 1948
997 2 2 1 1 1948 2595 1176
998 2 2 1 1 1677 2119 1298
999 2 2 1 1 1368 2111 1371
1000 2 2 1 1 1475 2437 2298
1001 2 2 1 1 1508 2520 2283
1002 2 2 1 1 1951 1952 1593
1003 2 2 1 1 2641 2647 1855
1004 2 2 1 1 2286 2553 2004
1005 2 2 1 1 2247 2307 2084
1006 2 2 1 1 654 2737 1947
1007 2 2 1 1 688 2616 2149
1008 2 2 1 1 749 2058 756
1009 2 2 1 1 2048 2467 1039
1010 2 2 1 1 1571 2615 2395
1011 2 2 1 1 1666 2196 2187
1012 2 2 1 1 2103 2711 2425
1013 2 2 1 1 505 2777 501
1014 2 2 1 1 534 2645 505
1015 2 2 1 1 2152 2157 805
1016 2 2 1 1 1041 2551 2399
1017 2 2 1 1 1146 2689 1551
1018 2 2 1 1 1255 2052 1361
1019 2 2 1 1 1418 2099 1267
1020 2 2 1 1 1664 2186 1665
1021 2 2 1 1 1956 2232 1668
1022 2 2 1 1 1684 2059 2058
1023 2 2 1 1 836 2668 839
1024 2 2 1 1 2375 2567 1710
1025 2 2 1 1 772 2336 1313
1026 2 2 1 1 777 1997 790
1027 2 2 1 1 1285 1982 1294
1028 2 2 1 1 1594 2301 1823
1029 2 2 1 1 2298 2437 1688
1030 2 2 1 1 575 2043 613
1031 2 2 1 1 897 2484 2019
1032 2 2 1 1 2283 2520 1426
1033 2 2 1 1 2043 2072 855
1034 2 2 1 1 994 2183 969
1035 2 2 1 1 1354 1883 1355
1036 2 2 1 1 1092 2183 994
1037 2 2 1 1 1921 1996 1614
1038 2 2 1 1 1109 2015 1012
1039 2 2 1 1 1272 1985 1423
1040 2 2 1 1 2748 2819 1573
1041 2 2 1 1 1958 1959 636
1042 2 2 1 1 782 1949 998
1043 2 2 1 1 1411 1928 1927
1044 2 2 1 1 1525 2476 1522
1045 2 2 1 1 1670 2049 1669
1046 2 2 1 1 2264 2589 1690
1047 2 2 1 1 2153 2846 2155
1048 2 2 1 1 419 2041 423
1049 2 2 1 1 2112 2835 465
1050 2 2 1 1 1422 2291 938
1051 2 2 1 1 1250 1875 1223
1052 2 2 1 1 1439 1982 1285
1053 2 2 1 1 1477 2434 1422
1054 2 2 1 1 2283 2678 2656
1055 2 2 1 1 1129 2166 648
1056 2 2 1 1 1491 2092 988
1057 2 2 1 1 1997 2679 1015
1058 2 2 1 1 1131 2693 2634
1059 2 2 1 1 1646 1937 1705
1060 2 2 1 1 1247 2295 1014
1061 2 2 1 1 1167 2213 2050
1062 2 2 1 1 2461 2541 1302
1063 2 2 1 1 1535 2065 2064
1064 2 2 1 1 2362 2751 85
1065 2 2 1 1 1526 1934 1595
1066 2 2 1 1 2212 2553 2213
1067 2 2 1 1 823 2212 1167
1068 2 2 1 1 1670 2311 2049
1069 2 2 1 1 899 2389 1664
1070 2 2 1 1 913 2440 915
1071 2 2 1 1 1495 2005 1170
1072 2 2 1 1 217 2221 17
1073 2 2 1 1 185 2210 260
1074 2 2 1 1 554 2043 575
1075 2 2 1 1 2120 2180 1434
1076 2 2 1 1 1930 1931 1605
1077 2 2 1 1 2050 2213 1979
1078 2 2 1 1 252 2378 119
1079 2 2 1 1 250 2222 154
1080 2 2 1 1 892 2389 894
1081 2 2 1 1 1975 2088 1174
1082 2 2 1 1 1384 1951 1593
1083 2 2 1 1 1731 2765 2604
1084 2 2 1 1 507 2613 1891
1085 2 2 1 1 565 1978 533
1086 2 2 1 1 1333 2657 1334
1087 2 2 1 1 1395 2110 1826
1088 2 2 1 1 198 2121 248
1089 2 2 1 1 2812 2831 1810
1090 2 2 1 1 199 2121 198
1091 2 2 1 1 355 2294 907
1092 2 2 1 1 662 2528 1184
1093 2 2 1 1 1049 2426 1047
1094 2 2 1 1 1104 1989 1740
1095 2 2 1 1 2536 2561 1176
1096 2 2 1 1 2656 2678 2070
1097 2 2 1 1 1974 2669 1425
1098 2 2 1 1 1450 2353 2304
1099 2 2 1 1 1442 2406 480
1100 2 2 1 1 2633 2829 1280
1101 2 2 1 1 1863 2730 1342
1102 2 2 1 1 1953 2119 1435
1103 2 2 1 1 1891 2750 2144
1104 2 2 1 1 1982 2005 1983
1105 2 2 1 1 2514 2643 2594
1106 2 2 1 1 1022 2470 792
1107 2 2 1 1 1449 2077 1977
1108 2 2 1 1 1977 2078 1449
1109 2 2 1 1 2224 2244 2014
1110 2 2 1 1 385 2045 1299
1111 2 2 1 1 689 2533 392
1112 2 2 1 1 2077 2224 470
1113 2 2 1 1 1895 1949 724
1114 2 2 1 1 1232 1875 1754
1115 2 2 1 1 1420 2666 1936
1116 2 2 1 1 2182 2556 1519
1117 2 2 1 1 2701 2717 492
1118 2 2 1 1 555 2336 772
1119 2 2 1 1 655 2672 2067
1120 2 2 1 1 1671 2055 666
1121 2 2 1 1 992 2566 2013
1122 2 2 1 1 1218 2435 2415
1123 2 2 1 1 1437 2042 1898
1124 2 2 1 1 1670 2381 2311
1125 2 2 1 1 2502 2629 1723
1126 2 2 1 1 1994 2843 2780
1127 2 2 1 1 2145 2198 594
1128 2 2 1 1 721 2091 723
1129 2 2 1 1 987 2816 2017
1130 2 2 1 1 1021 1998 1023
1131 2 2 1 1 1291 2231 2230
1132 2 2 1 1 2539 2829 1520
1133 2 2 1 1 2573 2637 1551
1134 2 2 1 1 1760 2038 2037
1135 2 2 1 1 1043 2090 638
1136 2 2 1 1 1724 2124 978
1137 2 2 1 1 2532 2574 1412
1138 2 2 1 1 2279 2459 2200
1139 2 2 1 1 2323 2584 2572
1140 2 2 1 1 2424 2437 1953
1141 2 2 1 1 16 2221 257
1142 2 2 1 1 716 2076 718
1143 2 2 1 1 825 2212 823
1144 2 2 1 1 1177 2227 876
1145 2 2 1 1 2229 2231 1290
1146 2 2 1 1 1400 1653 1394
1147 2 2 1 1 1596 2476 1525
1148 2 2 1 1 1788 2473 1604
1149 2 2 1 1 93 2139 221
1150 2 2 1 1 2151 2479 413
1151 2 2 1 1 2439 2440 1529
1152 2 2 1 1 2172 2837 2826
1153 2 2 1 1 2299 2763 2707
1154 2 2 1 1 812 2295 987
1155 2 2 1 1 2759 2828 1068
1156 2 2 1 1 306 2079 412
1157 2 2 1 1 645 2096 622
1158 2 2 1 1 1076 2114 1083
1159 2 2 1 1 1518 2285 1303
1160 2 2 1 1 2782 2795 1742
1161 2 2 1 1 2046 2467 2048
1162 2 2 1 1 2149 2616 2148
1163 2 2 1 1 186 2210 185
1164 2 2 1 1 864 2567 2375
1165 2 2 1 1 568 2307 2247
1166 2 2 1 1 1174 1508 910
1167 2 2 1 1 1003 2073 1002
1168 2 2 1 1 1614 1996 1260
1169 2 2 1 1 1452 2414 2341
1170 2 2 1 1 604 1978 565
1171 2 2 1 1 689 2524 1939
1172 2 2 1 1 1939 2533 689
1173 2 2 1 1 723 730 722
1174 2 2 1 1 1290 2503 2177
1175 2 2 1 1 1668 2797 1956
1176 2 2 1 1 746 2676 2651
1177 2 2 1 1 1494 2125 1086
1178 2 2 1 1 1661 2418 1574
1179 2 2 1 1 1597 1779 1598
1180 2 2 1 1 1678 2059 1684
1181 2 2 1 1 1734 2744 2698
1182 2 2 1 1 626 1969 590
1183 2 2 1 1 932 954 953
1184 2 2 1 1 1917 2671 1283
1185 2 2 1 1 1283 2118 1974
1186 2 2 1 1 1575 1957 1662
1187 2 2 1 1 2526 2546 1615
1188 2 2 1 1 470 2224 2014
1189 2 2 1 1 785 2226 991
1190 2 2 1 1 857 2630 859
1191 2 2 1 1 2097 2569 1008
1192 2 2 1 1 1106 2753 1356
1193 2 2 1 1 1309 2485 2051
1194 2 2 1 1 1698 2109 2107
1195 2 2 1 1 613 2043 855
1196 2 2 1 1 694 2467 679
1197 2 2 1 1 1944 2712 791
1198 2 2 1 1 2353 2416 1043
1199 2 2 1 1 2374 2710 1208
1200 2 2 1 1 1523 2710 2601
1201 2 2 1 1 1853 2647 1674
1202 2 2 1 1 1677 2284 2120
1203 2 2 1 1 288 1967 820
1204 2 2 1 1 866 867 865
1205 2 2 1 1 867 1435 1434
1206 2 2 1 1 911 2086 951
1207 2 2 1 1 2175 2176 933
1208 2 2 1 1 553 2537 513
1209 2 2 1 1 574 2305 553
1210 2 2 1 1 622 2096 636
1211 2 2 1 1 2595 2616 688
1212 2 2 1 1 727 2152 805
1213 2 2 1 1 979 984 981
1214 2 2 1 1 1042 2406 2312
1215 2 2 1 1 1936 2666 1499
1216 2 2 1 1 1521 2478 1523
1217 2 2 1 1 1627 1629 1628
1218 2 2 1 1 804 2324 1198
1219 2 2 1 1 848 849 847
1220 2 2 1 1 280 2034 278
1221 2 2 1 1 560 561 551
1222 2 2 1 1 1959 2507 580
1223 2 2 1 1 610 2308 1694
1224 2 2 1 1 613 625 612
1225 2 2 1 1 758 2529 751
1226 2 2 1 1 755 2211 1521
1227 2 2 1 1 819 2538 760
1228 2 2 1 1 1007 2399 1089
1229 2 2 1 1 1672 1673 1273
1230 2 2 1 1 1905 1906 1382
1231 2 2 1 1 1524 1525 1522
1232 2 2 1 1 1567 2772 2190
1233 2 2 1 1 2232 2527 1671
1234 2 2 1 1 1683 2625 1682
1235 2 2 1 1 1871 1872 1870
1236 2 2 1 1 1873 1899 1872
1237 2 2 1 1 2472 2521 2048
1238 2 2 1 1 221 2837 2172
1239 2 2 1 1 290 1967 288
1240 2 2 1 1 821 2431 699
1241 2 2 1 1 2119 2120 1434
1242 2 2 1 1 418 2356 1131
1243 2 2 1 1 753 2576 663
1244 2 2 1 1 686 2199 764
1245 2 2 1 1 718 2076 797
1246 2 2 1 1 972 2421 809
1247 2 2 1 1 885 2398 2397
1248 2 2 1 1 1010 2525 1009
1249 2 2 1 1 1017 1181 1180
1250 2 2 1 1 1234 2525 1113
1251 2 2 1 1 1317 2664 1316
1252 2 2 1 1 1362 2015 1965
1253 2 2 1 1 1441 2297 2131
1254 2 2 1 1 2053 2054 1488
1255 2 2 1 1 1812 1868 1657
1256 2 2 1 1 1677 2120 2119
1257 2 2 1 1 2199 2632 1692
1258 2 2 1 1 1869 1870 1868
1259 2 2 1 1 2797 2840 1956
1260 2 2 1 1 2397 2771 2396
1261 2 2 1 1 281 1143 283
1262 2 2 1 1 455 466 451
1263 2 2 1 1 1021 1022 792
1264 2 2 1 1 876 2227 878
1265 2 2 1 1 1015 2679 1145
1266 2 2 1 1 1053 2099 1051
1267 2 2 1 1 1229 2546 1100
1268 2 2 1 1 2212 2213 1167
1269 2 2 1 1 1275 2064 1206
1270 2 2 1 1 2037 2038 1782
1271 2 2 1 1 1836 2861 2189
1272 2 2 1 1 2009 2010 2008
1273 2 2 1 1 63 2150 227
1274 2 2 1 1 316 2450 314
1275 2 2 1 1 1978 2248 533
1276 2 2 1 1 608 632 607
1277 2 2 1 1 2036 2653 614
1278 2 2 1 1 633 2071 667
1279 2 2 1 1 655 2687 2648
1280 2 2 1 1 699 2431 659
1281 2 2 1 1 666 2055 665
1282 2 2 1 1 670 771 685
1283 2 2 1 1 815 2351 973
1284 2 2 1 1 2188 2189 852
1285 2 2 1 1 1529 2440 913
1286 2 2 1 1 973 1111 1010
1287 2 2 1 1 1117 1269 1118
1288 2 2 1 1 1134 2584 2323
1289 2 2 1 1 1218 2414 1216
1290 2 2 1 1 2008 2267 1247
1291 2 2 1 1 1392 1443 1332
1292 2 2 1 1 1389 1808 1807
1293 2 2 1 1 1412 2574 2384
1294 2 2 1 1 2415 2435 1464
1295 2 2 1 1 1495 2456 1983
1296 2 2 1 1 2438 2439 1529
1297 2 2 1 1 1547 1891 1544
1298 2 2 1 1 2435 2557 1554
1299 2 2 1 1 1569 1897 1578
1300 2 2 1 1 1593 2301 1594
1301 2 2 1 1 1676 2550 2252
1302 2 2 1 1 2068 2112 1680
1303 2 2 1 1 2213 2214 1979
1304 2 2 1 1 2857 2867 1985
1305 2 2 1 1 1997 2696 2679
1306 2 2 1 1 2361 2444 2019
1307 2 2 1 1 282 2044 280
1308 2 2 1 1 315 465 317
1309 2 2 1 1 322 2338 320
1310 2 2 1 1 323 2386 325
1311 2 2 1 1 330 331 329
1312 2 2 1 1 2133 2536 383
1313 2 2 1 1 851 2041 419
1314 2 2 1 1 522 2242 495
1315 2 2 1 1 609 2656 2070
1316 2 2 1 1 665 702 669
1317 2 2 1 1 726 2181 708
1318 2 2 1 1 797 2076 2075
1319 2 2 1 1 884 886 883
1320 2 2 1 1 2173 2175 933
1321 2 2 1 1 946 1323 944
1322 2 2 1 1 967 2458 966
1323 2 2 1 1 2304 2353 1043
1324 2 2 1 1 1046 2158 1220
1325 2 2 1 1 1052 2282 1426
1326 2 2 1 1 1126 2054 2053
1327 2 2 1 1 2050 2431 1167
1328 2 2 1 1 1278 2234 1408
1329 2 2 1 1 1438 1973 1439
1330 2 2 1 1 1441 2131 1916
1331 2 2 1 1 1505 1543 1504
1332 2 2 1 1 2441 2533 1940
1333 2 2 1 1 2084 2517 2247
1334 2 2 1 1 2132 2561 2133
1335 2 2 1 1 276 2449 101
1336 2 2 1 1 1462 2179 485
1337 2 2 1 1 515 2322 1436
1338 2 2 1 1 652 2610 637
1339 2 2 1 1 638 2090 653
1340 2 2 1 1 1039 2472 2048
1341 2 2 1 1 1305 2499 2492
1342 2 2 1 1 1384 1593 1592
1343 2 2 1 1 1563 2520 2088
1344 2 2 1 1 1952 2301 1593
1345 2 2 1 1 1678 2060 2059
1346 2 2 1 1 2230 2231 2229
1347 2 2 1 1 247 2025 50
1348 2 2 1 1 453 2468 471
1349 2 2 1 1 483 2161 504
1350 2 2 1 1 491 493 490
1351 2 2 1 1 506 570 535
1352 2 2 1 1 632 2082 607
1353 2 2 1 1 705 2324 804
1354 2 2 1 1 772 1064 910
1355 2 2 1 1 890 2480 889
1356 2 2 1 1 988 2092 943
1357 2 2 1 1 2501 2642 963
1358 2 2 1 1 1087 1456 1006
1359 2 2 1 1 1224 1225 1053
1360 2 2 1 1 1064 1975 1174
1361 2 2 1 1 2114 2115 1083
1362 2 2 1 1 1971 2049 1128
1363 2 2 1 1 1188 2130 1189
1364 2 2 1 1 1897 2792 1190
1365 2 2 1 1 1201 2089 1714
1366 2 2 1 1 1383 1614 1260
1367 2 2 1 1 1262 2110 1395
1368 2 2 1 1 1437 1898 1288
1369 2 2 1 1 1291 2521 2472
1370 2 2 1 1 1313 2336 1720
1371 2 2 1 1 1587 1883 1354
1372 2 2 1 1 1759 1760 1373
1373 2 2 1 1 1380 2511 2168
1374 2 2 1 1 1599 1781 1385
1375 2 2 1 1 1395 1826 1651
1376 2 2 1 1 1400 1972 1653
1377 2 2 1 1 1471 2185 1929
1378 2 2 1 1 1581 2165 2138
1379 2 2 1 1 2389 2554 1664
1380 2 2 1 1 1685 2244 2224
1381 2 2 1 1 2613 2777 1689
1382 2 2 1 1 2466 2467 2046
1383 2 2 1 1 2103 2425 2101
1384 2 2 1 1 2114 2116 2115
1385 2 2 1 1 2116 2117 2115
1386 2 2 1 1 2799 2800 2392
1387 2 2 1 1 154 2222 153
1388 2 2 1 1 315 316 314
1389 2 2 1 1 437 2334 1297
1390 2 2 1 1 549 2135 1134
1391 2 2 1 1 1298 1475 606
1392 2 2 1 1 797 2075 916
1393 2 2 1 1 877 2444 2340
1394 2 2 1 1 1170 2005 1279
1395 2 2 1 1 1960 1961 1419
1396 2 2 1 1 1680 2112 1829
1397 2 2 1 1 317 318 316
1398 2 2 1 1 321 322 320
1399 2 2 1 1 320 2338 595
1400 2 2 1 1 323 324 322
1401 2 2 1 1 325 326 324
1402 2 2 1 1 392 2533 345
1403 2 2 1 1 688 2602 401
1404 2 2 1 1 410 851 419
1405 2 2 1 1 612 2308 610
1406 2 2 1 1 665 2055 702
1407 2 2 1 1 735 2147 904
1408 2 2 1 1 1094 2063 849
1409 2 2 1 1 1225 1267 1053
1410 2 2 1 1 1298 2119 1953
1411 2 2 1 1 1345 2763 2299
1412 2 2 1 1 1444 2454 2284
1413 2 2 1 1 1857 1858 1460
1414 2 2 1 1 1920 1921 1614
1415 2 2 1 1 2268 2284 1677
1416 2 2 1 1 245 278 99
1417 2 2 1 1 289 291 290
1418 2 2 1 1 720 2518 2018
1419 2 2 1 1 924 2498 1463
1420 2 2 1 1 977 2215 975
1421 2 2 1 1 2125 2421 1086
1422 2 2 1 1 1239 2037 1386
1423 2 2 1 1 1706 2433 1318
1424 2 2 1 1 1716 2652 1387
1425 2 2 1 1 1632 2564 1630
1426 2 2 1 1 1669 2049 1971
1427 2 2 1 1 99 278 98
1428 2 2 1 1 715 2018 1175
1429 2 2 1 1 888 2397 2396
1430 2 2 1 1 939 2671 1326
1431 2 2 1 1 1196 1251 1103
1432 2 2 1 1 1191 2615 1193
1433 2 2 1 1 1570 2148 1337
1434 2 2 1 1 2322 2579 1436
1435 2 2 1 1 1726 2687 1535
1436 2 2 1 1 1926 2669 2118
1437 2 2 1 1 205 2142 121
1438 2 2 1 1 309 311 310
1439 2 2 1 1 852 2235 313
1440 2 2 1 1 770 2134 415
1441 2 2 1 1 522 2587 2242
1442 2 2 1 1 2067 2687 655
1443 2 2 1 1 764 2199 1692
1444 2 2 1 1 2433 2486 1318
1445 2 2 1 1 2131 2297 1325
1446 2 2 1 1 934 2468 453
1447 2 2 1 1 469 2014 474
1448 2 2 1 1 530 2592 2336
1449 2 2 1 1 532 536 533
1450 2 2 1 1 1440 2337 560
1451 2 2 1 1 619 2163 1136
1452 2 2 1 1 984 2552 981
1453 2 2 1 1 1257 2228 1025
1454 2 2 1 1 1162 1165 1028
1455 2 2 1 1 1107 1986 1363
1456 2 2 1 1 1209 2654 1721
1457 2 2 1 1 1513 2012 1213
1458 2 2 1 1 1342 2730 1242
1459 2 2 1 1 1361 2052 1893
1460 2 2 1 1 1797 2511 1380
1461 2 2 1 1 2135 2137 2136
1462 2 2 1 1 2868 2870 2183
1463 2 2 1 1 2241 2509 2422
1464 2 2 1 1 928 2338 322
1465 2 2 1 1 354 2195 1918
1466 2 2 1 1 377 2080 687
1467 2 2 1 1 383 386 382
1468 2 2 1 1 395 1176 397
1469 2 2 1 1 453 454 427
1470 2 2 1 1 702 2055 903
1471 2 2 1 1 747 2593 2058
1472 2 2 1 1 2394 2501 806
1473 2 2 1 1 2072 2630 857
1474 2 2 1 1 2107 2109 1172
1475 2 2 1 1 1408 1857 1460
1476 2 2 1 1 1469 2182 1519
1477 2 2 1 1 1953 2437 1475
1478 2 2 1 1 1483 1502 1484
1479 2 2 1 1 1886 1887 1885
1480 2 2 1 1 1970 2745 2023
1481 2 2 1 1 119 2378 118
1482 2 2 1 1 828 830 829
1483 2 2 1 1 1216 2414 1452
1484 2 2 1 1 1570 2149 2148
1485 2 2 1 1 1580 1777 1737
1486 2 2 1 1 1902 1937 1646
1487 2 2 1 1 1979 2248 1978
1488 2 2 1 1 2010 2011 2008
1489 2 2 1 1 519 2248 559
1490 2 2 1 1 555 556 531
1491 2 2 1 1 531 2483 2307
1492 2 2 1 1 551 2135 549
1493 2 2 1 1 609 2069 587
1494 2 2 1 1 669 2082 632
1495 2 2 1 1 647 2474 2211
1496 2 2 1 1 857 858 856
1497 2 2 1 1 1050 1052 1051
1498 2 2 1 1 2135 2136 1134
1499 2 2 1 1 1343 1344 1166
1500 2 2 1 1 2088 2520 1174
1501 2 2 1 1 1359 1552 1219
1502 2 2 1 1 1220 2158 1448
1503 2 2 1 1 1253 1960 1419
1504 2 2 1 1 2364 2557 1310
1505 2 2 1 1 1500 2715 1433
1506 2 2 1 1 1532 2132 2131
1507 2 2 1 1 1780 1966 1598
1508 2 2 1 1 1638 2703 1636
1509 2 2 1 1 1940 2533 1939
1510 2 2 1 1 723 731 730
1511 2 2 1 1 815 972 809
1512 2 2 1 1 886 2019 883
1513 2 2 1 1 1133 1319 1317
1514 2 2 1 1 2230 2521 1291
1515 2 2 1 1 1356 1587 1354
1516 2 2 1 1 2310 2312 1442
1517 2 2 1 1 1518 2736 2720
1518 2 2 1 1 2186 2548 1665
1519 2 2 1 1 2489 2493 2162
1520 2 2 1 1 2776 2791 2457
1521 2 2 1 1 91 255 90
1522 2 2 1 1 2181 2409 708
1523 2 2 1 1 773 2181 726
1524 2 2 1 1 736 952 738
1525 2 2 1 1 767 2586 2403
1526 2 2 1 1 1026 2351 815
1527 2 2 1 1 831 1038 829
1528 2 2 1 1 1086 2421 972
1529 2 2 1 1 1025 2228 1133
1530 2 2 1 1 1676 2265 1169
1531 2 2 1 1 1412 2384 1171
1532 2 2 1 1 1232 1754 1379
1533 2 2 1 1 1308 2068 1680
1534 2 2 1 1 1837 1838 1397
1535 2 2 1 1 1842 2233 1401
1536 2 2 1 1 1466 1825 1652
1537 2 2 1 1 2384 2550 1676
1538 2 2 1 1 1682 2582 2060
1539 2 2 1 1 1887 1889 1885
1540 2 2 1 1 1905 1907 1906
1541 2 2 1 1 474 2243 496
1542 2 2 1 1 2161 2442 504
1543 2 2 1 1 704 2145 594
1544 2 2 1 1 613 855 641
1545 2 2 1 1 785 822 821
1546 2 2 1 1 1016 2108 862
1547 2 2 1 1 999 1000 939
1548 2 2 1 1 954 1029 1028
1549 2 2 1 1 1009 1493 1086
1550 2 2 1 1 1664 1665 1027
1551 2 2 1 1 2046 2047 1299
1552 2 2 1 1 1986 1987 1363
1553 2 2 1 1 1685 2416 2353
1554 2 2 1 1 1713 1785 1712
1555 2 2 1 1 275 2121 199
1556 2 2 1 1 423 2041 457
1557 2 2 1 1 606 2382 435
1558 2 2 1 1 439 2053 1488
1559 2 2 1 1 440 442 441
1560 2 2 1 1 448 449 447
1561 2 2 1 1 450 2335 468
1562 2 2 1 1 558 2163 619
1563 2 2 1 1 627 2146 650
1564 2 2 1 1 735 904 734
1565 2 2 1 1 1692 2418 931
1566 2 2 1 1 981 983 982
1567 2 2 1 1 1446 2097 1008
1568 2 2 1 1 1112 1113 1010
1569 2 2 1 1 1058 1250 1223
1570 2 2 1 1 1163 1995 1946
1571 2 2 1 1 1195 2382 2298
1572 2 2 1 1 1225 2801 2722
1573 2 2 1 1 1438 1439 1285
1574 2 2 1 1 1297 2268 1677
1575 2 2 1 1 2047 2236 1299
1576 2 2 1 1 2792 2808 1341
1577 2 2 1 1 1543 1545 1504
1578 2 2 1 1 1914 1915 1659
1579 2 2 1 1 2131 2132 1916
1580 2 2 1 1 1948 2616 2595
1581 2 2 1 1 2623 2745 1970
1582 2 2 1 1 2045 2466 2046
1583 2 2 1 1 2145 2310 2198
1584 2 2 1 1 279 280 278
1585 2 2 1 1 428 2509 2241
1586 2 2 1 1 1179 2178 463
1587 2 2 1 1 559 2286 1999
1588 2 2 1 1 638 653 652
1589 2 2 1 1 853 2096 645
1590 2 2 1 1 647 2211 664
1591 2 2 1 1 1608 1615 1229
1592 2 2 1 1 2679 2696 1470
1593 2 2 1 1 2001 2286 2004
1594 2 2 1 1 2311 2381 2312
1595 2 2 1 1 476 488 475
1596 2 2 1 1 616 2165 599
1597 2 2 1 1 625 2474 647
1598 2 2 1 1 674 779 675
1599 2 2 1 1 749 751 750
1600 2 2 1 1 750 2529 854
1601 2 2 1 1 1366 1367 1097
1602 2 2 1 1 1662 1945 1894
1603 2 2 1 1 1764 1799 1787
1604 2 2 1 1 2503 2691 2177
1605 2 2 1 1 2296 2423 2422
1606 2 2 1 1 125 243 124
1607 2 2 1 1 141 273 140
1608 2 2 1 1 379 2504 2174
1609 2 2 1 1 485 2179 508
1610 2 2 1 1 835 837 833
1611 2 2 1 1 2464 2482 872
1612 2 2 1 1 965 966 964
1613 2 2 1 1 976 977 975
1614 2 2 1 1 1164 2465 1510
1615 2 2 1 1 2073 2563 1235
1616 2 2 1 1 1988 1989 1363
1617 2 2 1 1 1989 1990 1740
1618 2 2 1 1 2159 2160 214
1619 2 2 1 1 291 292 290
1620 2 2 1 1 404 405 390
1621 2 2 1 1 747 749 748
1622 2 2 1 1 1023 1025 1024
1623 2 2 1 1 1023 1257 1025
1624 2 2 1 1 1154 1569 1402
1625 2 2 1 1 1603 1716 1387
1626 2 2 1 1 1577 2788 2757
1627 2 2 1 1 1646 1705 1644
1628 2 2 1 1 1737 2823 1736
1629 2 2 1 1 100 245 99
1630 2 2 1 1 146 234 145
1631 2 2 1 1 297 298 296
1632 2 2 1 1 299 300 298
1633 2 2 1 1 301 302 300
1634 2 2 1 1 315 2235 465
1635 2 2 1 1 496 2243 532
1636 2 2 1 1 513 2537 514
1637 2 2 1 1 542 543 541
1638 2 2 1 1 544 545 543
1639 2 2 1 1 544 2672 655
1640 2 2 1 1 583 630 603
1641 2 2 1 1 659 2431 2430
1642 2 2 1 1 768 769 694
1643 2 2 1 1 736 737 735
1644 2 2 1 1 739 741 740
1645 2 2 1 1 742 743 741
1646 2 2 1 1 744 745 743
1647 2 2 1 1 744 2252 818
1648 2 2 1 1 745 747 746
1649 2 2 1 1 760 2593 745
1650 2 2 1 1 1201 1202 799
1651 2 2 1 1 894 899 896
1652 2 2 1 1 1062 1063 923
1653 2 2 1 1 952 1495 1170
1654 2 2 1 1 1290 2231 1071
1655 2 2 1 1 1117 2411 1269
1656 2 2 1 1 1171 1676 1169
1657 2 2 1 1 1203 1205 1204
1658 2 2 1 1 1405 2064 1275
1659 2 2 1 1 2021 2629 1292
1660 2 2 1 1 1292 2630 2021
1661 2 2 1 1 1308 1679 1678
1662 2 2 1 1 1371 2111 1963
1663 2 2 1 1 1838 2068 1397
1664 2 2 1 1 1586 1590 1414
1665 2 2 1 1 1423 1892 1841
1666 2 2 1 1 1652 1830 1467
1667 2 2 1 1 1523 2601 1524
1668 2 2 1 1 1634 2013 1632
1669 2 2 1 1 1680 1681 1679
1670 2 2 1 1 1838 2112 2068
1671 2 2 1 1 1849 1851 1850
1672 2 2 1 1 2001 2002 2000
1673 2 2 1 1 2345 2487 2078
1674 2 2 1 1 50 2025 49
1675 2 2 1 1 84 208 83
1676 2 2 1 1 97 232 96
1677 2 2 1 1 102 276 101
1678 2 2 1 1 109 229 108
1679 2 2 1 1 113 224 112
1680 2 2 1 1 115 272 114
1681 2 2 1 1 117 216 116
1682 2 2 1 1 128 201 127
1683 2 2 1 1 134 210 133
1684 2 2 1 1 139 219 138
1685 2 2 1 1 247 2026 2025
1686 2 2 1 1 370 2321 369
1687 2 2 1 1 387 395 394
1688 2 2 1 1 419 420 411
1689 2 2 1 1 732 2456 2443
1690 2 2 1 1 1031 2534 847
1691 2 2 1 1 1434 2180 865
1692 2 2 1 1 903 922 921
1693 2 2 1 1 1135 2343 1054
1694 2 2 1 1 1344 1414 1413
1695 2 2 1 1 1987 1988 1363
1696 2 2 1 1 1447 2571 1790
1697 2 2 1 1 1472 2459 1474
1698 2 2 1 1 1523 1524 1522
1699 2 2 1 1 1600 1601 1599
1700 2 2 1 1 1640 2545 1638
1701 2 2 1 1 1861 2574 2532
1702 2 2 1 1 281 282 280
1703 2 2 1 1 328 330 329
1704 2 2 1 1 1461 2302 329
1705 2 2 1 1 334 336 335
1706 2 2 1 1 2273 2373 344
1707 2 2 1 1 348 350 349
1708 2 2 1 1 350 2195 354
1709 2 2 1 1 356 357 355
1710 2 2 1 1 375 380 376
1711 2 2 1 1 1176 2595 397
1712 2 2 1 1 424 2127 420
1713 2 2 1 1 430 431 424
1714 2 2 1 1 429 2202 456
1715 2 2 1 1 432 433 431
1716 2 2 1 1 433 2382 1195
1717 2 2 1 1 436 437 435
1718 2 2 1 1 438 2334 437
1719 2 2 1 1 445 524 523
1720 2 2 1 1 868 2349 512
1721 2 2 1 1 540 541 539
1722 2 2 1 1 708 2409 618
1723 2 2 1 1 634 635 621
1724 2 2 1 1 631 637 630
1725 2 2 1 1 681 2279 683
1726 2 2 1 1 684 2180 682
1727 2 2 1 1 683 691 690
1728 2 2 1 1 733 735 734
1729 2 2 1 1 795 2543 1125
1730 2 2 1 1 1700 2280 802
1731 2 2 1 1 847 2534 846
1732 2 2 1 1 1285 1294 918
1733 2 2 1 1 930 2200 1472
1734 2 2 1 1 1150 1155 1018
1735 2 2 1 1 1309 2470 1022
1736 2 2 1 1 1081 1186 1185
1737 2 2 1 1 1114 1116 1115
1738 2 2 1 1 1145 1289 1237
1739 2 2 1 1 2086 2385 1178
1740 2 2 1 1 1223 1232 1228
1741 2 2 1 1 1243 1923 1231
1742 2 2 1 1 1259 1260 1249
1743 2 2 1 1 1284 1663 1438
1744 2 2 1 1 1954 2461 1302
1745 2 2 1 1 2412 2453 1311
1746 2 2 1 1 1330 1735 1734
1747 2 2 1 1 1468 2452 2412
1748 2 2 1 1 2477 2631 1506
1749 2 2 1 1 2107 2591 2556
1750 2 2 1 1 2268 2334 2129
1751 2 2 1 1 2517 2660 2247
1752 2 2 1 1 153 2222 277
1753 2 2 1 1 232 2786 2376
1754 2 2 1 1 510 511 500
1755 2 2 1 1 544 655 546
1756 2 2 1 1 568 2247 2246
1757 2 2 1 1 659 2430 635
1758 2 2 1 1 685 2199 686
1759 2 2 1 1 943 1057 710
1760 2 2 1 1 766 816 754
1761 2 2 1 1 943 2092 1058
1762 2 2 1 1 1074 1076 1075
1763 2 2 1 1 2087 2114 1074
1764 2 2 1 1 1147 1373 1239
1765 2 2 1 1 1164 1343 1166
1766 2 2 1 1 1188 2185 2130
1767 2 2 1 1 1215 2012 1516
1768 2 2 1 1 1223 1875 1232
1769 2 2 1 1 2396 2771 2755
1770 2 2 1 1 2559 2688 2603
1771 2 2 1 1 399 401 400
1772 2 2 1 1 408 421 418
1773 2 2 1 1 532 2243 1450
1774 2 2 1 1 2138 2165 616
1775 2 2 1 1 670 685 671
1776 2 2 1 1 790 1997 1015
1777 2 2 1 1 1167 2431 821
1778 2 2 1 1 884 887 886
1779 2 2 1 1 889 2480 957
1780 2 2 1 1 898 2389 892
1781 2 2 1 1 1077 2390 1287
1782 2 2 1 1 1104 1740 1739
1783 2 2 1 1 1389 1390 1155
1784 2 2 1 1 1429 2390 1185
1785 2 2 1 1 1410 1573 1221
1786 2 2 1 1 1449 2487 1301
1787 2 2 1 1 1326 1476 1422
1788 2 2 1 1 1428 1454 1453
1789 2 2 1 1 1597 1598 1446
1790 2 2 1 1 1458 1485 1457
1791 2 2 1 1 1472 1474 1473
1792 2 2 1 1 1505 1546 1544
1793 2 2 1 1 1590 1844 1832
1794 2 2 1 1 1651 1955 1824
1795 2 2 1 1 1685 2353 2244
1796 2 2 1 1 2251 2497 1708
1797 2 2 1 1 1714 2587 2126
1798 2 2 1 1 356 2223 358
1799 2 2 1 1 371 2173 368
1800 2 2 1 1 369 2321 375
1801 2 2 1 1 379 2174 2173
1802 2 2 1 1 386 2022 382
1803 2 2 1 1 439 1459 440
1804 2 2 1 1 440 2428 442
1805 2 2 1 1 799 2453 449
1806 2 2 1 1 525 2454 1444
1807 2 2 1 1 526 2249 540
1808 2 2 1 1 539 577 538
1809 2 2 1 1 577 681 680
1810 2 2 1 1 587 2069 608
1811 2 2 1 1 608 2071 633
1812 2 2 1 1 631 1043 638
1813 2 2 1 1 762 2280 2113
1814 2 2 1 1 777 778 776
1815 2 2 1 1 1059 1060 801
1816 2 2 1 1 803 1056 802
1817 2 2 1 1 811 1106 1105
1818 2 2 1 1 817 1137 1019
1819 2 2 1 1 2252 2550 818
1820 2 2 1 1 822 823 821
1821 2 2 1 1 911 951 940
1822 2 2 1 1 916 2075 1168
1823 2 2 1 1 917 1284 918
1824 2 2 1 1 930 1472 1199
1825 2 2 1 1 1043 2416 2090
1826 2 2 1 1 1328 1457 1055
1827 2 2 1 1 1056 1701 1700
1828 2 2 1 1 1059 1345 1060
1829 2 2 1 1 1130 2180 2120
1830 2 2 1 1 2120 2284 1130
1831 2 2 1 1 1371 1960 1253
1832 2 2 1 1 1655 1656 1256
1833 2 2 1 1 1983 1984 1294
1834 2 2 1 1 2577 2626 1311
1835 2 2 1 1 1339 1549 1338
1836 2 2 1 1 1338 2328 1340
1837 2 2 1 1 1340 2661 2658
1838 2 2 1 1 1404 2203 1406
1839 2 2 1 1 2369 2575 1415
1840 2 2 1 1 1441 1660 1421
1841 2 2 1 1 1444 2284 2268
1842 2 2 1 1 1457 2326 2325
1843 2 2 1 1 1498 2434 1477
1844 2 2 1 1 1487 2437 2424
1845 2 2 1 1 1605 1648 1542
1846 2 2 1 1 1560 2259 2257
1847 2 2 1 1 2076 2264 1690
1848 2 2 1 1 2242 2587 1714
1849 2 2 1 1 2179 2585 2225
1850 2 2 1 1 2394 2642 2501
1851 2 2 1 1 190 2194 267
1852 2 2 1 1 293 294 292
1853 2 2 1 1 376 379 371
1854 2 2 1 1 418 1131 403
1855 2 2 1 1 451 2356 418
1856 2 2 1 1 452 1042 425
1857 2 2 1 1 466 467 451
1858 2 2 1 1 460 2241 478
1859 2 2 1 1 464 475 463
1860 2 2 1 1 550 551 549
1861 2 2 1 1 613 641 625
1862 2 2 1 1 647 663 643
1863 2 2 1 1 781 938 675
1864 2 2 1 1 775 776 705
1865 2 2 1 1 2090 2589 712
1866 2 2 1 1 860 2108 864
1867 2 2 1 1 880 2498 873
1868 2 2 1 1 943 1058 1057
1869 2 2 1 1 1123 2368 950
1870 2 2 1 1 1213 1214 958
1871 2 2 1 1 1280 2539 1035
1872 2 2 1 1 1080 1081 1079
1873 2 2 1 1 1252 1375 1251
1874 2 2 1 1 1469 1519 1333
1875 2 2 1 1 1359 1579 1552
1876 2 2 1 1 1361 1667 1370
1877 2 2 1 1 1455 1599 1385
1878 2 2 1 1 1480 2357 2356
1879 2 2 1 1 1639 1640 1638
1880 2 2 1 1 1647 1903 1902
1881 2 2 1 1 1905 1912 1907
1882 2 2 1 1 2175 2229 2177
1883 2 2 1 1 2363 2708 2691
1884 2 2 1 1 9 2346 8
1885 2 2 1 1 385 1299 381
1886 2 2 1 1 390 2045 385
1887 2 2 1 1 405 406 390
1888 2 2 1 1 425 2380 416
1889 2 2 1 1 417 2509 428
1890 2 2 1 1 428 2241 460
1891 2 2 1 1 469 473 459
1892 2 2 1 1 596 929 578
1893 2 2 1 1 585 609 587
1894 2 2 1 1 607 1182 586
1895 2 2 1 1 605 2164 597
1896 2 2 1 1 599 2165 615
1897 2 2 1 1 609 2070 2069
1898 2 2 1 1 665 669 632
1899 2 2 1 1 649 2166 673
1900 2 2 1 1 672 709 656
1901 2 2 1 1 685 686 671
1902 2 2 1 1 673 1530 1034
1903 2 2 1 1 693 768 694
1904 2 2 1 1 1039 2467 694
1905 2 2 1 1 1668 2355 700
1906 2 2 1 1 905 2145 704
1907 2 2 1 1 709 1936 1499
1908 2 2 1 1 722 2518 720
1909 2 2 1 1 1300 2145 905
1910 2 2 1 1 914 2632 912
1911 2 2 1 1 1451 2387 923
1912 2 2 1 1 931 1933 932
1913 2 2 1 1 942 2292 1489
1914 2 2 1 1 962 1227 1129
1915 2 2 1 1 969 971 967
1916 2 2 1 1 1490 1491 988
1917 2 2 1 1 1147 1239 1011
1918 2 2 1 1 1034 1280 1035
1919 2 2 1 1 1040 2472 1039
1920 2 2 1 1 1047 2158 1046
1921 2 2 1 1 1048 1304 1050
1922 2 2 1 1 1068 1069 1067
1923 2 2 1 1 1071 2231 1069
1924 2 2 1 1 1070 1084 1072
1925 2 2 1 1 1072 1073 1071
1926 2 2 1 1 1072 2087 1074
1927 2 2 1 1 1074 2114 1076
1928 2 2 1 1 1076 1077 1075
1929 2 2 1 1 1080 2405 1085
1930 2 2 1 1 1090 1139 1088
1931 2 2 1 1 1367 2697 1097
1932 2 2 1 1 1253 1419 1109
1933 2 2 1 1 1127 2345 2078
1934 2 2 1 1 1140 1141 1139
1935 2 2 1 1 1238 1372 1146
1936 2 2 1 1 1189 1420 1255
1937 2 2 1 1 1198 1744 1281
1938 2 2 1 1 1201 1203 1202
1939 2 2 1 1 1235 1388 1378
1940 2 2 1 1 1373 2037 1239
1941 2 2 1 1 1278 1408 1277
1942 2 2 1 1 1514 2234 1278
1943 2 2 1 1 1982 1983 1294
1944 2 2 1 1 2045 2046 1299
1945 2 2 1 1 2049 2311 1300
1946 2 2 1 1 1359 1580 1579
1947 2 2 1 1 1361 1893 1667
1948 2 2 1 1 1627 1628 1367
1949 2 2 1 1 1386 1603 1387
1950 2 2 1 1 2363 2390 1429
1951 2 2 1 1 2422 2509 1451
1952 2 2 1 1 1691 2185 1471
1953 2 2 1 1 1478 2167 1515
1954 2 2 1 1 1496 2570 2403
1955 2 2 1 1 1499 2599 2580
1956 2 2 1 1 1572 1746 1550
1957 2 2 1 1 1594 1619 1618
1958 2 2 1 1 1764 1787 1604
1959 2 2 1 1 1648 1650 1649
1960 2 2 1 1 1708 2497 2392
1961 2 2 1 1 1855 2647 1853
1962 2 2 1 1 1884 1886 1885
1963 2 2 1 1 1888 1890 1887
1964 2 2 1 1 1914 2005 1982
1965 2 2 1 1 2001 2003 2002
1966 2 2 1 1 2046 2048 2047
1967 2 2 1 1 2366 2516 2083
1968 2 2 1 1 2580 2599 2164
1969 2 2 1 1 587 608 607
1970 2 2 1 1 633 666 665
1971 2 2 1 1 667 668 666
1972 2 2 1 1 670 2413 771
1973 2 2 1 1 779 781 675
1974 2 2 1 1 697 2768 2688
1975 2 2 1 1 771 1529 913
1976 2 2 1 1 824 826 825
1977 2 2 1 1 832 834 833
1978 2 2 1 1 2341 2342 880
1979 2 2 1 1 881 888 882
1980 2 2 1 1 2055 2527 903
1981 2 2 1 1 959 2558 2432
1982 2 2 1 1 1157 1158 1124
1983 2 2 1 1 1415 2184 1158
1984 2 2 1 1 1174 2520 1508
1985 2 2 1 1 1210 1219 1209
1986 2 2 1 1 1231 1607 1244
1987 2 2 1 1 1402 1842 1401
1988 2 2 1 1 1642 2062 1640
1989 2 2 1 1 2091 2621 1984
1990 2 2 1 1 42 2171 256
1991 2 2 1 1 93 221 92
1992 2 2 1 1 396 1200 394
1993 2 2 1 1 1459 2428 440
1994 2 2 1 1 442 444 443
1995 2 2 1 1 450 458 449
1996 2 2 1 1 453 471 454
1997 2 2 1 1 471 483 472
1998 2 2 1 1 483 504 484
1999 2 2 1 1 494 530 528
2000 2 2 1 1 1999 2000 522
2001 2 2 1 1 530 555 531
2002 2 2 1 1 532 1450 536
2003 2 2 1 1 555 584 556
2004 2 2 1 1 583 631 630
2005 2 2 1 1 772 910 584
2006 2 2 1 1 585 587 586
2007 2 2 1 1 631 638 637
2008 2 2 1 1 646 2528 662
2009 2 2 1 1 725 726 708
2010 2 2 1 1 1057 2610 710
2011 2 2 1 1 816 1944 754
2012 2 2 1 1 1311 2453 799
2013 2 2 1 1 839 841 840
2014 2 2 1 1 859 2630 1292
2015 2 2 1 1 883 2444 879
2016 2 2 1 1 1064 1174 910
2017 2 2 1 1 925 2705 2683
2018 2 2 1 1 936 2516 2366
2019 2 2 1 1 947 948 946
2020 2 2 1 1 949 950 948
2021 2 2 1 1 2312 2381 1042
2022 2 2 1 1 1058 2092 1250
2023 2 2 1 1 1314 1975 1064
2024 2 2 1 1 1087 2168 1479
2025 2 2 1 1 1277 2255 1120
2026 2 2 1 1 2284 2454 1130
2027 2 2 1 1 2083 2084 1182
2028 2 2 1 1 1310 2435 1218
2029 2 2 1 1 1232 1233 1228
2030 2 2 1 1 1242 1609 1230
2031 2 2 1 1 1261 1383 1260
2032 2 2 1 1 1313 1720 1483
2033 2 2 1 1 1884 1885 1355
2034 2 2 1 1 1384 1592 1591
2035 2 2 1 1 1478 1515 1514
2036 2 2 1 1 1517 2455 1518
2037 2 2 1 1 1624 1791 1625
2038 2 2 1 1 1645 1647 1646
2039 2 2 1 1 1967 2488 1968
2040 2 2 1 1 2601 2710 2375
2041 2 2 1 1 233 2346 9
2042 2 2 1 1 89 213 88
2043 2 2 1 1 221 2172 92
2044 2 2 1 1 122 205 121
2045 2 2 1 1 206 2143 170
2046 2 2 1 1 379 2173 371
2047 2 2 1 1 387 393 386
2048 2 2 1 1 399 688 401
2049 2 2 1 1 584 585 556
2050 2 2 1 1 910 2358 584
2051 2 2 1 1 596 1194 929
2052 2 2 1 1 795 936 703
2053 2 2 1 1 709 2573 1936
2054 2 2 1 1 730 985 788
2055 2 2 1 1 730 2402 985
2056 2 2 1 1 826 828 827
2057 2 2 1 1 849 1032 1031
2058 2 2 1 1 969 2183 971
2059 2 2 1 1 1489 1490 988
2060 2 2 1 1 1002 2073 1235
2061 2 2 1 1 1013 1110 1109
2062 2 2 1 1 1099 2327 1101
2063 2 2 1 1 1110 1253 1109
2064 2 2 1 1 2356 2357 1131
2065 2 2 1 1 2051 2471 1309
2066 2 2 1 1 1318 2486 2485
2067 2 2 1 1 1479 1756 1755
2068 2 2 1 1 1981 2234 1514
2069 2 2 1 1 2022 2134 2081
2070 2 2 1 1 2102 2103 2101
2071 2 2 1 1 225 2194 191
2072 2 2 1 1 293 295 294
2073 2 2 1 1 295 297 296
2074 2 2 1 1 297 299 298
2075 2 2 1 1 422 679 409
2076 2 2 1 1 427 2122 770
2077 2 2 1 1 471 472 454
2078 2 2 1 1 454 2347 2122
2079 2 2 1 1 471 2468 492
2080 2 2 1 1 483 484 472
2081 2 2 1 1 491 494 493
2082 2 2 1 1 494 528 527
2083 2 2 1 1 1694 1695 611
2084 2 2 1 1 657 2768 697
2085 2 2 1 1 1506 1895 724
2086 2 2 1 1 772 1313 1064
2087 2 2 1 1 959 2432 990
2088 2 2 1 1 978 979 977
2089 2 2 1 1 979 980 977
2090 2 2 1 1 979 981 980
2091 2 2 1 1 998 1096 1095
2092 2 2 1 1 1198 2324 1745
2093 2 2 1 1 1226 1572 1550
2094 2 2 1 1 1243 1926 1924
2095 2 2 1 1 1313 1483 1314
2096 2 2 1 1 1384 1591 1383
2097 2 2 1 1 1404 1406 1405
2098 2 2 1 1 1476 2631 2477
2099 2 2 1 1 1757 1758 1511
2100 2 2 1 1 1548 1743 1567
2101 2 2 1 1 1708 1709 1572
2102 2 2 1 1 1667 1867 1772
2103 2 2 1 1 2074 2418 1692
2104 2 2 1 1 2239 2519 2463
2105 2 2 1 1 10 2140 233
2106 2 2 1 1 207 2207 34
2107 2 2 1 1 44 222 43
2108 2 2 1 1 222 2171 43
2109 2 2 1 1 142 2204 141
2110 2 2 1 1 299 301 300
2111 2 2 1 1 301 303 302
2112 2 2 1 1 305 307 306
2113 2 2 1 1 311 313 312
2114 2 2 1 1 313 315 314
2115 2 2 1 1 349 2056 347
2116 2 2 1 1 354 366 349
2117 2 2 1 1 367 373 366
2118 2 2 1 1 383 2536 387
2119 2 2 1 1 400 413 398
2120 2 2 1 1 404 923 405
2121 2 2 1 1 407 417 416
2122 2 2 1 1 1042 2380 425
2123 2 2 1 1 426 453 427
2124 2 2 1 1 428 460 452
2125 2 2 1 1 460 477 461
2126 2 2 1 1 576 2350 489
2127 2 2 1 1 927 2489 628
2128 2 2 1 1 658 659 635
2129 2 2 1 1 2071 2413 667
2130 2 2 1 1 783 955 677
2131 2 2 1 1 1184 1506 724
2132 2 2 1 1 1348 2293 768
2133 2 2 1 1 782 998 997
2134 2 2 1 1 841 843 840
2135 2 2 1 1 878 881 879
2136 2 2 1 1 915 1046 914
2137 2 2 1 1 990 1099 1098
2138 2 2 1 1 1005 1007 1006
2139 2 2 1 1 1065 1066 1040
2140 2 2 1 1 1063 2296 1451
2141 2 2 1 1 1080 1082 1081
2142 2 2 1 1 1085 2405 1482
2143 2 2 1 1 1231 1244 1095
2144 2 2 1 1 1251 1357 1103
2145 2 2 1 1 1227 1407 1129
2146 2 2 1 1 1206 2064 1322
2147 2 2 1 1 1241 1608 1229
2148 2 2 1 1 1287 2390 2363
2149 2 2 1 1 1316 2664 1706
2150 2 2 1 1 1337 2148 1324
2151 2 2 1 1 1565 1570 1337
2152 2 2 1 1 1346 2299 1729
2153 2 2 1 1 1347 2833 2805
2154 2 2 1 1 1507 1535 1405
2155 2 2 1 1 1486 1687 1686
2156 2 2 1 1 1621 1801 1620
2157 2 2 1 1 1643 1644 1642
2158 2 2 1 1 2340 2444 2361
2159 2 2 1 1 2414 2415 2342
2160 2 2 1 1 40 214 39
2161 2 2 1 1 87 263 86
2162 2 2 1 1 171 206 170
2163 2 2 1 1 257 2218 2217
2164 2 2 1 1 1431 2044 282
2165 2 2 1 1 315 317 316
2166 2 2 1 1 496 532 519
2167 2 2 1 1 634 657 635
2168 2 2 1 1 691 763 762
2169 2 2 1 1 755 1521 813
2170 2 2 1 1 1104 1739 810
2171 2 2 1 1 811 1105 1104
2172 2 2 1 1 848 1094 849
2173 2 2 1 1 961 1128 905
2174 2 2 1 1 995 1093 1091
2175 2 2 1 1 998 1949 1425
2176 2 2 1 1 1025 1133 1132
2177 2 2 1 1 1093 1242 1230
2178 2 2 1 1 1099 1101 1100
2179 2 2 1 1 1112 2495 1152
2180 2 2 1 1 1140 2169 1188
2181 2 2 1 1 1245 2531 1369
2182 2 2 1 1 1252 1553 1376
2183 2 2 1 1 1368 1371 1253
2184 2 2 1 1 1656 1657 1256
2185 2 2 1 1 1458 1486 1485
2186 2 2 1 1 1487 2424 1485
2187 2 2 1 1 1486 1686 1487
2188 2 2 1 1 1524 1527 1526
2189 2 2 1 1 1749 1813 1534
2190 2 2 1 1 1637 1638 1636
2191 2 2 1 1 1698 2500 2109
2192 2 2 1 1 1869 1871 1870
2193 2 2 1 1 1881 2035 1879
2194 2 2 1 1 1912 1913 1907
2195 2 2 1 1 42 256 41
2196 2 2 1 1 95 268 94
2197 2 2 1 1 144 2263 143
2198 2 2 1 1 191 2194 190
2199 2 2 1 1 317 319 318
2200 2 2 1 1 319 321 320
2201 2 2 1 1 321 323 322
2202 2 2 1 1 323 325 324
2203 2 2 1 1 639 2386 323
2204 2 2 1 1 325 327 326
2205 2 2 1 1 327 345 328
2206 2 2 1 1 331 1461 329
2207 2 2 1 1 332 925 334
2208 2 2 1 1 335 521 333
2209 2 2 1 1 334 2303 336
2210 2 2 1 1 336 346 338
2211 2 2 1 1 338 2269 340
2212 2 2 1 1 342 2273 344
2213 2 2 1 1 346 2272 2269
2214 2 2 1 1 348 351 350
2215 2 2 1 1 351 353 352
2216 2 2 1 1 907 2195 352
2217 2 2 1 1 353 356 355
2218 2 2 1 1 909 2223 356
2219 2 2 1 1 360 362 361
2220 2 2 1 1 362 365 364
2221 2 2 1 1 366 2370 2056
2222 2 2 1 1 374 377 373
2223 2 2 1 1 378 382 377
2224 2 2 1 1 926 2462 380
2225 2 2 1 1 410 411 392
2226 2 2 1 1 394 2240 393
2227 2 2 1 1 423 424 420
2228 2 2 1 1 429 430 424
2229 2 2 1 1 434 436 435
2230 2 2 1 1 474 495 473
2231 2 2 1 1 496 518 495
2232 2 2 1 1 524 2249 526
2233 2 2 1 1 1430 1978 604
2234 2 2 1 1 698 699 659
2235 2 2 1 1 664 2211 755
2236 2 2 1 1 762 2113 690
2237 2 2 1 1 698 2558 959
2238 2 2 1 1 791 792 753
2239 2 2 1 1 921 2543 794
2240 2 2 1 1 834 835 833
2241 2 2 1 1 866 2325 867
2242 2 2 1 1 1125 2457 937
2243 2 2 1 1 1012 1149 986
2244 2 2 1 1 998 1425 1096
2245 2 2 1 1 1056 2253 1702
2246 2 2 1 1 1081 2297 1186
2247 2 2 1 1 1122 2254 1478
2248 2 2 1 1 1158 2184 1160
2249 2 2 1 1 1161 1329 1159
2250 2 2 1 1 1186 1441 1421
2251 2 2 1 1 1473 2256 1199
2252 2 2 1 1 1217 1310 1218
2253 2 2 1 1 1259 1261 1260
2254 2 2 1 1 1330 1732 1329
2255 2 2 1 1 1369 1771 1763
2256 2 2 1 1 1941 1973 1438
2257 2 2 1 1 1441 1916 1660
2258 2 2 1 1 1468 2250 2249
2259 2 2 1 1 1497 1498 1477
2260 2 2 1 1 1493 2649 1761
2261 2 2 1 1 1554 2151 1501
2262 2 2 1 1 1546 1548 1547
2263 2 2 1 1 1639 1641 1640
2264 2 2 1 1 1687 1940 1939
2265 2 2 1 1 2308 2471 1694
2266 2 2 1 1 1701 2259 1700
2267 2 2 1 1 1700 2385 2280
2268 2 2 1 1 2123 2568 2460
2269 2 2 1 1 12 2313 261
2270 2 2 1 1 143 2263 226
2271 2 2 1 1 358 359 357
2272 2 2 1 1 375 2321 926
2273 2 2 1 1 411 689 392
2274 2 2 1 1 432 2427 1126
2275 2 2 1 1 515 553 513
2276 2 2 1 1 526 539 538
2277 2 2 1 1 561 571 551
2278 2 2 1 1 577 1187 681
2279 2 2 1 1 1696 2305 611
2280 2 2 1 1 682 1130 680
2281 2 2 1 1 692 865 684
2282 2 2 1 1 930 941 803
2283 2 2 1 1 803 2253 1056
2284 2 2 1 1 940 2325 866
2285 2 2 1 1 2325 2326 867
2286 2 2 1 1 1054 1055 940
2287 2 2 1 1 951 1178 1135
2288 2 2 1 1 1156 1283 1000
2289 2 2 1 1 1340 2343 1135
2290 2 2 1 1 1189 1254 1142
2291 2 2 1 1 1149 2015 1362
2292 2 2 1 1 1151 2508 1150
2293 2 2 1 1 1162 1946 1398
2294 2 2 1 1 1241 1623 1608
2295 2 2 1 1 1328 1458 1457
2296 2 2 1 1 1339 1560 1549
2297 2 2 1 1 1524 1526 1525
2298 2 2 1 1 1617 1770 1606
2299 2 2 1 1 1633 1635 1634
2300 2 2 1 1 2259 2385 1700
2301 2 2 1 1 2651 2676 1721
2302 2 2 1 1 38 265 37
2303 2 2 1 1 120 2142 252
2304 2 2 1 1 162 2318 223
2305 2 2 1 1 257 2221 2218
2306 2 2 1 1 375 376 371
2307 2 2 1 1 1299 2236 381
2308 2 2 1 1 384 388 385
2309 2 2 1 1 388 404 390
2310 2 2 1 1 496 519 518
2311 2 2 1 1 549 1134 547
2312 2 2 1 1 661 2500 660
2313 2 2 1 1 676 782 677
2314 2 2 1 1 2225 2586 767
2315 2 2 1 1 767 2403 2352
2316 2 2 1 1 782 997 783
2317 2 2 1 1 893 2480 890
2318 2 2 1 1 891 898 892
2319 2 2 1 1 942 988 943
2320 2 2 1 1 1154 1401 1031
2321 2 2 1 1 1076 1078 1077
2322 2 2 1 1 1078 1080 1079
2323 2 2 1 1 1185 2390 1079
2324 2 2 1 1 1189 2130 1420
2325 2 2 1 1 1193 1262 1192
2326 2 2 1 1 1201 1714 1203
2327 2 2 1 1 1609 1616 1230
2328 2 2 1 1 2126 2330 1276
2329 2 2 1 1 1310 2600 2364
2330 2 2 1 1 1324 1531 1325
2331 2 2 1 1 1371 1962 1960
2332 2 2 1 1 1386 1782 1603
2333 2 2 1 1 1666 2187 1429
2334 2 2 1 1 1490 1492 1491
2335 2 2 1 1 1492 2690 1764
2336 2 2 1 1 1510 1584 1583
2337 2 2 1 1 2001 2004 2003
2338 2 2 1 1 22 2261 21
2339 2 2 1 1 46 258 45
2340 2 2 1 1 81 244 80
2341 2 2 1 1 136 269 135
2342 2 2 1 1 190 267 189
2343 2 2 1 1 384 385 381
2344 2 2 1 1 517 640 558
2345 2 2 1 1 698 959 784
2346 2 2 1 1 728 774 773
2347 2 2 1 1 759 787 786
2348 2 2 1 1 774 801 800
2349 2 2 1 1 2157 2802 805
2350 2 2 1 1 817 1018 816
2351 2 2 1 1 828 993 830
2352 2 2 1 1 860 864 858
2353 2 2 1 1 974 1016 862
2354 2 2 1 1 976 2502 1723
2355 2 2 1 1 1239 1240 1011
2356 2 2 1 1 2594 2643 1013
2357 2 2 1 1 1052 1224 1053
2358 2 2 1 1 1345 1346 1060
2359 2 2 1 1 1246 2107 1172
2360 2 2 1 1 1394 1418 1267
2361 2 2 1 1 1346 1728 1727
2362 2 2 1 1 1381 1798 1797
2363 2 2 1 1 1521 1523 1522
2364 2 2 1 1 1527 1612 1526
2365 2 2 1 1 1658 1856 1556
2366 2 2 1 1 1712 2260 1613
2367 2 2 1 1 1811 1812 1657
2368 2 2 1 1 1694 2051 1695
2369 2 2 1 1 1729 1730 1728
2370 2 2 1 1 2027 2029 2028
2371 2 2 1 1 67 218 66
2372 2 2 1 1 174 241 173
2373 2 2 1 1 480 2406 461
2374 2 2 1 1 498 516 497
2375 2 2 1 1 508 2179 564
2376 2 2 1 1 516 2162 1044
2377 2 2 1 1 533 2248 519
2378 2 2 1 1 588 594 552
2379 2 2 1 1 562 1440 560
2380 2 2 1 1 561 572 571
2381 2 2 1 1 581 2225 767
2382 2 2 1 1 600 2278 775
2383 2 2 1 1 1877 1969 626
2384 2 2 1 1 627 650 628
2385 2 2 1 1 650 674 651
2386 2 2 1 1 672 2637 709
2387 2 2 1 1 698 784 699
2388 2 2 1 1 727 805 728
2389 2 2 1 1 811 1104 810
2390 2 2 1 1 828 2020 993
2391 2 2 1 1 862 2108 860
2392 2 2 1 1 863 974 862
2393 2 2 1 1 2108 2567 864
2394 2 2 1 1 962 1581 1227
2395 2 2 1 1 1001 2024 974
2396 2 2 1 1 1265 1465 1026
2397 2 2 1 1 1401 2534 1031
2398 2 2 1 1 1269 1270 1118
2399 2 2 1 1 1205 1274 1206
2400 2 2 1 1 1391 1392 1332
2401 2 2 1 1 1361 1370 1360
2402 2 2 1 1 1791 1792 1625
2403 2 2 1 1 1629 1631 1630
2404 2 2 1 1 1647 1902 1646
2405 2 2 1 1 1679 2060 1678
2406 2 2 1 1 2572 2584 1719
2407 2 2 1 1 1959 2761 2507
2408 2 2 1 1 1970 2023 1969
2409 2 2 1 1 1999 2286 2001
2410 2 2 1 1 2139 2854 2849
2411 2 2 1 1 2154 2157 2152
2412 2 2 1 1 48 2094 231
2413 2 2 1 1 92 2172 91
2414 2 2 1 1 195 235 194
2415 2 2 1 1 564 581 580
2416 2 2 1 1 651 927 628
2417 2 2 1 1 963 2152 727
2418 2 2 1 1 742 2265 2252
2419 2 2 1 1 790 1014 812
2420 2 2 1 1 964 2394 806
2421 2 2 1 1 815 973 972
2422 2 2 1 1 915 2440 1048
2423 2 2 1 1 2176 2379 933
2424 2 2 1 1 973 2351 1111
2425 2 2 1 1 990 2432 1099
2426 2 2 1 1 1108 1156 1000
2427 2 2 1 1 1033 1672 1273
2428 2 2 1 1 1099 1100 1098
2429 2 2 1 1 1101 1196 1103
2430 2 2 1 1 1364 1411 1156
2431 2 2 1 1 1205 2126 1276
2432 2 2 1 1 1262 1395 1264
2433 2 2 1 1 1427 1449 1301
2434 2 2 1 1 1341 1722 1342
2435 2 2 1 1 1510 1583 1343
2436 2 2 1 1 1569 1578 1402
2437 2 2 1 1 1427 2077 1449
2438 2 2 1 1 1428 1690 1454
2439 2 2 1 1 2244 2353 1450
2440 2 2 1 1 1762 2571 1494
2441 2 2 1 1 1554 2557 2479
2442 2 2 1 1 1561 1820 1818
2443 2 2 1 1 2545 2703 1638
2444 2 2 1 1 1650 1862 1649
2445 2 2 1 1 1845 1847 1846
2446 2 2 1 1 2306 2482 2464
2447 2 2 1 1 63 227 62
2448 2 2 1 1 89 2098 213
2449 2 2 1 1 91 2172 255
2450 2 2 1 1 169 2143 253
2451 2 2 1 1 245 1509 279
2452 2 2 1 1 460 461 452
2453 2 2 1 1 477 479 461
2454 2 2 1 1 478 498 497
2455 2 2 1 1 640 2163 558
2456 2 2 1 1 707 708 618
2457 2 2 1 1 649 672 656
2458 2 2 1 1 775 1321 777
2459 2 2 1 1 2743 2753 780
2460 2 2 1 1 804 961 905
2461 2 2 1 1 824 825 823
2462 2 2 1 1 824 2566 992
2463 2 2 1 1 826 827 825
2464 2 2 1 1 859 1292 861
2465 2 2 1 1 861 862 860
2466 2 2 1 1 863 976 975
2467 2 2 1 1 1063 1451 923
2468 2 2 1 1 1198 1281 961
2469 2 2 1 1 966 1352 964
2470 2 2 1 1 965 968 967
2471 2 2 1 1 971 2458 967
2472 2 2 1 1 973 1010 1009
2473 2 2 1 1 1419 2015 1109
2474 2 2 1 1 1168 2075 1428
2475 2 2 1 1 2267 2295 1247
2476 2 2 1 1 1344 2515 1586
2477 2 2 1 1 1366 1610 1367
2478 2 2 1 1 1564 1606 1368
2479 2 2 1 1 1453 2077 1427
2480 2 2 1 1 1524 2601 1527
2481 2 2 1 1 1689 1901 1545
2482 2 2 1 1 1942 2697 1628
2483 2 2 1 1 1662 1894 1661
2484 2 2 1 1 1669 1971 1747
2485 2 2 1 1 1757 1765 1758
2486 2 2 1 1 1871 1873 1872
2487 2 2 1 1 14 2216 228
2488 2 2 1 1 257 2216 15
2489 2 2 1 1 18 217 17
2490 2 2 1 1 21 2261 2141
2491 2 2 1 1 32 242 31
2492 2 2 1 1 35 207 34
2493 2 2 1 1 48 231 47
2494 2 2 1 1 60 236 59
2495 2 2 1 1 69 262 68
2496 2 2 1 1 143 226 142
2497 2 2 1 1 153 277 152
2498 2 2 1 1 158 230 157
2499 2 2 1 1 162 223 161
2500 2 2 1 1 164 266 163
2501 2 2 1 1 166 215 165
2502 2 2 1 1 177 204 176
2503 2 2 1 1 183 212 182
2504 2 2 1 1 185 260 184
2505 2 2 1 1 188 220 187
2506 2 2 1 1 200 275 199
2507 2 2 1 1 257 2217 2216
2508 2 2 1 1 440 441 438
2509 2 2 1 1 444 2452 445
2510 2 2 1 1 446 1127 448
2511 2 2 1 1 449 2453 447
2512 2 2 1 1 450 468 459
2513 2 2 1 1 459 2089 458
2514 2 2 1 1 1436 2043 554
2515 2 2 1 1 610 611 574
2516 2 2 1 1 620 621 604
2517 2 2 1 1 631 2304 1043
2518 2 2 1 1 638 652 637
2519 2 2 1 1 660 1698 853
2520 2 2 1 1 706 807 806
2521 2 2 1 1 774 2339 1059
2522 2 2 1 1 1060 2281 801
2523 2 2 1 1 830 2544 832
2524 2 2 1 1 878 2227 885
2525 2 2 1 1 1149 1172 986
2526 2 2 1 1 1111 1112 1010
2527 2 2 1 1 1133 1317 1316
2528 2 2 1 1 1149 1362 1245
2529 2 2 1 1 1344 1413 1166
2530 2 2 1 1 1245 1246 1172
2531 2 2 1 1 1202 2577 1311
2532 2 2 1 1 1674 2411 1273
2533 2 2 1 1 1319 1320 1317
2534 2 2 1 1 1320 1391 1332
2535 2 2 1 1 1433 2021 1432
2536 2 2 1 1 1432 2579 2322
2537 2 2 1 1 1447 1597 1446
2538 2 2 1 1 1685 2224 1453
2539 2 2 1 1 2443 2456 1495
2540 2 2 1 1 1612 1934 1526
2541 2 2 1 1 1539 1541 1540
2542 2 2 1 1 1546 1547 1544
2543 2 2 1 1 1575 1661 1574
2544 2 2 1 1 2075 2076 1690
2545 2 2 1 1 2174 2504 2230
2546 2 2 1 1 2474 2478 2211
2547 2 2 1 1 2618 2694 2215
2548 2 2 1 1 14 228 13
2549 2 2 1 1 43 2171 42
2550 2 2 1 1 72 211 71
2551 2 2 1 1 75 237 74
2552 2 2 1 1 78 203 77
2553 2 2 1 1 269 2371 135
2554 2 2 1 1 367 2365 374
2555 2 2 1 1 406 2045 390
2556 2 2 1 1 417 428 425
2557 2 2 1 1 479 1462 485
2558 2 2 1 1 506 534 505
2559 2 2 1 1 537 1432 510
2560 2 2 1 1 511 2322 515
2561 2 2 1 1 535 566 534
2562 2 2 1 1 537 1433 1432
2563 2 2 1 1 579 596 578
2564 2 2 1 1 588 2278 600
2565 2 2 1 1 597 2164 596
2566 2 2 1 1 599 605 597
2567 2 2 1 1 598 2251 1226
2568 2 2 1 1 615 624 605
2569 2 2 1 1 693 694 679
2570 2 2 1 1 784 785 699
2571 2 2 1 1 775 777 776
2572 2 2 1 1 777 790 778
2573 2 2 1 1 808 2421 1445
2574 2 2 1 1 849 1031 847
2575 2 2 1 1 863 975 974
2576 2 2 1 1 963 2642 2153
2577 2 2 1 1 970 994 969
2578 2 2 1 1 976 978 977
2579 2 2 1 1 992 2639 2020
2580 2 2 1 1 995 1091 994
2581 2 2 1 1 1349 1350 1063
2582 2 2 1 1 1089 1437 1288
2583 2 2 1 1 1096 1231 1095
2584 2 2 1 1 1098 1366 1097
2585 2 2 1 1 1407 1993 1129
2586 2 2 1 1 1141 1381 1380
2587 2 2 1 1 1333 1334 1237
2588 2 2 1 1 1293 1669 1348
2589 2 2 1 1 1984 2560 1294
2590 2 2 1 1 1300 2311 2310
2591 2 2 1 1 1476 1477 1422
2592 2 2 1 1 1496 1497 1477
2593 2 2 1 1 2403 2586 1497
2594 2 2 1 1 1901 2042 1545
2595 2 2 1 1 1710 1711 1613
2596 2 2 1 1 2324 2597 1745
2597 2 2 1 1 2006 2009 2008
2598 2 2 1 1 2658 2661 2271
2599 2 2 1 1 21 2141 20
2600 2 2 1 1 209 2261 22
2601 2 2 1 1 24 2287 23
2602 2 2 1 1 81 2354 244
2603 2 2 1 1 158 2208 230
2604 2 2 1 1 289 290 288
2605 2 2 1 1 356 358 357
2606 2 2 1 1 485 508 503
2607 2 2 1 1 486 499 487
2608 2 2 1 1 499 510 500
2609 2 2 1 1 499 537 510
2610 2 2 1 1 511 512 500
2611 2 2 1 1 511 515 513
2612 2 2 1 1 513 514 512
2613 2 2 1 1 515 554 553
2614 2 2 1 1 2305 2537 553
2615 2 2 1 1 554 575 574
2616 2 2 1 1 641 2474 625
2617 2 2 1 1 634 678 657
2618 2 2 1 1 662 1184 724
2619 2 2 1 1 695 942 710
2620 2 2 1 1 712 713 696
2621 2 2 1 1 715 1175 714
2622 2 2 1 1 716 717 715
2623 2 2 1 1 718 719 717
2624 2 2 1 1 719 720 717
2625 2 2 1 1 719 721 720
2626 2 2 1 1 721 722 720
2627 2 2 1 1 721 723 722
2628 2 2 1 1 752 791 753
2629 2 2 1 1 1315 2181 773
2630 2 2 1 1 783 956 955
2631 2 2 1 1 790 1015 1014
2632 2 2 1 1 791 1020 792
2633 2 2 1 1 993 2544 830
2634 2 2 1 1 859 861 860
2635 2 2 1 1 872 873 871
2636 2 2 1 1 894 896 895
2637 2 2 1 1 931 2418 1933
2638 2 2 1 1 954 1028 953
2639 2 2 1 1 978 2124 979
2640 2 2 1 1 1723 1724 978
2641 2 2 1 1 985 1147 1011
2642 2 2 1 1 1041 2399 1005
2643 2 2 1 1 1456 2073 1006
2644 2 2 1 1 1445 1446 1008
2645 2 2 1 1 1145 1237 1236
2646 2 2 1 1 1163 1946 1162
2647 2 2 1 1 2764 2774 1197
2648 2 2 1 1 1232 1379 1233
2649 2 2 1 1 1286 1455 1385
2650 2 2 1 1 1293 1670 1669
2651 2 2 1 1 1365 1611 1364
2652 2 2 1 1 1388 2193 2192
2653 2 2 1 1 1395 1651 1396
2654 2 2 1 1 1651 1824 1396
2655 2 2 1 1 1403 1654 1404
2656 2 2 1 1 1654 2203 1404
2657 2 2 1 1 2198 2310 1442
2658 2 2 1 1 1489 1538 1490
2659 2 2 1 1 1666 2294 2196
2660 2 2 1 1 2174 2175 2173
2661 2 2 1 1 2667 2698 2348
2662 2 2 1 1 20 264 19
2663 2 2 1 1 67 2314 218
2664 2 2 1 1 369 375 371
2665 2 2 1 1 417 425 416
2666 2 2 1 1 476 489 488
2667 2 2 1 1 481 906 486
2668 2 2 1 1 906 2549 486
2669 2 2 1 1 512 2349 500
2670 2 2 1 1 508 563 552
2671 2 2 1 1 514 868 512
2672 2 2 1 1 550 560 551
2673 2 2 1 1 571 2135 551
2674 2 2 1 1 594 2198 552
2675 2 2 1 1 560 2337 561
2676 2 2 1 1 561 589 572
2677 2 2 1 1 611 2305 574
2678 2 2 1 1 579 2251 598
2679 2 2 1 1 598 1226 616
2680 2 2 1 1 600 775 705
2681 2 2 1 1 603 620 604
2682 2 2 1 1 615 648 624
2683 2 2 1 1 656 2580 624
2684 2 2 1 1 962 1129 648
2685 2 2 1 1 676 677 661
2686 2 2 1 1 662 724 676
2687 2 2 1 1 725 963 727
2688 2 2 1 1 756 757 751
2689 2 2 1 1 2538 2593 760
2690 2 2 1 1 932 953 765
2691 2 2 1 1 801 935 800
2692 2 2 1 1 800 2410 1315
2693 2 2 1 1 1967 1968 820
2694 2 2 1 1 992 2020 826
2695 2 2 1 1 844 847 846
2696 2 2 1 1 844 2590 848
2697 2 2 1 1 882 884 883
2698 2 2 1 1 924 1463 1306
2699 2 2 1 1 1352 2394 964
2700 2 2 1 1 979 2124 984
2701 2 2 1 1 982 2618 980
2702 2 2 1 1 1138 1904 1017
2703 2 2 1 1 1035 1037 1036
2704 2 2 1 1 1037 1238 1146
2705 2 2 1 1 1346 1727 1060
2706 2 2 1 1 1162 1398 1165
2707 2 2 1 1 1274 1275 1206
2708 2 2 1 1 1573 1574 1221
2709 2 2 1 1 1228 2419 1577
2710 2 2 1 1 1885 1986 1355
2711 2 2 1 1 1371 1963 1962
2712 2 2 1 1 1378 1757 1511
2713 2 2 1 1 1392 1816 1585
2714 2 2 1 1 1430 1979 1978
2715 2 2 1 1 1532 2561 2132
2716 2 2 1 1 1648 1649 1542
2717 2 2 1 1 1559 1589 1576
2718 2 2 1 1 1608 1767 1615
2719 2 2 1 1 1619 1621 1620
2720 2 2 1 1 1705 2699 1644
2721 2 2 1 1 2253 2360 1702
2722 2 2 1 1 2585 2675 1707
2723 2 2 1 1 1735 2720 2510
2724 2 2 1 1 2187 2708 2363
2725 2 2 1 1 2239 2463 2240
2726 2 2 1 1 23 209 22
2727 2 2 1 1 26 239 25
2728 2 2 1 1 29 202 28
2729 2 2 1 1 40 2159 214
2730 2 2 1 1 55 274 54
2731 2 2 1 1 131 2332 240
2732 2 2 1 1 192 225 191
2733 2 2 1 1 288 820 286
2734 2 2 1 1 295 296 294
2735 2 2 1 1 303 304 302
2736 2 2 1 1 307 308 306
2737 2 2 1 1 309 310 308
2738 2 2 1 1 354 1918 367
2739 2 2 1 1 413 2237 398
2740 2 2 1 1 405 2387 407
2741 2 2 1 1 1977 2077 470
2742 2 2 1 1 478 2241 1312
2743 2 2 1 1 2349 2429 487
2744 2 2 1 1 1134 2323 547
2745 2 2 1 1 575 612 610
2746 2 2 1 1 589 626 590
2747 2 2 1 1 589 2337 1153
2748 2 2 1 1 619 627 593
2749 2 2 1 1 1695 1696 611
2750 2 2 1 1 629 2146 627
2751 2 2 1 1 646 661 660
2752 2 2 1 1 646 662 661
2753 2 2 1 1 649 673 672
2754 2 2 1 1 677 2500 661
2755 2 2 1 1 673 1034 711
2756 2 2 1 1 691 2200 763
2757 2 2 1 1 765 2530 701
2758 2 2 1 1 741 2651 2057
2759 2 2 1 1 786 2569 758
2760 2 2 1 1 764 1692 931
2761 2 2 1 1 769 1040 1039
2762 2 2 1 1 808 1008 786
2763 2 2 1 1 854 1017 789
2764 2 2 1 1 817 1019 1018
2765 2 2 1 1 818 2550 1033
2766 2 2 1 1 834 836 835
2767 2 2 1 1 836 838 835
2768 2 2 1 1 839 840 838
2769 2 2 1 1 854 2529 1693
2770 2 2 1 1 857 859 858
2771 2 2 1 1 869 2464 872
2772 2 2 1 1 881 882 879
2773 2 2 1 1 965 967 966
2774 2 2 1 1 966 2458 1353
2775 2 2 1 1 968 969 967
2776 2 2 1 1 1066 1068 1067
2777 2 2 1 1 1070 1072 1071
2778 2 2 1 1 1084 2087 1072
2779 2 2 1 1 1102 1229 1100
2780 2 2 1 1 1198 1745 1744
2781 2 2 1 1 1472 1473 1199
2782 2 2 1 1 1203 1204 1202
2783 2 2 1 1 1714 2126 1203
2784 2 2 1 1 1255 1361 1360
2785 2 2 1 1 1258 1561 1393
2786 2 2 1 1 1398 1833 1399
2787 2 2 1 1 1474 1512 1473
2788 2 2 1 1 1512 1719 1718
2789 2 2 1 1 1526 1595 1525
2790 2 2 1 1 1600 1602 1601
2791 2 2 1 1 1655 1878 1874
2792 2 2 1 1 1695 1697 1696
2793 2 2 1 1 1697 2481 1696
2794 2 2 1 1 1696 2306 2305
2795 2 2 1 1 1716 2731 2652
2796 2 2 1 1 1743 2756 2726
2797 2 2 1 1 2492 2499 2429
2798 2 2 1 1 20 2141 264
2799 2 2 1 1 198 248 197
2800 2 2 1 1 245 279 278
2801 2 2 1 1 292 654 290
2802 2 2 1 1 366 2056 349
2803 2 2 1 1 358 360 359
2804 2 2 1 1 411 2275 689
2805 2 2 1 1 1126 2053 434
2806 2 2 1 1 466 481 467
2807 2 2 1 1 478 1312 498
2808 2 2 1 1 518 522 495
2809 2 2 1 1 511 513 512
2810 2 2 1 1 526 540 539
2811 2 2 1 1 537 1500 1433
2812 2 2 1 1 577 680 538
2813 2 2 1 1 1153 1876 626
2814 2 2 1 1 650 651 628
2815 2 2 1 1 674 675 651
2816 2 2 1 1 669 2366 2082
2817 2 2 1 1 674 780 779
2818 2 2 1 1 782 783 677
2819 2 2 1 1 681 682 680
2820 2 2 1 1 682 2180 1130
2821 2 2 1 1 683 2279 691
2822 2 2 1 1 690 692 684
2823 2 2 1 1 692 866 865
2824 2 2 1 1 706 806 707
2825 2 2 1 1 733 2443 736
2826 2 2 1 1 750 789 748
2827 2 2 1 1 766 817 816
2828 2 2 1 1 780 811 810
2829 2 2 1 1 1056 1700 802
2830 2 2 1 1 841 2590 844
2831 2 2 1 1 855 857 856
2832 2 2 1 1 859 860 858
2833 2 2 1 1 867 2326 1435
2834 2 2 1 1 892 894 893
2835 2 2 1 1 900 902 901
2836 2 2 1 1 902 1741 1351
2837 2 2 1 1 911 2113 2086
2838 2 2 1 1 930 1199 941
2839 2 2 1 1 951 1054 940
2840 2 2 1 1 1336 2253 941
2841 2 2 1 1 951 2086 1178
2842 2 2 1 1 956 986 955
2843 2 2 1 1 963 2153 2152
2844 2 2 1 1 968 970 969
2845 2 2 1 1 970 995 994
2846 2 2 1 1 984 2606 2552
2847 2 2 1 1 1054 1327 1055
2848 2 2 1 1 1457 2325 1055
2849 2 2 1 1 1096 1243 1231
2850 2 2 1 1 1338 1340 1135
2851 2 2 1 1 1199 2256 1335
2852 2 2 1 1 1341 1342 1242
2853 2 2 1 1 1328 1536 1458
2854 2 2 1 1 1549 2328 1338
2855 2 2 1 1 1339 2259 1560
2856 2 2 1 1 1365 1626 1611
2857 2 2 1 1 1416 2184 1881
2858 2 2 1 1 1485 2326 1457
2859 2 2 1 1 1688 2437 1487
2860 2 2 1 1 2190 2750 1567
2861 2 2 1 1 1631 1632 1630
2862 2 2 1 1 1687 1939 1686
2863 2 2 1 1 1702 2360 1704
2864 2 2 1 1 1733 2447 2344
2865 2 2 1 1 1812 1869 1868
2866 2 2 1 1 2409 2655 2408
2867 2 2 1 1 10 233 9
2868 2 2 1 1 23 2287 209
2869 2 2 1 1 141 2204 273
2870 2 2 1 1 284 1431 282
2871 2 2 1 1 285 960 287
2872 2 2 1 1 289 729 291
2873 2 2 1 1 319 320 318
2874 2 2 1 1 330 332 331
2875 2 2 1 1 336 338 337
2876 2 2 1 1 338 340 339
2877 2 2 1 1 908 2273 342
2878 2 2 1 1 351 352 350
2879 2 2 1 1 353 355 352
2880 2 2 1 1 353 2490 909
2881 2 2 1 1 358 2223 529
2882 2 2 1 1 360 361 359
2883 2 2 1 1 362 364 361
2884 2 2 1 1 373 2370 366
2885 2 2 1 1 377 687 373
2886 2 2 1 1 1480 2356 467
2887 2 2 1 1 481 2475 906
2888 2 2 1 1 486 2549 499
2889 2 2 1 1 507 2777 2613
2890 2 2 1 1 562 1555 1440
2891 2 2 1 1 583 603 565
2892 2 2 1 1 623 645 622
2893 2 2 1 1 625 647 643
2894 2 2 1 1 646 660 645
2895 2 2 1 1 660 853 645
2896 2 2 1 1 657 697 658
2897 2 2 1 1 701 796 700
2898 2 2 1 1 702 903 794
2899 2 2 1 1 749 756 751
2900 2 2 1 1 755 766 754
2901 2 2 1 1 787 814 809
2902 2 2 1 1 814 1026 815
2903 2 2 1 1 853 2182 2096
2904 2 2 1 1 871 924 870
2905 2 2 1 1 873 2498 871
2906 2 2 1 1 872 2482 874
2907 2 2 1 1 875 880 873
2908 2 2 1 1 2227 2512 885
2909 2 2 1 1 1302 2541 919
2910 2 2 1 1 924 1306 1305
2911 2 2 1 1 945 946 944
2912 2 2 1 1 999 1108 1000
2913 2 2 1 1 1019 1151 1150
2914 2 2 1 1 1023 1024 1022
2915 2 2 1 1 1023 1998 1257
2916 2 2 1 1 1024 2485 1309
2917 2 2 1 1 1056 1702 1701
2918 2 2 1 1 1152 2588 1114
2919 2 2 1 1 1133 1316 1132
2920 2 2 1 1 1318 2485 1132
2921 2 2 1 1 1133 2228 1319
2922 2 2 1 1 1145 1236 1144
2923 2 2 1 1 1236 2006 1144
2924 2 2 1 1 1149 1245 1172
2925 2 2 1 1 1158 1160 1159
2926 2 2 1 1 1160 1303 1161
2927 2 2 1 1 1221 2074 1173
2928 2 2 1 1 1177 2359 2227
2929 2 2 1 1 1721 2676 1180
2930 2 2 1 1 1186 1421 1417
2931 2 2 1 1 1189 1255 1254
2932 2 2 1 1 2238 2239 1200
2933 2 2 1 1 1245 1369 1246
2934 2 2 1 1 1362 2531 1245
2935 2 2 1 1 1408 1460 1277
2936 2 2 1 1 1463 1464 1306
2937 2 2 1 1 1316 1706 1318
2938 2 2 1 1 1320 1331 1317
2939 2 2 1 1 1732 1733 1329
2940 2 2 1 1 1343 2515 1344
2941 2 2 1 1 1377 1794 1375
2942 2 2 1 1 1406 1507 1405
2943 2 2 1 1 2429 2499 1480
2944 2 2 1 1 1494 2571 2125
2945 2 2 1 1 1505 2606 1546
2946 2 2 1 1 1879 1880 1517
2947 2 2 1 1 1595 1596 1525
2948 2 2 1 1 1948 2561 1532
2949 2 2 1 1 1567 2750 1547
2950 2 2 1 1 1553 1751 1750
2951 2 2 1 1 1559 1827 1589
2952 2 2 1 1 1694 2471 2051
2953 2 2 1 1 1697 2486 2433
2954 2 2 1 1 1858 2575 2369
2955 2 2 1 1 2022 2081 2080
2956 2 2 1 1 2134 2510 2081
2957 2 2 1 1 2113 2280 2086
2958 2 2 1 1 2271 2274 2273
2959 2 2 1 1 2707 2790 2299
2960 2 2 1 1 57 251 56
2961 2 2 1 1 295 642 297
2962 2 2 1 1 361 2379 363
2963 2 2 1 1 384 2462 389
2964 2 2 1 1 408 418 403
2965 2 2 1 1 550 562 560
2966 2 2 1 1 564 580 563
2967 2 2 1 1 581 767 602
2968 2 2 1 1 855 856 641
2969 2 2 1 1 647 664 663
2970 2 2 1 1 664 754 752
2971 2 2 1 1 686 700 671
2972 2 2 1 1 723 2091 732
2973 2 2 1 1 747 2058 749
2974 2 2 1 1 771 913 912
2975 2 2 1 1 827 1282 825
2976 2 2 1 1 832 833 831
2977 2 2 1 1 878 885 881
2978 2 2 1 1 958 2484 897
2979 2 2 1 1 1173 2632 914
2980 2 2 1 1 1002 1148 982
2981 2 2 1 1 1019 1150 1018
2982 2 2 1 1 1146 1551 1036
2983 2 2 1 1 1082 2297 1081
2984 2 2 1 1 1150 2508 1389
2985 2 2 1 1 1181 1210 1209
2986 2 2 1 1 1205 1276 1274
2987 2 2 1 1 1211 2420 1717
2988 2 2 1 1 1358 1359 1219
2989 2 2 1 1 1268 1394 1267
2990 2 2 1 1 1404 1405 1275
2991 2 2 1 1 2064 2065 1322
2992 2 2 1 1 1374 1759 1373
2993 2 2 1 1 2342 2415 1463
2994 2 2 1 1 1463 2498 2342
2995 2 2 1 1 1595 1783 1596
2996 2 2 1 1 2057 2651 1721
2997 2 2 1 1 8 271 7
2998 2 2 1 1 64 2150 63
2999 2 2 1 1 65 254 64
3000 2 2 1 1 255 2098 90
3001 2 2 1 1 131 240 130
3002 2 2 1 1 226 2204 142
3003 2 2 1 1 216 2317 2316
3004 2 2 1 1 302 920 300
3005 2 2 1 1 306 412 304
3006 2 2 1 1 308 2079 306
3007 2 2 1 1 307 509 309
3008 2 2 1 1 310 1119 308
3009 2 2 1 1 312 2372 310
3010 2 2 1 1 311 852 313
3011 2 2 1 1 314 372 312
3012 2 2 1 1 313 2235 315
3013 2 2 1 1 340 341 339
3014 2 2 1 1 342 343 341
3015 2 2 1 1 348 349 347
3016 2 2 1 1 347 2056 1183
3017 2 2 1 1 1918 2365 367
3018 2 2 1 1 374 617 378
3019 2 2 1 1 388 390 385
3020 2 2 1 1 399 400 398
3021 2 2 1 1 401 403 400
3022 2 2 1 1 421 455 451
3023 2 2 1 1 463 2178 455
3024 2 2 1 1 468 469 459
3025 2 2 1 1 468 2335 1977
3026 2 2 1 1 470 2014 469
3027 2 2 1 1 469 474 473
3028 2 2 1 1 474 496 495
3029 2 2 1 1 2014 2243 474
3030 2 2 1 1 528 2307 568
3031 2 2 1 1 540 1045 542
3032 2 2 1 1 543 2123 541
3033 2 2 1 1 545 569 543
3034 2 2 1 1 561 2337 589
3035 2 2 1 1 589 1153 626
3036 2 2 1 1 592 618 591
3037 2 2 1 1 591 2409 2408
3038 2 2 1 1 622 636 601
3039 2 2 1 1 602 623 622
3040 2 2 1 1 621 2430 1430
3041 2 2 1 1 633 665 632
3042 2 2 1 1 658 2558 698
3043 2 2 1 1 668 1671 666
3044 2 2 1 1 667 2413 670
3045 2 2 1 1 671 2355 668
3046 2 2 1 1 686 764 701
3047 2 2 1 1 691 2279 2200
3048 2 2 1 1 796 1668 700
3049 2 2 1 1 1034 1035 711
3050 2 2 1 1 736 738 737
3051 2 2 1 1 738 2265 739
3052 2 2 1 1 952 1169 738
3053 2 2 1 1 739 742 741
3054 2 2 1 1 742 744 743
3055 2 2 1 1 744 760 745
3056 2 2 1 1 759 2646 2420
3057 2 2 1 1 763 802 762
3058 2 2 1 1 1202 1311 799
3059 2 2 1 1 1033 1117 819
3060 2 2 1 1 874 876 875
3061 2 2 1 1 877 2340 875
3062 2 2 1 1 879 2444 877
3063 2 2 1 1 882 883 879
3064 2 2 1 1 888 2396 2395
3065 2 2 1 1 2271 2273 908
3066 2 2 1 1 913 915 914
3067 2 2 1 1 922 1271 921
3068 2 2 1 1 922 2527 1295
3069 2 2 1 1 1121 1123 950
3070 2 2 1 1 970 1190 995
3071 2 2 1 1 983 1004 1003
3072 2 2 1 1 1144 1247 1014
3073 2 2 1 1 1020 1655 1256
3074 2 2 1 1 1032 1154 1031
3075 2 2 1 1 1033 2550 1672
3076 2 2 1 1 2249 2250 1045
3077 2 2 1 1 1058 1223 1222
3078 2 2 1 1 1069 2231 1291
3079 2 2 1 1 1074 1075 1073
3080 2 2 1 1 1493 1494 1086
3081 2 2 1 1 1539 1540 1094
3082 2 2 1 1 1101 1102 1100
3083 2 2 1 1 2351 2540 1111
3084 2 2 1 1 1273 2411 1117
3085 2 2 1 1 1121 2255 1157
3086 2 2 1 1 1124 2344 1123
3087 2 2 1 1 1158 1159 1124
3088 2 2 1 1 1127 2428 2345
3089 2 2 1 1 1147 1374 1373
3090 2 2 1 1 1157 2369 1415
3091 2 2 1 1 1168 1428 1427
3092 2 2 1 1 1170 1171 1169
3093 2 2 1 1 1171 2384 1676
3094 2 2 1 1 1179 2190 2178
3095 2 2 1 1 1262 1264 1192
3096 2 2 1 1 1203 2126 1205
3097 2 2 1 1 1206 1322 1204
3098 2 2 1 1 1258 1393 1259
3099 2 2 1 1 1265 1466 1465
3100 2 2 1 1 1269 1397 1270
3101 2 2 1 1 1270 2068 1308
3102 2 2 1 1 1272 1423 1271
3103 2 2 1 1 1403 1404 1275
3104 2 2 1 1 1295 2232 1956
3105 2 2 1 1 1678 1684 1307
3106 2 2 1 1 1308 1680 1679
3107 2 2 1 1 2241 2422 1312
3108 2 2 1 1 2410 2607 1315
3109 2 2 1 1 1561 1818 1393
3110 2 2 1 1 1409 1837 1397
3111 2 2 1 1 1416 1881 1879
3112 2 2 1 1 1965 2015 1419
3113 2 2 1 1 1423 1841 1424
3114 2 2 1 1 1454 2416 1685
3115 2 2 1 1 1464 1554 1501
3116 2 2 1 1 1466 1652 1467
3117 2 2 1 1 1938 2182 1469
3118 2 2 1 1 2200 2459 1472
3119 2 2 1 1 1476 1496 1477
3120 2 2 1 1 1486 2436 1687
3121 2 2 1 1 1686 1688 1487
3122 2 2 1 1 1536 2692 2677
3123 2 2 1 1 1594 1823 1619
3124 2 2 1 1 1609 1768 1616
3125 2 2 1 1 1801 1804 1620
3126 2 2 1 1 1633 1634 1632
3127 2 2 1 1 1643 1645 1644
3128 2 2 1 1 1825 1835 1652
3129 2 2 1 1 1655 1874 1656
3130 2 2 1 1 2362 2748 1675
3131 2 2 1 1 2252 2265 1676
3132 2 2 1 1 1680 1829 1681
3133 2 2 1 1 1780 2039 1966
3134 2 2 1 1 1837 1882 1838
3135 2 2 1 1 1926 1927 1924
3136 2 2 1 1 2028 2030 2026
3137 2 2 1 1 2065 2067 2066
3138 2 2 1 1 2066 2714 2626
3139 2 2 1 1 2071 2438 2413
3140 2 2 1 1 8 2346 271
3141 2 2 1 1 39 2170 38
3142 2 2 1 1 320 595 318
3143 2 2 1 1 321 639 323
3144 2 2 1 1 324 928 322
3145 2 2 1 1 326 2302 324
3146 2 2 1 1 328 329 326
3147 2 2 1 1 327 391 345
3148 2 2 1 1 332 333 331
3149 2 2 1 1 334 335 333
3150 2 2 1 1 336 337 335
3151 2 2 1 1 336 2303 346
3152 2 2 1 1 338 339 337
3153 2 2 1 1 340 2269 908
3154 2 2 1 1 350 354 349
3155 2 2 1 1 355 907 352
3156 2 2 1 1 353 909 356
3157 2 2 1 1 359 2196 357
3158 2 2 1 1 358 529 360
3159 2 2 1 1 365 370 369
3160 2 2 1 1 687 2370 373
3161 2 2 1 1 374 378 377
3162 2 2 1 1 382 2080 377
3163 2 2 1 1 378 383 382
3164 2 2 1 1 2022 2080 382
3165 2 2 1 1 383 387 386
3166 2 2 1 1 402 2022 386
3167 2 2 1 1 387 394 393
3168 2 2 1 1 391 410 392
3169 2 2 1 1 393 2240 414
3170 2 2 1 1 395 396 394
3171 2 2 1 1 1200 2240 394
3172 2 2 1 1 396 2237 1200
3173 2 2 1 1 415 2134 402
3174 2 2 1 1 419 423 420
3175 2 2 1 1 421 2391 462
3176 2 2 1 1 423 429 424
3177 2 2 1 1 431 2127 424
3178 2 2 1 1 429 456 430
3179 2 2 1 1 457 2202 429
3180 2 2 1 1 430 2427 432
3181 2 2 1 1 433 1195 431
3182 2 2 1 1 432 1126 434
3183 2 2 1 1 435 2382 433
3184 2 2 1 1 434 2053 436
3185 2 2 1 1 437 606 435
3186 2 2 1 1 436 439 438
3187 2 2 1 1 441 2334 438
3188 2 2 1 1 443 2129 441
3189 2 2 1 1 442 446 444
3190 2 2 1 1 445 523 443
3191 2 2 1 1 445 2452 1468
3192 2 2 1 1 446 448 447
3193 2 2 1 1 448 450 449
3194 2 2 1 1 1127 2335 448
3195 2 2 1 1 458 2089 1201
3196 2 2 1 1 508 564 563
3197 2 2 1 1 524 525 523
3198 2 2 1 1 526 538 525
3199 2 2 1 1 563 588 552
3200 2 2 1 1 585 586 556
3201 2 2 1 1 587 607 586
3202 2 2 1 1 588 600 594
3203 2 2 1 1 767 2352 602
3204 2 2 1 1 621 1430 604
3205 2 2 1 1 1297 1298 606
3206 2 2 1 1 607 2082 1182
3207 2 2 1 1 610 1694 611
3208 2 2 1 1 706 707 618
3209 2 2 1 1 637 1537 630
3210 2 2 1 1 1130 2454 680
3211 2 2 1 1 681 683 682
3212 2 2 1 1 1187 2279 681
3213 2 2 1 1 683 690 684
3214 2 2 1 1 865 2180 684
3215 2 2 1 1 771 912 685
3216 2 2 1 1 691 762 690
3217 2 2 1 1 690 2113 692
3218 2 2 1 1 692 911 866
3219 2 2 1 1 785 821 699
3220 2 2 1 1 702 794 703
3221 2 2 1 1 936 2366 703
3222 2 2 1 1 707 725 708
3223 2 2 1 1 725 727 726
3224 2 2 1 1 727 728 726
3225 2 2 1 1 732 2443 733
3226 2 2 1 1 733 736 735
3227 2 2 1 1 763 2200 930
3228 2 2 1 1 800 1315 773
3229 2 2 1 1 774 1059 801
3230 2 2 1 1 775 2278 1321
3231 2 2 1 1 790 812 778
3232 2 2 1 1 903 921 794
3233 2 2 1 1 795 1125 937
3234 2 2 1 1 916 917 798
3235 2 2 1 1 935 2410 800
3236 2 2 1 1 941 2253 803
3237 2 2 1 1 822 824 823
3238 2 2 1 1 1282 2212 825
3239 2 2 1 1 828 829 827
3240 2 2 1 1 867 1434 865
3241 2 2 1 1 870 2492 868
3242 2 2 1 1 869 872 871
3243 2 2 1 1 913 914 912
3244 2 2 1 1 915 1047 1046
3245 2 2 1 1 1301 1302 919
3246 2 2 1 1 932 1061 954
3247 2 2 1 1 944 2516 936
3248 2 2 1 1 937 2457 945
3249 2 2 1 1 1055 2325 940
3250 2 2 1 1 1335 1336 941
3251 2 2 1 1 945 1030 947
3252 2 2 1 1 948 2367 946
3253 2 2 1 1 947 2254 949
3254 2 2 1 1 950 2368 948
3255 2 2 1 1 949 1122 1120
3256 2 2 1 1 951 1135 1054
3257 2 2 1 1 1004 1041 1005
3258 2 2 1 1 1013 1109 1012
3259 2 2 1 1 1503 1504 1041
3260 2 2 1 1 1048 1049 1047
3261 2 2 1 1 1054 2343 1327
3262 2 2 1 1 1727 2281 1060
3263 2 2 1 1 1108 1365 1364
3264 2 2 1 1 1111 2495 1112
3265 2 2 1 1 1112 1152 1114
3266 2 2 1 1 1115 1234 1113
3267 2 2 1 1 1116 1258 1249
3268 2 2 1 1 1122 1278 1277
3269 2 2 1 1 1123 2447 2368
3270 2 2 1 1 1178 1338 1135
3271 2 2 1 1 1150 1389 1155
3272 2 2 1 1 1154 1402 1401
3273 2 2 1 1 1160 1161 1159
3274 2 2 1 1 1160 2184 1416
3275 2 2 1 1 1303 2285 1161
3276 2 2 1 1 1279 1412 1171
3277 2 2 1 1 1181 1382 1210
3278 2 2 1 1 2084 2483 1182
3279 2 2 1 1 1186 1417 1185
3280 2 2 1 1 1186 2297 1441
3281 2 2 1 1 1195 2128 2127
3282 2 2 1 1 2239 2240 1200
3283 2 2 1 1 1210 1358 1219
3284 2 2 1 1 1216 1452 1214
3285 2 2 1 1 1215 1516 1217
3286 2 2 1 1 1217 2600 1310
3287 2 2 1 1 1220 1410 1221
3288 2 2 1 1 1220 1448 1410
3289 2 2 1 1 1260 1996 1249
3290 2 2 1 1 1259 2695 1261
3291 2 2 1 1 1673 1674 1273
3292 2 2 1 1 1460 2255 1277
3293 2 2 1 1 1478 1514 1278
3294 2 2 1 1 1284 1438 1285
3295 2 2 1 1 1297 2334 2268
3296 2 2 1 1 1298 1953 1475
3297 2 2 1 1 1733 2344 1329
3298 2 2 1 1 1330 1734 1732
3299 2 2 1 1 1336 2360 2253
3300 2 2 1 1 1339 2385 2259
3301 2 2 1 1 1345 2299 1346
3302 2 2 1 1 1346 1729 1728
3303 2 2 1 1 1610 1627 1367
3304 2 2 1 1 1535 2064 1405
3305 2 2 1 1 1408 1859 1857
3306 2 2 1 1 1435 2119 1434
3307 2 2 1 1 2361 2484 1452
3308 2 2 1 1 1488 1954 1459
3309 2 2 1 1 1858 2369 1460
3310 2 2 1 1 2277 2302 1461
3311 2 2 1 1 1468 2412 2250
3312 2 2 1 1 2298 2382 1475
3313 2 2 1 1 1478 2254 2167
3314 2 2 1 1 2054 2461 1488
3315 2 2 1 1 1761 1762 1494
3316 2 2 1 1 2266 2493 1498
3317 2 2 1 1 1515 1980 1514
3318 2 2 1 1 1880 2455 1517
3319 2 2 1 1 1518 2720 2285
3320 2 2 1 1 2455 2736 1518
3321 2 2 1 1 2395 2807 1571
3322 2 2 1 1 1580 1736 1579
3323 2 2 1 1 1673 2574 1861
3324 2 2 1 1 1852 1853 1674
3325 2 2 1 1 1939 2524 1686
3326 2 2 1 1 1702 1703 1701
3327 2 2 1 1 1703 2258 2257
3328 2 2 1 1 1937 2668 1705
3329 2 2 1 1 1733 2650 2620
3330 2 2 1 1 1735 2744 1734
3331 2 2 1 1 1860 2575 1858
3332 2 2 1 1 1940 2705 2441
3333 2 2 1 1 1954 2487 2345
3334 2 2 1 1 2082 2366 2083
3335 2 2 1 1 2280 2385 2086
3336 2 2 1 1 2123 2460 2401
3337 2 2 1 1 2238 2557 2364
3338 2 2 1 1 2269 2272 2270
3339 2 2 1 1 2274 2373 2273
3340 2 2 1 1 2282 2678 2283
3341 2 2 1 1 2368 2622 2367
3342 2 2 1 1 2452 2453 2412
3343 2 2 1 1 15 2216 14
3344 2 2 1 1 16 257 15
3345 2 2 1 1 170 2143 169
3346 2 2 1 1 307 309 308
3347 2 2 1 1 1119 2079 308
3348 2 2 1 1 361 363 359
3349 2 2 1 1 364 2379 361
3350 2 2 1 1 368 933 364
3351 2 2 1 1 375 926 380
3352 2 2 1 1 380 2462 384
3353 2 2 1 1 384 389 388
3354 2 2 1 1 407 416 409
3355 2 2 1 1 462 1197 464
3356 2 2 1 1 475 1179 463
3357 2 2 1 1 464 2383 476
3358 2 2 1 1 468 470 469
3359 2 2 1 1 488 2144 475
3360 2 2 1 1 476 576 489
3361 2 2 1 1 476 2383 576
3362 2 2 1 1 492 2161 483
3363 2 2 1 1 501 507 488
3364 2 2 1 1 508 552 503
3365 2 2 1 1 618 2409 591
3366 2 2 1 1 695 710 652
3367 2 2 1 1 662 676 661
3368 2 2 1 1 664 752 663
3369 2 2 1 1 679 2467 2466
3370 2 2 1 1 723 732 731
3371 2 2 1 1 2091 2456 732
3372 2 2 1 1 1169 2265 738
3373 2 2 1 1 797 798 761
3374 2 2 1 1 770 2510 2134
3375 2 2 1 1 832 842 834
3376 2 2 1 1 897 2019 886
3377 2 2 1 1 1508 2358 910
3378 2 2 1 1 922 1295 1272
3379 2 2 1 1 2463 2519 934
3380 2 2 1 1 975 1001 974
3381 2 2 1 1 983 1003 1002
3382 2 2 1 1 2514 2594 997
3383 2 2 1 1 1006 2073 1003
3384 2 2 1 1 1042 2381 2380
3385 2 2 1 1 1050 1051 1049
3386 2 2 1 1 1081 1185 1079
3387 2 2 1 1 1325 2297 1082
3388 2 2 1 1 1108 1364 1156
3389 2 2 1 1 1120 2255 1121
3390 2 2 1 1 1121 1157 1124
3391 2 2 1 1 1157 1415 1158
3392 2 2 1 1 2255 2369 1157
3393 2 2 1 1 1168 1427 1301
3394 2 2 1 1 1205 1206 1204
3395 2 2 1 1 1286 1385 1238
3396 2 2 1 1 1715 2591 1246
3397 2 2 1 1 1531 1532 1325
3398 2 2 1 1 1532 2131 1325
3399 2 2 1 1 1482 1565 1337
3400 2 2 1 1 1562 1568 1349
3401 2 2 1 1 1417 1666 1429
3402 2 2 1 1 1428 1453 1427
3403 2 2 1 1 2243 2244 1450
3404 2 2 1 1 1454 1685 1453
3405 2 2 1 1 1497 1707 1498
3406 2 2 1 1 2599 2666 1691
3407 2 2 1 1 2684 2699 1705
3408 2 2 1 1 2014 2244 2243
3409 2 2 1 1 2047 2504 2236
3410 2 2 1 1 2174 2229 2175
3411 2 2 1 1 2174 2230 2229
3412 2 2 1 1 2175 2177 2176
3413 2 2 1 1 2247 2660 2246
3414 2 2 1 1 13 2313 12
3415 2 2 1 1 268 2139 94
3416 2 2 1 1 111 270 110
3417 2 2 1 1 381 2236 376
3418 2 2 1 1 2236 2504 379
3419 2 2 1 1 404 1062 923
3420 2 2 1 1 405 407 406
3421 2 2 1 1 923 2387 405
3422 2 2 1 1 407 409 406
3423 2 2 1 1 406 2466 2045
3424 2 2 1 1 407 2387 417
3425 2 2 1 1 416 422 409
3426 2 2 1 1 679 2466 409
3427 2 2 1 1 414 2463 426
3428 2 2 1 1 426 427 415
3429 2 2 1 1 427 770 415
3430 2 2 1 1 416 2380 422
3431 2 2 1 1 422 693 679
3432 2 2 1 1 2380 2393 422
3433 2 2 1 1 428 452 425
3434 2 2 1 1 426 934 453
3435 2 2 1 1 454 2122 427
3436 2 2 1 1 472 2347 454
3437 2 2 1 1 479 480 461
3438 2 2 1 1 471 492 483
3439 2 2 1 1 484 490 472
3440 2 2 1 1 485 503 480
3441 2 2 1 1 503 1442 480
3442 2 2 1 1 484 491 490
3443 2 2 1 1 489 501 488
3444 2 2 1 1 489 2350 502
3445 2 2 1 1 490 2348 2347
3446 2 2 1 1 492 2717 2161
3447 2 2 1 1 494 527 493
3448 2 2 1 1 516 1044 497
3449 2 2 1 1 1044 2407 497
3450 2 2 1 1 498 517 516
3451 2 2 1 1 502 505 501
3452 2 2 1 1 502 2197 506
3453 2 2 1 1 502 2350 2197
3454 2 2 1 1 504 2442 2417
3455 2 2 1 1 2417 2513 504
3456 2 2 1 1 517 558 557
3457 2 2 1 1 528 568 527
3458 2 2 1 1 531 2307 528
3459 2 2 1 1 530 2336 555
3460 2 2 1 1 566 573 534
3461 2 2 1 1 555 772 584
3462 2 2 1 1 558 619 593
3463 2 2 1 1 578 2491 566
3464 2 2 1 1 567 2251 579
3465 2 2 1 1 568 2246 2245
3466 2 2 1 1 579 598 597
3467 2 2 1 1 627 628 593
3468 2 2 1 1 598 616 599
3469 2 2 1 1 599 615 605
3470 2 2 1 1 600 705 704
3471 2 2 1 1 625 643 612
3472 2 2 1 1 615 962 648
3473 2 2 1 1 615 2165 962
3474 2 2 1 1 1226 1550 616
3475 2 2 1 1 619 629 627
3476 2 2 1 1 619 1136 629
3477 2 2 1 1 648 649 624
3478 2 2 1 1 653 712 696
3479 2 2 1 1 673 711 672
3480 2 2 1 1 693 1293 768
3481 2 2 1 1 769 1039 694
3482 2 2 1 1 714 2292 696
3483 2 2 1 1 776 2324 705
3484 2 2 1 1 942 943 710
3485 2 2 1 1 713 716 715
3486 2 2 1 1 716 718 717
3487 2 2 1 1 718 761 719
3488 2 2 1 1 730 788 722
3489 2 2 1 1 904 1699 734
3490 2 2 1 1 768 2293 769
3491 2 2 1 1 1293 1348 768
3492 2 2 1 1 769 1065 1040
3493 2 2 1 1 985 1011 788
3494 2 2 1 1 804 1198 961
3495 2 2 1 1 812 987 850
3496 2 2 1 1 987 2017 850
3497 2 2 1 1 854 1693 1138
3498 2 2 1 1 924 1305 870
3499 2 2 1 1 872 874 873
3500 2 2 1 1 887 889 886
3501 2 2 1 1 892 893 890
3502 2 2 1 1 891 2404 1191
3503 2 2 1 1 894 895 893
3504 2 2 1 1 900 901 896
3505 2 2 1 1 899 1664 1027
3506 2 2 1 1 902 1351 901
3507 2 2 1 1 901 2795 2782
3508 2 2 1 1 1128 1300 905
3509 2 2 1 1 1194 1471 929
3510 2 2 1 1 934 2702 2468
3511 2 2 1 1 1005 2399 1007
3512 2 2 1 1 1007 1087 1006
3513 2 2 1 1 1007 1089 1088
3514 2 2 1 1 1037 1146 1036
3515 2 2 1 1 1066 1067 1040
3516 2 2 1 1 1067 2472 1040
3517 2 2 1 1 1046 1220 1173
3518 2 2 1 1 1052 1053 1051
3519 2 2 1 1 1051 2099 1207
3520 2 2 1 1 1062 1349 1063
3521 2 2 1 1 1062 1562 1349
3522 2 2 1 1 1313 1314 1064
3523 2 2 1 1 1065 1347 1066
3524 2 2 1 1 1069 1291 1067
3525 2 2 1 1 1070 1071 1069
3526 2 2 1 1 1073 1290 1071
3527 2 2 1 1 1075 2503 1073
3528 2 2 1 1 1073 2503 1290
3529 2 2 1 1 1077 1287 1075
3530 2 2 1 1 1076 1083 1078
3531 2 2 1 1 1079 2390 1077
3532 2 2 1 1 1080 1085 1082
3533 2 2 1 1 1085 1337 1324
3534 2 2 1 1 1085 1482 1337
3535 2 2 1 1 1087 1479 1456
3536 2 2 1 1 1089 1288 1090
3537 2 2 1 1 1102 1241 1229
3538 2 2 1 1 1106 1107 1105
3539 2 2 1 1 1110 1368 1253
3540 2 2 1 1 1248 1991 1115
3541 2 2 1 1 2344 2447 1123
3542 2 2 1 1 1128 2780 1971
3543 2 2 1 1 1993 2166 1129
3544 2 2 1 1 1141 1380 1139
3545 2 2 1 1 1140 1188 1142
3546 2 2 1 1 1188 1189 1142
3547 2 2 1 1 1191 1193 1192
3548 2 2 1 1 1194 1691 1471
3549 2 2 1 1 2101 2426 1207
3550 2 2 1 1 1212 1513 1213
3551 2 2 1 1 1213 2012 1215
3552 2 2 1 1 1225 1268 1267
3553 2 2 1 1 1581 1582 1227
3554 2 2 1 1 1991 1992 1234
3555 2 2 1 1 1289 1333 1237
3556 2 2 1 1 1239 1386 1240
3557 2 2 1 1 1369 1715 1246
3558 2 2 1 1 1360 1622 1254
3559 2 2 1 1 1571 2794 1263
3560 2 2 1 1 1396 2186 1264
3561 2 2 1 1 1268 1400 1394
3562 2 2 1 1 1286 1520 1455
3563 2 2 1 1 1300 2310 2145
3564 2 2 1 1 1324 2148 1531
3565 2 2 1 1 1669 1747 1348
3566 2 2 1 1 1353 1752 1352
3567 2 2 1 1 1370 2624 1360
3568 2 2 1 1 1772 1773 1370
3569 2 2 1 1 1381 1797 1380
3570 2 2 1 1 1591 1919 1383
3571 2 2 1 1 1824 2548 1396
3572 2 2 1 1 1533 1534 1400
3573 2 2 1 1 2158 2425 1448
3574 2 2 1 1 2296 2422 1451
3575 2 2 1 1 1479 1755 1456
3576 2 2 1 1 1470 1958 1938
3577 2 2 1 1 1471 1929 1481
3578 2 2 1 1 1502 1557 1484
3579 2 2 1 1 1489 2448 1538
3580 2 2 1 1 1492 1604 1491
3581 2 2 1 1 1492 2731 2690
3582 2 2 1 1 1502 1738 1557
3583 2 2 1 1 1748 1749 1534
3584 2 2 1 1 1543 1689 1545
3585 2 2 1 1 1580 1737 1736
3586 2 2 1 1 1827 1828 1589
3587 2 2 1 1 1618 2300 1592
3588 2 2 1 1 1637 1639 1638
3589 2 2 1 1 1641 1642 1640
3590 2 2 1 1 1641 1769 1643
3591 2 2 1 1 1686 2524 1688
3592 2 2 1 1 1689 2645 1901
3593 2 2 1 1 2747 2814 1736
3594 2 2 1 1 1777 1778 1737
3595 2 2 1 1 2597 2605 1745
3596 2 2 1 1 1749 1814 1813
3597 2 2 1 1 2042 2596 1898
3598 2 2 1 1 2518 2765 2018
3599 2 2 1 1 2100 2104 2102
3600 2 2 1 1 2115 2562 2523
3601 2 2 1 1 2153 2154 2152
3602 2 2 1 1 2155 2156 2154
3603 2 2 1 1 2504 2521 2230
3604 2 2 1 1 2311 2312 2310
3605 2 2 1 1 12 261 11
3606 2 2 1 1 34 2207 33
3607 2 2 1 1 97 2034 232
3608 2 2 1 1 118 2378 2377
3609 2 2 1 1 180 238 179
3610 2 2 1 1 393 414 402
3611 2 2 1 1 401 2602 408
3612 2 2 1 1 421 462 455
3613 2 2 1 1 423 457 429
3614 2 2 1 1 436 2053 439
3615 2 2 1 1 437 1297 606
3616 2 2 1 1 439 1488 1459
3617 2 2 1 1 442 443 441
3618 2 2 1 1 444 445 443
3619 2 2 1 1 447 2452 444
3620 2 2 1 1 515 1436 554
3621 2 2 1 1 1468 2249 524
3622 2 2 1 1 539 2401 577
3623 2 2 1 1 588 2507 2278
3624 2 2 1 1 1475 2382 606
3625 2 2 1 1 608 633 632
3626 2 2 1 1 670 671 668
3627 2 2 1 1 668 2355 1671
3628 2 2 1 1 702 703 669
3629 2 2 1 1 959 989 784
3630 2 2 1 1 795 937 936
3631 2 2 1 1 797 916 798
3632 2 2 1 1 832 2544 842
3633 2 2 1 1 854 1138 1017
3634 2 2 1 1 916 919 917
3635 2 2 1 1 916 1168 919
3636 2 2 1 1 1284 1285 918
3637 2 2 1 1 1323 2516 944
3638 2 2 1 1 945 947 946
3639 2 2 1 1 947 949 948
3640 2 2 1 1 1030 2254 947
3641 2 2 1 1 949 1120 950
3642 2 2 1 1 975 2215 1001
3643 2 2 1 1 1002 1235 1148
3644 2 2 1 1 1004 1005 1003
3645 2 2 1 1 1015 1144 1014
3646 2 2 1 1 1101 2327 1196
3647 2 2 1 1 1122 1277 1120
3648 2 2 1 1 1160 1416 1303
3649 2 2 1 1 2082 2083 1182
3650 2 2 1 1 1187 2459 2279
3651 2 2 1 1 2237 2238 1200
3652 2 2 1 1 1464 1501 1306
3653 2 2 1 1 1389 1807 1390
3654 2 2 1 1 1416 1879 1517
3655 2 2 1 1 1426 2520 1563
3656 2 2 1 1 2282 2283 1426
3657 2 2 1 1 1453 2224 2077
3658 2 2 1 1 1488 2461 1954
3659 2 2 1 1 1980 1981 1514
3660 2 2 1 1 2685 2692 1536
3661 2 2 1 1 1999 2001 2000
3662 2 2 1 1 2128 2275 2127
3663 2 2 1 1 2238 2364 2239
3664 2 2 1 1 247 2506 2027
3665 2 2 1 1 285 287 286
3666 2 2 1 1 347 1183 343
3667 2 2 1 1 414 426 415
3668 2 2 1 1 1197 2383 464
3669 2 2 1 1 466 2475 481
3670 2 2 1 1 507 2144 488
3671 2 2 1 1 514 2464 869
3672 2 2 1 1 568 2245 527
3673 2 2 1 1 602 622 601
3674 2 2 1 1 660 2500 1698
3675 2 2 1 1 749 750 748
3676 2 2 1 1 751 2529 750
3677 2 2 1 1 750 854 789
3678 2 2 1 1 823 1167 821
3679 2 2 1 1 1304 2282 1050
3680 2 2 1 1 1058 1222 1057
3681 2 2 1 1 1110 1564 1368
3682 2 2 1 1 1177 2482 2481
3683 2 2 1 1 1417 1429 1185
3684 2 2 1 1 1531 1948 1532
3685 2 2 1 1 1593 1594 1592
3686 2 2 1 1 1877 1970 1969
3687 2 2 1 1 2631 2671 1917
3688 2 2 1 1 2100 2102 2101
3689 2 2 1 1 2620 2650 2245
3690 2 2 1 1 262 2314 68
3691 2 2 1 1 109 2315 229
3692 2 2 1 1 115 2316 272
3693 2 2 1 1 117 2377 216
3694 2 2 1 1 134 2371 210
3695 2 2 1 1 291 293 292
3696 2 2 1 1 409 2466 406
3697 2 2 1 1 489 502 501
3698 2 2 1 1 493 2348 490
3699 2 2 1 1 491 2592 494
3700 2 2 1 1 527 644 493
3701 2 2 1 1 502 506 505
3702 2 2 1 1 517 557 516
3703 2 2 1 1 558 593 557
3704 2 2 1 1 575 613 612
3705 2 2 1 1 929 2491 578
3706 2 2 1 1 1550 2138 616
3707 2 2 1 1 653 695 652
3708 2 2 1 1 653 696 695
3709 2 2 1 1 713 715 714
3710 2 2 1 1 716 2264 2076
3711 2 2 1 1 757 758 751
3712 2 2 1 1 756 2059 793
3713 2 2 1 1 887 891 890
3714 2 2 1 1 2434 2493 927
3715 2 2 1 1 1471 1481 929
3716 2 2 1 1 1326 1422 938
3717 2 2 1 1 2109 2500 955
3718 2 2 1 1 966 1353 1352
3719 2 2 1 1 1007 1088 1087
3720 2 2 1 1 1062 2400 1562
3721 2 2 1 1 1093 1341 1242
3722 2 2 1 1 1316 1318 1132
3723 2 2 1 1 1226 1708 1572
3724 2 2 1 1 1387 1731 1240
3725 2 2 1 1 1306 2547 1305
3726 2 2 1 1 1760 2037 1373
3727 2 2 1 1 1553 1750 1376
3728 2 2 1 1 1480 2499 2357
3729 2 2 1 1 1483 2417 1502
3730 2 2 1 1 1557 1742 1484
3731 2 2 1 1 2448 2766 1538
3732 2 2 1 1 1548 1567 1547
3733 2 2 1 1 1559 1576 1558
3734 2 2 1 1 1697 2433 2359
3735 2 2 1 1 1886 1888 1887
3736 2 2 1 1 228 2313 13
3737 2 2 1 1 29 2331 202
3738 2 2 1 1 247 2027 2026
3739 2 2 1 1 279 281 280
3740 2 2 1 1 2373 2490 351
3741 2 2 1 1 363 2196 359
3742 2 2 1 1 479 485 480
3743 2 2 1 1 542 544 543
3744 2 2 1 1 544 546 545
3745 2 2 1 1 635 2430 621
3746 2 2 1 1 709 1499 656
3747 2 2 1 1 747 748 746
3748 2 2 1 1 784 2226 785
3749 2 2 1 1 2023 2745 807
3750 2 2 1 1 839 996 841
3751 2 2 1 1 962 2165 1581
3752 2 2 1 1 998 1095 997
3753 2 2 1 1 1101 1103 1102
3754 2 2 1 1 1378 1511 1148
3755 2 2 1 1 1255 1360 1254
3756 2 2 1 1 1308 1678 1307
3757 2 2 1 1 1961 1965 1419
3758 2 2 1 1 121 2142 120
3759 2 2 1 1 183 2320 212
3760 2 2 1 1 281 283 282
3761 2 2 1 1 341 614 339
3762 2 2 1 1 368 2173 933
3763 2 2 1 1 413 2479 2237
3764 2 2 1 1 464 476 475
3765 2 2 1 1 478 497 477
3766 2 2 1 1 620 634 621
3767 2 2 1 1 658 698 659
3768 2 2 1 1 955 2500 677
3769 2 2 1 1 739 740 737
3770 2 2 1 1 739 2265 742
3771 2 2 1 1 741 2057 740
3772 2 2 1 1 742 2252 744
3773 2 2 1 1 745 746 743
3774 2 2 1 1 744 818 760
3775 2 2 1 1 818 1033 819
3776 2 2 1 1 1118 2538 819
3777 2 2 1 1 830 832 831
3778 2 2 1 1 834 2684 836
3779 2 2 1 1 844 846 843
3780 2 2 1 1 848 1539 1094
3781 2 2 1 1 903 2527 922
3782 2 2 1 1 952 1170 1169
3783 2 2 1 1 1005 1006 1003
3784 2 2 1 1 1015 1145 1144
3785 2 2 1 1 1465 2351 1026
3786 2 2 1 1 1033 1273 1117
3787 2 2 1 1 1244 2514 1095
3788 2 2 1 1 2078 2335 1127
3789 2 2 1 1 1164 1166 1163
3790 2 2 1 1 1213 1215 1214
3791 2 2 1 1 1269 1409 1397
3792 2 2 1 1 1818 1819 1393
3793 2 2 1 1 1423 1985 1892
3794 2 2 1 1 1458 2436 1486
3795 2 2 1 1 1830 1831 1467
3796 2 2 1 1 1503 1505 1504
3797 2 2 1 1 1505 1544 1543
3798 2 2 1 1 1621 1802 1801
3799 2 2 1 1 1631 1633 1632
3800 2 2 1 1 1672 2550 2384
3801 2 2 1 1 2384 2574 1672
3802 2 2 1 1 1681 1682 1679
3803 2 2 1 1 1718 2578 2256
3804 2 2 1 1 1849 1850 1848
3805 2 2 1 1 1877 2496 1970
3806 2 2 1 1 263 2362 86
3807 2 2 1 1 380 381 376
3808 2 2 1 1 536 583 565
3809 2 2 1 1 540 542 541
3810 2 2 1 1 548 549 547
3811 2 2 1 1 643 2308 612
3812 2 2 1 1 623 646 645
3813 2 2 1 1 663 2576 643
3814 2 2 1 1 664 755 754
3815 2 2 1 1 693 2393 1293
3816 2 2 1 1 781 999 939
3817 2 2 1 1 807 965 964
3818 2 2 1 1 824 992 826
3819 2 2 1 1 889 897 886
3820 2 2 1 1 957 958 897
3821 2 2 1 1 1191 1192 898
3822 2 2 1 1 2269 2270 908
3823 2 2 1 1 1212 1213 958
3824 2 2 1 1 2564 2566 991
3825 2 2 1 1 1044 2675 2407
3826 2 2 1 1 1072 1074 1073
3827 2 2 1 1 1083 2405 1078
3828 2 2 1 1 1085 1324 1082
3829 2 2 1 1 1089 1090 1088
3830 2 2 1 1 1090 1140 1139
3831 2 2 1 1 1107 1363 1105
3832 2 2 1 1 1106 1354 1107
3833 2 2 1 1 1354 1355 1107
3834 2 2 1 1 1140 1142 1141
3835 2 2 1 1 1263 2110 1262
3836 2 2 1 1 2363 2691 1287
3837 2 2 1 1 2168 2511 1479
3838 2 2 1 1 2552 2606 1503
3839 2 2 1 1 1506 1917 1895
3840 2 2 1 1 2819 2844 1957
3841 2 2 1 1 2330 2587 2000
3842 2 2 1 1 2013 2566 2564
3843 2 2 1 1 2031 2032 2029
3844 2 2 1 1 2117 2800 2799
3845 2 2 1 1 38 2170 265
3846 2 2 1 1 2386 2644 325
3847 2 2 1 1 329 2302 326
3848 2 2 1 1 328 2441 330
3849 2 2 1 1 374 2365 617
3850 2 2 1 1 387 2536 395
3851 2 2 1 1 408 2391 421
3852 2 2 1 1 430 432 431
3853 2 2 1 1 432 434 433
3854 2 2 1 1 436 438 437
3855 2 2 1 1 439 440 438
3856 2 2 1 1 2129 2334 441
3857 2 2 1 1 523 2129 443
3858 2 2 1 1 446 447 444
3859 2 2 1 1 445 1468 524
3860 2 2 1 1 458 1201 799
3861 2 2 1 1 525 1444 523
3862 2 2 1 1 2123 2401 541
3863 2 2 1 1 554 574 553
3864 2 2 1 1 577 2401 1187
3865 2 2 1 1 596 2164 1194
3866 2 2 1 1 602 2352 623
3867 2 2 1 1 630 2635 603
3868 2 2 1 1 683 684 682
3869 2 2 1 1 2080 2736 687
3870 2 2 1 1 733 734 731
3871 2 2 1 1 740 2742 2147
3872 2 2 1 1 812 850 778
3873 2 2 1 1 801 2281 935
3874 2 2 1 1 856 2374 1208
3875 2 2 1 1 956 1012 986
3876 2 2 1 1 981 982 980
3877 2 2 1 1 1029 1163 1162
3878 2 2 1 1 1114 1115 1113
3879 2 2 1 1 1116 1248 1115
3880 2 2 1 1 1215 1217 1216
3881 2 2 1 1 1243 1924 1923
3882 2 2 1 1 1258 1259 1249
3883 2 2 1 1 1289 1469 1333
3884 2 2 1 1 1320 1332 1331
3885 2 2 1 1 1330 2285 1735
3886 2 2 1 1 1369 1763 1715
3887 2 2 1 1 1392 1585 1443
3888 2 2 1 1 1403 1843 1654
3889 2 2 1 1 1436 2072 2043
3890 2 2 1 1 1444 2268 2129
3891 2 2 1 1 1954 2345 1459
3892 2 2 1 1 1470 1938 1469
3893 2 2 1 1 2477 2570 1496
3894 2 2 1 1 1555 1658 1556
3895 2 2 1 1 1706 2664 2398
3896 2 2 1 1 1733 2620 2447
3897 2 2 1 1 2083 2517 2084
3898 2 2 1 1 2403 2570 2352
3899 2 2 1 1 214 2170 39
3900 2 2 1 1 256 2159 41
3901 2 2 1 1 486 487 482
3902 2 2 1 1 518 1999 522
3903 2 2 1 1 532 533 519
3904 2 2 1 1 536 565 533
3905 2 2 1 1 1450 2304 536
3906 2 2 1 1 603 604 565
3907 2 2 1 1 581 602 601
3908 2 2 1 1 1876 1877 626
3909 2 2 1 1 653 2090 712
3910 2 2 1 1 1499 2580 656
3911 2 2 1 1 785 991 822
3912 2 2 1 1 843 845 840
3913 2 2 1 1 990 1098 1097
3914 2 2 1 1 1128 2049 1300
3915 2 2 1 1 2401 2460 1187
3916 2 2 1 1 1321 2696 1997
3917 2 2 1 1 2417 2442 1502
3918 2 2 1 1 1507 1726 1535
3919 2 2 1 1 1564 1617 1606
3920 2 2 1 1 1816 1817 1585
3921 2 2 1 1 1783 1784 1596
3922 2 2 1 1 1711 1712 1613
3923 2 2 1 1 1641 1643 1642
3924 2 2 1 1 1707 2586 2585
3925 2 2 1 1 1765 1766 1758
3926 2 2 1 1 1963 1964 1962
3927 2 2 1 1 2027 2028 2026
3928 2 2 1 1 2464 2537 2306
3929 2 2 1 1 2375 2710 2374
3930 2 2 1 1 208 2535 83
3931 2 2 1 1 270 2315 110
3932 2 2 1 1 287 288 286
3933 2 2 1 1 389 2400 388
3934 2 2 1 1 571 2137 2135
3935 2 2 1 1 590 591 572
3936 2 2 1 1 581 601 580
3937 2 2 1 1 603 2635 620
3938 2 2 1 1 731 2402 730
3939 2 2 1 1 830 831 829
3940 2 2 1 1 841 844 843
3941 2 2 1 1 899 1027 900
3942 2 2 1 1 1291 2472 1067
3943 2 2 1 1 1555 1556 1440
3944 2 2 1 1 1462 2585 2179
3945 2 2 1 1 1502 2442 1738
3946 2 2 1 1 1527 1613 1612
3947 2 2 1 1 2130 2185 1691
3948 2 2 1 1 1707 2675 2266
3949 2 2 1 1 2002 2330 2000
3950 2 2 1 1 2048 2521 2047
3951 2 2 1 1 2117 2562 2115
3952 2 2 1 1 2137 2607 2136
3953 2 2 1 1 2408 2655 2137
3954 2 2 1 1 71 2262 70
3955 2 2 1 1 110 2315 109
3956 2 2 1 1 132 2332 131
3957 2 2 1 1 285 286 284
3958 2 2 1 1 564 2225 581
3959 2 2 1 1 600 704 594
3960 2 2 1 1 805 2339 728
3961 2 2 1 1 769 2293 1065
3962 2 2 1 1 1017 1180 789
3963 2 2 1 1 2582 2646 793
3964 2 2 1 1 807 964 806
3965 2 2 1 1 814 815 809
3966 2 2 1 1 814 1211 1026
3967 2 2 1 1 814 2420 1211
3968 2 2 1 1 871 2498 924
3969 2 2 1 1 1091 1092 994
3970 2 2 1 1 1089 2399 1437
3971 2 2 1 1 1516 2600 1217
3972 2 2 1 1 1274 1403 1275
3973 2 2 1 1 1399 1559 1558
3974 2 2 1 1 1407 1994 1993
3975 2 2 1 1 1455 1600 1599
3976 2 2 1 1 2292 2448 1489
3977 2 2 1 1 2590 2674 1539
3978 2 2 1 1 1543 2613 1689
3979 2 2 1 1 2762 2808 1569
3980 2 2 1 1 1629 1630 1628
3981 2 2 1 1 1635 1636 1634
3982 2 2 1 1 1635 1637 1636
3983 2 2 1 1 1711 1713 1712
3984 2 2 1 1 2153 2155 2154
3985 2 2 1 1 254 2150 64
3986 2 2 1 1 232 2376 96
3987 2 2 1 1 106 249 105
3988 2 2 1 1 267 2333 189
3989 2 2 1 1 283 284 282
3990 2 2 1 1 500 2349 487
3991 2 2 1 1 566 2491 573
3992 2 2 1 1 567 2497 2251
3993 2 2 1 1 575 610 574
3994 2 2 1 1 806 2501 707
3995 2 2 1 1 771 2413 1529
3996 2 2 1 1 780 810 779
3997 2 2 1 1 836 2684 2668
3998 2 2 1 1 2342 2498 880
3999 2 2 1 1 939 1326 938
4000 2 2 1 1 1106 1356 1354
4001 2 2 1 1 1211 1266 1265
4002 2 2 1 1 1376 1377 1375
4003 2 2 1 1 1530 2166 1993
4004 2 2 1 1 1612 2260 1935
4005 2 2 1 1 2567 2713 1711
4006 2 2 1 1 1739 2754 2659
4007 2 2 1 1 90 2098 89
4008 2 2 1 1 216 2316 116
4009 2 2 1 1 260 2320 184
4010 2 2 1 1 487 2429 482
4011 2 2 1 1 540 2249 1045
4012 2 2 1 1 546 547 545
4013 2 2 1 1 590 592 591
4014 2 2 1 1 738 739 737
4015 2 2 1 1 1117 1118 819
4016 2 2 1 1 895 2612 893
4017 2 2 1 1 956 1013 1012
4018 2 2 1 1 973 1009 972
4019 2 2 1 1 2327 2603 1196
4020 2 2 1 1 1270 1308 1307
4021 2 2 1 1 1752 1753 1352
4022 2 2 1 1 1377 1795 1794
4023 2 2 1 1 1845 1846 1424
4024 2 2 1 1 1536 2436 1458
4025 2 2 1 1 1464 2435 1554
4026 2 2 1 1 1512 1718 1473
4027 2 2 1 1 1670 2393 2381
4028 2 2 1 1 1847 1849 1848
4029 2 2 1 1 2683 2705 1940
4030 2 2 1 1 94 2139 93
4031 2 2 1 1 149 246 148
4032 2 2 1 1 340 342 341
4033 2 2 1 1 479 2407 1462
4034 2 2 1 1 506 535 534
4035 2 2 1 1 535 567 566
4036 2 2 1 1 567 579 578
4037 2 2 1 1 579 597 596
4038 2 2 1 1 592 706 618
4039 2 2 1 1 598 599 597
4040 2 2 1 1 705 804 704
4041 2 2 1 1 755 813 766
4042 2 2 1 1 763 803 802
4043 2 2 1 1 931 932 765
4044 2 2 1 1 826 2020 828
4045 2 2 1 1 861 863 862
4046 2 2 1 1 1305 2492 870
4047 2 2 1 1 2019 2444 883
4048 2 2 1 1 888 2395 2388
4049 2 2 1 1 1190 2792 995
4050 2 2 1 1 1111 2540 2495
4051 2 2 1 1 1612 1935 1934
4052 2 2 1 1 1672 2574 1673
4053 2 2 1 1 2471 2576 2470
4054 2 2 1 1 30 2331 29
4055 2 2 1 1 159 2208 158
4056 2 2 1 1 324 2302 928
4057 2 2 1 1 327 328 326
4058 2 2 1 1 345 2441 328
4059 2 2 1 1 332 334 333
4060 2 2 1 1 925 2303 334
4061 2 2 1 1 346 2269 338
4062 2 2 1 1 342 344 343
4063 2 2 1 1 345 2533 2441
4064 2 2 1 1 434 435 433
4065 2 2 1 1 442 2428 446
4066 2 2 1 1 448 2335 450
4067 2 2 1 1 458 799 449
4068 2 2 1 1 559 1999 518
4069 2 2 1 1 1444 2129 523
4070 2 2 1 1 524 526 525
4071 2 2 1 1 680 2454 538
4072 2 2 1 1 692 2113 911
4073 2 2 1 1 728 773 726
4074 2 2 1 1 732 733 731
4075 2 2 1 1 774 800 773
4076 2 2 1 1 836 839 838
4077 2 2 1 1 2270 2271 908
4078 2 2 1 1 935 2542 2410
4079 2 2 1 1 935 2578 2542
4080 2 2 1 1 1024 1309 1022
4081 2 2 1 1 1327 1328 1055
4082 2 2 1 1 1112 1114 1113
4083 2 2 1 1 1178 1339 1338
4084 2 2 1 1 1195 2298 2128
4085 2 2 1 1 2092 2473 1250
4086 2 2 1 1 1279 1914 1659
4087 2 2 1 1 1297 1677 1298
4088 2 2 1 1 2016 2531 1362
4089 2 2 1 1 1754 1774 1379
4090 2 2 1 1 1428 2075 1690
4091 2 2 1 1 2345 2428 1459
4092 2 2 1 1 1493 1761 1494
4093 2 2 1 1 1656 1811 1657
4094 2 2 1 1 1673 1852 1674
4095 2 2 1 1 1727 2681 2628
4096 2 2 1 1 1816 1932 1817
4097 2 2 1 1 2025 2201 2094
4098 2 2 1 1 2274 2490 2373
4099 2 2 1 1 2381 2393 2380
4100 2 2 1 1 41 2159 40
4101 2 2 1 1 120 252 119
4102 2 2 1 1 215 2319 165
4103 2 2 1 1 188 2333 220
4104 2 2 1 1 455 2178 466
4105 2 2 1 1 499 2549 537
4106 2 2 1 1 514 869 868
4107 2 2 1 1 567 578 566
4108 2 2 1 1 657 658 635
4109 2 2 1 1 804 905 704
4110 2 2 1 1 912 2632 2199
4111 2 2 1 1 959 990 989
4112 2 2 1 1 996 2674 2590
4113 2 2 1 1 1249 1996 1248
4114 2 2 1 1 1470 2696 1958
4115 2 2 1 1 1696 2481 2306
4116 2 2 1 1 2349 2492 2429
4117 2 2 1 1 155 250 154
4118 2 2 1 1 344 348 347
4119 2 2 1 1 365 369 368
4120 2 2 1 1 482 1480 467
4121 2 2 1 1 674 2743 780
4122 2 2 1 1 764 765 701
4123 2 2 1 1 788 2518 722
4124 2 2 1 1 725 2501 963
4125 2 2 1 1 899 900 896
4126 2 2 1 1 1037 1286 1238
4127 2 2 1 1 1288 2169 1090
4128 2 2 1 1 1380 2168 1139
4129 2 2 1 1 1141 2640 1381
4130 2 2 1 1 1177 2481 2359
4131 2 2 1 1 1228 1577 1222
4132 2 2 1 1 1261 2695 1951
4133 2 2 1 1 1787 1788 1604
4134 2 2 1 1 1645 1646 1644
4135 2 2 1 1 1703 2257 1701
4136 2 2 1 1 2627 2648 1726
4137 2 2 1 1 1901 2596 2042
4138 2 2 1 1 51 247 50
4139 2 2 1 1 365 368 364
4140 2 2 1 1 933 2379 364
4141 2 2 1 1 1131 2634 403
4142 2 2 1 1 467 2356 451
4143 2 2 1 1 912 2199 685
4144 2 2 1 1 686 701 700
4145 2 2 1 1 869 871 870
4146 2 2 1 1 874 875 873
4147 2 2 1 1 1199 1335 941
4148 2 2 1 1 1021 1023 1022
4149 2 2 1 1 1540 1542 1094
4150 2 2 1 1 1753 2394 1352
4151 2 2 1 1 1667 1772 1370
4152 2 2 1 1 1389 2508 1808
4153 2 2 1 1 1430 2050 1979
4154 2 2 1 1 1630 1942 1628
4155 2 2 1 1 1644 2699 1642
4156 2 2 1 1 2257 2259 1701
4157 2 2 1 1 1702 1704 1703
4158 2 2 1 1 305 306 304
4159 2 2 1 1 311 312 310
4160 2 2 1 1 310 2372 1119
4161 2 2 1 1 313 314 312
4162 2 2 1 1 314 2450 372
4163 2 2 1 1 369 371 368
4164 2 2 1 1 376 2236 379
4165 2 2 1 1 380 384 381
4166 2 2 1 1 401 408 403
4167 2 2 1 1 2069 2071 608
4168 2 2 1 1 752 753 663
4169 2 2 1 1 1020 1021 792
4170 2 2 1 1 876 877 875
4171 2 2 1 1 875 2340 880
4172 2 2 1 1 878 879 877
4173 2 2 1 1 888 2388 882
4174 2 2 1 1 1046 1173 914
4175 2 2 1 1 922 1272 1271
4176 2 2 1 1 983 1002 982
4177 2 2 1 1 1068 1070 1069
4178 2 2 1 1 1121 1124 1123
4179 2 2 1 1 1220 1221 1173
4180 2 2 1 1 1218 2415 2414
4181 2 2 1 1 1223 1228 1222
4182 2 2 1 1 1295 1296 1272
4183 2 2 1 1 1289 1470 1469
4184 2 2 1 1 1460 2369 2255
4185 2 2 1 1 2606 2670 1546
4186 2 2 1 1 1573 1575 1574
4187 2 2 1 1 1977 2335 2078
4188 2 2 1 1 2137 2655 2607
4189 2 2 1 1 86 2362 85
4190 2 2 1 1 116 2316 115
4191 2 2 1 1 135 2371 134
4192 2 2 1 1 223 2205 161
4193 2 2 1 1 169 253 168
4194 2 2 1 1 456 2427 430
4195 2 2 1 1 446 2428 1127
4196 2 2 1 1 447 2453 2452
4197 2 2 1 1 499 500 487
4198 2 2 1 1 519 559 518
4199 2 2 1 1 917 918 798
4200 2 2 1 1 937 945 944
4201 2 2 1 1 1120 1121 950
4202 2 2 1 1 984 2670 2606
4203 2 2 1 1 1050 2282 1052
4204 2 2 1 1 1170 1279 1171
4205 2 2 1 1 1279 1659 1412
4206 2 2 1 1 2187 2363 1429
4207 2 2 1 1 1720 2417 1483
4208 2 2 1 1 1503 2606 1505
4209 2 2 1 1 2211 2478 1521
4210 2 2 1 1 1727 2628 2281
4211 2 2 1 1 1859 2276 1857
4212 2 2 1 1 2306 2537 2305
4213 2 2 1 1 2732 2752 2476
4214 2 2 1 1 2441 2705 330
4215 2 2 1 1 393 402 386
4216 2 2 1 1 395 397 396
4217 2 2 1 1 414 415 402
4218 2 2 1 1 402 2134 2022
4219 2 2 1 1 462 463 455
4220 2 2 1 1 481 482 467
4221 2 2 1 1 475 2144 1179
4222 2 2 1 1 482 2429 1480
4223 2 2 1 1 703 2366 669
4224 2 2 1 1 989 2226 784
4225 2 2 1 1 844 848 847
4226 2 2 1 1 937 944 936
4227 2 2 1 1 945 2457 1030
4228 2 2 1 1 949 2254 1122
4229 2 2 1 1 976 1723 978
4230 2 2 1 1 1020 1256 1021
4231 2 2 1 1 2167 2254 1030
4232 2 2 1 1 1099 2432 2327
4233 2 2 1 1 1122 1478 1278
4234 2 2 1 1 1161 2285 1330
4235 2 2 1 1 1215 1216 1214
4236 2 2 1 1 1217 1218 1216
4237 2 2 1 1 1416 1517 1303
4238 2 2 1 1 1408 2234 1859
4239 2 2 1 1 2603 2688 1553
4240 2 2 1 1 2007 2009 2006
4241 2 2 1 1 2328 2721 2673
4242 2 2 1 1 2619 2738 2530
4243 2 2 1 1 462 2391 1197
4244 2 2 1 1 713 714 696
4245 2 2 1 1 781 939 938
4246 2 2 1 1 842 2544 2062
4247 2 2 1 1 1093 1230 1091
4248 2 2 1 1 1355 1986 1107
4249 2 2 1 1 2423 2469 1312
4250 2 2 1 1 1323 2660 2517
4251 2 2 1 1 2425 2711 1448
4252 2 2 1 1 1511 2694 2618
4253 2 2 1 1 1533 1748 1534
4254 2 2 1 1 1594 1618 1592
4255 2 2 1 1 1695 2486 1697
4256 2 2 1 1 1726 2686 2627
4257 2 2 1 1 2219 2220 2217
4258 2 2 1 1 2364 2519 2239
4259 2 2 1 1 231 2290 47
4260 2 2 1 1 164 2319 266
4261 2 2 1 1 2139 2849 221
4262 2 2 1 1 2240 2463 414
4263 2 2 1 1 426 2463 934
4264 2 2 1 1 497 2407 477
4265 2 2 1 1 644 2348 493
4266 2 2 1 1 506 2197 570
4267 2 2 1 1 557 2162 516
4268 2 2 1 1 2000 2587 522
4269 2 2 1 1 530 531 528
4270 2 2 1 1 2719 2727 529
4271 2 2 1 1 547 2323 545
4272 2 2 1 1 569 2568 2123
4273 2 2 1 1 787 2420 814
4274 2 2 1 1 1180 2676 789
4275 2 2 1 1 887 890 889
4276 2 2 1 1 891 892 890
4277 2 2 1 1 1481 2491 929
4278 2 2 1 1 952 2443 1495
4279 2 2 1 1 957 1528 1212
4280 2 2 1 1 1350 2296 1063
4281 2 2 1 1 1078 1079 1077
4282 2 2 1 1 1324 1325 1082
4283 2 2 1 1 1088 2168 1087
4284 2 2 1 1 1193 1571 1263
4285 2 2 1 1 2100 2101 1207
4286 2 2 1 1 1718 2256 1473
4287 2 2 1 1 1482 1566 1565
4288 2 2 1 1 1486 1487 1485
4289 2 2 1 1 2089 2242 1714
4290 2 2 1 1 2218 2219 2217
4291 2 2 1 1 2785 2790 2462
4292 2 2 1 1 46 2290 258
4293 2 2 1 1 160 259 159
4294 2 2 1 1 184 2320 183
4295 2 2 1 1 245 2449 1509
4296 2 2 1 1 363 2708 2187
4297 2 2 1 1 450 459 458
4298 2 2 1 1 541 2401 539
4299 2 2 1 1 728 2339 774
4300 2 2 1 1 1294 2560 918
4301 2 2 1 1 1184 2477 1506
4302 2 2 1 1 1279 2005 1914
4303 2 2 1 1 1328 2685 1536
4304 2 2 1 1 2628 2681 1335
4305 2 2 1 1 1369 2531 1771
4306 2 2 1 1 1807 1809 1390
4307 2 2 1 1 1659 2532 1412
4308 2 2 1 1 1663 1941 1438
4309 2 2 1 1 2459 2460 1474
4310 2 2 1 1 1485 2424 2326
4311 2 2 1 1 1575 1662 1661
4312 2 2 1 1 1588 2853 1587
4313 2 2 1 1 1602 2827 2267
4314 2 2 1 1 1703 2709 2258
4315 2 2 1 1 2542 2578 1718
4316 2 2 1 1 1984 2621 2560
4317 2 2 1 1 2190 2475 2178
4318 2 2 1 1 2258 2727 2719
4319 2 2 1 1 303 305 304
4320 2 2 1 1 2379 2708 363
4321 2 2 1 1 398 2237 396
4322 2 2 1 1 490 2347 472
4323 2 2 1 1 2179 2225 564
4324 2 2 1 1 569 2572 2568
4325 2 2 1 1 589 590 572
4326 2 2 1 1 591 2408 572
4327 2 2 1 1 675 2291 651
4328 2 2 1 1 876 878 877
4329 2 2 1 1 2475 2772 906
4330 2 2 1 1 1436 2579 2072
4331 2 2 1 1 1467 2540 1465
4332 2 2 1 1 1707 2266 1498
4333 2 2 1 1 2568 2572 1512
4334 2 2 1 1 1993 2741 1530
4335 2 2 1 1 1692 2632 2074
4336 2 2 1 1 2359 2481 1697
4337 2 2 1 1 1720 2513 2417
4338 2 2 1 1 2066 2626 2577
4339 2 2 1 1 2069 2438 2071
4340 2 2 1 1 2070 2439 2438
4341 2 2 1 1 2126 2587 2330
4342 2 2 1 1 160 2205 259
4343 2 2 1 1 460 478 477
4344 2 2 1 1 503 2198 1442
4345 2 2 1 1 624 2580 605
4346 2 2 1 1 649 656 624
4347 2 2 1 1 1035 1036 711
4348 2 2 1 1 719 2621 721
4349 2 2 1 1 2470 2576 753
4350 2 2 1 1 802 2280 762
4351 2 2 1 1 807 2745 965
4352 2 2 1 1 1739 2659 810
4353 2 2 1 1 1034 2700 1280
4354 2 2 1 1 1226 2251 1708
4355 2 2 1 1 1241 2583 1624
4356 2 2 1 1 1293 2393 1670
4357 2 2 1 1 2422 2423 1312
4358 2 2 1 1 1356 1725 1588
4359 2 2 1 1 1445 1447 1446
4360 2 2 1 1 2460 2568 1474
4361 2 2 1 1 2652 2731 1538
4362 2 2 1 1 1603 1776 1716
4363 2 2 1 1 1745 2633 1744
4364 2 2 1 1 2445 2446 1823
4365 2 2 1 1 2495 2540 1831
4366 2 2 1 1 2047 2521 2504
4367 2 2 1 1 2087 2116 2114
4368 2 2 1 1 2267 2827 2295
4369 2 2 1 1 11 2140 10
4370 2 2 1 1 2025 2094 49
4371 2 2 1 1 391 392 345
4372 2 2 1 1 422 2393 693
4373 2 2 1 1 536 2304 583
4374 2 2 1 1 794 795 703
4375 2 2 1 1 707 2501 725
4376 2 2 1 1 996 2590 841
4377 2 2 1 1 928 2302 2277
4378 2 2 1 1 1283 2671 1000
4379 2 2 1 1 1004 1503 1041
4380 2 2 1 1 1132 2485 1024
4381 2 2 1 1 1159 2344 1124
4382 2 2 1 1 1398 1399 1165
4383 2 2 1 1 2326 2424 1435
4384 2 2 1 1 1479 2511 1756
4385 2 2 1 1 1561 2821 1820
4386 2 2 1 1 1719 2608 2542
4387 2 2 1 1 2149 2764 2602
4388 2 2 1 1 2447 2622 2368
4389 2 2 1 1 261 2140 11
4390 2 2 1 1 259 2208 159
4391 2 2 1 1 462 464 463
4392 2 2 1 1 584 2358 585
4393 2 2 1 1 798 2560 761
4394 2 2 1 1 808 1445 1008
4395 2 2 1 1 915 1048 1047
4396 2 2 1 1 1048 1050 1049
4397 2 2 1 1 1252 1376 1375
4398 2 2 1 1 1366 2526 1610
4399 2 2 1 1 1773 2624 1370
4400 2 2 1 1 1445 2125 1447
4401 2 2 1 1 1476 2477 1496
4402 2 2 1 1 1619 1620 1618
4403 2 2 1 1 1710 2601 2375
4404 2 2 1 1 1850 2791 2776
4405 2 2 1 1 2677 2692 2303
4406 2 2 1 1 2348 2698 2347
4407 2 2 1 1 2622 2660 2367
4408 2 2 1 1 413 2634 2151
4409 2 2 1 1 452 2406 1042
4410 2 2 1 1 757 759 758
4411 2 2 1 1 787 808 786
4412 2 2 1 1 787 809 808
4413 2 2 1 1 809 2421 808
4414 2 2 1 1 2519 2702 934
4415 2 2 1 1 957 2480 1528
4416 2 2 1 1 970 2623 1190
4417 2 2 1 1 1172 2109 986
4418 2 2 1 1 1016 2781 2713
4419 2 2 1 1 1426 1563 1224
4420 2 2 1 1 1353 2329 1752
4421 2 2 1 1 1482 2523 1566
4422 2 2 1 1 2726 2756 1500
4423 2 2 1 1 1507 2686 1726
4424 2 2 1 1 1725 2743 2146
4425 2 2 1 1 1742 2795 2581
4426 2 2 1 1 2425 2426 2101
4427 2 2 1 1 68 2314 67
4428 2 2 1 1 344 2373 348
4429 2 2 1 1 2645 2777 505
4430 2 2 1 1 655 2648 546
4431 2 2 1 1 1211 1717 1266
4432 2 2 1 1 1356 1588 1587
4433 2 2 1 1 2523 2562 1566
4434 2 2 1 1 47 2290 46
4435 2 2 1 1 83 2535 82
4436 2 2 1 1 161 2205 160
4437 2 2 1 1 221 2849 2837
4438 2 2 1 1 372 2372 312
4439 2 2 1 1 545 2323 569
4440 2 2 1 1 1270 1307 1118
4441 2 2 1 1 1397 2068 1270
4442 2 2 1 1 1466 1467 1465
4443 2 2 1 1 1536 2677 2436
4444 2 2 1 1 1662 2851 1945
4445 2 2 1 1 1681 1683 1682
4446 2 2 1 1 2584 2608 1719
4447 2 2 1 1 1847 1848 1846
4448 2 2 1 1 2065 2687 2067
4449 2 2 1 1 816 2611 1944
4450 2 2 1 1 2164 2599 1194
4451 2 2 1 1 2607 2655 1315
4452 2 2 1 1 1360 2624 1622
4453 2 2 1 1 2148 2616 1531
4454 2 2 1 1 1624 1625 1623
4455 2 2 1 1 211 2262 71
4456 2 2 1 1 2303 2692 346
4457 2 2 1 1 529 2727 360
4458 2 2 1 1 848 2590 1539
4459 2 2 1 1 1168 1301 919
4460 2 2 1 1 2281 2578 935
4461 2 2 1 1 1116 1249 1248
4462 2 2 1 1 2357 2693 1131
4463 2 2 1 1 1269 2411 1409
4464 2 2 1 1 1311 2626 2412
4465 2 2 1 1 1340 2658 2343
4466 2 2 1 1 2085 2665 1421
4467 2 2 1 1 1508 2656 2358
4468 2 2 1 1 1540 1605 1542
4469 2 2 1 1 1732 2650 1733
4470 2 2 1 1 1814 1839 1813
4471 2 2 1 1 2027 2031 2029
4472 2 2 1 1 2032 2033 2029
4473 2 2 1 1 2271 2661 2274
4474 2 2 1 1 1535 2687 2065
4475 2 2 1 1 2246 2620 2245
4476 2 2 1 1 477 2407 479
4477 2 2 1 1 517 2469 640
4478 2 2 1 1 1521 1522 813
4479 2 2 1 1 884 2404 887
4480 2 2 1 1 1000 2671 939
4481 2 2 1 1 1504 2551 1041
4482 2 2 1 1 2115 2523 1083
4483 2 2 1 1 1351 2841 2824
4484 2 2 1 1 1396 2548 2186
4485 2 2 1 1 1666 2665 2294
4486 2 2 1 1 1711 2713 1713
4487 2 2 1 1 1713 2781 1786
4488 2 2 1 1 2155 2836 2156
4489 2 2 1 1 2246 2660 2622
4490 2 2 1 1 874 2482 1177
4491 2 2 1 1 1181 1209 1180
4492 2 2 1 1 1268 1533 1400
4493 2 2 1 1 1344 1586 1414
4494 2 2 1 1 1417 2665 1666
4495 2 2 1 1 82 2535 2354
4496 2 2 1 1 2387 2509 417
4497 2 2 1 1 468 1977 470
4498 2 2 1 1 557 2489 2162
4499 2 2 1 1 583 2304 631
4500 2 2 1 1 643 2576 2308
4501 2 2 1 1 864 2375 2374
4502 2 2 1 1 1326 2631 1476
4503 2 2 1 1 2078 2487 1449
4504 2 2 1 1 1710 2567 1711
4505 2 2 1 1 1945 2614 1894
4506 2 2 1 1 2108 2713 2567
4507 2 2 1 1 605 2580 2164
4508 2 2 1 1 2146 2743 650
4509 2 2 1 1 763 930 803
4510 2 2 1 1 911 940 866
4511 2 2 1 1 1192 2554 898
4512 2 2 1 1 1164 1510 1343
4513 2 2 1 1 1178 2385 1339
4514 2 2 1 1 1187 2460 2459
4515 2 2 1 1 1395 1396 1264
4516 2 2 1 1 2186 2554 1264
4517 2 2 1 1 2278 2761 1321
4518 2 2 1 1 1451 2509 2387
4519 2 2 1 1 2209 2210 186
4520 2 2 1 1 189 2333 188
4521 2 2 1 1 552 2198 503
4522 2 2 1 1 1182 2483 586
4523 2 2 1 1 628 2489 593
4524 2 2 1 1 764 931 765
4525 2 2 1 1 858 2374 856
4526 2 2 1 1 1029 2465 1164
4527 2 2 1 1 2266 2675 1044
4528 2 2 1 1 1052 1426 1224
4529 2 2 1 1 1542 2063 1094
4530 2 2 1 1 1388 2192 2191
4531 2 2 1 1 1527 1710 1613
4532 2 2 1 1 1779 1780 1598
4533 2 2 1 1 2107 2556 1698
4534 2 2 1 1 1713 1786 1785
4535 2 2 1 1 2717 2723 2161
4536 2 2 1 1 2272 2692 2685
4537 2 2 1 1 73 2505 72
4538 2 2 1 1 163 2318 162
4539 2 2 1 1 856 1208 641
4540 2 2 1 1 1331 2664 1317
4541 2 2 1 1 1356 2753 1725
4542 2 2 1 1 1463 2415 1464
4543 2 2 1 1 1538 2731 1490
4544 2 2 1 1 1539 2674 1541
4545 2 2 1 1 1682 2625 2582
4546 2 2 1 1 2096 2182 1938
4547 2 2 1 1 2021 2630 2579
4548 2 2 1 1 82 2354 81
4549 2 2 1 1 404 2400 1062
4550 2 2 1 1 510 2322 511
4551 2 2 1 1 2392 2497 570
4552 2 2 1 1 695 2292 942
4553 2 2 1 1 761 2621 719
4554 2 2 1 1 901 2782 896
4555 2 2 1 1 1166 1995 1163
4556 2 2 1 1 1386 1387 1240
4557 2 2 1 1 1309 2471 2470
4558 2 2 1 1 1310 2557 2435
4559 2 2 1 1 2405 2523 1482
4560 2 2 1 1 1742 2581 1484
4561 2 2 1 1 1592 2300 1591
4562 2 2 1 1 1843 1865 1654
4563 2 2 1 1 2012 2717 2701
4564 2 2 1 1 397 399 398
4565 2 2 1 1 1432 2322 510
4566 2 2 1 1 537 2549 1500
4567 2 2 1 1 546 548 547
4568 2 2 1 1 548 550 549
4569 2 2 1 1 1004 2552 1503
4570 2 2 1 1 1029 1162 1028
4571 2 2 1 1 1029 1164 1163
4572 2 2 1 1 1372 2689 1146
4573 2 2 1 1 1208 2478 2474
4574 2 2 1 1 1616 2663 1230
4575 2 2 1 1 1295 1956 1296
4576 2 2 1 1 1590 1832 1414
4577 2 2 1 1 1693 2569 2097
4578 2 2 1 1 2774 2778 2383
4579 2 2 1 1 481 486 482
4580 2 2 1 1 514 2537 2464
4581 2 2 1 1 633 667 666
4582 2 2 1 1 667 670 668
4583 2 2 1 1 2060 2582 793
4584 2 2 1 1 986 2109 955
4585 2 2 1 1 1286 2539 1520
4586 2 2 1 1 2499 2547 2357
4587 2 2 1 1 51 2506 247
4588 2 2 1 1 96 2376 95
4589 2 2 1 1 571 2408 2137
4590 2 2 1 1 1537 2635 630
4591 2 2 1 1 1522 2476 813
4592 2 2 1 1 869 870 868
4593 2 2 1 1 868 2492 2349
4594 2 2 1 1 2124 2670 984
4595 2 2 1 1 1165 2619 1028
4596 2 2 1 1 1287 2503 1075
4597 2 2 1 1 1194 2599 1691
4598 2 2 1 1 1196 1252 1251
4599 2 2 1 1 1684 2538 1307
4600 2 2 1 1 2065 2066 1322
4601 2 2 1 1 1649 2063 1542
4602 2 2 1 1 1724 2704 2124
4603 2 2 1 1 1834 1896 1833
4604 2 2 1 1 2430 2431 2050
4605 2 2 1 1 2067 2714 2066
4606 2 2 1 1 2258 2709 2706
4607 2 2 1 1 2481 2482 2306
4608 2 2 1 1 118 2377 117
4609 2 2 1 1 420 2275 411
4610 2 2 1 1 473 2089 459
4611 2 2 1 1 504 2513 484
4612 2 2 1 1 863 2502 976
4613 2 2 1 1 981 2552 983
4614 2 2 1 1 990 1097 989
4615 2 2 1 1 1304 2678 2282
4616 2 2 1 1 1448 1675 1410
4617 2 2 1 1 1445 2421 2125
4618 2 2 1 1 1719 2542 1718
4619 2 2 1 1 2479 2557 2238
4620 2 2 1 1 2258 2719 2257
4621 2 2 1 1 291 2793 293
4622 2 2 1 1 298 520 296
4623 2 2 1 1 2178 2475 466
4624 2 2 1 1 2627 2686 562
4625 2 2 1 1 634 2636 678
4626 2 2 1 1 718 797 761
4627 2 2 1 1 792 2470 753
4628 2 2 1 1 756 793 757
4629 2 2 1 1 759 2420 787
4630 2 2 1 1 2059 2060 793
4631 2 2 1 1 874 1177 876
4632 2 2 1 1 1155 2611 1018
4633 2 2 1 1 1025 1132 1024
4634 2 2 1 1 1196 2603 1252
4635 2 2 1 1 1261 1384 1383
4636 2 2 1 1 1305 2547 2499
4637 2 2 1 1 1398 1834 1833
4638 2 2 1 1 1546 2670 1548
4639 2 2 1 1 1706 2512 2433
4640 2 2 1 1 2485 2486 2051
4641 2 2 1 1 2634 2693 2151
4642 2 2 1 1 2308 2576 2471
4643 2 2 1 1 2547 2693 2357
4644 2 2 1 1 2410 2608 2607
4645 2 2 1 1 2620 2622 2447
4646 2 2 1 1 52 2506 51
4647 2 2 1 1 283 285 284
4648 2 2 1 1 287 289 288
4649 2 2 1 1 300 2494 298
4650 2 2 1 1 400 2634 413
4651 2 2 1 1 421 451 418
4652 2 2 1 1 746 2651 743
4653 2 2 1 1 811 2753 1106
4654 2 2 1 1 853 2556 2182
4655 2 2 1 1 2673 2721 909
4656 2 2 1 1 1211 1265 1026
4657 2 2 1 1 1051 1207 1049
4658 2 2 1 1 1235 1378 1148
4659 2 2 1 1 2099 2100 1207
4660 2 2 1 1 1241 1624 1623
4661 2 2 1 1 1492 1764 1604
4662 2 2 1 1 220 2209 187
4663 2 2 1 1 920 2494 300
4664 2 2 1 1 301 582 303
4665 2 2 1 1 344 347 343
4666 2 2 1 1 354 367 366
4667 2 2 1 1 367 374 373
4668 2 2 1 1 397 398 396
4669 2 2 1 1 542 2672 544
4670 2 2 1 1 2323 2572 569
4671 2 2 1 1 818 819 760
4672 2 2 1 1 2560 2621 761
4673 2 2 1 1 791 2712 1020
4674 2 2 1 1 2340 2341 880
4675 2 2 1 1 921 2638 2543
4676 2 2 1 1 1009 1086 972
4677 2 2 1 1 1307 2538 1118
4678 2 2 1 1 2074 2632 1173
4679 2 2 1 1 1204 2577 1202
4680 2 2 1 1 1430 2430 2050
4681 2 2 1 1 1831 2540 1467
4682 2 2 1 1 1474 2568 1512
4683 2 2 1 1 1496 2403 1497
4684 2 2 1 1 1512 2572 1719
4685 2 2 1 1 2070 2678 2439
4686 2 2 1 1 2341 2414 2342
4687 2 2 1 1 95 2376 268
4688 2 2 1 1 266 2318 163
4689 2 2 1 1 332 2705 925
4690 2 2 1 1 346 2692 2272
4691 2 2 1 1 348 2373 351
4692 2 2 1 1 352 2195 350
4693 2 2 1 1 351 2490 353
4694 2 2 1 1 395 2536 1176
4695 2 2 1 1 399 2595 688
4696 2 2 1 1 408 2602 2391
4697 2 2 1 1 410 419 411
4698 2 2 1 1 2127 2275 420
4699 2 2 1 1 569 2123 543
4700 2 2 1 1 550 2627 562
4701 2 2 1 1 2383 2778 576
4702 2 2 1 1 585 2358 609
4703 2 2 1 1 794 2543 795
4704 2 2 1 1 2017 2605 850
4705 2 2 1 1 2490 2673 909
4706 2 2 1 1 926 2785 2462
4707 2 2 1 1 1047 2426 2158
4708 2 2 1 1 2543 2740 1125
4709 2 2 1 1 1161 1330 1329
4710 2 2 1 1 2391 2764 1197
4711 2 2 1 1 1261 1951 1384
4712 2 2 1 1 1423 1424 1271
4713 2 2 1 1 1517 1518 1303
4714 2 2 1 1 1315 2655 2181
4715 2 2 1 1 1660 2085 1421
4716 2 2 1 1 1841 1845 1424
4717 2 2 1 1 2283 2656 1508
4718 2 2 1 1 1674 2647 2411
4719 2 2 1 1 1734 2698 2667
4720 2 2 1 1 2003 2617 2002
4721 2 2 1 1 2237 2479 2238
4722 2 2 1 1 2272 2685 2680
4723 2 2 1 1 2364 2600 2519
4724 2 2 1 1 2638 2740 2543
4725 2 2 1 1 484 2513 491
4726 2 2 1 1 527 2245 644
4727 2 2 1 1 556 2483 531
4728 2 2 1 1 1214 2484 958
4729 2 2 1 1 2528 2570 1184
4730 2 2 1 1 1197 2774 2383
4731 2 2 1 1 1236 2007 2006
4732 2 2 1 1 1774 1775 1379
4733 2 2 1 1 2407 2675 1462
4734 2 2 1 1 339 2653 337
4735 2 2 1 1 340 908 342
4736 2 2 1 1 388 2400 404
4737 2 2 1 1 397 2595 399
4738 2 2 1 1 403 2634 400
4739 2 2 1 1 1195 2127 431
4740 2 2 1 1 461 2406 452
4741 2 2 1 1 2468 2701 492
4742 2 2 1 1 1312 2469 498
4743 2 2 1 1 538 2454 525
4744 2 2 1 1 535 2497 567
4745 2 2 1 1 1045 2672 542
4746 2 2 1 1 712 2264 713
4747 2 2 1 1 1175 2448 714
4748 2 2 1 1 864 2374 858
4749 2 2 1 1 887 2404 891
4750 2 2 1 1 889 957 897
4751 2 2 1 1 891 1191 898
4752 2 2 1 1 893 2612 2480
4753 2 2 1 1 2806 2814 904
4754 2 2 1 1 1028 2619 953
4755 2 2 1 1 957 1212 958
4756 2 2 1 1 1078 2405 1080
4757 2 2 1 1 1083 2523 2405
4758 2 2 1 1 1139 2168 1088
4759 2 2 1 1 1090 2169 1140
4760 2 2 1 1 1264 2554 1192
4761 2 2 1 1 1193 1263 1262
4762 2 2 1 1 1322 2577 1204
4763 2 2 1 1 1731 2604 1240
4764 2 2 1 1 1246 2591 2107
4765 2 2 1 1 1483 1484 1314
4766 2 2 1 1 1314 2581 1975
4767 2 2 1 1 2130 2666 1420
4768 2 2 1 1 1531 2616 1948
4769 2 2 1 1 2042 2551 1545
4770 2 2 1 1 1673 1861 1852
4771 2 2 1 1 1725 2753 2743
4772 2 2 1 1 644 2667 2348
4773 2 2 1 1 1115 1991 1234
4774 2 2 1 1 1506 2631 1917
4775 2 2 1 1 2058 2593 1684
4776 2 2 1 1 187 2209 186
4777 2 2 1 1 570 2497 535
4778 2 2 1 1 696 2292 695
4779 2 2 1 1 1145 2679 1289
4780 2 2 1 1 2794 2817 1263
4781 2 2 1 1 2125 2571 1447
4782 2 2 1 1 2698 2744 2122
4783 2 2 1 1 72 2505 211
4784 2 2 1 1 289 2565 729
4785 2 2 1 1 298 2494 520
4786 2 2 1 1 759 786 758
4787 2 2 1 1 882 2388 884
4788 2 2 1 1 985 2555 1147
4789 2 2 1 1 1501 2547 1306
4790 2 2 1 1 2256 2628 1335
4791 2 2 1 1 2021 2579 1432
4792 2 2 1 1 697 2558 658
4793 2 2 1 1 1292 2502 861
4794 2 2 1 1 1013 2643 1110
4795 2 2 1 1 1020 2712 1655
4796 2 2 1 1 1425 2669 1096
4797 2 2 1 1 1613 2260 1612
4798 2 2 1 1 2062 2545 1640
4799 2 2 1 1 570 2799 2392
4800 2 2 1 1 673 2166 1530
4801 2 2 1 1 850 2597 778
4802 2 2 1 1 968 2623 970
4803 2 2 1 1 2040 2762 1032
4804 2 2 1 1 1347 2759 1066
4805 2 2 1 1 2136 2584 1134
4806 2 2 1 1 2555 2747 1374
4807 2 2 1 1 1465 2540 2351
4808 2 2 1 1 1498 2493 2434
4809 2 2 1 1 2329 2860 2855
4810 2 2 1 1 165 2319 164
4811 2 2 1 1 637 2610 1537
4812 2 2 1 1 2013 2639 992
4813 2 2 1 1 1233 2419 1228
4814 2 2 1 1 1258 2588 1561
4815 2 2 1 1 1393 2695 1259
4816 2 2 1 1 1282 2553 2212
4817 2 2 1 1 365 2706 370
4818 2 2 1 1 1452 2484 1214
4819 2 2 1 1 2525 2649 1493
4820 2 2 1 1 1734 2667 1732
4821 2 2 1 1 2270 2658 2271
4822 2 2 1 1 2272 2680 2270
4823 2 2 1 1 2432 2559 2327
4824 2 2 1 1 101 2449 100
4825 2 2 1 1 473 2242 2089
4826 2 2 1 1 697 2559 2558
4827 2 2 1 1 997 2594 783
4828 2 2 1 1 2233 2534 1401
4829 2 2 1 1 701 2530 796
4830 2 2 1 1 850 2605 2597
4831 2 2 1 1 942 1489 988
4832 2 2 1 1 1497 2586 1707
4833 2 2 1 1 1527 2601 1710
4834 2 2 1 1 2480 2612 1528
4835 2 2 1 1 2013 2564 1632
4836 2 2 1 1 2652 2766 1731
4837 2 2 1 1 1699 2402 734
4838 2 2 1 1 770 2744 2510
4839 2 2 1 1 1018 2611 816
4840 2 2 1 1 2341 2361 1452
4841 2 2 1 1 2786 2858 2376
4842 2 2 1 1 580 2507 563
4843 2 2 1 1 2291 2434 927
4844 2 2 1 1 1413 1995 1166
4845 2 2 1 1 1758 2694 1511
4846 2 2 1 1 2070 2438 2069
4847 2 2 1 1 2607 2608 2136
4848 2 2 1 1 2558 2559 2432
4849 2 2 1 1 593 2489 557
4850 2 2 1 1 563 2507 588
4851 2 2 1 1 827 2609 1282
4852 2 2 1 1 1708 2392 1709
4853 2 2 1 1 1722 2762 2040
4854 2 2 1 1 1722 2808 2762
4855 2 2 1 1 495 2242 473
4856 2 2 1 1 714 2448 2292
4857 2 2 1 1 946 2367 1323
4858 2 2 1 1 948 2368 2367
4859 2 2 1 1 1096 2669 1243
4860 2 2 1 1 1329 2344 1159
4861 2 2 1 1 1179 2750 2190
4862 2 2 1 1 1284 2541 1663
4863 2 2 1 1 2478 2710 1523
4864 2 2 1 1 2668 2684 1705
4865 2 2 1 1 1766 2746 1758
4866 2 2 1 1 2672 2714 2067
4867 2 2 1 1 651 2291 927
4868 2 2 1 1 1743 2772 1567
4869 2 2 1 1 2513 2592 491
4870 2 2 1 1 778 2597 776
4871 2 2 1 1 1103 2583 1102
4872 2 2 1 1 2163 2598 1136
4873 2 2 1 1 1209 1721 1180
4874 2 2 1 1 1992 2649 1234
4875 2 2 1 1 1636 2639 1634
4876 2 2 1 1 2451 2864 1851
4877 2 2 1 1 278 2034 98
4878 2 2 1 1 562 2686 1555
4879 2 2 1 1 687 2736 2455
4880 2 2 1 1 743 2651 741
4881 2 2 1 1 1061 2465 954
4882 2 2 1 1 1093 2792 1341
4883 2 2 1 1 2281 2628 2578
4884 2 2 1 1 98 2034 97
4885 2 2 1 1 700 2355 671
4886 2 2 1 1 789 2676 748
4887 2 2 1 1 1035 2539 1037
4888 2 2 1 1 1243 2669 1926
4889 2 2 1 1 1252 2603 1553
4890 2 2 1 1 1717 2625 1266
4891 2 2 1 1 1739 2798 2754
4892 2 2 1 1 2217 2734 2216
4893 2 2 1 1 623 2528 646
4894 2 2 1 1 1038 2609 829
4895 2 2 1 1 2388 2404 884
4896 2 2 1 1 983 2552 1004
4897 2 2 1 1 1583 2515 1343
4898 2 2 1 1 2773 2832 2293
4899 2 2 1 1 85 2751 84
4900 2 2 1 1 586 2483 556
4901 2 2 1 1 736 2443 952
4902 2 2 1 1 829 2609 827
4903 2 2 1 1 1095 2514 997
4904 2 2 1 1 2343 2680 1327
4905 2 2 1 1 1519 2657 1333
4906 2 2 1 1 2328 2661 1340
4907 2 2 1 1 2226 2697 1942
4908 2 2 1 1 1208 2474 641
4909 2 2 1 1 2245 2650 644
4910 2 2 1 1 953 2530 765
4911 2 2 1 1 1148 2618 982
4912 2 2 1 1 2402 2555 985
4913 2 2 1 1 1399 1558 1165
4914 2 2 1 1 1433 2629 2021
4915 2 2 1 1 1547 2750 1891
4916 2 2 1 1 2510 2744 1735
4917 2 2 1 1 2720 2736 2081
4918 2 2 1 1 2650 2667 644
4919 2 2 1 1 2729 2793 729
4920 2 2 1 1 1484 2581 1314
4921 2 2 1 1 1691 2666 2130
4922 2 2 1 1 49 2094 48
4923 2 2 1 1 1045 2714 2672
4924 2 2 1 1 1102 2583 1241
4925 2 2 1 1 1690 2589 1454
4926 2 2 1 1 1501 2693 2547
4927 2 2 1 1 1730 2682 1728
4928 2 2 1 1 2136 2608 2584
4929 2 2 1 1 2779 2784 2350
4930 2 2 1 1 2706 2709 370
4931 2 2 1 1 2462 2790 389
4932 2 2 1 1 697 2688 2559
4933 2 2 1 1 758 2569 2529
4934 2 2 1 1 817 2752 1137
4935 2 2 1 1 909 2721 2223
4936 2 2 1 1 919 2541 917
4937 2 2 1 1 2321 2775 926
4938 2 2 1 1 1447 1790 1597
4939 2 2 1 1 1549 2721 2328
4940 2 2 1 1 2578 2628 2256
4941 2 2 1 1 2559 2603 2327
4942 2 2 1 1 2542 2608 2410
4943 2 2 1 1 1271 2638 921
4944 2 2 1 1 1097 2697 989
4945 2 2 1 1 989 2697 2226
4946 2 2 1 1 1462 2675 2585
4947 2 2 1 1 2718 2721 1549
4948 2 2 1 1 1731 2766 2765
4949 2 2 1 1 2176 2708 2379
4950 2 2 1 1 2626 2714 2250
4951 2 2 1 1 614 2653 339
4952 2 2 1 1 711 2637 672
4953 2 2 1 1 734 2402 731
4954 2 2 1 1 776 2597 2324
4955 2 2 1 1 788 2604 2518
4956 2 2 1 1 1037 2539 1286
4957 2 2 1 1 1108 2754 1365
4958 2 2 1 1 1513 2749 2723
4959 2 2 1 1 1600 2827 1602
4960 2 2 1 1 1723 2715 1724
4961 2 2 1 1 2468 2702 2701
4962 2 2 1 1 327 2644 391
4963 2 2 1 1 1357 2583 1103
4964 2 2 1 1 2439 2678 1304
4965 2 2 1 1 2416 2589 2090
4966 2 2 1 1 2274 2673 2490
4967 2 2 1 1 255 2804 2098
4968 2 2 1 1 2336 2592 1720
4969 2 2 1 1 268 2854 2139
4970 2 2 1 1 2066 2577 1322
4971 2 2 1 1 1335 2681 1336
4972 2 2 1 1 1724 2756 2704
4973 2 2 1 1 2706 2727 2258
4974 2 2 1 1 1957 2844 213
4975 2 2 1 1 917 2541 1284
4976 2 2 1 1 1212 2749 1513
4977 2 2 1 1 2181 2655 2409
4978 2 2 1 1 330 2705 332
4979 2 2 1 1 620 2636 634
4980 2 2 1 1 1698 2556 853
4981 2 2 1 1 2516 2517 2083
4982 2 2 1 1 2352 2570 2528
4983 2 2 1 1 548 2627 550
4984 2 2 1 1 572 2408 571
4985 2 2 1 1 822 2566 824
4986 2 2 1 1 1276 2770 2093
4987 2 2 1 1 1558 2738 2619
4988 2 2 1 1 2177 2691 2176
4989 2 2 1 1 498 2469 517
4990 2 2 1 1 1281 2780 961
4991 2 2 1 1 1336 2682 2360
4992 2 2 1 1 1545 2551 1504
4993 2 2 1 1 1589 2840 1576
4994 2 2 1 1 1728 2681 1727
4995 2 2 1 1 2691 2708 2176
4996 2 2 1 1 100 2449 245
4997 2 2 1 1 1016 2713 2108
4998 2 2 1 1 1100 2546 1098
4999 2 2 1 1 1622 2640 1254
5000 2 2 1 1 1654 2787 2203
5001 2 2 1 1 2051 2486 1695
5002 2 2 1 1 1730 2725 2682
5003 2 2 1 1 2223 2721 2718
5004 2 2 1 1 779 2659 781
5005 2 2 1 1 1142 2640 1141
5006 2 2 1 1 1366 2546 2526
5007 2 2 1 1 1715 2657 2591
5008 2 2 1 1 2704 2756 1743
5009 2 2 1 1 2600 2702 2519
5010 2 2 1 1 1295 2527 2232
5011 2 2 1 1 1378 2191 1757
5012 2 2 1 1 1454 2589 2416
5013 2 2 1 1 2412 2626 2250
5014 2 2 1 1 842 2699 2684
5015 2 2 1 1 906 2726 2549
5016 2 2 1 1 1958 2761 1959
5017 2 2 1 1 2155 2846 2598
5018 2 2 1 1 842 2684 834
5019 2 2 1 1 1009 2525 1493
5020 2 2 1 1 1642 2699 2062
5021 2 2 1 1 2629 2715 1723
5022 2 2 1 1 2659 2754 999
5023 2 2 1 1 1406 2716 1507
5024 2 2 1 1 1500 2756 2715
5025 2 2 1 1 1507 2716 2686
5026 2 2 1 1 2151 2693 1501
5027 2 2 1 1 1553 2688 1751
5028 2 2 1 1 1776 2690 1716
5029 2 2 1 1 1036 2637 711
5030 2 2 1 1 965 2745 968
5031 2 2 1 1 1387 2652 1731
5032 2 2 1 1 2340 2361 2341
5033 2 2 1 1 2635 2636 620
5034 2 2 1 1 2352 2528 623
5035 2 2 1 1 953 2619 2530
5036 2 2 1 1 1558 2619 1165
5037 2 2 1 1 2726 2772 1743
5038 2 2 1 1 813 2752 766
5039 2 2 1 1 2530 2738 796
5040 2 2 1 1 1059 2783 1345
5041 2 2 1 1 1304 2440 2439
5042 2 2 1 1 2411 2647 1409
5043 2 2 1 1 2167 2815 1515
5044 2 2 1 1 1634 2639 2013
5045 2 2 1 1 2579 2630 2072
5046 2 2 1 1 748 2676 746
5047 2 2 1 1 1110 2643 1564
5048 2 2 1 1 1388 2191 1378
5049 2 2 1 1 2220 2734 2217
5050 2 2 1 1 546 2648 548
5051 2 2 1 1 713 2264 716
5052 2 2 1 1 991 2566 822
5053 2 2 1 1 1332 2755 1331
5054 2 2 1 1 2582 2625 1717
5055 2 2 1 1 2617 2770 2002
5056 2 2 1 1 2562 2784 2779
5057 2 2 1 1 299 2769 301
5058 2 2 1 1 1846 2638 1424
5059 2 2 1 1 1684 2593 2538
5060 2 2 1 1 2360 2725 1704
5061 2 2 1 1 1848 2740 1846
5062 2 2 1 1 325 2644 327
5063 2 2 1 1 360 2727 362
5064 2 2 1 1 362 2706 365
5065 2 2 1 1 370 2728 2321
5066 2 2 1 1 2223 2718 529
5067 2 2 1 1 925 2683 2677
5068 2 2 1 1 954 2465 1029
5069 2 2 1 1 993 2545 2544
5070 2 2 1 1 2457 2791 1030
5071 2 2 1 1 1048 2440 1304
5072 2 2 1 1 1114 2588 1116
5073 2 2 1 1 1323 2517 2516
5074 2 2 1 1 2681 2682 1336
5075 2 2 1 1 1421 2665 1417
5076 2 2 1 1 2815 2864 1515
5077 2 2 1 1 1544 2613 1543
5078 2 2 1 1 1560 2718 1549
5079 2 2 1 1 1687 2683 1940
5080 2 2 1 1 1704 2709 1703
5081 2 2 1 1 1732 2667 2650
5082 2 2 1 1 2605 2633 1745
5083 2 2 1 1 1746 2828 2759
5084 2 2 1 1 2081 2736 2080
5085 2 2 1 1 2510 2720 2081
5086 2 2 1 1 2270 2680 2658
5087 2 2 1 1 2682 2725 2360
5088 2 2 1 1 1091 2663 1092
5089 2 2 1 1 1234 2649 2525
5090 2 2 1 1 1424 2638 1271
5091 2 2 1 1 2367 2660 1323
5092 2 2 1 1 1753 2642 2394
5093 2 2 1 1 2824 2841 2088
5094 2 2 1 1 2347 2698 2122
5095 2 2 1 1 2398 2771 2397
5096 2 2 1 1 2677 2683 2436
5097 2 2 1 1 389 2707 2400
5098 2 2 1 1 1254 2640 1142
5099 2 2 1 1 2404 2615 1191
5100 2 2 1 1 1263 2817 2110
5101 2 2 1 1 1348 2773 2293
5102 2 2 1 1 1448 2711 1675
5103 2 2 1 1 1513 2717 2012
5104 2 2 1 1 2012 2701 1516
5105 2 2 1 1 1738 2758 1557
5106 2 2 1 1 1557 2760 1742
5107 2 2 1 1 1720 2592 2513
5108 2 2 1 1 2820 2828 1746
5109 2 2 1 1 2161 2723 2442
5110 2 2 1 1 2350 2784 2197
5111 2 2 1 1 2246 2622 2620
5112 2 2 1 1 2680 2685 1327
5113 2 2 1 1 2658 2680 2343
5114 2 2 1 1 2395 2615 2388
5115 2 2 1 1 2709 2728 370
5116 2 2 1 1 1230 2663 1091
5117 2 2 1 1 2158 2426 2425
5118 2 2 1 1 501 2777 507
5119 2 2 1 1 2062 2699 842
5120 2 2 1 1 1242 2730 1609
5121 2 2 1 1 2442 2723 1738
5122 2 2 1 1 1533 2733 1748
5123 2 2 1 1 2216 2734 228
5124 2 2 1 1 2718 2719 529
5125 2 2 1 1 810 2659 779
5126 2 2 1 1 781 2659 999
5127 2 2 1 1 2147 2806 904
5128 2 2 1 1 2020 2703 993
5129 2 2 1 1 2215 2694 1001
5130 2 2 1 1 2754 2798 1365
5131 2 2 1 1 2400 2707 1562
5132 2 2 1 1 1530 2700 1034
5133 2 2 1 1 1208 2710 2478
5134 2 2 1 1 1699 2747 2555
5135 2 2 1 1 1704 2728 2709
5136 2 2 1 1 2749 2758 1738
5137 2 2 1 1 1570 2774 2764
5138 2 2 1 1 1184 2570 2477
5139 2 2 1 1 1728 2682 2681
5140 2 2 1 1 2124 2704 2670
5141 2 2 1 1 548 2648 2627
5142 2 2 1 1 2436 2683 1687
5143 2 2 1 1 2358 2656 609
5144 2 2 1 1 1327 2685 1328
5145 2 2 1 1 1758 2746 2694
5146 2 2 1 1 2661 2673 2274
5147 2 2 1 1 629 2860 2146
5148 2 2 1 1 1175 2766 2448
5149 2 2 1 1 1098 2546 1366
5150 2 2 1 1 2640 2735 1381
5151 2 2 1 1 1655 2712 1878
5152 2 2 1 1 2544 2545 2062
5153 2 2 1 1 362 2727 2706
5154 2 2 1 1 2396 2807 2395
5155 2 2 1 1 793 2646 757
5156 2 2 1 1 898 2554 2389
5157 2 2 1 1 993 2703 2545
5158 2 2 1 1 2250 2714 1045
5159 2 2 1 1 1830 2739 1831
5160 2 2 1 1 1551 2637 1036
5161 2 2 1 1 1116 2588 1258
5162 2 2 1 1 1560 2719 2718
5163 2 2 1 1 2654 2742 2057
5164 2 2 1 1 2476 2752 813
5165 2 2 1 1 1240 2604 1011
5166 2 2 1 1 1433 2715 2629
5167 2 2 1 1 1891 2613 1544
5168 2 2 1 1 1590 2858 1844
5169 2 2 1 1 1555 2716 1658
5170 2 2 1 1 2664 2771 2398
5171 2 2 1 1 2610 2757 1537
5172 2 2 1 1 1032 2762 1154
5173 2 2 1 1 1511 2618 1148
5174 2 2 1 1 2257 2719 1560
5175 2 2 1 1 2328 2673 2661
5176 2 2 1 1 918 2560 798
5177 2 2 1 1 2775 2785 926
5178 2 2 1 1 1289 2679 1470
5179 2 2 1 1 2707 2763 1562
5180 2 2 1 1 650 2743 674
5181 2 2 1 1 925 2677 2303
5182 2 2 1 1 1349 2809 1350
5183 2 2 1 1 1538 2766 2652
5184 2 2 1 1 2138 2833 1581
5185 2 2 1 1 1699 2555 2402
5186 2 2 1 1 2696 2761 1958
5187 2 2 1 1 1564 2724 1617
5188 2 2 1 1 2529 2569 1693
5189 2 2 1 1 846 2522 843
5190 2 2 1 1 1225 2722 1268
5191 2 2 1 1 2116 2810 2800
5192 2 2 1 1 1011 2604 788
5193 2 2 1 1 2189 2861 1683
5194 2 2 1 1 956 2594 1013
5195 2 2 1 1 999 2754 1108
5196 2 2 1 1 1065 2832 1347
5197 2 2 1 1 2740 2776 1125
5198 2 2 1 1 1572 2820 1746
5199 2 2 1 1 1596 2732 2476
5200 2 2 1 1 2591 2657 1519
5201 2 2 1 1 2686 2716 1555
5202 2 2 1 1 1740 2798 1739
5203 2 2 1 1 2670 2704 1548
5204 2 2 1 1 1945 2804 1584
5205 2 2 1 1 301 2769 582
5206 2 2 1 1 995 2792 1093
5207 2 2 1 1 2024 2781 1016
5208 2 2 1 1 1819 2695 1393
5209 2 2 1 1 2116 2800 2117
5210 2 2 1 1 2755 2807 2396
5211 2 2 1 1 960 2565 287
5212 2 2 1 1 2433 2512 2359
5213 2 2 1 1 900 2803 902
5214 2 2 1 1 2694 2746 1001
5215 2 2 1 1 1513 2723 2717
5216 2 2 1 1 2419 2789 1577
5217 2 2 1 1 2811 2836 640
5218 2 2 1 1 861 2502 863
5219 2 2 1 1 904 2814 1699
5220 2 2 1 1 2154 2813 2157
5221 2 2 1 1 58 2838 57
5222 2 2 1 1 211 2662 2262
5223 2 2 1 1 1350 2822 2296
5224 2 2 1 1 1573 2819 1575
5225 2 2 1 1 2359 2512 2227
5226 2 2 1 1 1154 2762 1569
5227 2 2 1 1 968 2745 2623
5228 2 2 1 1 1582 2834 1227
5229 2 2 1 1 2330 2770 1276
5230 2 2 1 1 1846 2740 2638
5231 2 2 1 1 2522 2767 845
5232 2 2 1 1 1548 2704 1743
5233 2 2 1 1 678 2768 657
5234 2 2 1 1 757 2646 759
5235 2 2 1 1 1576 2738 1558
5236 2 2 1 1 2688 2768 1751
5237 2 2 1 1 2057 2742 740
5238 2 2 1 1 1321 2761 2696
5239 2 2 1 1 1443 2807 2755
5240 2 2 1 1 1838 2835 2112
5241 2 2 1 1 1850 2776 1848
5242 2 2 1 1 1851 2815 1850
5243 2 2 1 1 1001 2746 2024
5244 2 2 1 1 2495 2825 1152
5245 2 2 1 1 2549 2726 1500
5246 2 2 1 1 1848 2776 2740
5247 2 2 1 1 2122 2744 770
5248 2 2 1 1 1516 2702 2600
5249 2 2 1 1 1566 2778 1565
5250 2 2 1 1 1570 2764 2149
5251 2 2 1 1 576 2779 2350
5252 2 2 1 1 895 2760 2612
5253 2 2 1 1 902 2803 2733
5254 2 2 1 1 1066 2759 1068
5255 2 2 1 1 1068 2828 1070
5256 2 2 1 1 1244 2724 2514
5257 2 2 1 1 1347 2805 2759
5258 2 2 1 1 1741 2841 1351
5259 2 2 1 1 2612 2758 1528
5260 2 2 1 1 1565 2774 1570
5261 2 2 1 1 2562 2779 1566
5262 2 2 1 1 1622 2735 2640
5263 2 2 1 1 2723 2749 1738
5264 2 2 1 1 2760 2782 1742
5265 2 2 1 1 1897 2808 2792
5266 2 2 1 1 2157 2809 2802
5267 2 2 1 1 1746 2805 1550
5268 2 2 1 1 2087 2810 2116
5269 2 2 1 1 84 2751 208
5270 2 2 1 1 843 2522 845
5271 2 2 1 1 2701 2702 1516
5272 2 2 1 1 2017 2816 1520
5273 2 2 1 1 1520 2829 2017
5274 2 2 1 1 1528 2758 2749
5275 2 2 1 1 2388 2615 2404
5276 2 2 1 1 971 2862 2458
5277 2 2 1 1 1565 2778 2774
5278 2 2 1 1 2724 2818 1617
5279 2 2 1 1 2002 2770 2330
5280 2 2 1 1 1582 2832 2773
5281 2 2 1 1 1784 2732 1596
5282 2 2 1 1 1689 2777 2645
5283 2 2 1 1 1443 2755 1332
5284 2 2 1 1 1381 2735 1798
5285 2 2 1 1 2755 2771 1331
5286 2 2 1 1 1562 2763 1568
5287 2 2 1 1 780 2753 811
5288 2 2 1 1 783 2594 956
5289 2 2 1 1 1766 2796 2746
5290 2 2 1 1 1296 2857 1985
5291 2 2 1 1 2514 2724 2643
5292 2 2 1 1 1345 2783 2763
5293 2 2 1 1 1224 2801 1225
5294 2 2 1 1 729 2793 291
5295 2 2 1 1 1865 2787 1654
5296 2 2 1 1 2725 2728 1704
5297 2 2 1 1 2299 2790 1729
5298 2 2 1 1 1244 2818 2724
5299 2 2 1 1 2832 2833 1347
5300 2 2 1 1 1900 2856 1391
5301 2 2 1 1 2598 2836 2155
5302 2 2 1 1 766 2752 817
5303 2 2 1 1 961 2780 1128
5304 2 2 1 1 1834 2737 1896
5305 2 2 1 1 1755 2563 1456
5306 2 2 1 1 87 2844 263
5307 2 2 1 1 1219 2654 1209
5308 2 2 1 1 1537 2788 2635
5309 2 2 1 1 2746 2796 2024
5310 2 2 1 1 1391 2856 1392
5311 2 2 1 1 895 2782 2760
5312 2 2 1 1 2715 2756 1724
5313 2 2 1 1 1947 2737 1834
5314 2 2 1 1 2419 2847 2830
5315 2 2 1 1 1729 2790 2785
5316 2 2 1 1 2859 2873 1775
5317 2 2 1 1 796 2797 1668
5318 2 2 1 1 1233 2847 2419
5319 2 2 1 1 213 2844 88
5320 2 2 1 1 303 2839 305
5321 2 2 1 1 2339 2783 1059
5322 2 2 1 1 1125 2776 2457
5323 2 2 1 1 1431 2786 2044
5324 2 2 1 1 1729 2785 1730
5325 2 2 1 1 2018 2765 1175
5326 2 2 1 1 2742 2806 2147
5327 2 2 1 1 2197 2799 570
5328 2 2 1 1 896 2782 895
5329 2 2 1 1 1528 2749 1212
5330 2 2 1 1 1456 2563 2073
5331 2 2 1 1 1530 2741 2700
5332 2 2 1 1 2800 2810 1709
5333 2 2 1 1 1971 2843 1747
5334 2 2 1 1 2117 2784 2562
5335 2 2 1 1 1569 2808 1897
5336 2 2 1 1 2738 2797 796
5337 2 2 1 1 1747 2773 1348
5338 2 2 1 1 1552 2742 2654
5339 2 2 1 1 2044 2786 232
5340 2 2 1 1 2690 2731 1716
5341 2 2 1 1 2095 2867 1828
5342 2 2 1 1 1579 2814 2806
5343 2 2 1 1 1365 2798 1626
5344 2 2 1 1 2643 2724 1564
5345 2 2 1 1 2581 2824 1975
5346 2 2 1 1 2811 2822 2156
5347 2 2 1 1 1874 2831 1656
5348 2 2 1 1 906 2772 2726
5349 2 2 1 1 1883 2870 1884
5350 2 2 1 1 2612 2760 2758
5351 2 2 1 1 1577 2757 1222
5352 2 2 1 1 1030 2791 2167
5353 2 2 1 1 1552 2654 1219
5354 2 2 1 1 1730 2775 2725
5355 2 2 1 1 2017 2829 2605
5356 2 2 1 1 1268 2722 1533
5357 2 2 1 1 2163 2836 2598
5358 2 2 1 1 1579 2806 1552
5359 2 2 1 1 2758 2760 1557
5360 2 2 1 1 1057 2757 2610
5361 2 2 1 1 2392 2800 1709
5362 2 2 1 1 1730 2785 2775
5363 2 2 1 1 2642 2846 2153
5364 2 2 1 1 2725 2775 2728
5365 2 2 1 1 1552 2806 2742
5366 2 2 1 1 1736 2814 1579
5367 2 2 1 1 2781 2796 1786
5368 2 2 1 1 2722 2733 1533
5369 2 2 1 1 1520 2816 1455
5370 2 2 1 1 1576 2797 2738
5371 2 2 1 1 2759 2805 1746
5372 2 2 1 1 2778 2779 576
5373 2 2 1 1 2783 2802 1568
5374 2 2 1 1 2773 2834 1582
5375 2 2 1 1 1747 2843 2834
5376 2 2 1 1 287 2565 289
5377 2 2 1 1 2469 2811 640
5378 2 2 1 1 1331 2771 2664
5379 2 2 1 1 2339 2802 2783
5380 2 2 1 1 1822 2825 2739
5381 2 2 1 1 805 2802 2339
5382 2 2 1 1 1585 2794 1443
5383 2 2 1 1 1092 2868 2183
5384 2 2 1 1 1341 2808 1722
5385 2 2 1 1 2423 2822 2811
5386 2 2 1 1 1550 2805 2138
5387 2 2 1 1 1975 2824 2088
5388 2 2 1 1 1222 2757 1057
5389 2 2 1 1 1778 2842 1737
5390 2 2 1 1 1607 2818 1244
5391 2 2 1 1 1571 2807 2794
5392 2 2 1 1 1577 2789 2788
5393 2 2 1 1 2235 2865 1829
5394 2 2 1 1 2728 2775 2321
5395 2 2 1 1 1410 2748 1573
5396 2 2 1 1 2329 2853 1588
5397 2 2 1 1 2733 2803 1748
5398 2 2 1 1 2156 2813 2154
5399 2 2 1 1 1084 2828 2820
5400 2 2 1 1 2789 2830 678
5401 2 2 1 1 2763 2783 1568
5402 2 2 1 1 2295 2827 987
5403 2 2 1 1 1084 2810 2087
5404 2 2 1 1 1585 2817 2794
5405 2 2 1 1 2296 2822 2423
5406 2 2 1 1 2423 2811 2469
5407 2 2 1 1 1568 2809 1349
5408 2 2 1 1 2747 2823 1374
5409 2 2 1 1 255 2826 2804
5410 2 2 1 1 2636 2789 678
5411 2 2 1 1 1027 2803 900
5412 2 2 1 1 1566 2779 2778
5413 2 2 1 1 1351 2795 901
5414 2 2 1 1 2795 2824 2581
5415 2 2 1 1 1575 2819 1957
5416 2 2 1 1 2635 2788 2636
5417 2 2 1 1 2813 2822 1350
5418 2 2 1 1 1844 2858 2786
5419 2 2 1 1 2419 2830 2789
5420 2 2 1 1 1152 2821 2588
5421 2 2 1 1 1656 2831 1811
5422 2 2 1 1 2739 2825 1831
5423 2 2 1 1 57 2838 251
5424 2 2 1 1 2765 2766 1175
5425 2 2 1 1 1563 2801 1224
5426 2 2 1 1 1709 2820 1572
5427 2 2 1 1 1817 2817 1585
5428 2 2 1 1 1747 2834 2773
5429 2 2 1 1 2803 2848 1748
5430 2 2 1 1 1675 2748 1410
5431 2 2 1 1 1070 2828 1084
5432 2 2 1 1 1850 2815 2791
5433 2 2 1 1 582 2839 303
5434 2 2 1 1 2106 2871 79
5435 2 2 1 1 2830 2847 1751
5436 2 2 1 1 1882 2835 1838
5437 2 2 1 1 2024 2796 2781
5438 2 2 1 1 1027 2848 2803
5439 2 2 1 1 76 2869 75
5440 2 2 1 1 2117 2799 2784
5441 2 2 1 1 1581 2833 1582
5442 2 2 1 1 2293 2832 1065
5443 2 2 1 1 1227 2834 1407
5444 2 2 1 1 1455 2816 1600
5445 2 2 1 1 1737 2842 2823
5446 2 2 1 1 2784 2799 2197
5447 2 2 1 1 1374 2823 1759
5448 2 2 1 1 2588 2821 1561
5449 2 2 1 1 1584 2826 1583
5450 2 2 1 1 2801 2841 1741
5451 2 2 1 1 88 2844 87
5452 2 2 1 1 2826 2837 1583
5453 2 2 1 1 2768 2830 1751
5454 2 2 1 1 1353 2853 2329
5455 2 2 1 1 1665 2848 1027
5456 2 2 1 1 1582 2833 2832
5457 2 2 1 1 640 2836 2163
5458 2 2 1 1 79 2871 78
5459 2 2 1 1 2798 2845 1626
5460 2 2 1 1 2849 2854 1586
5461 2 2 1 1 1407 2843 1994
5462 2 2 1 1 2802 2809 1568
5463 2 2 1 1 2605 2829 2633
5464 2 2 1 1 2834 2843 1407
5465 2 2 1 1 1376 2873 1377
5466 2 2 1 1 2788 2789 2636
5467 2 2 1 1 1748 2848 1749
5468 2 2 1 1 2794 2807 1443
5469 2 2 1 1 1831 2825 2495
5470 2 2 1 1 2098 2851 213
5471 2 2 1 1 1828 2857 1589
5472 2 2 1 1 2791 2815 2167
5473 2 2 1 1 2088 2841 1563
5474 2 2 1 1 1665 2852 2848
5475 2 2 1 1 2848 2852 1749
5476 2 2 1 1 1956 2840 1296
5477 2 2 1 1 2515 2849 1586
5478 2 2 1 1 1084 2820 2810
5479 2 2 1 1 1563 2841 2801
5480 2 2 1 1 1751 2847 1750
5481 2 2 1 1 1752 2855 2850
5482 2 2 1 1 1740 2845 2798
5483 2 2 1 1 2837 2849 2515
5484 2 2 1 1 1752 2850 1753
5485 2 2 1 1 1753 2846 2642
5486 2 2 1 1 1725 2860 1588
5487 2 2 1 1 2850 2855 1136
5488 2 2 1 1 1379 2866 1233
5489 2 2 1 1 1990 2845 1740
5490 2 2 1 1 1583 2837 2515
5491 2 2 1 1 1233 2866 2847
5492 2 2 1 1 1749 2852 1814
5493 2 2 1 1 678 2830 2768
5494 2 2 1 1 1588 2860 2329
5495 2 2 1 1 2810 2820 1709
5496 2 2 1 1 2329 2855 1752
5497 2 2 1 1 2156 2822 2813
5498 2 2 1 1 1886 2872 1888
5499 2 2 1 1 2548 2852 1665
5500 2 2 1 1 2598 2850 1136
5501 2 2 1 1 1351 2824 2795
5502 2 2 1 1 2146 2860 1725
5503 2 2 1 1 2846 2850 2598
5504 2 2 1 1 1586 2854 1590
5505 2 2 1 1 2458 2853 1353
5506 2 2 1 1 1945 2851 2804
5507 2 2 1 1 2804 2826 1584
5508 2 2 1 1 1976 2861 1836
5509 2 2 1 1 2823 2842 1759
5510 2 2 1 1 852 2865 2235
5511 2 2 1 1 1392 2856 1816
5512 2 2 1 1 1753 2850 2846
5513 2 2 1 1 1136 2855 629
5514 2 2 1 1 1377 2859 1795
5515 2 2 1 1 1587 2862 1883
5516 2 2 1 1 1515 2864 1980
5517 2 2 1 1 2376 2858 268
5518 2 2 1 1 2852 2863 1814
5519 2 2 1 1 2189 2865 852
5520 2 2 1 1 2548 2863 2852
5521 2 2 1 1 2183 2870 971
5522 2 2 1 1 1824 2863 2548
5523 2 2 1 1 1589 2857 2840
5524 2 2 1 1 2804 2851 2098
5525 2 2 1 1 1775 2866 1379
5526 2 2 1 1 2847 2866 1750
5527 2 2 1 1 1985 2867 1892
5528 2 2 1 1 1884 2868 1886
5529 2 2 1 1 75 2869 237
5530 2 2 1 1 2872 2874 1888
5531 2 2 1 1 2840 2857 1296
5532 2 2 1 1 78 2871 203
5533 2 2 1 1 2663 2872 1092
5534 2 2 1 1 971 2870 2862
5535 2 2 1 1 1750 2873 1376
5536 2 2 1 1 1616 2874 2663
5537 2 2 1 1 2663 2874 2872
5538 2 2 1 1 2862 2870 1883
5539 2 2 1 1 1092 2872 2868
5540 2 2 1 1 1775 2873 2866
5541 2 2 1 1 2866 2873 1750
5542 2 2 1 1 2868 2872 1886
5543 2 2 1 1 1791 2891 1793
5544 2 2 1 1 2288 2979 1781
5545 2 2 1 1 1921 2875 1996
5546 2 2 1 1 1248 2875 1991
5547 2 2 1 1 1798 2985 242
5548 2 2 1 1 1788 2876 2473
5549 2 2 1 1 1250 2876 1875
5550 2 2 1 1 1996 2875 1248
5551 2 2 1 1 2876 2879 1875
5552 2 2 1 1 2875 2877 1991
5553 2 2 1 1 2965 3015 252
5554 2 2 1 1 1922 2877 2875
5555 2 2 1 1 1793 2892 246
5556 2 2 1 1 2473 2876 1250
5557 2 2 1 1 37 2878 36
5558 2 2 1 1 1143 2887 1806
5559 2 2 1 1 1789 2879 2876
5560 2 2 1 1 1910 2880 1358
5561 2 2 1 1 1358 2880 1359
5562 2 2 1 1 1580 2880 1777
5563 2 2 1 1 1251 2883 1357
5564 2 2 1 1 1794 2883 1375
5565 2 2 1 1 1137 2884 1019
5566 2 2 1 1 1790 3015 2965
5567 2 2 1 1 27 2885 26
5568 2 2 1 1 130 2886 129
5569 2 2 1 1 2956 3011 2193
5570 2 2 1 1 281 2887 1143
5571 2 2 1 1 1509 2887 279
5572 2 2 1 1 2028 3014 2030
5573 2 2 1 1 53 2888 52
5574 2 2 1 1 2506 2888 2031
5575 2 2 1 1 234 2958 1796
5576 2 2 1 1 2908 2947 235
5577 2 2 1 1 2905 2945 1931
5578 2 2 1 1 2902 2942 1768
5579 2 2 1 1 2903 2943 1864
5580 2 2 1 1 204 2937 2900
5581 2 2 1 1 241 2938 2897
5582 2 2 1 1 1769 2935 2895
5583 2 2 1 1 1767 2933 2893
5584 2 2 1 1 1925 2940 2899
5585 2 2 1 1 1770 2939 2898
5586 2 2 1 1 1890 2934 2894
5587 2 2 1 1 2907 2929 225
5588 2 2 1 1 2904 2919 215
5589 2 2 1 1 2901 2911 250
5590 2 2 1 1 1991 2877 1992
5591 2 2 1 1 2882 3004 1803
5592 2 2 1 1 1624 2891 1791
5593 2 2 1 1 1357 2891 2583
5594 2 2 1 1 27 2966 2885
5595 2 2 1 1 2886 2967 129
5596 2 2 1 1 2263 2978 226
5597 2 2 1 1 265 2878 37
5598 2 2 1 1 1875 2879 1754
5599 2 2 1 1 2030 3014 2884
5600 2 2 1 1 219 2974 1789
5601 2 2 1 1 1805 2881 1803
5602 2 2 1 1 224 2977 1922
5603 2 2 1 1 1359 2880 1580
5604 2 2 1 1 2878 2971 36
5605 2 2 1 1 246 2892 148
5606 2 2 1 1 1375 2883 1251
5607 2 2 1 1 1019 2884 1151
5608 2 2 1 1 157 2893 156
5609 2 2 1 1 1863 2900 2730
5610 2 2 1 1 182 2894 181
5611 2 2 1 1 168 2895 167
5612 2 2 1 1 197 2898 196
5613 2 2 1 1 1605 2897 1648
5614 2 2 1 1 194 2899 193
5615 2 2 1 1 1623 2901 1608
5616 2 2 1 1 1616 2896 2874
5617 2 2 1 1 178 2902 177
5618 2 2 1 1 175 2903 174
5619 2 2 1 1 172 2905 171
5620 2 2 1 1 1639 2904 1641
5621 2 2 1 1 1924 2907 1923
5622 2 2 1 1 2818 2908 1617
5623 2 2 1 1 2874 2906 1888
5624 2 2 1 1 2732 2909 1137
5625 2 2 1 1 1650 2938 1864
5626 2 2 1 1 155 2933 250
5627 2 2 1 1 1930 2936 1931
5628 2 2 1 1 180 2934 238
5629 2 2 1 1 166 2935 215
5630 2 2 1 1 195 2939 235
5631 2 2 1 1 192 2940 225
5632 2 2 1 1 1609 2937 1768
5633 2 2 1 1 1769 2944 1643
5634 2 2 1 1 238 2942 179
5635 2 2 1 1 1767 2941 1615
5636 2 2 1 1 204 2943 176
5637 2 2 1 1 241 2945 173
5638 2 2 1 1 1890 2946 1887
5639 2 2 1 1 1925 2947 1607
5640 2 2 1 1 1770 2948 1606
5641 2 2 1 1 2332 2980 2038
5642 2 2 1 1 26 2885 239
5643 2 2 1 1 240 2886 130
5644 2 2 1 1 1334 3005 2220
5645 2 2 1 1 279 2887 281
5646 2 2 1 1 1783 2949 1784
5647 2 2 1 1 1618 2950 2300
5648 2 2 1 1 2201 2949 2094
5649 2 2 1 1 1804 2950 1620
5650 2 2 1 1 2159 2954 2160
5651 2 2 1 1 2317 2955 2316
5652 2 2 1 1 2624 3012 2961
5653 2 2 1 1 222 2976 2171
5654 2 2 1 1 1755 2956 2193
5655 2 2 1 1 1912 2957 1913
5656 2 2 1 1 1779 2957 1780
5657 2 2 1 1 243 3001 1908
5658 2 2 1 1 146 2958 234
5659 2 2 1 1 1803 3004 249
5660 2 2 1 1 1960 2959 1961
5661 2 2 1 1 242 3000 1800
5662 2 2 1 1 52 2888 2506
5663 2 2 1 1 2624 2961 1622
5664 2 2 1 1 207 3011 2956
5665 2 2 1 1 2885 2966 1773
5666 2 2 1 1 1778 2967 2886
5667 2 2 1 1 276 2882 2881
5668 2 2 1 1 1961 2963 1965
5669 2 2 1 1 1907 2997 243
5670 2 2 1 1 1597 2965 1779
5671 2 2 1 1 202 2966 28
5672 2 2 1 1 128 2967 201
5673 2 2 1 1 2192 2971 2878
5674 2 2 1 1 2029 2968 2028
5675 2 2 1 1 1595 2969 1783
5676 2 2 1 1 2300 2970 1591
5677 2 2 1 1 1601 2951 1599
5678 2 2 1 1 1603 2952 1776
5679 2 2 1 1 35 2971 207
5680 2 2 1 1 1602 2972 1601
5681 2 2 1 1 1764 2973 1799
5682 2 2 1 1 1776 2973 2690
5683 2 2 1 1 139 2974 219
5684 2 2 1 1 273 2974 140
5685 2 2 1 1 6 2890 5
5686 2 2 1 1 151 2889 150
5687 2 2 1 1 217 2975 2221
5688 2 2 1 1 1785 2976 1712
5689 2 2 1 1 2219 3003 1334
5690 2 2 1 1 113 2977 224
5691 2 2 1 1 272 2977 114
5692 2 2 1 1 2141 2972 264
5693 2 2 1 1 1774 2978 1775
5694 2 2 1 1 2583 2891 1624
5695 2 2 1 1 1781 2979 1385
5696 2 2 1 1 1238 2979 1372
5697 2 2 1 1 210 2980 133
5698 2 2 1 1 132 2980 2332
5699 2 2 1 1 214 2981 2170
5700 2 2 1 1 2377 2982 216
5701 2 2 1 1 271 2983 7
5702 2 2 1 1 149 2984 246
5703 2 2 1 1 242 2985 31
5704 2 2 1 1 30 2985 2331
5705 2 2 1 1 251 2986 56
5706 2 2 1 1 55 2986 274
5707 2 2 1 1 234 2987 145
5708 2 2 1 1 144 2987 2263
5709 2 2 1 1 258 2988 45
5710 2 2 1 1 44 2988 222
5711 2 2 1 1 111 2989 270
5712 2 2 1 1 224 2989 112
5713 2 2 1 1 18 2990 217
5714 2 2 1 1 264 2990 19
5715 2 2 1 1 219 2991 138
5716 2 2 1 1 228 2992 2313
5717 2 2 1 1 2842 2993 1759
5718 2 2 1 1 2016 2994 2531
5719 2 2 1 1 2191 2995 1757
5720 2 2 1 1 2571 2996 1790
5721 2 2 1 1 2508 2998 1808
5722 2 2 1 1 2838 2998 251
5723 2 2 1 1 2290 2969 258
5724 2 2 1 1 270 2970 2315
5725 2 2 1 1 32 3000 242
5726 2 2 1 1 2207 3000 33
5727 2 2 1 1 125 3001 243
5728 2 2 1 1 1334 3003 1237
5729 2 2 1 1 1236 3003 2007
5730 2 2 1 1 2218 2975 2007
5731 2 2 1 1 249 3004 105
5732 2 2 1 1 137 2991 1799
5733 2 2 1 1 2657 3005 1334
5734 2 2 1 1 1763 3005 1715
5735 2 2 1 1 54 3008 2
5736 2 2 1 1 3 3007 102
5737 2 2 1 1 103 3007 3
5738 2 2 1 1 2 3008 53
5739 2 2 1 1 2142 2965 252
5740 2 2 1 1 1786 2954 1785
5741 2 2 1 1 2882 3007 103
5742 2 2 1 1 249 2999 1801
5743 2 2 1 1 5 3009 1
5744 2 2 1 1 1 3009 200
5745 2 2 1 1 4 3010 151
5746 2 2 1 1 152 3010 4
5747 2 2 1 1 2140 2963 233
5748 2 2 1 1 2879 2953 1754
5749 2 2 1 1 2961 3012 202
5750 2 2 1 1 148 2892 147
5751 2 2 1 1 2877 2955 1992
5752 2 2 1 1 2893 2941 1767
5753 2 2 1 1 2895 2944 1769
5754 2 2 1 1 250 2933 2901
5755 2 2 1 1 2894 2946 1890
5756 2 2 1 1 1864 2938 2903
5757 2 2 1 1 2896 2942 238
5758 2 2 1 1 2897 2945 241
5759 2 2 1 1 1931 2936 2905
5760 2 2 1 1 2900 2943 204
5761 2 2 1 1 215 2935 2904
5762 2 2 1 1 1768 2937 2902
5763 2 2 1 1 238 2934 2906
5764 2 2 1 1 2899 2947 1925
5765 2 2 1 1 2898 2948 1770
5766 2 2 1 1 225 2940 2907
5767 2 2 1 1 235 2939 2908
5768 2 2 1 1 1754 2953 1774
5769 2 2 1 1 230 2893 157
5770 2 2 1 1 212 2894 182
5771 2 2 1 1 253 2895 168
5772 2 2 1 1 1931 2897 1605
5773 2 2 1 1 1768 2896 1616
5774 2 2 1 1 248 2898 197
5775 2 2 1 1 1864 2900 1863
5776 2 2 1 1 235 2899 194
5777 2 2 1 1 1608 2901 1767
5778 2 2 1 1 177 2902 204
5779 2 2 1 1 174 2903 241
5780 2 2 1 1 171 2905 206
5781 2 2 1 1 1641 2904 1769
5782 2 2 1 1 1888 2906 1890
5783 2 2 1 1 1923 2907 1925
5784 2 2 1 1 1617 2908 1770
5785 2 2 1 1 2331 2961 202
5786 2 2 1 1 1766 2981 2160
5787 2 2 1 1 2317 2982 1761
5788 2 2 1 1 243 2997 124
5789 2 2 1 1 1784 2909 2732
5790 2 2 1 1 2346 2959 271
5791 2 2 1 1 1599 2951 1781
5792 2 2 1 1 1782 2952 1603
5793 2 2 1 1 2912 2941 230
5794 2 2 1 1 2921 2944 253
5795 2 2 1 1 2922 2946 212
5796 2 2 1 1 2931 2948 248
5797 2 2 1 1 206 2936 2920
5798 2 2 1 1 2333 2930 2928
5799 2 2 1 1 2222 2911 2910
5800 2 2 1 1 2910 2911 1625
5801 2 2 1 1 2928 2930 1611
5802 2 2 1 1 2923 2924 260
5803 2 2 1 1 1988 2924 2923
5804 2 2 1 1 2318 2917 2916
5805 2 2 1 1 2916 2917 1633
5806 2 2 1 1 2222 2910 277
5807 2 2 1 1 1625 2911 1623
5808 2 2 1 1 2913 2915 1627
5809 2 2 1 1 2526 2912 1610
5810 2 2 1 1 2917 2918 1635
5811 2 2 1 1 1627 2915 1629
5812 2 2 1 1 1610 2913 1627
5813 2 2 1 1 2912 2913 1610
5814 2 2 1 1 1635 2918 1637
5815 2 2 1 1 2318 2916 223
5816 2 2 1 1 1611 2930 1928
5817 2 2 1 1 223 2914 2205
5818 2 2 1 1 1633 2917 1635
5819 2 2 1 1 1988 2923 1990
5820 2 2 1 1 223 2916 2914
5821 2 2 1 1 2320 2922 212
5822 2 2 1 1 1637 2919 1639
5823 2 2 1 1 2320 2924 2922
5824 2 2 1 1 260 2924 2320
5825 2 2 1 1 2333 2928 220
5826 2 2 1 1 1645 2921 1647
5827 2 2 1 1 2918 2919 1637
5828 2 2 1 1 2925 2926 2845
5829 2 2 1 1 1647 2920 1903
5830 2 2 1 1 2923 2925 1990
5831 2 2 1 1 1647 2921 2920
5832 2 2 1 1 2845 2926 1626
5833 2 2 1 1 225 2929 2194
5834 2 2 1 1 1928 2930 2927
5835 2 2 1 1 1928 2927 1927
5836 2 2 1 1 1990 2925 2845
5837 2 2 1 1 2121 2931 248
5838 2 2 1 1 275 2932 2121
5839 2 2 1 1 250 2911 2222
5840 2 2 1 1 1792 2910 1625
5841 2 2 1 1 2121 2932 2931
5842 2 2 1 1 2208 2912 230
5843 2 2 1 1 1629 2914 1631
5844 2 2 1 1 259 2915 2913
5845 2 2 1 1 266 2918 2917
5846 2 2 1 1 2208 2913 2912
5847 2 2 1 1 259 2913 2208
5848 2 2 1 1 2205 2915 259
5849 2 2 1 1 266 2917 2318
5850 2 2 1 1 1631 2916 1633
5851 2 2 1 1 215 2919 2319
5852 2 2 1 1 2914 2916 1631
5853 2 2 1 1 2319 2918 266
5854 2 2 1 1 206 2920 2143
5855 2 2 1 1 2143 2921 253
5856 2 2 1 1 2920 2921 2143
5857 2 2 1 1 2319 2919 2918
5858 2 2 1 1 1889 2922 1987
5859 2 2 1 1 2210 2923 260
5860 2 2 1 1 2210 2925 2923
5861 2 2 1 1 2922 2924 1987
5862 2 2 1 1 1987 2924 1988
5863 2 2 1 1 2209 2925 2210
5864 2 2 1 1 220 2926 2209
5865 2 2 1 1 2927 2930 267
5866 2 2 1 1 2194 2927 267
5867 2 2 1 1 1626 2928 1611
5868 2 2 1 1 2209 2926 2925
5869 2 2 1 1 1927 2929 1924
5870 2 2 1 1 267 2930 2333
5871 2 2 1 1 2111 2931 1963
5872 2 2 1 1 1963 2932 1964
5873 2 2 1 1 2931 2932 1963
5874 2 2 1 1 1629 2915 2914
5875 2 2 1 1 2914 2915 2205
5876 2 2 1 1 2194 2929 2927
5877 2 2 1 1 2927 2929 1927
5878 2 2 1 1 2926 2928 1626
5879 2 2 1 1 220 2928 2926
5880 2 2 1 1 2526 2941 2912
5881 2 2 1 1 1645 2944 2921
5882 2 2 1 1 1889 2946 2922
5883 2 2 1 1 2111 2948 2931
5884 2 2 1 1 2920 2936 1903
5885 2 2 1 1 156 2933 155
5886 2 2 1 1 181 2934 180
5887 2 2 1 1 167 2935 166
5888 2 2 1 1 1903 2936 1930
5889 2 2 1 1 1648 2938 1650
5890 2 2 1 1 2730 2937 1609
5891 2 2 1 1 196 2939 195
5892 2 2 1 1 193 2940 192
5893 2 2 1 1 1615 2941 2526
5894 2 2 1 1 179 2942 178
5895 2 2 1 1 176 2943 175
5896 2 2 1 1 1643 2944 1645
5897 2 2 1 1 173 2945 172
5898 2 2 1 1 1887 2946 1889
5899 2 2 1 1 1607 2947 2818
5900 2 2 1 1 1606 2948 2111
5901 2 2 1 1 6 2983 2890
5902 2 2 1 1 2889 2984 150
5903 2 2 1 1 2892 2958 147
5904 2 2 1 1 207 2956 2207
5905 2 2 1 1 2289 2960 2288
5906 2 2 1 1 2094 2949 231
5907 2 2 1 1 1620 2950 1618
5908 2 2 1 1 209 2951 2261
5909 2 2 1 1 2371 2952 210
5910 2 2 1 1 2204 2953 273
5911 2 2 1 1 256 2954 2159
5912 2 2 1 1 2316 2955 272
5913 2 2 1 1 1763 2992 2734
5914 2 2 1 1 106 2999 249
5915 2 2 1 1 2880 2962 1777
5916 2 2 1 1 1756 2956 1755
5917 2 2 1 1 1780 2957 1912
5918 2 2 1 1 147 2958 146
5919 2 2 1 1 1962 2959 1960
5920 2 2 1 1 1622 2961 2735
5921 2 2 1 1 1799 2991 1787
5922 2 2 1 1 1804 2999 107
5923 2 2 1 1 123 2997 1913
5924 2 2 1 1 1965 2963 2016
5925 2 2 1 1 2883 2964 1357
5926 2 2 1 1 1790 2965 1597
5927 2 2 1 1 28 2966 27
5928 2 2 1 1 129 2967 128
5929 2 2 1 1 2033 2968 2029
5930 2 2 1 1 1908 3001 1911
5931 2 2 1 1 1911 3001 126
5932 2 2 1 1 1934 2969 1595
5933 2 2 1 1 1591 2970 1919
5934 2 2 1 1 36 2971 35
5935 2 2 1 1 2011 2972 1602
5936 2 2 1 1 2690 2973 1764
5937 2 2 1 1 140 2974 139
5938 2 2 1 1 2007 2975 2009
5939 2 2 1 1 1765 2981 1766
5940 2 2 1 1 1761 2982 1762
5941 2 2 1 1 1771 2992 1763
5942 2 2 1 1 107 2999 106
5943 2 2 1 1 2221 2975 2218
5944 2 2 1 1 1712 2976 2260
5945 2 2 1 1 114 2977 113
5946 2 2 1 1 124 2997 123
5947 2 2 1 1 1775 2978 2859
5948 2 2 1 1 1385 2979 1238
5949 2 2 1 1 1910 2962 2880
5950 2 2 1 1 133 2980 132
5951 2 2 1 1 230 2941 2893
5952 2 2 1 1 212 2946 2894
5953 2 2 1 1 253 2944 2895
5954 2 2 1 1 1768 2942 2896
5955 2 2 1 1 1931 2945 2897
5956 2 2 1 1 248 2948 2898
5957 2 2 1 1 1864 2943 2900
5958 2 2 1 1 235 2947 2899
5959 2 2 1 1 2901 2933 1767
5960 2 2 1 1 2902 2937 204
5961 2 2 1 1 2903 2938 241
5962 2 2 1 1 2904 2935 1769
5963 2 2 1 1 2905 2936 206
5964 2 2 1 1 2906 2934 1890
5965 2 2 1 1 2907 2940 1925
5966 2 2 1 1 2908 2939 1770
5967 2 2 1 1 2160 2981 214
5968 2 2 1 1 216 2982 2317
5969 2 2 1 1 7 2983 6
5970 2 2 1 1 150 2984 149
5971 2 2 1 1 31 2985 30
5972 2 2 1 1 104 3004 2882
5973 2 2 1 1 56 2986 55
5974 2 2 1 1 145 2987 144
5975 2 2 1 1 45 2988 44
5976 2 2 1 1 112 2989 111
5977 2 2 1 1 19 2990 18
5978 2 2 1 1 138 2991 137
5979 2 2 1 1 1796 2964 2883
5980 2 2 1 1 2962 3013 1777
5981 2 2 1 1 2734 2992 228
5982 2 2 1 1 1759 2993 1760
5983 2 2 1 1 2531 2994 1771
5984 2 2 1 1 1757 2995 1765
5985 2 2 1 1 1762 2996 2571
5986 2 2 1 1 1867 3002 1772
5987 2 2 1 1 1913 2997 1907
5988 2 2 1 1 2964 3006 1793
5989 2 2 1 1 1808 2998 2838
5990 2 2 1 1 1801 2999 1804
5991 2 2 1 1 201 3013 2962
5992 2 2 1 1 33 3000 32
5993 2 2 1 1 276 3007 2882
5994 2 2 1 1 53 3008 2888
5995 2 2 1 1 126 3001 125
5996 2 2 1 1 1237 3003 1236
5997 2 2 1 1 2892 3006 2958
5998 2 2 1 1 105 3004 104
5999 2 2 1 1 2191 3016 2995
6000 2 2 1 1 2996 3015 1790
6001 2 2 1 1 1715 3005 2657
6002 2 2 1 1 277 3010 152
6003 2 2 1 1 200 3009 275
6004 2 2 1 1 2968 3014 2028
6005 2 2 1 1 102 3007 276
6006 2 2 1 1 274 3008 54
6007 2 2 1 1 2971 3011 207
6008 2 2 1 1 2967 3013 201
6009 2 2 1 1 202 3012 2966
6010 2 2 1 1 1773 3012 2624
6011 2 2 1 1 1777 3013 1778
6012 2 2 1 1 2193 3011 2192
6013 2 2 1 1 252 3015 2378
6014 2 2 1 1 2888 3008 274
6015 2 2 1 1 2889 3010 277
6016 2 2 1 1 275 3009 2890
6017 2 2 1 1 2890 3009 5
6018 2 2 1 1 151 3010 2889
6019 2 2 1 1 1793 3006 2892
6020 2 2 1 1 2960 3002 1867
6021 2 2 1 1 265 3016 2878
6022 2 2 1 1 2884 3014 1151
6023 2 2 1 1 2958 3006 1796
6024 2 2 1 1 1796 3006 2964
6025 2 2 1 1 2966 3012 1773
6026 2 2 1 1 1778 3013 2967
6027 2 2 1 1 1151 3014 2968
6028 2 2 1 1 2192 3011 2971
6029 2 2 1 1 2378 3015 2996
6030 2 2 1 1 2995 3016 265
$EndElements
