$MeshFormat
2.2 0 8
$EndMeshFormat
$PhysicalNames
5
1 11 "xmin"
1 12 "xmax"
1 13 "ymin"
1 14 "ymax"
2 1 "domain"
$EndPhysicalNames
$Nodes
7547
1 0 0 0
2 1 0 0
3 1 1 0
4 0 1 0
5 0.0125 0 0
6 0.025 0 0
7 0.0375 0 0
8 0.05 0 0
9 0.0625 0 0
10 0.075 0 0
11 0.08749999999999999 0 0
12 0.1 0 0
13 0.1125 0 0
14 0.125 0 0
15 0.1375 0 0
16 0.15 0 0
17 0.1625 0 0
18 0.175 0 0
19 0.1875 0 0
20 0.2 0 0
21 0.2125 0 0
22 0.225 0 0
23 0.2375 0 0
24 0.25 0 0
25 0.2625 0 0
26 0.275 0 0
27 0.2875 0 0
28 0.3 0 0
29 0.3125 0 0
30 0.325 0 0
31 0.3375 0 0
32 0.35 0 0
33 0.3625 0 0
34 0.375 0 0
35 0.3875 0 0
36 0.4 0 0
37 0.4125 0 0
38 0.425 0 0
39 0.4375 0 0
40 0.45 0 0
41 0.4625 0 0
42 0.475 0 0
43 0.4875 0 0
44 0.5 0 0
45 0.5125 0 0
46 0.525 0 0
47 0.5375 0 0
48 0.55 0 0
49 0.5625 0 0
50 0.575 0 0
51 0.5875 0 0
52 0.6 0 0
53 0.6125 0 0
54 0.625 0 0
55 0.6375 0 0
56 0.65 0 0
57 0.6625 0 0
58 0.675 0 0
59 0.6875 0 0
60 0.7 0 0
61 0.7125 0 0
62 0.725 0 0
63 0.7375 0 0
64 0.75 0 0
65 0.7625 0 0
66 0.775 0 0
67 0.7875 0 0
68 0.8 0 0
69 0.8125 0 0
70 0.825 0 0
71 0.8375 0 0
72 0.85 0 0
73 0.8625 0 0
74 0.875 0 0
75 0.8875 0 0
76 0.9 0 0
77 0.9125 0 0
78 0.925 0 0
79 0.9375 0 0
80 0.95 0 0
81 0.9625 0 0
82 0.975 0 0
83 0.9875 0 0
84 1 0.0125 0
85 1 0.025 0
86 1 0.0375 0
87 1 0.05 0
88 1 0.0625 0
89 1 0.075 0
90 1 0.08749999999999999 0
91 1 0.1 0
92 1 0.1125 0
93 1 0.125 0
94 1 0.1375 0
95 1 0.15 0
96 1 0.1625 0
97 1 0.175 0
98 1 0.1875 0
99 1 0.2 0
100 1 0.2125 0
101 1 0.225 0
102 1 0.2375 0
103 1 0.25 0
104 1 0.2625 0
105 1 0.275 0
106 1 0.2875 0
107 1 0.3 0
108 1 0.3125 0
109 1 0.325 0
110 1 0.3375 0
111 1 0.35 0
112 1 0.3625 0
113 1 0.375 0
114 1 0.3875 0
115 1 0.4 0
116 1 0.4125 0
117 1 0.425 0
118 1 0.4375 0
119 1 0.45 0
120 1 0.4625 0
121 1 0.475 0
122 1 0.4875 0
123 1 0.5 0
124 1 0.5125 0
125 1 0.525 0
126 1 0.5375 0
127 1 0.55 0
128 1 0.5625 0
129 1 0.575 0
130 1 0.5875 0
131 1 0.6 0
132 1 0.6125 0
133 1 0.625 0
134 1 0.6375 0
135 1 0.65 0
136 1 0.6625 0
137 1 0.675 0
138 1 0.6875 0
139 1 0.7 0
140 1 0.7125 0
141 1 0.725 0
142 1 0.7375 0
143 1 0.75 0
144 1 0.7625 0
145 1 0.775 0
146 1 0.7875 0
147 1 0.8 0
148 1 0.8125 0
149 1 0.825 0
150 1 0.8375 0
151 1 0.85 0
152 1 0.8625 0
153 1 0.875 0
154 1 0.8875 0
155 1 0.9 0
156 1 0.9125 0
157 1 0.925 0
158 1 0.9375 0
159 1 0.95 0
160 1 0.9625 0
161 1 0.975 0
162 1 0.9875 0
163 0.9875 1 0
164 0.975 1 0
165 0.9625 1 0
166 0.95 1 0
167 0.9375 1 0
168 0.925 1 0
169 0.9125 1 0
170 0.9 1 0
171 0.8875 1 0
172 0.875 1 0
173 0.8625 1 0
174 0.85 1 0
175 0.8375 1 0
176 0.825 1 0
177 0.8125 1 0
178 0.8 1 0
179 0.7875 1 0
180 0.775 1 0
181 0.7625 1 0
182 0.75 1 0
183 0.7375 1 0
184 0.725 1 0
185 0.7125 1 0
186 0.7 1 0
187 0.6875 1 0
188 0.675 1 0
189 0.6625 1 0
190 0.65 1 0
191 0.6375 1 0
192 0.625 1 0
193 0.6125 1 0
194 0.6 1 0
195 0.5875 1 0
196 0.575 1 0
197 0.5625 1 0
198 0.55 1 0
199 0.5375 1 0
200 0.525 1 0
201 0.5125 1 0
202 0.5 1 0
203 0.4875 1 0
204 0.475 1 0
205 0.4625 1 0
206 0.45 1 0
207 0.4375 1 0
208 0.425 1 0
209 0.4125 1 0
210 0.4 1 0
211 0.3875 1 0
212 0.375 1 0
213 0.3625 1 0
214 0.35 1 0
215 0.3375 1 0
216 0.325 1 0
217 0.3125 1 0
218 0.3 1 0
219 0.2875 1 0
220 0.275 1 0
221 0.2625 1 0
222 0.25 1 0
223 0.2375 1 0
224 0.225 1 0
225 0.2125 1 0
226 0.2 1 0
227 0.1875 1 0
228 0.175 1 0
229 0.1625 1 0
230 0.15 1 0
231 0.1375 1 0
232 0.125 1 0
233 0.1125 1 0
234 0.09999999999999998 1 0
235 0.08750000000000002 1 0
236 0.07499999999999996 1 0
237 0.0625 1 0
238 0.05000000000000004 1 0
239 0.03749999999999998 1 0
240 0.02500000000000002 1 0
241 0.01249999999999996 1 0
242 0 0.9875 0
243 0 0.975 0
244 0 0.9625 0
245 0 0.95 0
246 0 0.9375 0
247 0 0.925 0
248 0 0.9125 0
249 0 0.9 0
250 0 0.8875 0
251 0 0.875 0
252 0 0.8625 0
253 0 0.85 0
254 0 0.8375 0
255 0 0.825 0
256 0 0.8125 0
257 0 0.8 0
258 0 0.7875 0
259 0 0.775 0
260 0 0.7625 0
261 0 0.75 0
262 0 0.7375 0
263 0 0.725 0
264 0 0.7125 0
265 0 0.7 0
266 0 0.6875 0
267 0 0.675 0
268 0 0.6625 0
269 0 0.65 0
270 0 0.6375 0
271 0 0.625 0
272 0 0.6125 0
273 0 0.6 0
274 0 0.5875 0
275 0 0.575 0
276 0 0.5625 0
277 0 0.55 0
278 0 0.5375 0
279 0 0.525 0
280 0 0.5125 0
281 0 0.5 0
282 0 0.4875 0
283 0 0.475 0
284 0 0.4625 0
285 0 0.45 0
286 0 0.4375 0
287 0 0.425 0
288 0 0.4125 0
289 0 0.4 0
290 0 0.3875 0
291 0 0.375 0
292 0 0.3625 0
293 0 0.35 0
294 0 0.3375 0
295 0 0.325 0
296 0 0.3125 0
297 0 0.3 0
298 0 0.2875 0
299 0 0.275 0
300 0 0.2625 0
301 0 0.25 0
302 0 0.2375 0
303 0 0.225 0
304 0 0.2125 0
305 0 0.2 0
306 0 0.1875 0
307 0 0.175 0
308 0 0.1625 0
309 0 0.15 0
310 0 0.1375 0
311 0 0.125 0
312 0 0.1125 0
313 0 0.09999999999999998 0
314 0 0.08750000000000002 0
315 0 0.07499999999999996 0
316 0 0.0625 0
317 0 0.05000000000000004 0
318 0 0.03749999999999998 0
319 0 0.02500000000000002 0
320 0 0.01249999999999996 0
321 0.01276800550087648 0.5062499999999898 0
322 0.5043504999166037 0.01206703696956246 0
323 0.9891746824526958 0.5062500000000023 0
324 0.5044658019490169 0.9881538365665266 0
325 0.4073024406639759 0.011253947478502 0
326 0.4073024406639629 0.9887460525214957 0
327 0.9891746824526946 0.4062500000000017 0
328 0.01162676565361165 0.4061983613236338 0
329 0.9891746824526937 0.6062500000000069 0
330 0.01286071037126013 0.6062499999999851 0
331 0.6080574934487621 0.01187801676288858 0
332 0.6080574934487563 0.988121983237114 0
333 0.01138018011773279 0.3187671938352025 0
334 0.3200170264982447 0.9887717399372726 0
335 0.9891746824526955 0.3187500000000005 0
336 0.3200915750052459 0.01127130066329979 0
337 0.6937500000000001 0.9891746824526947 0
338 0.01212456503464077 0.6937280173434135 0
339 0.6952210488598846 0.01188997644904 0
340 0.9891746824526956 0.6937500000000008 0
341 0.01159868002728148 0.2439657230675556 0
342 0.2429434966169489 0.9880674465431941 0
343 0.9891746824526954 0.2437499999999994 0
344 0.2431975058813108 0.01140372752817687 0
345 0.9891746824526946 0.76875 0
346 0.01170422554498834 0.7696490657037115 0
347 0.7686643334679608 0.01104446401508774 0
348 0.7688970790698639 0.9889204680598929 0
349 0.1795516133415553 0.01175789398366922 0
350 0.1794609164660323 0.9881228715047938 0
351 0.9891746824526966 0.1812500000000009 0
352 0.01138656863822729 0.1812499999999951 0
353 0.8293235029912714 0.9881227268318034 0
354 0.01216264011271756 0.8312499999999899 0
355 0.8293235029912769 0.01187727316819837 0
356 0.9891746824526937 0.8312500000000015 0
357 0.01263135137433646 0.1312499999999946 0
358 0.1325507435181755 0.9880998134495663 0
359 0.01177736583996197 0.4562499999999897 0
360 0.4574522109194117 0.9880936749121332 0
361 0.9891746824526959 0.13125 0
362 0.9891746824526952 0.4562500000000023 0
363 0.5559689174835676 0.008536485390251314 0
364 0.01263135137433335 0.5562499999999928 0
365 0.4574522109194287 0.01190632508786343 0
366 0.9891746824526984 0.5562500000000039 0
367 0.5559689174835596 0.9914635146097492 0
368 0.1325507435181936 0.01190018655040859 0
369 0.9891746824526949 0.8812500000000005 0
370 0.01179231871403358 0.8811918742012181 0
371 0.8808625660422047 0.008498104923002237 0
372 0.8808625660421969 0.9915018950770007 0
373 0.01162676565361775 0.08130163867635398 0
374 0.08237960396145738 0.988740865786605 0
375 0.9891746824526974 0.0812499999999996 0
376 0.08125000000000049 0.01082531754730559 0
377 0.9891746824526945 0.93125 0
378 0.6450137881251394 0.01126719400517151 0
379 0.9185683599220416 0.009294531000984874 0
380 0.9891746824526918 0.6437500000000043 0
381 0.989174682452694 0.7312500000000017 0
382 0.7320864088917759 0.9888319231131519 0
383 0.6450137881251318 0.9887328059948295 0
384 0.3560186519226766 0.9906780269505591 0
385 0.01220993851597563 0.731249999999989 0
386 0.7320516995201318 0.01144719062896737 0
387 0.01216264011272272 0.6437499999999921 0
388 0.01138656863823118 0.3562499999999941 0
389 0.2831262001861358 0.9881181324327777 0
390 0.01138018011773334 0.2812671938352027 0
391 0.9891746824526987 0.2812500000000019 0
392 0.3682128846397048 0.01114243732957521 0
393 0.9891746824526962 0.3562500000000036 0
394 0.9190347736247002 0.990076006862445 0
395 0.01138018011772779 0.9187671938351998 0
396 0.2811302868001622 0.01093357071908863 0
397 0.01220123052271094 0.9567107328015145 0
398 0.9564423127760512 0.01133242605531759 0
399 0.01082531754730542 0.04375000000000001 0
400 0.956413769201543 0.9888858744343725 0
401 0.04541715144428304 0.9881211198969333 0
402 0.04423701612049713 0.01047914884599604 0
403 0.9891746824526971 0.04374999999999907 0
404 0.01082531754730542 0.8562500000000002 0
405 0.8559196554915279 0.9893654069435862 0
406 0.5309371093715594 0.01064467005874825 0
407 0.8057761217779331 0.01133225787323955 0
408 0.9891746824526948 0.431250000000002 0
409 0.01160171056084547 0.805457525339546 0
410 0.01206919906976867 0.5312499999999947 0
411 0.01082531754730542 0.21875 0
412 0.01276800550088181 0.1562499999999921 0
413 0.4809381118095359 0.9887100930591848 0
414 0.1062499999999998 0.9891746824526946 0
415 0.9891746824526952 0.3812500000000026 0
416 0.9891746824526984 0.5312500000000026 0
417 0.9891746824526946 0.8062500000000001 0
418 0.9891746824526946 0.9062499999999999 0
419 0.8057761217779256 0.9886677421267677 0
420 0.5307115046556011 0.9887905341296669 0
421 0.2196822171204798 0.9880760396643573 0
422 0.155982241990067 0.9886661341163006 0
423 0.01177736583996147 0.4812499999999895 0
424 0.01082531754730542 0.1062499999999998 0
425 0.9891746824526979 0.2187500000000012 0
426 0.3440275265877208 0.01118052985442475 0
427 0.01138656863823218 0.4312499999999944 0
428 0.01172451272277419 0.3811519176464692 0
429 0.9891746824526961 0.5812500000000056 0
430 0.989174682452695 0.6687500000000016 0
431 0.989174682452693 0.8562500000000015 0
432 0.9891746824526925 0.9562499999999996 0
433 0.6689125238143442 0.9893867632132667 0
434 0.581733157604428 0.9887963224466794 0
435 0.43125 0.9891746824526946 0
436 0.3802181976270582 0.9887475073452725 0
437 0.6689125238143476 0.0106132367867342 0
438 0.8556357440404763 0.01121708212233907 0
439 0.01263135137432647 0.6687499999999926 0
440 0.01160171056084769 0.5820424746604583 0
441 0.20625 0.01082531754730548 0
442 0.4313182249977644 0.01058691159442349 0
443 0.581733157604436 0.01120367755332258 0
444 0.989174682452696 0.1562499999999999 0
445 0.9891746824526959 0.4812500000000036 0
446 0.1560253683217452 0.01124901877128592 0
447 0.9891746824526946 0.10625 0
448 0.4809381118095501 0.01128990694080712 0
449 0.1062392947752813 0.01141582108551054 0
450 0.9801021797617813 0.9886787844069902 0
451 0.01875000000000032 0.9891746824526946 0
452 0.9894537961948114 0.01923343918243575 0
453 0.01898290307607498 0.0111957047150768 0
454 0.9891746824526946 0.91875 0
455 0.9783493649053892 0.9124999999999999 0
456 0.9783493649053895 0.9 0
457 0.9675240473580837 0.9062499999999996 0
458 0.9675240473580836 0.9187499999999995 0
459 0.9566987298107783 0.9124999999999992 0
460 0.9566987298107784 0.8999999999999992 0
461 0.9458734122634727 0.9062499999999999 0
462 0.9458734122634731 0.8937499999999994 0
463 0.9350480947161672 0.8999999999999998 0
464 0.9350480947161679 0.8874999999999988 0
465 0.9242227771688597 0.8937500000000006 0
466 0.9242227771688623 0.8812499999999989 0
467 0.9133974596215514 0.887500000000004 0
468 0.9133974596215562 0.8749999999999993 0
469 0.9025721420742481 0.8812500000000025 0
470 0.9025721420742506 0.8687499999999997 0
471 0.8917468245269461 0.874999999999999 0
472 0.8917468245269451 0.8624999999999989 0
473 0.8809215069796403 0.8687500000000017 0
474 0.8809215069796404 0.8562499999999985 0
475 0.8700961894323345 0.8625000000000023 0
476 0.8700961894323349 0.8499999999999991 0
477 0.8592708718850297 0.8562499999999992 0
478 0.8592708718850296 0.8437499999999988 0
479 0.8484455543377243 0.8499999999999988 0
480 0.8484455543377245 0.8374999999999986 0
481 0.8376202367904191 0.8437499999999987 0
482 0.8376202367904189 0.8312499999999987 0
483 0.8267949192431134 0.8374999999999987 0
484 0.8267949192431135 0.8249999999999987 0
485 0.8159696016958073 0.83125 0
486 0.8159696016958079 0.8187499999999988 0
487 0.8051442841485017 0.8250000000000003 0
488 0.8051442841485024 0.8124999999999991 0
489 0.7943189666011958 0.818750000000001 0
490 0.7943189666011969 0.8062499999999992 0
491 0.7834936490538903 0.812500000000001 0
492 0.7834936490538915 0.7999999999999992 0
493 0.7726683315065861 0.8062499999999991 0
494 0.7726683315065864 0.7937499999999986 0
495 0.761843013959281 0.7999999999999985 0
496 0.7618430139592811 0.7874999999999985 0
497 0.7510176964119756 0.7937499999999983 0
498 0.7510176964119744 0.7812499999999987 0
499 0.7401923788646699 0.7874999999999982 0
500 0.7401923788646689 0.7749999999999984 0
501 0.7293670613173647 0.7812499999999982 0
502 0.7293670613173648 0.7687499999999982 0
503 0.7185417437700592 0.7749999999999981 0
504 0.7185417437700585 0.7624999999999981 0
505 0.7077164262227539 0.7687499999999979 0
506 0.7077164262227531 0.7562499999999979 0
507 0.6968911086754483 0.7624999999999977 0
508 0.6968911086754478 0.7499999999999978 0
509 0.686065791128143 0.7562499999999975 0
510 0.6860657911281425 0.7437499999999976 0
511 0.6752404735808377 0.7499999999999973 0
512 0.6752404735808379 0.7374999999999974 0
513 0.6644151560335321 0.7437499999999984 0
514 0.6644151560335327 0.7312499999999973 0
515 0.6535898384862262 0.7375000000000002 0
516 0.6535898384862273 0.7249999999999972 0
517 0.6427645209389214 0.7312499999999984 0
518 0.6427645209389217 0.718749999999997 0
519 0.6319392033916166 0.7249999999999968 0
520 0.6319392033916168 0.7124999999999966 0
521 0.6211138858443113 0.7187499999999967 0
522 0.6211138858443112 0.7062499999999964 0
523 0.6102885682970058 0.7124999999999964 0
524 0.6102885682970057 0.6999999999999962 0
525 0.5994632507497006 0.706249999999996 0
526 0.5994632507497006 0.6937499999999963 0
527 0.5886379332023953 0.6999999999999957 0
528 0.5886379332023953 0.6874999999999962 0
529 0.57781261565509 0.6937499999999955 0
530 0.5778126156550903 0.6812499999999957 0
531 0.5669872981077847 0.6874999999999953 0
532 0.566987298107785 0.6749999999999954 0
533 0.5561619805604794 0.6812499999999952 0
534 0.5561619805604797 0.6687499999999953 0
535 0.5669872981077853 0.6624999999999954 0
536 0.5561619805604799 0.6562499999999953 0
537 0.5669872981077855 0.6499999999999955 0
538 0.5561619805604802 0.6437499999999953 0
539 0.5669872981077858 0.6374999999999955 0
540 0.5561619805604805 0.6312499999999954 0
541 0.5669872981077858 0.6249999999999956 0
542 0.5561619805604806 0.6187499999999955 0
543 0.5669872981077854 0.6124999999999956 0
544 0.5561619805604807 0.6062499999999955 0
545 0.5669872981077857 0.5999999999999956 0
546 0.5561619805604809 0.5937499999999956 0
547 0.5669872981077864 0.5874999999999957 0
548 0.5561619805604812 0.5812499999999956 0
549 0.5669872981077867 0.5749999999999957 0
550 0.5561619805604813 0.5687499999999956 0
551 0.5669872981077868 0.5624999999999958 0
552 0.5561619805604814 0.5562499999999957 0
553 0.5669872981077869 0.5499999999999958 0
554 0.5561619805604816 0.5437499999999957 0
555 0.5669872981077871 0.5374999999999959 0
556 0.5561619805604818 0.5312499999999957 0
557 0.5669872981077874 0.5249999999999959 0
558 0.556161980560482 0.5187499999999957 0
559 0.5669872981077876 0.512499999999996 0
560 0.5453366630131757 0.6249999999999956 0
561 0.5453366630131764 0.5249999999999955 0
562 0.5453366630131767 0.5124999999999955 0
563 0.5345113454658711 0.5187499999999953 0
564 0.5345113454658714 0.5062499999999953 0
565 0.5236860279185658 0.512499999999995 0
566 0.5236860279185661 0.499999999999995 0
567 0.5128607103712606 0.5062499999999948 0
568 0.5128607103712608 0.4937499999999948 0
569 0.5020353928239553 0.4999999999999946 0
570 0.5020353928239555 0.4874999999999946 0
571 0.4912100752766499 0.4937499999999944 0
572 0.4912100752766502 0.4812499999999944 0
573 0.5020353928239558 0.4749999999999946 0
574 0.4912100752766512 0.4687499999999946 0
575 0.5020353928239562 0.4624999999999947 0
576 0.4912100752766511 0.4562499999999945 0
577 0.5020353928239563 0.4499999999999947 0
578 0.4803847577293469 0.4749999999999938 0
579 0.4912100752766518 0.4437499999999945 0
580 0.5020353928239566 0.4374999999999947 0
581 0.4912100752766512 0.4312499999999946 0
582 0.5020353928239567 0.4249999999999948 0
583 0.4912100752766513 0.4187499999999946 0
584 0.5020353928239569 0.4124999999999948 0
585 0.4912100752766515 0.4062499999999947 0
586 0.5020353928239571 0.3999999999999949 0
587 0.5778126156550919 0.5437499999999957 0
588 0.4912100752766517 0.3937499999999947 0
589 0.4803847577293462 0.3999999999999944 0
590 0.4803847577293464 0.3874999999999945 0
591 0.4695594401820409 0.3937499999999943 0
592 0.5020353928239573 0.3874999999999949 0
593 0.6860657911281416 0.7312499999999978 0
594 0.4695594401820411 0.3812499999999943 0
595 0.4587341226347355 0.3874999999999941 0
596 0.4587341226347357 0.3749999999999943 0
597 0.4479088050874302 0.3812499999999939 0
598 0.4479088050874303 0.3687499999999942 0
599 0.4370834875401248 0.3749999999999938 0
600 0.437083487540125 0.3624999999999939 0
601 0.4262581699928195 0.3687499999999936 0
602 0.4262581699928197 0.3562499999999937 0
603 0.4154328524455141 0.3624999999999935 0
604 0.4154328524455143 0.3499999999999936 0
605 0.4046075348982087 0.3562499999999933 0
606 0.4370834875401248 0.3499999999999939 0
607 0.404607534898209 0.3437499999999934 0
608 0.3937822173509034 0.3499999999999931 0
609 0.3937822173509036 0.3374999999999931 0
610 0.382956899803598 0.3437499999999929 0
611 0.3829568998035977 0.3562499999999928 0
612 0.3721315822562924 0.3499999999999926 0
613 0.3721315822562921 0.3624999999999925 0
614 0.3613062647089868 0.3562499999999922 0
615 0.3613062647089865 0.3687499999999921 0
616 0.3613062647089872 0.3437499999999922 0
617 0.3504809471616815 0.3499999999999919 0
618 0.3504809471616819 0.3374999999999919 0
619 0.7401923788646663 0.7624999999999972 0
620 0.3396556296143763 0.3437499999999916 0
621 0.3396556296143767 0.3312499999999916 0
622 0.328830312067071 0.3374999999999911 0
623 0.3288303120670715 0.3249999999999912 0
624 0.5561619805604792 0.693749999999995 0
625 0.5453366630131739 0.6874999999999949 0
626 0.5453366630131735 0.6999999999999948 0
627 0.5345113454658682 0.6937499999999945 0
628 0.3180049945197658 0.3312499999999908 0
629 0.3180049945197663 0.3187499999999909 0
630 0.5345113454658679 0.7062499999999945 0
631 0.5236860279185627 0.6999999999999943 0
632 0.3071796769724606 0.3249999999999905 0
633 0.3071796769724602 0.3374999999999904 0
634 0.3071796769724611 0.3124999999999905 0
635 0.3180049945197667 0.3062499999999908 0
636 0.3071796769724615 0.2999999999999905 0
637 0.3180049945197672 0.2937499999999909 0
638 0.307179676972462 0.2874999999999905 0
639 0.5236860279185622 0.7124999999999942 0
640 0.512860710371257 0.7062499999999938 0
641 0.3180049945197677 0.2812499999999909 0
642 0.5128607103712566 0.7187499999999938 0
643 0.5020353928239514 0.7124999999999936 0
644 0.2963543594251569 0.3062499999999901 0
645 0.3071796769724625 0.2749999999999906 0
646 0.5020353928239509 0.7249999999999935 0
647 0.4912100752766457 0.7187499999999931 0
648 0.3180049945197683 0.268749999999991 0
649 0.4912100752766452 0.7312499999999932 0
650 0.48038475772934 0.7249999999999928 0
651 0.5128607103712627 0.393749999999995 0
652 0.5128607103712629 0.3812499999999951 0
653 0.5236860279185681 0.3874999999999953 0
654 0.5236860279185684 0.3749999999999954 0
655 0.5345113454658738 0.3812499999999956 0
656 0.5345113454658741 0.3687499999999956 0
657 0.5453366630131794 0.3749999999999959 0
658 0.5453366630131797 0.3624999999999959 0
659 0.5561619805604849 0.3687499999999962 0
660 0.5561619805604854 0.3562499999999962 0
661 0.5669872981077906 0.3624999999999965 0
662 0.566987298107791 0.3499999999999965 0
663 0.5778126156550962 0.3562499999999968 0
664 0.5778126156550967 0.3437499999999969 0
665 0.5886379332024019 0.3499999999999972 0
666 0.5886379332024023 0.3374999999999972 0
667 0.5994632507497075 0.3437499999999976 0
668 0.599463250749708 0.3312499999999977 0
669 0.6102885682970133 0.337499999999998 0
670 0.6102885682970136 0.3249999999999981 0
671 0.6211138858443189 0.3312499999999985 0
672 0.5886379332024028 0.3249999999999973 0
673 0.6211138858443193 0.3187499999999985 0
674 0.6319392033916245 0.3249999999999988 0
675 0.631939203391625 0.3124999999999989 0
676 0.6427645209389302 0.3187499999999993 0
677 0.6427645209389308 0.3062499999999994 0
678 0.653589838486236 0.3124999999999998 0
679 0.6535898384862353 0.3249999999999997 0
680 0.6644151560335412 0.3187500000000002 0
681 0.6644151560335406 0.3312500000000002 0
682 0.6644151560335416 0.3062500000000004 0
683 0.6752404735808464 0.3250000000000006 0
684 0.6752404735808459 0.3375000000000005 0
685 0.6860657911281516 0.3312500000000008 0
686 0.6860657911281511 0.3437500000000008 0
687 0.6968911086754569 0.3375000000000012 0
688 0.6968911086754563 0.3500000000000012 0
689 0.707716426222762 0.3437500000000016 0
690 0.7077164262227615 0.3562500000000016 0
691 0.7185417437700673 0.3500000000000019 0
692 0.718541743770067 0.3625000000000019 0
693 0.7185417437700679 0.3375000000000022 0
694 0.631939203391614 0.7375000000000017 0
695 0.480384757729339 0.7374999999999934 0
696 0.4695594401820338 0.7312499999999927 0
697 0.4695594401820348 0.7187499999999926 0
698 0.4587341226347285 0.7249999999999924 0
699 0.4587341226347296 0.7124999999999921 0
700 0.4479088050874236 0.7187499999999917 0
701 0.4479088050874245 0.7062499999999915 0
702 0.4370834875401187 0.712499999999991 0
703 0.4370834875401194 0.6999999999999911 0
704 0.4262581699928136 0.7062499999999904 0
705 0.4262581699928143 0.6937499999999905 0
706 0.4154328524455085 0.6999999999999897 0
707 0.4154328524455092 0.6874999999999898 0
708 0.4046075348982034 0.6937499999999893 0
709 0.4046075348982041 0.6812499999999893 0
710 0.3937822173508984 0.6874999999999887 0
711 0.393782217350899 0.6749999999999887 0
712 0.3829568998035933 0.6812499999999881 0
713 0.3829568998035938 0.6687499999999882 0
714 0.3721315822562881 0.6749999999999875 0
715 0.3721315822562887 0.6624999999999877 0
716 0.361306264708983 0.6687499999999871 0
717 0.3613062647089824 0.6812499999999869 0
718 0.3504809471616772 0.6749999999999864 0
719 0.3504809471616779 0.6624999999999865 0
720 0.3396556296143721 0.6687499999999861 0
721 0.3396556296143726 0.6562499999999861 0
722 0.3396556296143716 0.6812499999999858 0
723 0.3288303120670669 0.6624999999999854 0
724 0.3288303120670676 0.6499999999999855 0
725 0.3180049945197616 0.6562499999999849 0
726 0.3180049945197624 0.6437499999999848 0
727 0.3071796769724565 0.6499999999999843 0
728 0.3071796769724573 0.6374999999999844 0
729 0.4154328524455076 0.7124999999999897 0
730 0.2963543594251514 0.6437499999999836 0
731 0.2963543594251522 0.6312499999999837 0
732 0.2855290418778463 0.6374999999999831 0
733 0.2855290418778454 0.6499999999999831 0
734 0.2855290418778471 0.6249999999999831 0
735 0.3071796769724631 0.2624999999999905 0
736 0.2747037243305413 0.6312499999999824 0
737 0.2747037243305421 0.6187499999999826 0
738 0.3180049945197688 0.256249999999991 0
739 0.4912100752766436 0.7437499999999941 0
740 0.469559440182032 0.7437499999999939 0
741 0.2855290418778479 0.6124999999999832 0
742 0.2747037243305429 0.6062499999999826 0
743 0.7293670613173729 0.3437500000000024 0
744 0.7293670613173735 0.3312500000000025 0
745 0.7943189666011969 0.7937499999999997 0
746 0.3071796769724638 0.2499999999999905 0
747 0.2638784067832363 0.6249999999999818 0
748 0.7401923788646787 0.3375000000000027 0
749 0.7401923788646789 0.3250000000000027 0
750 0.3180049945197695 0.243749999999991 0
751 0.2855290418778487 0.5999999999999832 0
752 0.2747037243305436 0.5937499999999827 0
753 0.3071796769724644 0.2374999999999905 0
754 0.2963543594251586 0.24374999999999 0
755 0.7510176964119843 0.331250000000003 0
756 0.7510176964119846 0.318750000000003 0
757 0.6860657911281416 0.7687500000000002 0
758 0.3180049945197702 0.2312499999999911 0
759 0.2963543594251592 0.23124999999999 0
760 0.2855290418778536 0.2374999999999896 0
761 0.2855290418778494 0.5874999999999833 0
762 0.2747037243305444 0.5812499999999827 0
763 0.2855290418778541 0.2249999999999897 0
764 0.2747037243305482 0.2312499999999892 0
765 0.5778126156550902 0.5937499999999957 0
766 0.6319392033916256 0.2999999999999988 0
767 0.6427645209389207 0.7062499999999964 0
768 0.76184301395929 0.3250000000000033 0
769 0.7618430139592903 0.3125000000000034 0
770 0.7618430139592897 0.3375000000000032 0
771 0.2747037243305488 0.2187499999999893 0
772 0.2638784067832431 0.224999999999989 0
773 0.2855290418778502 0.5749999999999833 0
774 0.2747037243305451 0.5687499999999827 0
775 0.2638784067832393 0.574999999999982 0
776 0.2638784067832401 0.562499999999982 0
777 0.2530530892359342 0.5687499999999812 0
778 0.2530530892359351 0.5562499999999813 0
779 0.2422277716886291 0.5624999999999805 0
780 0.2422277716886301 0.5499999999999805 0
781 0.2314024541413242 0.5562499999999798 0
782 0.231402454141325 0.5437499999999797 0
783 0.7726683315065952 0.3312500000000036 0
784 0.7726683315065949 0.3437500000000036 0
785 0.2638784067832434 0.2124999999999891 0
786 0.2530530892359378 0.2187499999999887 0
787 0.285529041877851 0.5624999999999833 0
788 0.2205771365940192 0.5499999999999792 0
789 0.22057713659402 0.5374999999999792 0
790 0.2314024541413257 0.5312499999999798 0
791 0.2205771365940207 0.5249999999999793 0
792 0.7293670613173646 0.7937499999999983 0
793 0.2747037243305489 0.2062499999999896 0
794 0.2530530892359381 0.2062499999999887 0
795 0.2422277716886325 0.2124999999999884 0
796 0.7834936490539005 0.3375000000000039 0
797 0.7834936490539002 0.3500000000000039 0
798 0.7077164262227612 0.3687500000000016 0
799 0.7185417437700665 0.3750000000000019 0
800 0.2422277716886329 0.1999999999999885 0
801 0.2314024541413272 0.2062499999999878 0
802 0.2314024541413268 0.2187499999999879 0
803 0.2205771365940214 0.2124999999999874 0
804 0.2205771365940225 0.2249999999999876 0
805 0.220577136594022 0.1999999999999873 0
806 0.7077164262227609 0.3812500000000015 0
807 0.7185417437700661 0.3875000000000018 0
808 0.2097518190467162 0.2062499999999868 0
809 0.2097518190467142 0.5437499999999786 0
810 0.8376202367904191 0.8187499999999988 0
811 0.2314024541413263 0.5187499999999799 0
812 0.2205771365940213 0.5124999999999794 0
813 0.3288303120670754 0.2374999999999917 0
814 0.3288303120670759 0.2249999999999918 0
815 0.3396556296143811 0.2312499999999922 0
816 0.3396556296143816 0.2187499999999922 0
817 0.3504809471616867 0.2249999999999927 0
818 0.3504809471616872 0.2124999999999927 0
819 0.3613062647089922 0.218749999999993 0
820 0.3613062647089929 0.2062499999999931 0
821 0.3721315822562982 0.2124999999999934 0
822 0.3721315822562987 0.1999999999999935 0
823 0.3829568998036039 0.206249999999994 0
824 0.3829568998035945 0.6562499999999882 0
825 0.7943189666012058 0.3437500000000043 0
826 0.7943189666012054 0.3562500000000043 0
827 0.2097518190467167 0.1937499999999868 0
828 0.3829568998036045 0.1937499999999941 0
829 0.3937822173509097 0.1999999999999946 0
830 0.7077164262227603 0.3937500000000014 0
831 0.7185417437700655 0.4000000000000018 0
832 0.198926501499411 0.1999999999999862 0
833 0.7077164262227599 0.4062500000000013 0
834 0.7185417437700651 0.4125000000000018 0
835 0.5453366630131801 0.349999999999996 0
836 0.3721315822562993 0.1874999999999938 0
837 0.3937822173509105 0.1874999999999949 0
838 0.4046075348982154 0.1937499999999951 0
839 0.1989265014994117 0.1874999999999862 0
840 0.7077164262227593 0.4187500000000013 0
841 0.7185417437700645 0.4250000000000018 0
842 0.4912100752766497 0.5062499999999943 0
843 0.231402454141327 0.50624999999998 0
844 0.2205771365940219 0.4999999999999795 0
845 0.2097518190467133 0.5562499999999787 0
846 0.1989265014994085 0.5499999999999781 0
847 0.1989265014994076 0.5624999999999782 0
848 0.8051442841485111 0.350000000000005 0
849 0.8051442841485107 0.362500000000005 0
850 0.8051442841485115 0.3375000000000048 0
851 0.4046075348982163 0.1812499999999955 0
852 0.4154328524455213 0.1874999999999958 0
853 0.7726683315065832 0.8187500000000056 0
854 0.7077164262227589 0.4312500000000013 0
855 0.7185417437700641 0.4375000000000017 0
856 0.1881011839521059 0.1937499999999855 0
857 0.1881011839521066 0.1812499999999856 0
858 0.1881011839521026 0.5562499999999776 0
859 0.1881011839521019 0.5687499999999776 0
860 0.7077164262227584 0.4437500000000013 0
861 0.7185417437700636 0.4500000000000016 0
862 0.1989265014994124 0.1749999999999862 0
863 0.415432852445522 0.1749999999999959 0
864 0.4262581699928271 0.1812499999999966 0
865 0.2314024541413277 0.4937499999999801 0
866 0.2205771365940225 0.4874999999999796 0
867 0.8159696016958169 0.3437500000000052 0
868 0.8159696016958171 0.3312500000000052 0
869 0.707716426222758 0.4562500000000012 0
870 0.7185417437700632 0.4625000000000016 0
871 0.7293670613173688 0.456250000000002 0
872 0.7293670613173684 0.468750000000002 0
873 0.740192378864674 0.4625000000000024 0
874 0.7401923788646736 0.4750000000000023 0
875 0.7510176964119792 0.4687500000000027 0
876 0.7510176964119788 0.4812500000000027 0
877 0.7618430139592846 0.475000000000003 0
878 0.7618430139592841 0.487500000000003 0
879 0.7510176964119784 0.4937500000000027 0
880 0.7618430139592836 0.500000000000003 0
881 0.7510176964119779 0.5062500000000028 0
882 0.761843013959283 0.5125000000000028 0
883 0.7726683315065891 0.493750000000003 0
884 0.7510176964119774 0.5187500000000027 0
885 0.7618430139592827 0.525000000000003 0
886 0.7510176964119769 0.5312500000000027 0
887 0.7618430139592822 0.537500000000003 0
888 0.7510176964119766 0.5437500000000025 0
889 0.7618430139592818 0.5500000000000029 0
890 0.7726683315065874 0.5437500000000034 0
891 0.7726683315065869 0.5562500000000034 0
892 0.7834936490538926 0.5500000000000036 0
893 0.7834936490538922 0.5625000000000036 0
894 0.7943189666011978 0.556250000000004 0
895 0.7943189666011975 0.5687500000000039 0
896 0.7618430139592812 0.5625000000000029 0
897 0.8051442841485031 0.5625000000000043 0
898 0.8051442841485028 0.5750000000000042 0
899 0.8159696016958085 0.5687500000000046 0
900 0.815969601695808 0.5812500000000045 0
901 0.8051442841485024 0.5875000000000041 0
902 0.8159696016958076 0.5937500000000044 0
903 0.8051442841485018 0.6000000000000041 0
904 0.815969601695807 0.6062500000000044 0
905 0.4262581699928261 0.1937499999999963 0
906 0.437083487540132 0.187499999999997 0
907 0.4370834875401333 0.1749999999999982 0
908 0.4479088050874382 0.1812499999999984 0
909 0.4479088050874371 0.1937499999999973 0
910 0.4587341226347432 0.1874999999999983 0
911 0.458734122634744 0.1749999999999989 0
912 0.4695594401820489 0.1812499999999991 0
913 0.4695594401820484 0.1937499999999988 0
914 0.480384757729354 0.1874999999999996 0
915 0.4803847577293547 0.1749999999999997 0
916 0.4912100752766598 0.1812500000000004 0
917 0.5778126156550957 0.3687499999999969 0
918 0.1881011839521073 0.1687499999999857 0
919 0.4912100752766605 0.1687500000000004 0
920 0.5020353928239656 0.175000000000001 0
921 0.1772758664048015 0.1749999999999851 0
922 0.1772758664047969 0.5624999999999769 0
923 0.1772758664047961 0.574999999999977 0
924 0.296354359425156 0.568749999999984 0
925 0.2963543594251568 0.556249999999984 0
926 0.3071796769724618 0.5624999999999847 0
927 0.3071796769724627 0.5499999999999847 0
928 0.3180049945197677 0.5562499999999854 0
929 0.3180049945197685 0.5437499999999854 0
930 0.3288303120670735 0.5499999999999861 0
931 0.3288303120670743 0.5374999999999861 0
932 0.4912100752766589 0.1937500000000003 0
933 0.8051442841485013 0.612500000000004 0
934 0.8159696016958062 0.6187500000000046 0
935 0.8267949192431225 0.3375000000000054 0
936 0.8267949192431228 0.3250000000000054 0
937 0.8267949192431121 0.6125000000000049 0
938 0.8267949192431115 0.6250000000000049 0
939 0.7401923788646713 0.5375000000000022 0
940 0.2314024541413283 0.4812499999999801 0
941 0.2205771365940231 0.4749999999999796 0
942 0.2097518190467174 0.4812499999999791 0
943 0.2097518190467179 0.4687499999999791 0
944 0.1989265014994123 0.4749999999999785 0
945 0.1989265014994127 0.4624999999999786 0
946 0.188101183952107 0.468749999999978 0
947 0.1881011839521076 0.456249999999978 0
948 0.1772758664048019 0.4624999999999775 0
949 0.1772758664048025 0.4499999999999775 0
950 0.1881011839521081 0.4437499999999781 0
951 0.1772758664048029 0.4374999999999777 0
952 0.5020353928239663 0.1625000000000009 0
953 0.5128607103712713 0.1687500000000017 0
954 0.1772758664048021 0.1624999999999851 0
955 0.1989265014994132 0.1624999999999863 0
956 0.1881011839521086 0.4312499999999782 0
957 0.1772758664048034 0.4249999999999778 0
958 0.3396556296143793 0.5437499999999867 0
959 0.3396556296143801 0.5312499999999868 0
960 0.6968911086754528 0.4500000000000008 0
961 0.1881011839521091 0.4187499999999782 0
962 0.1772758664048038 0.4124999999999779 0
963 0.1664505488574981 0.4187499999999776 0
964 0.1664505488574984 0.4062499999999777 0
965 0.177275866404804 0.399999999999978 0
966 0.1664505488574987 0.3937499999999777 0
967 0.1772758664048042 0.387499999999978 0
968 0.1664505488574991 0.3812499999999777 0
969 0.1664505488574963 0.1687499999999846 0
970 0.1664505488574911 0.5687499999999763 0
971 0.1664505488574903 0.5812499999999763 0
972 0.815969601695806 0.8437500000000038 0
973 0.5128607103712721 0.1562500000000017 0
974 0.5236860279185772 0.1625000000000024 0
975 0.4370834875401272 0.3874999999999945 0
976 0.426258169992815 0.6812499999999905 0
977 0.1772758664048045 0.3749999999999781 0
978 0.1664505488574994 0.3687499999999778 0
979 0.1664505488574969 0.1562499999999846 0
980 0.8376202367904173 0.6187500000000055 0
981 0.8376202367904168 0.6312500000000053 0
982 0.8051442841485005 0.625000000000004 0
983 0.8376202367904282 0.3312500000000056 0
984 0.8376202367904284 0.3187500000000056 0
985 0.5020353928239666 0.1499999999999999 0
986 0.523686027918578 0.1500000000000024 0
987 0.5345113454658831 0.1562500000000031 0
988 0.5345113454658823 0.1687500000000031 0
989 0.5453366630131882 0.1625000000000037 0
990 0.5453366630131874 0.1750000000000037 0
991 0.5561619805604933 0.1687500000000045 0
992 0.556161980560494 0.1562500000000044 0
993 0.5669872981077991 0.1625000000000053 0
994 0.5669872981077999 0.1500000000000052 0
995 0.5778126156551049 0.1562500000000059 0
996 0.3504809471616852 0.5374999999999874 0
997 0.3504809471616859 0.5249999999999875 0
998 0.1772758664048049 0.3624999999999782 0
999 0.1664505488574999 0.3562499999999778 0
1000 0.6968911086754523 0.4625000000000008 0
1001 0.7510176964119851 0.306250000000003 0
1002 0.7618430139592907 0.3000000000000034 0
1003 0.7510176964119857 0.2937500000000031 0
1004 0.761843013959291 0.2875000000000035 0
1005 0.751017696411986 0.2812500000000033 0
1006 0.7618430139592912 0.2750000000000036 0
1007 0.7510176964119863 0.2687500000000034 0
1008 0.7618430139592915 0.2625000000000035 0
1009 0.7510176964119865 0.2562500000000034 0
1010 0.761843013959292 0.2500000000000036 0
1011 0.7510176964119867 0.2437500000000034 0
1012 0.7618430139592922 0.2375000000000035 0
1013 0.7510176964119869 0.2312500000000035 0
1014 0.7618430139592924 0.2250000000000036 0
1015 0.7510176964119872 0.2187500000000034 0
1016 0.7618430139592928 0.2125000000000037 0
1017 0.7510176964119875 0.2062500000000034 0
1018 0.7618430139592931 0.2000000000000037 0
1019 0.7726683315065984 0.2062500000000039 0
1020 0.7726683315065991 0.193750000000004 0
1021 0.7834936490539042 0.2000000000000043 0
1022 0.7510176964119878 0.1937500000000035 0
1023 0.7834936490539048 0.1875000000000043 0
1024 0.7943189666012098 0.1937500000000045 0
1025 0.7943189666012103 0.1812500000000046 0
1026 0.8051442841485152 0.1875000000000048 0
1027 0.8051442841485158 0.1750000000000048 0
1028 0.7401923788646823 0.2000000000000031 0
1029 0.7401923788646825 0.1875000000000032 0
1030 0.8159696016958209 0.181250000000005 0
1031 0.8159696016958211 0.1687500000000049 0
1032 0.8267949192431265 0.1750000000000052 0
1033 0.8267949192431268 0.1625000000000051 0
1034 0.8051442841485165 0.1625000000000049 0
1035 0.7293670613173771 0.1937500000000028 0
1036 0.7293670613173773 0.1812500000000028 0
1037 0.8376202367904321 0.1687500000000053 0
1038 0.8376202367904324 0.1562500000000054 0
1039 0.837620236790432 0.1812500000000052 0
1040 0.7185417437700719 0.1875000000000026 0
1041 0.718541743770072 0.1750000000000025 0
1042 0.155625231310194 0.3749999999999772 0
1043 0.1556252313101911 0.162499999999984 0
1044 0.1556252313101917 0.1499999999999841 0
1045 0.1556252313101854 0.5749999999999758 0
1046 0.1556252313101845 0.5874999999999756 0
1047 0.3396556296143808 0.5187499999999868 0
1048 0.3504809471616865 0.5124999999999875 0
1049 0.3396556296143814 0.5062499999999869 0
1050 0.8809215069796397 0.8437499999999991 0
1051 0.686065791128147 0.4562500000000005 0
1052 0.6860657911281466 0.4687500000000004 0
1053 0.8484455543377223 0.6250000000000059 0
1054 0.848445554337722 0.6375000000000057 0
1055 0.5778126156551042 0.1687500000000061 0
1056 0.3504809471616872 0.4999999999999875 0
1057 0.3396556296143821 0.493749999999987 0
1058 0.5778126156551058 0.143750000000006 0
1059 0.2314024541413288 0.4687499999999801 0
1060 0.8159696016958088 0.5562500000000047 0
1061 0.8267949192431141 0.562500000000005 0
1062 0.8267949192431145 0.550000000000005 0
1063 0.8376202367904196 0.5562500000000055 0
1064 0.8376202367904202 0.5437500000000055 0
1065 0.8484455543377254 0.5500000000000059 0
1066 0.8484455543377258 0.5375000000000061 0
1067 0.8484455543377338 0.3250000000000056 0
1068 0.8484455543377335 0.3375000000000057 0
1069 0.8484455543377338 0.3125000000000057 0
1070 0.8484455543377378 0.1625000000000056 0
1071 0.8484455543377382 0.1500000000000057 0
1072 0.5345113454658673 0.7187499999999942 0
1073 0.5886379332024108 0.1500000000000067 0
1074 0.5886379332024114 0.1375000000000068 0
1075 0.361306264708991 0.531249999999988 0
1076 0.1772758664048055 0.3499999999999782 0
1077 0.1664505488575003 0.3437499999999779 0
1078 0.1447999137628871 0.1562499999999835 0
1079 0.144799913762886 0.1687499999999835 0
1080 0.1447999137628872 0.1437499999999837 0
1081 0.1556252313101925 0.1374999999999841 0
1082 0.1447999137628794 0.5812499999999751 0
1083 0.1447999137628787 0.5937499999999749 0
1084 0.1556252313101837 0.5999999999999757 0
1085 0.1447999137628779 0.6062499999999749 0
1086 0.1556252313101829 0.6124999999999756 0
1087 0.1447999137628772 0.6187499999999748 0
1088 0.1556252313101821 0.6249999999999755 0
1089 0.1447999137628779 0.6312499999999748 0
1090 0.1556252313101814 0.6374999999999754 0
1091 0.1447999137628764 0.6437499999999748 0
1092 0.1556252313101807 0.6499999999999754 0
1093 0.1447999137628766 0.6562499999999749 0
1094 0.1556252313101804 0.6624999999999753 0
1095 0.1447999137628746 0.6687499999999746 0
1096 0.1556252313101794 0.6749999999999753 0
1097 0.1447999137628737 0.6812499999999746 0
1098 0.1556252313101787 0.6874999999999752 0
1099 0.1447999137628728 0.6937499999999744 0
1100 0.1556252313101781 0.6999999999999751 0
1101 0.1447999137628723 0.7062499999999744 0
1102 0.1556252313101775 0.712499999999975 0
1103 0.1447999137628718 0.7187499999999745 0
1104 0.1556252313101769 0.7249999999999751 0
1105 0.1447999137628714 0.7312499999999744 0
1106 0.1556252313101764 0.737499999999975 0
1107 0.1447999137628707 0.7437499999999744 0
1108 0.1556252313101758 0.7499999999999749 0
1109 0.1664505488574813 0.7437499999999756 0
1110 0.1664505488574809 0.7562499999999754 0
1111 0.155625231310175 0.7624999999999749 0
1112 0.1664505488574801 0.7687499999999756 0
1113 0.1772758664047859 0.7624999999999762 0
1114 0.177275866404785 0.7749999999999764 0
1115 0.1664505488574792 0.7812499999999755 0
1116 0.1772758664047842 0.7874999999999761 0
1117 0.18810118395209 0.7812499999999771 0
1118 0.1881011839520891 0.7937499999999769 0
1119 0.1989265014993949 0.7874999999999777 0
1120 0.166450548857478 0.7937499999999752 0
1121 0.1989265014993942 0.7999999999999776 0
1122 0.2097518190467001 0.7937499999999784 0
1123 0.2097518190466993 0.8062499999999782 0
1124 0.2205771365940052 0.799999999999979 0
1125 0.2205771365940043 0.8124999999999789 0
1126 0.23140245414131 0.8062499999999797 0
1127 0.209751819046699 0.8187499999999782 0
1128 0.2314024541413093 0.8187499999999797 0
1129 0.2422277716886151 0.8124999999999805 0
1130 0.2422277716886143 0.8249999999999803 0
1131 0.2530530892359202 0.818749999999981 0
1132 0.2530530892359194 0.8312499999999809 0
1133 0.2638784067832253 0.8249999999999816 0
1134 0.2638784067832249 0.8374999999999807 0
1135 0.2747037243305304 0.8312499999999822 0
1136 0.2747037243305291 0.843749999999982 0
1137 0.2855290418778348 0.8374999999999836 0
1138 0.2855290418778362 0.8249999999999831 0
1139 0.2963543594251412 0.8312499999999838 0
1140 0.2963543594251393 0.8437499999999847 0
1141 0.3071796769724461 0.8374999999999844 0
1142 0.2314024541413109 0.7937499999999799 0
1143 0.2530530892359201 0.8437499999999816 0
1144 0.3071796769724471 0.8249999999999845 0
1145 0.3180049945197522 0.8312499999999851 0
1146 0.3180049945197512 0.8437499999999851 0
1147 0.3288303120670572 0.8374999999999859 0
1148 0.1447999137628804 0.5687499999999751 0
1149 0.3288303120670561 0.849999999999986 0
1150 0.339655629614362 0.8437499999999867 0
1151 0.3180049945197531 0.8187499999999851 0
1152 0.3396556296143612 0.8562499999999867 0
1153 0.3504809471616671 0.8499999999999874 0
1154 0.3504809471616662 0.8624999999999874 0
1155 0.3613062647089722 0.8562499999999882 0
1156 0.361306264708973 0.8437499999999882 0
1157 0.372131582256278 0.849999999999989 0
1158 0.3721315822562772 0.8624999999999886 0
1159 0.3829568998035829 0.8562499999999893 0
1160 0.3721315822562788 0.8374999999999889 0
1161 0.1664505488574836 0.6937499999999757 0
1162 0.8592708718850275 0.6312500000000063 0
1163 0.859270871885027 0.643750000000006 0
1164 0.8484455543377215 0.6500000000000057 0
1165 0.8592708718850268 0.656250000000006 0
1166 0.8484455543377212 0.6625000000000056 0
1167 0.8592708718850265 0.6687500000000057 0
1168 0.859270871885031 0.5437500000000065 0
1169 0.8592708718850315 0.5312500000000064 0
1170 0.848445554337721 0.6750000000000056 0
1171 0.8592708718850262 0.6812500000000057 0
1172 0.8592708718850393 0.3312500000000057 0
1173 0.859270871885039 0.3437500000000059 0
1174 0.8592708718850435 0.1562500000000061 0
1175 0.8592708718850439 0.143750000000006 0
1176 0.8484455543377387 0.1375000000000058 0
1177 0.3504809471616879 0.4874999999999876 0
1178 0.3396556296143828 0.481249999999987 0
1179 0.3829568998036031 0.2187499999999937 0
1180 0.6752404735808414 0.4625000000000001 0
1181 0.675240473580841 0.475 0
1182 0.1447999137628877 0.1312499999999841 0
1183 0.3396556296143604 0.8687499999999868 0
1184 0.5778126156551066 0.131250000000006 0
1185 0.8592708718850444 0.1312500000000058 0
1186 0.3829568998035823 0.8687499999999895 0
1187 0.3937822173508881 0.8624999999999901 0
1188 0.8592708718850273 0.8687500000000083 0
1189 0.1556252313101922 0.4124999999999773 0
1190 0.1881011839521052 0.2062499999999854 0
1191 0.4046075348982172 0.1687499999999954 0
1192 0.5453366630131757 0.5749999999999954 0
1193 0.5128607103712617 0.4437499999999949 0
1194 0.5778126156550906 0.6312499999999956 0
1195 0.6102885682970127 0.349999999999998 0
1196 0.4046075348982092 0.3312499999999935 0
1197 0.1881011839521097 0.3812499999999785 0
1198 0.7077164262227664 0.1812500000000024 0
1199 0.7077164262227663 0.1687500000000028 0
1200 0.7185417437700723 0.1625000000000026 0
1201 0.7077164262227666 0.1562500000000026 0
1202 0.7185417437700724 0.1500000000000026 0
1203 0.707716426222767 0.1437500000000025 0
1204 0.7185417437700725 0.1375000000000026 0
1205 0.707716426222767 0.1312500000000026 0
1206 0.1339745962155755 0.624999999999975 0
1207 0.1339745962155682 0.7124999999999743 0
1208 0.7185417437700723 0.1250000000000026 0
1209 0.1339745962155843 0.149999999999982 0
1210 0.1339745962155744 0.5749999999999744 0
1211 0.1339745962155753 0.5624999999999745 0
1212 0.1339745962155726 0.6624999999999738 0
1213 0.848445554337739 0.1250000000000037 0
1214 0.5886379332024123 0.1250000000000068 0
1215 0.3937822173508876 0.87499999999999 0
1216 0.4046075348981933 0.8687499999999906 0
1217 0.4046075348981938 0.85624999999999 0
1218 0.4154328524454991 0.8624999999999912 0
1219 0.415432852445498 0.8749999999999909 0
1220 0.4262581699928039 0.8687499999999917 0
1221 0.4262581699928049 0.8562499999999921 0
1222 0.4370834875401097 0.8624999999999923 0
1223 0.4370834875401098 0.8749999999999919 0
1224 0.4479088050874151 0.8687499999999931 0
1225 0.8051442841485149 0.2000000000000048 0
1226 0.7077164262227665 0.1937500000000026 0
1227 0.361306264708993 0.4937499999999881 0
1228 0.3613062647089936 0.4812499999999882 0
1229 0.177275866404806 0.3374999999999783 0
1230 0.1664505488575008 0.3312499999999778 0
1231 0.1556252313101952 0.3374999999999775 0
1232 0.1556252313101958 0.3249999999999774 0
1233 0.1447999137628899 0.331249999999977 0
1234 0.1447999137628906 0.3187499999999769 0
1235 0.1339745962155847 0.3249999999999764 0
1236 0.1339745962155854 0.3124999999999766 0
1237 0.8700961894323446 0.3375000000000059 0
1238 0.8700961894323443 0.3500000000000058 0
1239 0.1556252313101935 0.1249999999999845 0
1240 0.4479088050874157 0.8562499999999924 0
1241 0.458734122634721 0.8624999999999933 0
1242 0.4587341226347205 0.8749999999999931 0
1243 0.469559440182026 0.8687499999999939 0
1244 0.4695594401820271 0.8562499999999935 0
1245 0.4803847577293317 0.8624999999999945 0
1246 0.480384757729331 0.8749999999999944 0
1247 0.4912100752766368 0.868749999999995 0
1248 0.4912100752766373 0.8562499999999951 0
1249 0.5020353928239426 0.8624999999999954 0
1250 0.502035392823943 0.8499999999999953 0
1251 0.5128607103712483 0.8562499999999955 0
1252 0.5128607103712487 0.8437499999999958 0
1253 0.5236860279185539 0.8499999999999961 0
1254 0.5236860279185533 0.8624999999999958 0
1255 0.5345113454658591 0.8562499999999962 0
1256 0.5345113454658595 0.8437499999999964 0
1257 0.5453366630131647 0.8499999999999969 0
1258 0.5453366630131643 0.8624999999999968 0
1259 0.5561619805604699 0.8562499999999971 0
1260 0.5453366630131652 0.8374999999999968 0
1261 0.5561619805604696 0.8687499999999971 0
1262 0.5669872981077753 0.8624999999999974 0
1263 0.5669872981077749 0.8749999999999973 0
1264 0.5778126156550806 0.8687499999999977 0
1265 0.5778126156550809 0.856249999999998 0
1266 0.5886379332023861 0.8624999999999983 0
1267 0.5886379332023857 0.8749999999999978 0
1268 0.5994632507496914 0.8687499999999984 0
1269 0.5994632507496918 0.8562499999999985 0
1270 0.6102885682969968 0.8624999999999989 0
1271 0.6102885682969965 0.8749999999999984 0
1272 0.621113885844302 0.8687499999999994 0
1273 0.3613062647089903 0.543749999999988 0
1274 0.3721315822562961 0.5374999999999885 0
1275 0.6968911086754609 0.1875000000000024 0
1276 0.8700961894323318 0.6750000000000058 0
1277 0.8700961894323314 0.687500000000006 0
1278 0.8700961894323328 0.6375000000000066 0
1279 0.8700961894323367 0.537500000000007 0
1280 0.8700961894323371 0.5250000000000069 0
1281 0.8484455543377206 0.6875000000000056 0
1282 0.1881011839521111 0.3437499999999786 0
1283 0.8700961894323498 0.1375000000000064 0
1284 0.8700961894323503 0.1250000000000048 0
1285 0.8592708718850319 0.5187500000000067 0
1286 0.870096189432338 0.5125000000000069 0
1287 0.8592708718850327 0.5062500000000066 0
1288 0.8700961894323385 0.500000000000007 0
1289 0.8592708718850333 0.4937500000000065 0
1290 0.8700961894323391 0.4875000000000071 0
1291 0.8592708718850337 0.4812500000000066 0
1292 0.8700961894323397 0.4750000000000071 0
1293 0.8592708718850344 0.4687500000000067 0
1294 0.87009618943234 0.4625000000000071 0
1295 0.1447999137628883 0.1187499999999839 0
1296 0.7077164262227669 0.1187500000000027 0
1297 0.4912100752766362 0.881249999999995 0
1298 0.3721315822562954 0.5499999999999885 0
1299 0.3829568998036013 0.5437499999999892 0
1300 0.5128607103712575 0.6937499999999941 0
1301 0.6644151560335357 0.4687499999999998 0
1302 0.6644151560335361 0.4562499999999998 0
1303 0.6644151560335354 0.4812499999999997 0
1304 0.5778126156551073 0.1187500000000059 0
1305 0.6211138858443017 0.8812499999999989 0
1306 0.6319392033916075 0.8749999999999994 0
1307 0.1231492786682695 0.5687499999999739 0
1308 0.1231492786682701 0.556249999999974 0
1309 0.6102885682969971 0.849999999999999 0
1310 0.6968911086754607 0.2000000000000022 0
1311 0.6860657911281552 0.1937500000000019 0
1312 0.1881011839521117 0.3312499999999787 0
1313 0.1231492786682796 0.3187499999999758 0
1314 0.1231492786682804 0.3062499999999762 0
1315 0.3829568998036005 0.5562499999999891 0
1316 0.3937822173509063 0.5499999999999897 0
1317 0.3937822173509056 0.5624999999999897 0
1318 0.6535898384862304 0.4624999999999994 0
1319 0.4046075348982114 0.5562499999999903 0
1320 0.4046075348982107 0.5687499999999902 0
1321 0.4154328524455165 0.5624999999999909 0
1322 0.4154328524455158 0.5749999999999909 0
1323 0.4262581699928216 0.5687499999999914 0
1324 0.426258169992821 0.5812499999999914 0
1325 0.8809215069796371 0.6812500000000061 0
1326 0.8809215069796368 0.6937500000000063 0
1327 0.6535898384862309 0.4499999999999995 0
1328 0.6427645209389252 0.4562499999999991 0
1329 0.7618430139592849 0.462500000000003 0
1330 0.8809215069796429 0.5187500000000078 0
1331 0.8809215069796454 0.4687500000000073 0
1332 0.8809215069796457 0.4562500000000073 0
1333 0.8700961894323405 0.450000000000007 0
1334 0.8809215069796461 0.4437500000000074 0
1335 0.3721315822562988 0.4874999999999887 0
1336 0.3721315822562994 0.4749999999999888 0
1337 0.1447999137628911 0.3062499999999769 0
1338 0.8809215069796499 0.3437500000000059 0
1339 0.8809215069796502 0.3312500000000062 0
1340 0.6319392033916069 0.8874999999999995 0
1341 0.6427645209389127 0.8812499999999999 0
1342 0.642764520938913 0.8687500000000004 0
1343 0.6535898384862184 0.8750000000000004 0
1344 0.7185417437700723 0.1125000000000027 0
1345 0.8917468245269451 0.8874999999999996 0
1346 0.6535898384862179 0.8875000000000001 0
1347 0.6644151560335234 0.8812500000000008 0
1348 0.5886379332024133 0.1125000000000068 0
1349 0.5994632507497166 0.1437500000000073 0
1350 0.4370834875401265 0.5749999999999925 0
1351 0.437083487540126 0.5874999999999921 0
1352 0.8809215069796555 0.1312500000000063 0
1353 0.880921506979656 0.1187500000000062 0
1354 0.1556252313101945 0.1124999999999846 0
1355 0.1664505488574857 0.6562499999999757 0
1356 0.6860657911281551 0.2062500000000019 0
1357 0.6752404735808495 0.2000000000000018 0
1358 0.1989265014994168 0.3374999999999793 0
1359 0.1989265014994173 0.3249999999999792 0
1360 0.8376202367904154 0.6812500000000055 0
1361 0.8376202367904152 0.6937500000000053 0
1362 0.8267949192431099 0.6875000000000052 0
1363 0.5561619805604692 0.8812499999999972 0
1364 0.5994632507496992 0.7187499999999971 0
1365 0.6102885682970041 0.6874999999999958 0
1366 0.4046075348982121 0.5437499999999903 0
1367 0.3396556296143823 0.2062499999999925 0
1368 0.7726683315065969 0.2562500000000039 0
1369 0.5453366630131788 0.3874999999999958 0
1370 0.7943189666011955 0.6187500000000034 0
1371 0.7943189666011949 0.6312500000000036 0
1372 0.7834936490538896 0.6250000000000027 0
1373 0.7834936490538891 0.6375000000000031 0
1374 0.7726683315065839 0.6312500000000021 0
1375 0.7726683315065833 0.6437500000000025 0
1376 0.7618430139592781 0.6375000000000015 0
1377 0.7618430139592773 0.6500000000000017 0
1378 0.7510176964119724 0.6437500000000007 0
1379 0.1447999137628894 0.1062499999999835 0
1380 0.1339745962155832 0.1124999999999831 0
1381 0.7077164262227669 0.1062500000000027 0
1382 0.6968911086754613 0.1125000000000029 0
1383 0.6211138858443013 0.8937499999999987 0
1384 0.6644151560335234 0.8937500000000003 0
1385 0.6752404735808288 0.8875000000000014 0
1386 0.1123239611209745 0.3124999999999752 0
1387 0.1123239611209753 0.2999999999999755 0
1388 0.1123239611209736 0.3249999999999753 0
1389 0.1123239611209643 0.5624999999999736 0
1390 0.1123239611209648 0.5499999999999736 0
1391 0.5778126156551082 0.1062500000000059 0
1392 0.6644151560335236 0.8687500000000015 0
1393 0.5020353928239435 0.8374999999999946 0
1394 0.6427645209389257 0.4437499999999991 0
1395 0.63193920339162 0.4499999999999988 0
1396 0.7510176964119715 0.6562500000000007 0
1397 0.7401923788646665 0.6500000000000001 0
1398 0.7401923788646673 0.6375000000000001 0
1399 0.7293670613173614 0.6437499999999994 0
1400 0.7293670613173622 0.6312499999999994 0
1401 0.7185417437700563 0.6374999999999988 0
1402 0.718541743770057 0.6249999999999989 0
1403 0.7077164262227513 0.6312499999999982 0
1404 0.7077164262227519 0.6187499999999984 0
1405 0.6968911086754461 0.6249999999999977 0
1406 0.6968911086754468 0.6124999999999977 0
1407 0.686065791128141 0.6187499999999971 0
1408 0.6860657911281417 0.6062499999999972 0
1409 0.6752404735808359 0.6124999999999966 0
1410 0.6752404735808366 0.5999999999999966 0
1411 0.8267949192431095 0.700000000000005 0
1412 0.8917468245269553 0.3375000000000064 0
1413 0.891746824526956 0.3250000000000065 0
1414 0.8917468245269536 0.3500000000000068 0
1415 0.7293670613173778 0.1187500000000026 0
1416 0.7293670613173776 0.1062500000000025 0
1417 0.7401923788646831 0.1125000000000024 0
1418 0.350480947161686 0.2374999999999925 0
1419 0.3829568998035817 0.8812499999999892 0
1420 0.8917468245269421 0.6875000000000064 0
1421 0.8917468245269418 0.7000000000000064 0
1422 0.5128607103712631 0.3687499999999951 0
1423 0.8700961894323409 0.437500000000007 0
1424 0.1664505488574879 0.6187499999999762 0
1425 0.1339745962155759 0.5499999999999745 0
1426 0.7293670613173707 0.4062500000000019 0
1427 0.2638784067832448 0.2374999999999887 0
1428 0.870096189432333 0.6250000000000069 0
1429 0.8809215069796386 0.6312500000000072 0
1430 0.8809215069796389 0.6187500000000072 0
1431 0.8917468245269442 0.6250000000000074 0
1432 0.8917468245269445 0.6125000000000076 0
1433 0.242227771688634 0.4749999999999807 0
1434 0.2422277716886346 0.4624999999999806 0
1435 0.6752404735808454 0.3500000000000005 0
1436 0.8809215069796366 0.7062500000000065 0
1437 0.891746824526942 0.7125000000000061 0
1438 0.8809215069796368 0.7187500000000064 0
1439 0.8917468245269421 0.725000000000006 0
1440 0.3396556296143735 0.6437499999999858 0
1441 0.7401923788646814 0.2625000000000038 0
1442 0.6752404735808496 0.2125000000000018 0
1443 0.6644151560335441 0.2062500000000017 0
1444 0.9133974596215563 0.8624999999999995 0
1445 0.3504809471616822 0.3249999999999918 0
1446 0.8917468245269509 0.4625000000000073 0
1447 0.6968911086754609 0.1500000000000027 0
1448 0.4479088050874317 0.5812499999999929 0
1449 0.4479088050874311 0.5937499999999927 0
1450 0.1664505488574968 0.456249999999977 0
1451 0.8809215069796368 0.7312500000000062 0
1452 0.8917468245269422 0.737500000000006 0
1453 0.3829568998036046 0.4812499999999893 0
1454 0.3829568998036053 0.4687499999999893 0
1455 0.3721315822563002 0.4624999999999888 0
1456 0.8917468245269613 0.1250000000000066 0
1457 0.8917468245269614 0.1375000000000066 0
1458 0.8917468245269612 0.1125000000000065 0
1459 0.8809215069796561 0.1062500000000066 0
1460 0.7401923788646827 0.1000000000000023 0
1461 0.7510176964119886 0.1062500000000023 0
1462 0.6968911086754613 0.1000000000000028 0
1463 0.6860657911281559 0.1062500000000028 0
1464 0.1339745962155844 0.09999999999998249 0
1465 0.1231492786682786 0.1062499999999819 0
1466 0.8917468245269614 0.1000000000000063 0
1467 0.1556252313101955 0.0999999999999841 0
1468 0.1664505488575005 0.1062499999999854 0
1469 0.5886379332024142 0.1000000000000068 0
1470 0.6752404735808284 0.9000000000000009 0
1471 0.6860657911281343 0.8937500000000017 0
1472 0.3071796769724639 0.5374999999999845 0
1473 0.7077164262227507 0.643749999999998 0
1474 0.2097518190467225 0.3312499999999797 0
1475 0.209751819046723 0.3187499999999797 0
1476 0.1014986435736694 0.3062499999999748 0
1477 0.1014986435736699 0.2937499999999752 0
1478 0.1123239611209756 0.2874999999999755 0
1479 0.1014986435736702 0.2812499999999754 0
1480 0.1123239611209756 0.2749999999999754 0
1481 0.1014986435736704 0.2687499999999752 0
1482 0.112323961120976 0.2624999999999754 0
1483 0.1014986435736708 0.2562499999999751 0
1484 0.1014986435736591 0.5562499999999732 0
1485 0.1014986435736595 0.5437499999999734 0
1486 0.1014986435736595 0.568749999999973 0
1487 0.9242227771688556 0.9062500000000047 0
1488 0.6860657911281337 0.9062500000000016 0
1489 0.6968911086754396 0.9000000000000018 0
1490 0.6968911086754407 0.887500000000002 0
1491 0.7077164262227453 0.8937500000000025 0
1492 0.7077164262227464 0.8812500000000024 0
1493 0.7185417437700508 0.8875000000000033 0
1494 0.7185417437700501 0.9000000000000032 0
1495 0.7293670613173556 0.893750000000004 0
1496 0.7293670613173547 0.9062500000000042 0
1497 0.7401923788646607 0.9000000000000052 0
1498 0.3721315822562918 0.3749999999999925 0
1499 0.3613062647089862 0.3812499999999921 0
1500 0.4803847577293475 0.4374999999999944 0
1501 0.8809215069796559 0.09375000000000677 0
1502 0.1664505488575013 0.09374999999998518 0
1503 0.1772758664048061 0.09999999999998582 0
1504 0.9025721420742474 0.7062500000000067 0
1505 0.9025721420742499 0.6187500000000077 0
1506 0.9025721420742502 0.6062500000000079 0
1507 0.2530530892359398 0.4687499999999811 0
1508 0.2530530892359403 0.4562499999999812 0
1509 0.6752404735808353 0.6249999999999966 0
1510 0.3721315822562947 0.5624999999999883 0
1511 0.6319392033916204 0.4374999999999988 0
1512 0.6211138858443147 0.4437499999999985 0
1513 0.1664505488574962 0.468749999999977 0
1514 0.1556252313101911 0.4624999999999765 0
1515 0.6644151560335441 0.2187500000000016 0
1516 0.6535898384862386 0.2125000000000015 0
1517 0.6644151560335302 0.618749999999996 0
1518 0.4587341226347367 0.5874999999999937 0
1519 0.4587341226347362 0.5999999999999933 0
1520 0.7401923788646658 0.6625000000000001 0
1521 0.7510176964119709 0.6687500000000006 0
1522 0.9025721420742612 0.3312500000000069 0
1523 0.9025721420742616 0.318750000000007 0
1524 0.1123239611209765 0.2499999999999756 0
1525 0.1014986435736708 0.2437499999999753 0
1526 0.1231492786682816 0.2562499999999757 0
1527 0.3829568998036059 0.4562499999999894 0
1528 0.393782217350911 0.46249999999999 0
1529 0.9025721420742676 0.1187500000000061 0
1530 0.5778126156551086 0.09375000000000611 0
1531 0.5669872981078034 0.1000000000000049 0
1532 0.1231492786682794 0.0937499999999819 0
1533 0.1123239611209735 0.09999999999998105 0
1534 0.686065791128156 0.09375000000000289 0
1535 0.7510176964119881 0.09375000000000216 0
1536 0.7618430139592939 0.1000000000000019 0
1537 0.6644151560335227 0.9062500000000004 0
1538 0.8809215069796466 0.4312500000000075 0
1539 0.6752404735808406 0.4875 0
1540 0.6644151560335351 0.4937499999999997 0
1541 0.1989265014994068 0.5749999999999782 0
1542 0.8376202367904286 0.3062500000000056 0
1543 0.8484455543377339 0.3000000000000057 0
1544 0.6319392033916198 0.4624999999999986 0
1545 0.6644151560335445 0.1937500000000022 0
1546 0.5994632507497193 0.1062500000000076 0
1547 0.5994632507497202 0.09375000000000772 0
1548 0.8809215069796367 0.743750000000006 0
1549 0.891746824526942 0.7500000000000062 0
1550 0.9025721420742476 0.7437500000000059 0
1551 0.9025721420742475 0.7562500000000061 0
1552 0.6968911086754614 0.08750000000000291 0
1553 0.0906733260263653 0.2624999999999748 0
1554 0.0906733260263643 0.2999999999999747 0
1555 0.8700961894323412 0.4250000000000073 0
1556 0.8592708718850361 0.4312500000000067 0
1557 0.642764520938926 0.4312499999999992 0
1558 0.7943189666012048 0.3687500000000041 0
1559 0.6752404735808402 0.4999999999999999 0
1560 0.6644151560335346 0.5062499999999996 0
1561 0.6752404735808399 0.5124999999999998 0
1562 0.6644151560335341 0.5187499999999993 0
1563 0.6535898384862291 0.5124999999999993 0
1564 0.6535898384862284 0.524999999999999 0
1565 0.8376202367904289 0.2937500000000056 0
1566 0.8484455543377344 0.2875000000000059 0
1567 0.6752404735808502 0.2250000000000018 0
1568 0.837620236790429 0.2812500000000057 0
1569 0.8484455543377345 0.2750000000000059 0
1570 0.6752404735808393 0.5249999999999994 0
1571 0.1123239611209741 0.0874999999999812 0
1572 0.1014986435736682 0.09374999999998035 0
1573 0.1014986435736677 0.1062499999999803 0
1574 0.1772758664048074 0.08749999999998614 0
1575 0.188101183952112 0.09374999999998657 0
1576 0.7618430139592938 0.08750000000000213 0
1577 0.7726683315065994 0.09375000000000189 0
1578 0.7401923788646597 0.9125000000000052 0
1579 0.7510176964119657 0.9062500000000061 0
1580 0.8917468245269607 0.08750000000000646 0
1581 0.5669872981078037 0.08750000000000513 0
1582 0.5561619805604984 0.093750000000004 0
1583 0.09067332602636236 0.09999999999997966 0
1584 0.09067332602636147 0.1124999999999797 0
1585 0.09067332602636302 0.08749999999997971 0
1586 0.09067332602635381 0.5499999999999728 0
1587 0.09067332602635414 0.537499999999973 0
1588 0.1014986435736597 0.5312499999999735 0
1589 0.09067332602635447 0.524999999999973 0
1590 0.7510176964119666 0.893750000000006 0
1591 0.7618430139592718 0.9000000000000069 0
1592 0.761843013959271 0.9125000000000069 0
1593 0.7726683315065768 0.9062500000000077 0
1594 0.7185417437700518 0.8750000000000032 0
1595 0.1014986435736602 0.5187499999999736 0
1596 0.09067332602635503 0.5124999999999732 0
1597 0.2638784067832454 0.4624999999999816 0
1598 0.2638784067832459 0.4499999999999816 0
1599 0.2530530892359408 0.4437499999999812 0
1600 0.2638784067832464 0.4374999999999817 0
1601 0.2530530892359412 0.4312499999999813 0
1602 0.2638784067832469 0.4249999999999817 0
1603 0.2747037243305521 0.4312499999999821 0
1604 0.2747037243305526 0.4187499999999822 0
1605 0.2638784067832473 0.4124999999999818 0
1606 0.2855290418778578 0.4249999999999826 0
1607 0.9133974596215529 0.750000000000006 0
1608 0.9133974596215531 0.7625000000000058 0
1609 0.8484455543377286 0.4750000000000061 0
1610 0.8051442841485101 0.3750000000000047 0
1611 0.7943189666012045 0.3812500000000042 0
1612 0.4370834875401253 0.599999999999992 0
1613 0.318004994519767 0.5687499999999852 0
1614 0.6319392033916207 0.4249999999999989 0
1615 0.1881011839521035 0.5437499999999772 0
1616 0.4046075348982102 0.5812499999999901 0
1617 0.6535898384862384 0.2250000000000014 0
1618 0.6427645209389332 0.2187500000000014 0
1619 0.6860657911281425 0.5937499999999972 0
1620 0.469559440182042 0.5937499999999939 0
1621 0.4695594401820413 0.6062499999999938 0
1622 0.4695594401820412 0.5812499999999947 0
1623 0.6644151560335295 0.6312499999999961 0
1624 0.4370834875401263 0.5624999999999932 0
1625 0.740192378864665 0.675 0
1626 0.75101769641197 0.6812500000000007 0
1627 0.1231492786682821 0.243749999999976 0
1628 0.1339745962155873 0.2499999999999761 0
1629 0.2855290418778583 0.4124999999999826 0
1630 0.2963543594251635 0.418749999999983 0
1631 0.8917468245269422 0.7625000000000057 0
1632 0.2205771365940282 0.3249999999999802 0
1633 0.2205771365940276 0.3374999999999804 0
1634 0.2205771365940289 0.3124999999999803 0
1635 0.2097518190467237 0.3062499999999797 0
1636 0.7293670613173537 0.9187500000000042 0
1637 0.7726683315065993 0.0812500000000021 0
1638 0.7834936490539048 0.08750000000000197 0
1639 0.7726683315065759 0.9187500000000075 0
1640 0.7834936490538817 0.9125000000000082 0
1641 0.9133974596215552 0.6125000000000085 0
1642 0.9133974596215559 0.6000000000000085 0
1643 0.9133974596215549 0.6250000000000083 0
1644 0.5236860279185654 0.5249999999999949 0
1645 0.2638784067832448 0.4749999999999815 0
1646 0.5345113454658715 0.4937499999999954 0
1647 0.6427645209389263 0.4187499999999992 0
1648 0.8376202367904291 0.2687500000000058 0
1649 0.8484455543377347 0.2625000000000058 0
1650 0.85927087188504 0.268750000000006 0
1651 0.85927087188504 0.2562500000000059 0
1652 0.8700961894323456 0.2625000000000061 0
1653 0.8700961894323456 0.2500000000000061 0
1654 0.880921506979651 0.256250000000006 0
1655 0.8809215069796511 0.2437500000000061 0
1656 0.8917468245269564 0.2500000000000061 0
1657 0.8917468245269566 0.2375000000000062 0
1658 0.9025721420742621 0.2437500000000064 0
1659 0.9025721420742623 0.2312500000000065 0
1660 0.4587341226347303 0.6999999999999924 0
1661 0.6535898384862244 0.6249999999999956 0
1662 0.6102885682970246 0.1000000000000082 0
1663 0.6102885682970258 0.08750000000000918 0
1664 0.3937822173509117 0.44999999999999 0
1665 0.4046075348982168 0.4562499999999906 0
1666 0.9133974596215669 0.3250000000000072 0
1667 0.9133974596215674 0.3125000000000074 0
1668 0.2205771365940296 0.2999999999999804 0
1669 0.2097518190467246 0.2937499999999797 0
1670 0.9133974596215677 0.2375000000000069 0
1671 0.9133974596215679 0.2250000000000068 0
1672 0.9025721420742624 0.2187500000000066 0
1673 0.9133974596215682 0.2125000000000065 0
1674 0.5561619805604999 0.08125000000000387 0
1675 0.5453366630131938 0.0875000000000028 0
1676 0.8809215069796549 0.08125000000000704 0
1677 0.1231492786682801 0.08124999999998184 0
1678 0.7510176964119885 0.08125000000000249 0
1679 0.1881011839521131 0.08124999999998683 0
1680 0.1989265014994181 0.08749999999998748 0
1681 0.686065791128156 0.08125000000000304 0
1682 0.7618430139592729 0.8875000000000071 0
1683 0.8809215069796466 0.4187500000000074 0
1684 0.8917468245269521 0.4250000000000076 0
1685 0.1014986435736611 0.5062499999999736 0
1686 0.09067332602635558 0.4999999999999732 0
1687 0.751017696411989 0.1187500000000032 0
1688 0.8051442841485097 0.3875000000000046 0
1689 0.7943189666012038 0.3937500000000041 0
1690 0.8267949192431145 0.5375000000000048 0
1691 0.6427645209389331 0.2312500000000015 0
1692 0.6319392033916277 0.2250000000000014 0
1693 0.6427645209389234 0.5187499999999989 0
1694 0.6427645209389229 0.5312499999999989 0
1695 0.4803847577293471 0.5999999999999944 0
1696 0.4803847577293464 0.6124999999999944 0
1697 0.4695594401820407 0.6187499999999937 0
1698 0.4803847577293457 0.6249999999999943 0
1699 0.6319392033916279 0.2125000000000012 0
1700 0.6211138858443224 0.2187500000000011 0
1701 0.6211138858443219 0.231250000000001 0
1702 0.6102885682970167 0.2250000000000007 0
1703 0.6102885682970161 0.2375000000000003 0
1704 0.599463250749711 0.2312500000000001 0
1705 0.5994632507497103 0.2437499999999999 0
1706 0.5886379332024052 0.2374999999999996 0
1707 0.5886379332024048 0.2499999999999996 0
1708 0.5778126156550997 0.2437499999999994 0
1709 0.5778126156550991 0.2562499999999991 0
1710 0.566987298107794 0.2499999999999991 0
1711 0.5669872981077935 0.2624999999999988 0
1712 0.5561619805604885 0.256249999999999 0
1713 0.5561619805604878 0.2687499999999985 0
1714 0.5453366630131825 0.2624999999999981 0
1715 0.5453366630131822 0.2749999999999981 0
1716 0.5345113454658769 0.2687499999999977 0
1717 0.5345113454658764 0.2812499999999977 0
1718 0.5236860279185712 0.2749999999999974 0
1719 0.5236860279185708 0.2874999999999973 0
1720 0.5128607103712656 0.2812499999999969 0
1721 0.5128607103712651 0.2937499999999968 0
1722 0.5020353928239598 0.2874999999999964 0
1723 0.5020353928239604 0.2749999999999965 0
1724 0.4912100752766546 0.2812499999999961 0
1725 0.5020353928239593 0.2999999999999964 0
1726 0.5453366630131835 0.2499999999999993 0
1727 0.4912100752766551 0.2687499999999962 0
1728 0.4803847577293494 0.2749999999999958 0
1729 0.4803847577293498 0.262499999999996 0
1730 0.4695594401820442 0.2687499999999957 0
1731 0.4695594401820438 0.2812499999999954 0
1732 0.4587341226347385 0.2749999999999953 0
1733 0.458734122634739 0.2624999999999955 0
1734 0.4479088050874332 0.268749999999995 0
1735 0.3721315822563011 0.4499999999999891 0
1736 0.2963543594251641 0.4062499999999832 0
1737 0.7401923788646642 0.6874999999999999 0
1738 0.7510176964119691 0.6937500000000006 0
1739 0.2314024541413333 0.3312499999999808 0
1740 0.2314024541413326 0.3437499999999809 0
1741 0.6968911086754614 0.0750000000000029 0
1742 0.07984800847905721 0.09374999999997896 0
1743 0.07984800847905804 0.08124999999997895 0
1744 0.07984800847904971 0.5187499999999727 0
1745 0.9566987298107781 0.9249999999999993 0
1746 0.8917468245269595 0.07500000000000584 0
1747 0.9025721420742658 0.08125000000000598 0
1748 0.8700961894323413 0.4125000000000072 0
1749 0.1014986435736617 0.4937499999999735 0
1750 0.09067332602635603 0.4874999999999733 0
1751 0.1014986435736617 0.4812499999999736 0
1752 0.09067332602635653 0.4749999999999733 0
1753 0.1014986435736624 0.4687499999999737 0
1754 0.09067332602635725 0.4624999999999732 0
1755 0.1014986435736629 0.4562499999999737 0
1756 0.09067332602635786 0.4499999999999732 0
1757 0.07984800847905205 0.4687499999999727 0
1758 0.8917468245269522 0.4125000000000076 0
1759 0.9025721420742576 0.4187500000000077 0
1760 0.8051442841485089 0.4000000000000046 0
1761 0.8700961894323314 0.7375000000000063 0
1762 0.1556252313101906 0.4749999999999763 0
1763 0.902572142074258 0.406250000000008 0
1764 0.9133974596215633 0.4125000000000081 0
1765 0.9133974596215634 0.4000000000000082 0
1766 0.8159696016958157 0.3812500000000053 0
1767 0.1014986435736636 0.4437499999999739 0
1768 0.09067332602635875 0.4374999999999734 0
1769 0.1014986435736643 0.431249999999974 0
1770 0.09067332602635947 0.4249999999999735 0
1771 0.101498643573665 0.4187499999999735 0
1772 0.09067332602635997 0.4124999999999733 0
1773 0.07984800847905449 0.4187499999999731 0
1774 0.07984800847905532 0.4062499999999729 0
1775 0.09067332602636052 0.3999999999999733 0
1776 0.07984800847905571 0.3937499999999724 0
1777 0.913397459621568 0.250000000000007 0
1778 0.1989265014994173 0.09999999999998699 0
1779 0.2097518190467232 0.09374999999998807 0
1780 0.2097518190467239 0.08124999999998833 0
1781 0.220577136594029 0.08749999999998898 0
1782 0.2205771365940286 0.09999999999998888 0
1783 0.2314024541413342 0.09374999999998906 0
1784 0.2314024541413338 0.1062499999999892 0
1785 0.2422277716886394 0.09999999999998949 0
1786 0.2422277716886388 0.1124999999999896 0
1787 0.2530530892359445 0.1062499999999901 0
1788 0.2530530892359438 0.1187499999999903 0
1789 0.2638784067832497 0.1124999999999907 0
1790 0.2638784067832504 0.09999999999999049 0
1791 0.2747037243305554 0.1062499999999912 0
1792 0.274703724330555 0.1187499999999911 0
1793 0.2855290418778607 0.1124999999999914 0
1794 0.2855290418778604 0.1249999999999913 0
1795 0.296354359425166 0.1187499999999917 0
1796 0.2963543594251665 0.1062499999999917 0
1797 0.3071796769724717 0.1124999999999919 0
1798 0.3071796769724723 0.09999999999999187 0
1799 0.3180049945197774 0.1062499999999923 0
1800 0.3180049945197778 0.09374999999999217 0
1801 0.3288303120670831 0.09999999999999265 0
1802 0.3071796769724713 0.124999999999992 0
1803 0.3071796769724725 0.08749999999999225 0
1804 0.3288303120670836 0.08749999999999269 0
1805 0.3396556296143889 0.09374999999999323 0
1806 0.3396556296143883 0.1062499999999931 0
1807 0.350480947161694 0.09999999999999359 0
1808 0.350480947161695 0.08749999999999392 0
1809 0.3613062647089996 0.09374999999999467 0
1810 0.3504809471616932 0.1124999999999934 0
1811 0.361306264709001 0.08124999999999483 0
1812 0.3721315822563057 0.0874999999999958 0
1813 0.2314024541413353 0.08124999999998828 0
1814 0.3721315822563073 0.07499999999999574 0
1815 0.3829568998036126 0.08124999999999666 0
1816 0.3829568998036109 0.09374999999999661 0
1817 0.3937822173509172 0.08749999999999764 0
1818 0.3937822173509161 0.09999999999999754 0
1819 0.404607534898222 0.09374999999999856 0
1820 0.4046075348982239 0.08124999999999827 0
1821 0.4154328524455283 0.08749999999999936 0
1822 0.415432852445527 0.09999999999999909 0
1823 0.4262581699928328 0.09375000000000033 0
1824 0.4262581699928342 0.08125000000000038 0
1825 0.4370834875401388 0.08750000000000147 0
1826 0.4370834875401376 0.1000000000000014 0
1827 0.4479088050874437 0.0937500000000025 0
1828 0.4479088050874449 0.08125000000000265 0
1829 0.4587341226347498 0.08750000000000369 0
1830 0.4479088050874425 0.1062500000000025 0
1831 0.4912100752766554 0.2562499999999961 0
1832 0.1339745962155878 0.2374999999999764 0
1833 0.3071796769724692 0.4124999999999835 0
1834 0.144799913762893 0.2437499999999769 0
1835 0.7834936490539044 0.07500000000000207 0
1836 0.79431896660121 0.08125000000000165 0
1837 0.7943189666012105 0.09375000000000167 0
1838 0.8051442841485156 0.08750000000000135 0
1839 0.8051442841485152 0.0750000000000014 0
1840 0.7834936490538807 0.925000000000008 0
1841 0.7943189666011865 0.9187500000000089 0
1842 0.4587341226347512 0.07500000000000384 0
1843 0.4695594401820559 0.08125000000000498 0
1844 0.1772758664048082 0.07499999999998619 0
1845 0.5669872981078027 0.07500000000000412 0
1846 0.5453366630131952 0.07500000000000262 0
1847 0.7943189666011878 0.9062500000000092 0
1848 0.8051442841484925 0.9125000000000101 0
1849 0.8051442841484914 0.9250000000000099 0
1850 0.8159696016957974 0.9187500000000111 0
1851 0.9242227771688604 0.6187500000000091 0
1852 0.9242227771688599 0.6312500000000086 0
1853 0.2963543594251631 0.4312499999999833 0
1854 0.9242227771688587 0.7562500000000059 0
1855 0.9242227771688588 0.7687500000000058 0
1856 0.328830312067077 0.4874999999999864 0
1857 0.6319392033916211 0.4124999999999989 0
1858 0.4479088050874329 0.281249999999995 0
1859 0.4370834875401276 0.2749999999999948 0
1860 0.4370834875401279 0.2624999999999948 0
1861 0.4262581699928223 0.2687499999999944 0
1862 0.8592708718850399 0.2437500000000064 0
1863 0.4695594401820399 0.6312499999999936 0
1864 0.3721315822562914 0.3874999999999924 0
1865 0.3613062647089858 0.3937499999999921 0
1866 0.09067332602636075 0.387499999999973 0
1867 0.07984800847905515 0.3812499999999729 0
1868 0.9025721420742628 0.2062500000000066 0
1869 0.9133974596215686 0.2000000000000068 0
1870 0.7185417437700578 0.6124999999999989 0
1871 0.6535898384862239 0.6374999999999955 0
1872 0.2205771365940302 0.2874999999999803 0
1873 0.2097518190467251 0.2812499999999799 0
1874 0.2314024541413351 0.2937499999999808 0
1875 0.9242227771688734 0.2312500000000074 0
1876 0.8159696016958043 0.693750000000005 0
1877 0.815969601695804 0.7062500000000049 0
1878 0.8159696016958211 0.08125000000000093 0
1879 0.6427645209389268 0.4062499999999993 0
1880 0.5345113454658894 0.0812500000000016 0
1881 0.8592708718850303 0.5562500000000064 0
1882 0.7943189666012033 0.4062500000000041 0
1883 0.8051442841485088 0.4125000000000045 0
1884 0.7726683315065961 0.2937500000000041 0
1885 0.6860657911281454 0.5062500000000003 0
1886 0.480384757729345 0.6374999999999943 0
1887 0.6752404735808373 0.5874999999999967 0
1888 0.6860657911281431 0.5812499999999973 0
1889 0.6427645209389187 0.6312499999999951 0
1890 0.6427645209389191 0.618749999999995 0
1891 0.7401923788646632 0.6999999999999998 0
1892 0.7293670613173583 0.693749999999999 0
1893 0.7510176964119681 0.7062500000000006 0
1894 0.5778126156551004 0.2312500000000008 0
1895 0.9242227771688688 0.4062500000000081 0
1896 0.9242227771688689 0.3937500000000081 0
1897 0.9242227771688685 0.4187500000000083 0
1898 0.4046075348982175 0.4437499999999906 0
1899 0.4154328524455226 0.4499999999999912 0
1900 0.4154328524455219 0.4624999999999911 0
1901 0.6752404735808503 0.100000000000003 0
1902 0.9242227771688727 0.3187500000000077 0
1903 0.9242227771688734 0.3062500000000076 0
1904 0.9242227771688718 0.3312500000000076 0
1905 0.2422277716886384 0.3374999999999814 0
1906 0.2422277716886377 0.3499999999999814 0
1907 0.3071796769724685 0.3999999999999836 0
1908 0.2963543594251631 0.3937499999999843 0
1909 0.7077164262227474 0.8687500000000022 0
1910 0.7185417437700531 0.8625000000000035 0
1911 0.7077164262227482 0.8562500000000024 0
1912 0.2422277716886322 0.5124999999999805 0
1913 0.4695594401820408 0.3687499999999945 0
1914 0.3288303120670727 0.2874999999999912 0
1915 0.664415156033529 0.6437499999999959 0
1916 0.6752404735808504 0.1125000000000028 0
1917 0.3937822173509039 0.3249999999999932 0
1918 0.1123239611209671 0.5124999999999739 0
1919 0.2422277716886282 0.5749999999999804 0
1920 0.9242227771688583 0.7437500000000059 0
1921 0.8809215069796534 0.06875000000000292 0
1922 0.5345113454658905 0.06875000000000164 0
1923 0.772668331506575 0.9312500000000075 0
1924 0.361306264709002 0.06874999999999498 0
1925 0.6860657911281558 0.06875000000000309 0
1926 0.9025721420742646 0.06875000000000514 0
1927 0.913397459621571 0.07500000000000534 0
1928 0.8159696016958206 0.06875000000000098 0
1929 0.8159696016957961 0.9312500000000116 0
1930 0.8267949192431021 0.925000000000012 0
1931 0.4695594401820575 0.06875000000000508 0
1932 0.8159696016957989 0.9062500000000117 0
1933 0.7185417437700543 0.8500000000000036 0
1934 0.7077164262227489 0.8437500000000028 0
1935 0.5345113454658879 0.09375000000000167 0
1936 0.2747037243305507 0.468749999999982 0
1937 0.2747037243305502 0.4812499999999823 0
1938 0.6968911086754549 0.387500000000001 0
1939 0.2422277716886382 0.1249999999999897 0
1940 0.7834936490538982 0.3875000000000033 0
1941 0.902572142074251 0.593750000000008 0
1942 0.9133974596215567 0.5875000000000088 0
1943 0.9350480947161638 0.750000000000006 0
1944 0.9350480947161639 0.7375000000000062 0
1945 0.1989265014994194 0.2874999999999795 0
1946 0.1989265014994198 0.2749999999999796 0
1947 0.588637933202405 0.262499999999999 0
1948 0.5453366630131817 0.2874999999999976 0
1949 0.4695594401820392 0.6437499999999936 0
1950 0.4587341226347341 0.6374999999999931 0
1951 0.8267949192431234 0.2750000000000057 0
1952 0.8267949192431234 0.2625000000000058 0
1953 0.7726683315065848 0.6187500000000021 0
1954 0.9025721420742631 0.1937500000000067 0
1955 0.9133974596215684 0.1875000000000068 0
1956 0.924222777168874 0.1937500000000065 0
1957 0.9242227771688738 0.1812500000000066 0
1958 0.8917468245269575 0.2000000000000067 0
1959 0.4262581699928227 0.2562499999999946 0
1960 0.4154328524455171 0.2624999999999942 0
1961 0.6319392033916178 0.5249999999999987 0
1962 0.6319392033916174 0.5374999999999984 0
1963 0.4912100752766522 0.6062499999999951 0
1964 0.9350480947161658 0.6250000000000098 0
1965 0.9350480947161662 0.6375000000000086 0
1966 0.6535898384862233 0.6499999999999955 0
1967 0.6644151560335285 0.6562499999999959 0
1968 0.6211138858443225 0.2062500000000012 0
1969 0.4262581699928277 0.4562499999999918 0
1970 0.426258169992827 0.4687499999999917 0
1971 0.4262581699928284 0.4437499999999918 0
1972 0.06902269093175217 0.3999999999999697 0
1973 0.06902269093175217 0.08749999999997832 0
1974 0.06902269093175295 0.07499999999997831 0
1975 0.07984800847905865 0.06874999999997888 0
1976 0.3721315822563083 0.06249999999999578 0
1977 0.6968911086754609 0.06250000000000322 0
1978 0.06902269093175323 0.06249999999997824 0
1979 0.4587341226347529 0.06250000000000377 0
1980 0.826794919243101 0.9375000000000133 0
1981 0.8376202367904071 0.931250000000013 0
1982 0.9133974596215703 0.06250000000000555 0
1983 0.9242227771688758 0.06875000000000486 0
1984 0.9242227771688769 0.08125000000000493 0
1985 0.1014986435736659 0.3937499999999736 0
1986 0.1014986435736664 0.3812499999999734 0
1987 0.9350480947161663 0.6125000000000099 0
1988 0.6211138858443215 0.2437500000000006 0
1989 0.2530530892359431 0.1312499999999902 0
1990 0.318004994519761 0.6687499999999847 0
1991 0.8700961894323511 0.08750000000000652 0
1992 0.8051442841484988 0.7000000000000048 0
1993 0.8051442841484986 0.7125000000000049 0
1994 0.815969601695804 0.7187500000000047 0
1995 0.8051442841484986 0.7250000000000049 0
1996 0.8159696016958043 0.7312500000000046 0
1997 0.805144284148499 0.7375000000000048 0
1998 0.8159696016958046 0.7437500000000046 0
1999 0.7943189666011918 0.7312500000000047 0
2000 0.9133974596215532 0.7750000000000058 0
2001 0.9242227771688587 0.7812500000000058 0
2002 0.9133974596215532 0.7875000000000058 0
2003 0.9242227771688586 0.7937500000000057 0
2004 0.9350480947161641 0.7875000000000059 0
2005 0.9350480947161639 0.8000000000000058 0
2006 0.9242227771688586 0.8062500000000057 0
2007 0.9350480947161638 0.8125000000000058 0
2008 0.8592708718850391 0.3562500000000058 0
2009 0.7834936490538886 0.6500000000000037 0
2010 0.07984800847904872 0.5437499999999728 0
2011 0.3288303120670777 0.4749999999999864 0
2012 0.8051442841485161 0.1000000000000013 0
2013 0.8267949192431266 0.1500000000000045 0
2014 0.7943189666012112 0.1062500000000017 0
2015 0.5669872981077745 0.8874999999999973 0
2016 0.5561619805604688 0.8937499999999972 0
2017 0.5669872981077738 0.8999999999999974 0
2018 0.5561619805604683 0.9062499999999969 0
2019 0.5669872981077733 0.9124999999999974 0
2020 0.5561619805604673 0.9187499999999966 0
2021 0.5453366630131623 0.9124999999999961 0
2022 0.5669872981077724 0.9249999999999973 0
2023 0.5453366630131614 0.9249999999999958 0
2024 0.5345113454658563 0.9187499999999951 0
2025 0.5345113454658555 0.931249999999995 0
2026 0.5236860279185505 0.9249999999999944 0
2027 0.5236860279185497 0.9374999999999942 0
2028 0.5128607103712445 0.9312499999999936 0
2029 0.2638784067832355 0.6374999999999817 0
2030 0.2530530892359305 0.6312499999999812 0
2031 0.2530530892359297 0.6437499999999811 0
2032 0.2422277716886246 0.6374999999999805 0
2033 0.2422277716886239 0.6499999999999804 0
2034 0.2314024541413188 0.6437499999999798 0
2035 0.231402454141318 0.6562499999999798 0
2036 0.2422277716886231 0.6624999999999803 0
2037 0.2314024541413173 0.6687499999999797 0
2038 0.2422277716886224 0.6749999999999803 0
2039 0.2314024541413167 0.6812499999999797 0
2040 0.2422277716886218 0.6874999999999803 0
2041 0.2314024541413159 0.6937499999999797 0
2042 0.242227771688621 0.6999999999999803 0
2043 0.2314024541413153 0.7062499999999796 0
2044 0.2422277716886203 0.7124999999999803 0
2045 0.2530530892359261 0.7062499999999809 0
2046 0.2530530892359253 0.7187499999999809 0
2047 0.2638784067832312 0.7124999999999815 0
2048 0.2638784067832305 0.7249999999999814 0
2049 0.2747037243305362 0.718749999999982 0
2050 0.2747037243305357 0.731249999999982 0
2051 0.2855290418778414 0.7249999999999825 0
2052 0.2855290418778409 0.7374999999999825 0
2053 0.2963543594251466 0.731249999999983 0
2054 0.296354359425146 0.7437499999999829 0
2055 0.3071796769724517 0.7374999999999834 0
2056 0.3071796769724512 0.7499999999999836 0
2057 0.3180049945197569 0.7437499999999839 0
2058 0.2963543594251458 0.7562499999999832 0
2059 0.2422277716886198 0.7249999999999803 0
2060 0.3180049945197563 0.756249999999984 0
2061 0.328830312067062 0.7499999999999845 0
2062 0.3288303120670615 0.7624999999999844 0
2063 0.3396556296143672 0.7562499999999849 0
2064 0.3396556296143667 0.7687499999999848 0
2065 0.3504809471616724 0.7624999999999853 0
2066 0.350480947161673 0.7499999999999853 0
2067 0.3613062647089781 0.7562499999999858 0
2068 0.3613062647089773 0.7687499999999862 0
2069 0.3721315822562833 0.7624999999999862 0
2070 0.3721315822562825 0.7749999999999867 0
2071 0.3829568998035884 0.7687499999999867 0
2072 0.3829568998035878 0.7812499999999867 0
2073 0.3937822173508935 0.7749999999999873 0
2074 0.393782217350893 0.7874999999999872 0
2075 0.4046075348981987 0.7812499999999878 0
2076 0.4046075348981981 0.7937499999999876 0
2077 0.4154328524455038 0.787499999999988 0
2078 0.2314024541413196 0.6312499999999799 0
2079 0.3613062647089788 0.7437499999999857 0
2080 0.4154328524455045 0.7749999999999884 0
2081 0.4262581699928096 0.7812499999999887 0
2082 0.426258169992809 0.7937499999999884 0
2083 0.4370834875401148 0.787499999999989 0
2084 0.4370834875401143 0.7999999999999889 0
2085 0.4479088050874199 0.7937499999999894 0
2086 0.2747037243305367 0.7062499999999822 0
2087 0.2205771365940138 0.637499999999979 0
2088 0.2205771365940115 0.6749999999999791 0
2089 0.3721315822562816 0.7874999999999877 0
2090 0.4479088050874194 0.8062499999999894 0
2091 0.4587341226347251 0.7999999999999898 0
2092 0.26387840678323 0.7374999999999816 0
2093 0.3180049945197562 0.7687499999999843 0
2094 0.5778126156550782 0.9187499999999977 0
2095 0.5778126156550776 0.9312499999999978 0
2096 0.5886379332023834 0.9249999999999982 0
2097 0.588637933202383 0.9374999999999983 0
2098 0.5994632507496888 0.9312499999999988 0
2099 0.8809215069796446 0.4937500000000077 0
2100 0.7618430139592893 0.3500000000000031 0
2101 0.1339745962155657 0.7374999999999738 0
2102 0.1231492786682824 0.2312499999999763 0
2103 0.133974596215588 0.2249999999999764 0
2104 0.1231492786682826 0.2187499999999761 0
2105 0.7401923788646829 0.1750000000000032 0
2106 0.307179676972448 0.8124999999999846 0
2107 0.7726683315065901 0.4687500000000033 0
2108 0.8809215069796511 0.2687500000000065 0
2109 0.6211138858443155 0.4187499999999985 0
2110 0.6211138858443159 0.4062499999999986 0
2111 0.6102885682970103 0.4124999999999981 0
2112 0.1339745962155842 0.3374999999999769 0
2113 0.9350480947161679 0.8750000000000009 0
2114 0.1664505488574954 0.4812499999999769 0
2115 0.15562523131019 0.4874999999999763 0
2116 0.263878406783226 0.8124999999999817 0
2117 0.512860710371256 0.7312499999999937 0
2118 0.2422277716886372 0.1374999999999896 0
2119 0.2530530892359422 0.1437499999999903 0
2120 0.1339745962155696 0.687499999999974 0
2121 0.3180049945197632 0.6312499999999848 0
2122 0.07984800847904816 0.5562499999999726 0
2123 0.06902269093174307 0.5499999999999723 0
2124 0.06902269093174235 0.562499999999972 0
2125 0.707716426222751 0.78125 0
2126 0.6644151560335321 0.7562499999999976 0
2127 0.2963543594251585 0.2812499999999889 0
2128 0.2963543594251602 0.2187499999999906 0
2129 0.7293670613173737 0.3187500000000034 0
2130 0.6644151560335365 0.4437499999999998 0
2131 0.4912100752766529 0.5937499999999951 0
2132 0.1664505488574825 0.718749999999976 0
2133 0.566987298107801 0.1250000000000051 0
2134 0.8159696016958073 0.8062499999999994 0
2135 0.53451134546586 0.8312499999999965 0
2136 0.5453366630131656 0.824999999999997 0
2137 0.5345113454658604 0.8187499999999965 0
2138 0.545336663013166 0.812499999999997 0
2139 0.5345113454658608 0.8062499999999967 0
2140 0.5453366630131663 0.7999999999999972 0
2141 0.5561619805604716 0.8062499999999974 0
2142 0.5561619805604719 0.7937499999999974 0
2143 0.5669872981077773 0.7999999999999977 0
2144 0.5669872981077778 0.7874999999999979 0
2145 0.577812615655083 0.7937499999999982 0
2146 0.5778126156550835 0.7812499999999983 0
2147 0.5886379332023887 0.7874999999999988 0
2148 0.5561619805604721 0.7812499999999977 0
2149 0.5886379332023893 0.7749999999999989 0
2150 0.5994632507496941 0.7812499999999999 0
2151 0.5994632507496939 0.7937499999999993 0
2152 0.6102885682969994 0.7875000000000009 0
2153 0.5345113454658608 0.793749999999997 0
2154 0.5236860279185555 0.7999999999999967 0
2155 0.06902269093175123 0.09999999999997833 0
2156 0.8809215069796391 0.6062500000000074 0
2157 0.4370834875401272 0.2874999999999948 0
2158 0.6319392033916187 0.5124999999999983 0
2159 0.8267949192431112 0.6375000000000055 0
2160 0.3288303120670628 0.7374999999999844 0
2161 0.4803847577293555 0.1624999999999999 0
2162 0.188101183952089 0.8062499999999766 0
2163 0.6427645209389313 0.2937499999999994 0
2164 0.4803847577293501 0.249999999999996 0
2165 0.5778126156550838 0.7687499999999985 0
2166 0.6644151560335314 0.7187499999999969 0
2167 0.5561619805604787 0.7062499999999948 0
2168 0.2422277716886362 0.1499999999999895 0
2169 0.3829568998036039 0.4937499999999893 0
2170 0.7943189666012027 0.4187500000000041 0
2171 0.805144284148509 0.4250000000000043 0
2172 0.57781261565509 0.656249999999996 0
2173 0.696891108675454 0.4125000000000009 0
2174 0.3613062647089738 0.8312499999999882 0
2175 0.9025721420742516 0.581250000000008 0
2176 0.9133974596215575 0.5750000000000087 0
2177 0.8159696016958157 0.406250000000005 0
2178 0.1989265014994143 0.4249999999999786 0
2179 0.2097518190467161 0.5062499999999789 0
2180 0.5778126156550918 0.568749999999995 0
2181 0.3937822173509123 0.43749999999999 0
2182 0.4154328524455166 0.2749999999999941 0
2183 0.4046075348982114 0.2687499999999937 0
2184 0.1881011839521141 0.06874999999998693 0
2185 0.177275866404809 0.06249999999998596 0
2186 0.5345113454658815 0.1812500000000031 0
2187 0.4154328524455146 0.3749999999999923 0
2188 0.7401923788646824 0.2250000000000033 0
2189 0.1447999137628923 0.2562499999999768 0
2190 0.1556252313101981 0.2499999999999775 0
2191 0.7510176964119754 0.8062499999999992 0
2192 0.6752404735808505 0.07500000000000318 0
2193 0.6752404735808502 0.06250000000000333 0
2194 0.6644151560335448 0.06875000000000331 0
2195 0.7293670613173716 0.3812500000000021 0
2196 0.7401923788646727 0.5000000000000023 0
2197 0.1339745962155738 0.5999999999999728 0
2198 0.6535898384862386 0.2375000000000013 0
2199 0.2205771365940147 0.624999999999979 0
2200 0.1664505488574948 0.4937499999999769 0
2201 0.6535898384862349 0.3374999999999996 0
2202 0.7401923788646743 0.4500000000000023 0
2203 0.8917468245269533 0.4000000000000075 0
2204 0.1123239611209682 0.4374999999999746 0
2205 0.8267949192431129 0.5875000000000048 0
2206 0.7834936490539035 0.2125000000000042 0
2207 0.4803847577293451 0.4999999999999941 0
2208 0.4803847577293442 0.5124999999999941 0
2209 0.4695594401820396 0.5062499999999938 0
2210 0.4154328524455225 0.162499999999996 0
2211 0.4046075348982179 0.1562499999999953 0
2212 0.7726683315065879 0.5187500000000026 0
2213 0.188101183952114 0.2812499999999792 0
2214 0.296354359425147 0.7187499999999831 0
2215 0.2205771365940101 0.6999999999999791 0
2216 0.7834936490538974 0.4125000000000033 0
2217 0.4479088050874326 0.2937499999999949 0
2218 0.2855290418778521 0.5499999999999832 0
2219 0.7943189666011949 0.8312500000000045 0
2220 0.3937822173508976 0.6999999999999884 0
2221 0.4046075348982047 0.6687499999999893 0
2222 0.1556252313101892 0.4999999999999762 0
2223 0.8592708718850295 0.8312499999999989 0
2224 0.837620236790417 0.8562500000000036 0
2225 0.5236860279185555 0.7874999999999968 0
2226 0.8159696016958174 0.3187500000000052 0
2227 0.5778126156550824 0.8062499999999981 0
2228 0.4370834875401283 0.249999999999995 0
2229 0.6968911086754611 0.2125000000000024 0
2230 0.1772758664048056 0.1124999999999851 0
2231 0.8051442841484905 0.93750000000001 0
2232 0.382956899803589 0.7562499999999869 0
2233 0.5236860279185677 0.3999999999999954 0
2234 0.5128607103712645 0.3062499999999969 0
2235 0.5020353928239586 0.3124999999999963 0
2236 0.6860657911281518 0.318750000000001 0
2237 0.4046075348982148 0.206249999999995 0
2238 0.1989265014993958 0.7749999999999777 0
2239 0.5453366630131744 0.6624999999999951 0
2240 0.9133974596215539 0.6375000000000076 0
2241 0.7293670613173593 0.8562500000000047 0
2242 0.8051442841485147 0.06250000000000155 0
2243 0.8376202367904084 0.9187500000000134 0
2244 0.8484455543377132 0.9250000000000138 0
2245 0.2205771365940095 0.712499999999979 0
2246 0.2314024541413318 0.3562499999999807 0
2247 0.2422277716886369 0.3624999999999814 0
2248 0.2530530892359428 0.356249999999982 0
2249 0.5236860279185835 0.08750000000000058 0
2250 0.5236860279185817 0.1000000000000005 0
2251 0.4370834875401178 0.7249999999999911 0
2252 0.2314024541413329 0.1312499999999889 0
2253 0.7401923788646709 0.5500000000000022 0
2254 0.7293670613173656 0.5437500000000018 0
2255 0.7293670613173653 0.5562500000000018 0
2256 0.924222777168863 0.5812500000000094 0
2257 0.9242227771688635 0.5687500000000095 0
2258 0.9133974596215585 0.5625000000000089 0
2259 0.9242227771688645 0.5562500000000097 0
2260 0.9350480947161699 0.5625000000000098 0
2261 0.9350480947161703 0.5500000000000104 0
2262 0.9242227771688651 0.5437500000000098 0
2263 0.9350480947161709 0.5375000000000104 0
2264 0.9242227771688656 0.5312500000000099 0
2265 0.9350480947161712 0.5250000000000103 0
2266 0.9242227771688657 0.51875000000001 0
2267 0.9350480947161715 0.5125000000000103 0
2268 0.924222777168866 0.5062500000000101 0
2269 0.9350480947161717 0.5000000000000103 0
2270 0.4803847577293306 0.8874999999999942 0
2271 0.7834936490539062 0.1750000000000037 0
2272 0.8700961894323312 0.7500000000000062 0
2273 0.6102885682969988 0.8 0
2274 0.6211138858443048 0.7937500000000011 0
2275 0.1556252313101731 0.7874999999999746 0
2276 0.155625231310172 0.7999999999999743 0
2277 0.1447999137628674 0.7937499999999736 0
2278 0.1447999137628663 0.8062499999999734 0
2279 0.1339745962155613 0.7999999999999724 0
2280 0.1339745962155601 0.8124999999999722 0
2281 0.1231492786682551 0.806249999999971 0
2282 0.1231492786682539 0.818749999999971 0
2283 0.1339745962155587 0.8249999999999723 0
2284 0.1231492786682524 0.831249999999971 0
2285 0.1339745962155572 0.8374999999999722 0
2286 0.123149278668251 0.8437499999999709 0
2287 0.1339745962155558 0.849999999999972 0
2288 0.1231492786682495 0.8562499999999709 0
2289 0.1339745962155546 0.8624999999999716 0
2290 0.1231492786682481 0.8687499999999708 0
2291 0.1339745962155532 0.8749999999999715 0
2292 0.1231492786682468 0.881249999999971 0
2293 0.1339745962155514 0.8874999999999726 0
2294 0.1447999137628579 0.8812499999999728 0
2295 0.1447999137628561 0.8937499999999736 0
2296 0.1556252313101626 0.8874999999999741 0
2297 0.1123239611209477 0.8249999999999695 0
2298 0.112323961120942 0.8749999999999697 0
2299 0.1123239611209406 0.88749999999997 0
2300 0.155625231310161 0.8999999999999744 0
2301 0.1664505488574675 0.8937499999999752 0
2302 0.1014986435736357 0.8812499999999681 0
2303 0.1014986435736344 0.8937499999999685 0
2304 0.1447999137628548 0.9062499999999731 0
2305 0.1664505488574659 0.9062499999999755 0
2306 0.1772758664047721 0.8999999999999766 0
2307 0.1772758664047707 0.9124999999999766 0
2308 0.1881011839520767 0.9062499999999778 0
2309 0.09067332602632988 0.887499999999967 0
2310 0.09067332602632849 0.8999999999999672 0
2311 0.1881011839520783 0.8937499999999778 0
2312 0.1989265014993828 0.8999999999999792 0
2313 0.1989265014993811 0.912499999999979 0
2314 0.2097518190466875 0.9062499999999805 0
2315 0.09067332602633155 0.8749999999999671 0
2316 0.2097518190466858 0.9187499999999804 0
2317 0.2205771365939921 0.9124999999999817 0
2318 0.1989265014993843 0.8874999999999793 0
2319 0.07984800847902379 0.8937499999999657 0
2320 0.07984800847902224 0.9062499999999657 0
2321 0.09067332602632705 0.9124999999999672 0
2322 0.07984800847902096 0.9187499999999658 0
2323 0.144799913762863 0.8437499999999728 0
2324 0.1231492786682568 0.7937499999999711 0
2325 0.2205771365939906 0.9249999999999816 0
2326 0.2314024541412969 0.9187499999999829 0
2327 0.09067332602632605 0.924999999999967 0
2328 0.2314024541412981 0.9062499999999829 0
2329 0.2422277716886027 0.9124999999999842 0
2330 0.2422277716886027 0.9249999999999841 0
2331 0.2530530892359081 0.9187499999999844 0
2332 0.253053089235908 0.9062499999999867 0
2333 0.2638784067832142 0.912499999999986 0
2334 0.2638784067832133 0.9249999999999849 0
2335 0.2747037243305189 0.9187499999999853 0
2336 0.2747037243305209 0.9062499999999859 0
2337 0.2855290418778249 0.9124999999999858 0
2338 0.2855290418778241 0.9249999999999855 0
2339 0.2963543594251298 0.918749999999986 0
2340 0.2097518190466842 0.9312499999999805 0
2341 0.07984800847902018 0.931249999999966 0
2342 0.06902269093171792 0.8999999999999642 0
2343 0.2963543594251293 0.9312499999999859 0
2344 0.307179676972435 0.9249999999999863 0
2345 0.2963543594251304 0.906249999999986 0
2346 0.09067332602632505 0.937499999999967 0
2347 0.2205771365939897 0.9374999999999816 0
2348 0.0690226909317152 0.924999999999965 0
2349 0.0690226909317142 0.9374999999999651 0
2350 0.1664505488574648 0.9187499999999754 0
2351 0.1123239611209506 0.7999999999999698 0
2352 0.1123239611209518 0.7874999999999698 0
2353 0.1014986435736458 0.7937499999999684 0
2354 0.1014986435736469 0.7812499999999684 0
2355 0.09067332602634121 0.787499999999967 0
2356 0.0906733260263427 0.7749999999999669 0
2357 0.07984800847903673 0.7812499999999655 0
2358 0.0798480084790385 0.7687499999999656 0
2359 0.0798480084790345 0.7937499999999651 0
2360 0.06902269093173047 0.7874999999999637 0
2361 0.06902269093172825 0.7999999999999634 0
2362 0.1881011839520798 0.8812499999999777 0
2363 0.1989265014993861 0.8749999999999796 0
2364 0.1881011839520815 0.8687499999999777 0
2365 0.06902269093171909 0.8874999999999644 0
2366 0.2855290418778237 0.9374999999999853 0
2367 0.1014986435736309 0.9312499999999679 0
2368 0.3180049945197497 0.8562499999999854 0
2369 0.8484455543377271 0.5000000000000061 0
2370 0.07984800847905082 0.4937499999999733 0
2371 0.6102885682970144 0.312499999999998 0
2372 0.5669872981077929 0.2749999999999986 0
2373 0.5669872981077915 0.3374999999999965 0
2374 0.4803847577293443 0.6499999999999942 0
2375 0.4912100752766501 0.6437499999999949 0
2376 0.4695594401820539 0.09375000000000416 0
2377 0.07984800847905404 0.4437499999999729 0
2378 0.393782217350887 0.88749999999999 0
2379 0.3829568998035813 0.8937499999999895 0
2380 0.3937822173508869 0.8999999999999897 0
2381 0.3829568998035812 0.9062499999999896 0
2382 0.3937822173508868 0.9124999999999898 0
2383 0.3829568998035809 0.9187499999999895 0
2384 0.3937822173508862 0.9249999999999898 0
2385 0.4046075348981921 0.9187499999999901 0
2386 0.3721315822562755 0.9124999999999893 0
2387 0.3721315822562752 0.9249999999999892 0
2388 0.4046075348981915 0.9312499999999901 0
2389 0.415432852445497 0.9249999999999906 0
2390 0.4154328524454968 0.9374999999999903 0
2391 0.4262581699928023 0.931249999999991 0
2392 0.3613062647089692 0.9187499999999886 0
2393 0.3613062647089688 0.9312499999999889 0
2394 0.2314024541413083 0.8312499999999796 0
2395 0.2314024541413312 0.3687499999999805 0
2396 0.2530530892359412 0.1562499999999902 0
2397 0.4262581699928083 0.8062499999999888 0
2398 0.7401923788646805 0.287500000000004 0
2399 0.5778126156550929 0.5187499999999962 0
2400 0.5778126156550931 0.5062499999999962 0
2401 0.6211138858443039 0.8062500000000006 0
2402 0.6319392033916098 0.8000000000000013 0
2403 0.6319392033916089 0.8125000000000012 0
2404 0.6427645209389148 0.8062500000000019 0
2405 0.6427645209389226 0.5437499999999988 0
2406 0.6319392033916171 0.5499999999999975 0
2407 0.2205771365940307 0.2749999999999805 0
2408 0.6427645209389139 0.818750000000002 0
2409 0.6535898384862198 0.8125000000000028 0
2410 0.51286071037125 0.7937499999999967 0
2411 0.772668331506599 0.0687500000000022 0
2412 0.4370834875401364 0.1125000000000012 0
2413 0.4479088050874415 0.1187500000000021 0
2414 0.09067332602636369 0.3124999999999745 0
2415 0.0798480084790586 0.3062499999999739 0
2416 0.07984800847905793 0.3187499999999739 0
2417 0.06902269093175284 0.3124999999999731 0
2418 0.06902269093175195 0.324999999999973 0
2419 0.06902269093175339 0.2999999999999733 0
2420 0.07984800847905688 0.331249999999974 0
2421 0.06902269093175073 0.337499999999973 0
2422 0.7185417437700601 0.5500000000000015 0
2423 0.4695594401820387 0.5187499999999937 0
2424 0.4587341226347333 0.5124999999999935 0
2425 0.4803847577293438 0.524999999999994 0
2426 0.5453366630131756 0.5999999999999954 0
2427 0.6319392033916135 0.6249999999999946 0
2428 0.631939203391614 0.6124999999999946 0
2429 0.6319392033916129 0.6374999999999945 0
2430 0.5453366630131867 0.1875000000000037 0
2431 0.5345113454658809 0.193750000000003 0
2432 0.0906733260263437 0.7624999999999673 0
2433 0.07984800847903994 0.7562499999999657 0
2434 0.06902269093173413 0.7624999999999638 0
2435 0.06902269093173674 0.7499999999999648 0
2436 0.07984800847904217 0.7437499999999659 0
2437 0.06902269093173652 0.7374999999999674 0
2438 0.07984800847904461 0.7312499999999664 0
2439 0.06902269093173791 0.7249999999999668 0
2440 0.07984800847904733 0.7187499999999661 0
2441 0.06902269093174307 0.7124999999999642 0
2442 0.07984800847905016 0.7062499999999656 0
2443 0.06902269093174579 0.6999999999999638 0
2444 0.07984800847905288 0.6937499999999657 0
2445 0.06902269093174784 0.6874999999999639 0
2446 0.0798480084790551 0.6812499999999657 0
2447 0.06902269093174851 0.6749999999999637 0
2448 0.07984800847905649 0.6687499999999658 0
2449 0.06902269093175034 0.6624999999999637 0
2450 0.07984800847905871 0.6562499999999658 0
2451 0.06902269093175217 0.6499999999999639 0
2452 0.07984800847906048 0.6437499999999658 0
2453 0.06902269093175395 0.6374999999999642 0
2454 0.07984800847906259 0.6312499999999657 0
2455 0.06902269093175806 0.624999999999965 0
2456 0.9350480947161741 0.4125000000000086 0
2457 0.9350480947161739 0.4250000000000086 0
2458 0.4912100752766556 0.2437499999999962 0
2459 0.7077164262227493 0.743749999999997 0
2460 0.5994632507497115 0.2187500000000007 0
2461 0.5994632507497158 0.1562500000000073 0
2462 0.6102885682970216 0.150000000000008 0
2463 0.7726683315065859 0.7812499999999996 0
2464 0.4587341226347353 0.3999999999999941 0
2465 0.6644151560335447 0.106250000000003 0
2466 0.6644151560335448 0.1187500000000028 0
2467 0.4046075348982182 0.4312499999999906 0
2468 0.935048094716178 0.3250000000000079 0
2469 0.9350480947161769 0.3375000000000082 0
2470 0.9350480947161791 0.1875000000000063 0
2471 0.9350480947161788 0.1750000000000064 0
2472 0.07984800847906443 0.618749999999966 0
2473 0.1664505488574956 0.1812499999999845 0
2474 0.3071796769724646 0.3874999999999864 0
2475 0.296354359425155 0.3312499999999901 0
2476 0.2963543594251545 0.3437499999999901 0
2477 0.9350480947161821 0.0750000000000039 0
2478 0.935048094716183 0.08750000000000402 0
2479 0.9350480947161806 0.06250000000000377 0
2480 0.06902269093175728 0.6124999999999674 0
2481 0.8484455543377122 0.9375000000000135 0
2482 0.8592708718850179 0.9312500000000143 0
2483 0.3937822173508861 0.9374999999999893 0
2484 0.3071796769724345 0.9374999999999862 0
2485 0.5453366630131962 0.06250000000000244 0
2486 0.5453366630131602 0.9374999999999959 0
2487 0.2097518190466831 0.9437499999999804 0
2488 0.8592708718850176 0.9437500000000141 0
2489 0.8700961894323231 0.9375000000000145 0
2490 0.577812615655077 0.9437499999999979 0
2491 0.9025721420742638 0.0562500000000048 0
2492 0.664415156033545 0.05625000000000335 0
2493 0.6535898384862394 0.06250000000000322 0
2494 0.05819737338444425 0.6312499999999671 0
2495 0.05819737338444786 0.3062499999999725 0
2496 0.05819737338444825 0.2937499999999728 0
2497 0.05819737338444786 0.06874999999997788 0
2498 0.05819737338442832 0.7187499999999689 0
2499 0.05819737338442654 0.7562499999999663 0
2500 0.0581973733844241 0.793749999999962 0
2501 0.05819737338442221 0.8062499999999622 0
2502 0.06902269093172653 0.8124999999999631 0
2503 0.05819737338442055 0.818749999999962 0
2504 0.06902269093172531 0.8249999999999629 0
2505 0.05819737338441899 0.8312499999999621 0
2506 0.05819737338444625 0.09374999999997746 0
2507 0.05819737338444531 0.1062499999999775 0
2508 0.05819737338444597 0.3312499999999719 0
2509 0.05819737338444469 0.343749999999972 0
2510 0.05819737338444098 0.6562499999999648 0
2511 0.05819737338443642 0.6812499999999659 0
2512 0.05819737338441333 0.893749999999963 0
2513 0.05819737338441466 0.881249999999963 0
2514 0.05819737338440928 0.9312499999999642 0
2515 0.188101183952115 0.05624999999998659 0
2516 0.3613062647090027 0.05624999999999486 0
2517 0.07984800847905882 0.05624999999997871 0
2518 0.8159696016958198 0.05625000000000091 0
2519 0.8267949192431254 0.06250000000000033 0
2520 0.5345113454658911 0.05625000000000185 0
2521 0.5236860279185855 0.06250000000000155 0
2522 0.05819737338440822 0.9437499999999642 0
2523 0.05819737338444808 0.05624999999997793 0
2524 0.1014986435736302 0.9437499999999677 0
2525 0.1123239611209359 0.9374999999999684 0
2526 0.4262581699928017 0.9437499999999905 0
2527 0.4370834875401075 0.937499999999991 0
2528 0.437083487540108 0.9249999999999913 0
2529 0.4479088050874133 0.9312499999999917 0
2530 0.469559440182059 0.05625000000000491 0
2531 0.5128607103712439 0.9437499999999936 0
2532 0.5020353928239389 0.9374999999999931 0
2533 0.5994632507496884 0.9437499999999985 0
2534 0.610288568296994 0.937499999999999 0
2535 0.4479088050874125 0.9437499999999913 0
2536 0.05819737338443731 0.5562499999999716 0
2537 0.05819737338443659 0.5687499999999717 0
2538 0.05819737338443842 0.5437499999999719 0
2539 0.8592708718850184 0.9187500000000148 0
2540 0.6535898384862207 0.8000000000000028 0
2541 0.6644151560335256 0.8062500000000035 0
2542 0.664415156033525 0.8187500000000034 0
2543 0.6752404735808306 0.8125000000000041 0
2544 0.6319392033916102 0.7875000000000025 0
2545 0.9458734122634715 0.6187500000000107 0
2546 0.9458734122634729 0.6062500000000107 0
2547 0.9458734122634695 0.7437500000000065 0
2548 0.9458734122634694 0.7312500000000064 0
2549 0.599463250749694 0.7687500000000003 0
2550 0.7185417437700556 0.8375000000000038 0
2551 0.4587341226347246 0.8124999999999898 0
2552 0.761843013959275 0.6875000000000018 0
2553 0.1989265014993881 0.8624999999999796 0
2554 0.2097518190466925 0.8687499999999819 0
2555 0.188101183952084 0.8562499999999778 0
2556 0.9133974596215679 0.3000000000000074 0
2557 0.9242227771688736 0.2937500000000077 0
2558 0.9350480947161789 0.3000000000000078 0
2559 0.9350480947161792 0.2875000000000078 0
2560 0.8159696016958045 0.6812500000000052 0
2561 0.6535898384862228 0.6624999999999954 0
2562 0.664415156033528 0.6687499999999958 0
2563 0.9242227771688664 0.4937500000000101 0
2564 0.9350480947161719 0.4875000000000103 0
2565 0.8267949192431097 0.7250000000000045 0
2566 0.4370834875401268 0.2999999999999946 0
2567 0.4479088050874325 0.3062499999999949 0
2568 0.9458734122634694 0.7937500000000061 0
2569 0.8917468245269564 0.3125000000000069 0
2570 0.2314024541413205 0.6187499999999799 0
2571 0.2314024541413295 0.4562499999999801 0
2572 0.4046075348982109 0.2812499999999937 0
2573 0.3937822173509057 0.2749999999999932 0
2574 0.1014986435736664 0.1187499999999804 0
2575 0.09067332602636052 0.1249999999999799 0
2576 0.1664505488575032 0.0687499999999851 0
2577 0.1664505488575042 0.05624999999998492 0
2578 0.5128607103712637 0.3187499999999969 0
2579 0.5020353928239578 0.3249999999999961 0
2580 0.924222777168868 0.4312500000000083 0
2581 0.9350480947161735 0.4375000000000088 0
2582 0.4587341226347334 0.649999999999993 0
2583 0.4479088050874283 0.6437499999999924 0
2584 0.9025721420742632 0.1812500000000075 0
2585 0.6102885682970107 0.3999999999999982 0
2586 0.5994632507497051 0.4062499999999978 0
2587 0.5994632507497046 0.4187499999999977 0
2588 0.5886379332023993 0.4124999999999974 0
2589 0.5886379332023989 0.4249999999999974 0
2590 0.5778126156550937 0.418749999999997 0
2591 0.5778126156550932 0.431249999999997 0
2592 0.566987298107788 0.4249999999999966 0
2593 0.5669872981077876 0.4374999999999966 0
2594 0.5778126156550928 0.4437499999999969 0
2595 0.6211138858443164 0.3937499999999986 0
2596 0.5669872981077871 0.4499999999999965 0
2597 0.5778126156550923 0.4562499999999969 0
2598 0.7185417437700604 0.5375000000000015 0
2599 0.8159696016958178 0.2687500000000057 0
2600 0.8159696016958179 0.2562500000000058 0
2601 0.4370834875401152 0.7749999999999893 0
2602 0.5236860279185513 0.9124999999999946 0
2603 0.7185417437700626 0.4750000000000016 0
2604 0.253053089235942 0.368749999999982 0
2605 0.2097518190467089 0.6312499999999782 0
2606 0.2097518190467098 0.6187499999999784 0
2607 0.7834936490538918 0.5750000000000035 0
2608 0.7077164262227666 0.06875000000000264 0
2609 0.7077164262227666 0.05625000000000285 0
2610 0.1123239611209716 0.387499999999974 0
2611 0.2097518190467044 0.7062499999999785 0
2612 0.2097518190467039 0.7187499999999785 0
2613 0.3937822173509062 0.2624999999999933 0
2614 0.3829568998036005 0.2687499999999928 0
2615 0.3829568998036001 0.2812499999999928 0
2616 0.3721315822562948 0.2749999999999924 0
2617 0.859270871885043 0.1687500000000061 0
2618 0.4479088050874137 0.9187499999999915 0
2619 0.4154328524455175 0.2499999999999944 0
2620 0.5561619805604824 0.4312499999999961 0
2621 0.4912100752766528 0.3187499999999955 0
2622 0.458734122634719 0.9249999999999922 0
2623 0.6752404735808379 0.5749999999999967 0
2624 0.6644151560335322 0.5812499999999962 0
2625 0.4587341226347256 0.7874999999999899 0
2626 0.5669872981077866 0.4624999999999965 0
2627 0.5561619805604814 0.4562499999999961 0
2628 0.6319392033916262 0.2874999999999989 0
2629 0.6427645209389321 0.2812499999999996 0
2630 0.6211138858443123 0.531249999999998 0
2631 0.6211138858443084 0.618749999999994 0
2632 0.6211138858443089 0.6062499999999941 0
2633 0.9242227771688736 0.1687500000000066 0
2634 0.9350480947161789 0.1625000000000064 0
2635 0.4803847577293501 0.2374999999999961 0
2636 0.5453366630131861 0.2000000000000035 0
2637 0.5345113454658804 0.206250000000003 0
2638 0.4695594401820303 0.8062499999999903 0
2639 0.4803847577293626 0.07500000000000639 0
2640 0.945873412263483 0.3312500000000085 0
2641 0.9458734122634822 0.3437500000000087 0
2642 0.9350480947161754 0.3500000000000089 0
2643 0.945873412263481 0.3562500000000094 0
2644 0.4695594401820382 0.5312499999999937 0
2645 0.4803847577293435 0.537499999999994 0
2646 0.8051442841484993 0.7500000000000048 0
2647 0.8159696016958047 0.7562500000000045 0
2648 0.4587341226347361 0.4999999999999941 0
2649 0.4479088050874287 0.506249999999994 0
2650 0.4479088050874277 0.5187499999999934 0
2651 0.4370834875401224 0.5124999999999932 0
2652 0.9458734122634844 0.2937500000000081 0
2653 0.9458734122634848 0.2812500000000083 0
2654 0.9242227771688584 0.8187500000000054 0
2655 0.9350480947161638 0.8250000000000056 0
2656 0.9133974596215531 0.8125000000000056 0
2657 0.9458734122634692 0.8187500000000059 0
2658 0.9458734122634692 0.8312500000000059 0
2659 0.6102885682970205 0.1625000000000076 0
2660 0.6211138858443267 0.1562500000000088 0
2661 0.6211138858443274 0.1437500000000087 0
2662 0.6319392033916327 0.1500000000000096 0
2663 0.6319392033916318 0.1625000000000097 0
2664 0.6427645209389377 0.1562500000000103 0
2665 0.09067332602635209 0.7249999999999678 0
2666 0.9458734122634773 0.5437500000000113 0
2667 0.4370834875401328 0.4624999999999924 0
2668 0.7401923788646623 0.7124999999999997 0
2669 0.7510176964119673 0.7187500000000007 0
2670 0.9458734122634769 0.5187500000000104 0
2671 0.9458734122634771 0.4937500000000103 0
2672 0.9458734122634775 0.4812500000000101 0
2673 0.6535898384862394 0.1125000000000032 0
2674 0.9458734122634794 0.4187500000000091 0
2675 0.9458734122634799 0.4062500000000087 0
2676 0.09067332602635808 0.6999999999999673 0
2677 0.1339745962155883 0.2124999999999761 0
2678 0.1231492786682831 0.2062499999999758 0
2679 0.1123239611209772 0.2124999999999755 0
2680 0.1123239611209779 0.1999999999999755 0
2681 0.1014986435736719 0.2062499999999752 0
2682 0.1014986435736724 0.1937499999999752 0
2683 0.09067332602636674 0.1999999999999749 0
2684 0.09067332602636724 0.1874999999999749 0
2685 0.07984800847906137 0.1937499999999744 0
2686 0.07984800847906176 0.1812499999999747 0
2687 0.07984800847906076 0.2062499999999743 0
2688 0.0690226909317555 0.199999999999974 0
2689 0.06902269093175484 0.2124999999999738 0
2690 0.09067332602636763 0.1749999999999749 0
2691 0.07984800847906232 0.1687499999999745 0
2692 0.06902269093175656 0.1749999999999743 0
2693 0.06902269093175717 0.1624999999999741 0
2694 0.05819737338444975 0.2062499999999735 0
2695 0.05819737338444941 0.2187499999999735 0
2696 0.05819737338445141 0.1687499999999738 0
2697 0.05819737338445119 0.1562499999999739 0
2698 0.1447999137628925 0.2187499999999788 0
2699 0.3180049945197716 0.4062499999999851 0
2700 0.3180049945197723 0.4187499999999857 0
2701 0.945873412263484 0.1687500000000064 0
2702 0.9458734122634838 0.1562500000000064 0
2703 0.935048094716179 0.1500000000000064 0
2704 0.945873412263484 0.1437500000000065 0
2705 0.945873412263487 0.06875000000000231 0
2706 0.9458734122634848 0.0562500000000018 0
2707 0.339655629614376 0.3562499999999916 0
2708 0.09067332602636191 0.6749999999999676 0
2709 0.09067332602636585 0.6499999999999676 0
2710 0.5020353928239383 0.949999999999993 0
2711 0.6102885682969938 0.9499999999999988 0
2712 0.6211138858442994 0.943749999999999 0
2713 0.04737205583714249 0.06249999999997785 0
2714 0.0473720558371426 0.2999999999999722 0
2715 0.04737205583714327 0.2874999999999724 0
2716 0.04737205583713988 0.3374999999999709 0
2717 0.04737205583713872 0.3499999999999708 0
2718 0.04749584630473036 0.9377144113793863 0
2719 0.3721315822563089 0.04999999999999583 0
2720 0.112323961120935 0.9499999999999689 0
2721 0.1231492786682409 0.9437499999999688 0
2722 0.6752404735808502 0.05000000000000332 0
2723 0.3180049945197402 0.9312499999999865 0
2724 0.3180049945197406 0.918749999999987 0
2725 0.3180049945197397 0.9437499999999865 0
2726 0.3071796769724341 0.9499999999999862 0
2727 0.3937822173509131 0.4249999999999901 0
2728 0.4046075348982188 0.4187499999999907 0
2729 0.8051442841485167 0.1125000000000015 0
2730 0.7943189666012122 0.1187500000000019 0
2731 0.3937822173508925 0.7999999999999872 0
2732 0.06902269093172386 0.8374999999999628 0
2733 0.3613062647089695 0.9062499999999877 0
2734 0.1123239611209674 0.4624999999999738 0
2735 0.112323961120967 0.4874999999999738 0
2736 0.653589838486232 0.4124999999999996 0
2737 0.6535898384862324 0.3999999999999996 0
2738 0.5128607103712501 0.7812499999999968 0
2739 0.5236860279185557 0.7749999999999968 0
2740 0.9133974596215632 0.3875000000000085 0
2741 0.7834936490538967 0.4250000000000034 0
2742 0.7726683315065914 0.4187500000000027 0
2743 0.3721315822562943 0.2874999999999923 0
2744 0.8700961894323445 0.3625000000000058 0
2745 0.8592708718850394 0.3687500000000059 0
2746 0.3180049945197718 0.4812499999999858 0
2747 0.3180049945197712 0.4937499999999858 0
2748 0.3180049945197726 0.4687499999999858 0
2749 0.3288303120670784 0.4624999999999865 0
2750 0.5994632507496919 0.8437499999999987 0
2751 0.1664505488574942 0.5062499999999768 0
2752 0.1664505488575017 0.3187499999999779 0
2753 0.8267949192431101 0.7500000000000047 0
2754 0.8267949192431101 0.7625000000000045 0
2755 0.2205771365940225 0.1874999999999873 0
2756 0.1556252313101887 0.5124999999999764 0
2757 0.8917468245269424 0.6750000000000063 0
2758 0.9025721420742473 0.6812500000000068 0
2759 0.4912100752766519 0.3312499999999955 0
2760 0.112323961120972 0.3749999999999745 0
2761 0.1014986435736665 0.3687499999999738 0
2762 0.5020353928239394 0.9249999999999936 0
2763 0.4912100752766494 0.6562499999999949 0
2764 0.5020353928239548 0.6499999999999952 0
2765 0.4803847577293436 0.6624999999999942 0
2766 0.133974596215565 0.7499999999999738 0
2767 0.4154328524455232 0.149999999999996 0
2768 0.4046075348982184 0.1437499999999952 0
2769 0.3937822173509127 0.1499999999999949 0
2770 0.5020353928239577 0.5999999999999956 0
2771 0.5020353928239577 0.587499999999995 0
2772 0.07984800847906631 0.6062499999999671 0
2773 0.09067332602637085 0.6124999999999681 0
2774 0.2205771365939885 0.9499999999999816 0
2775 0.5236860279185861 0.05000000000000127 0
2776 0.8484455543377114 0.9500000000000135 0
2777 0.8051442841485141 0.05000000000000221 0
2778 0.9350480947161789 0.05000000000000304 0
2779 0.4587341226347541 0.05000000000000404 0
2780 0.06902269093171326 0.9499999999999662 0
2781 0.04739268758170695 0.9500357352298674 0
2782 0.04745550212387689 0.05025320069286371 0
2783 0.8700961894323231 0.9500000000000139 0
2784 0.8809215069796285 0.9437500000000134 0
2785 0.8809215069796281 0.9312500000000141 0
2786 0.8917468245269337 0.9375000000000133 0
2787 0.8917468245269341 0.9500000000000132 0
2788 0.9025721420742393 0.9437500000000127 0
2789 0.5453366630131968 0.0500000000000026 0
2790 0.826794919243125 0.05000000000000016 0
2791 0.8376202367904305 0.05624999999999969 0
2792 0.6535898384862397 0.05000000000000315 0
2793 0.6427645209389341 0.05625000000000296 0
2794 0.415432852445496 0.9499999999999903 0
2795 0.523686027918549 0.9499999999999946 0
2796 0.2097518190466818 0.9562499999999803 0
2797 0.198926501499377 0.9499999999999794 0
2798 0.891746824526933 0.9250000000000134 0
2799 0.51286071037128 0.05625000000000124 0
2800 0.8159696016958218 0.1062500000000006 0
2801 0.761843013959273 0.7125000000000015 0
2802 0.761843013959272 0.7250000000000015 0
2803 0.7077164262227493 0.8312500000000035 0
2804 0.6752404735808302 0.8250000000000042 0
2805 0.8376202367904315 0.06874999999999976 0
2806 0.4479088050874188 0.8187499999999901 0
2807 0.04715625113465605 0.9257384934875968 0
2808 0.05819737338441761 0.8437499999999621 0
2809 0.9350480947161722 0.4750000000000104 0
2810 0.2638784067832471 0.149999999999991 0
2811 0.2638784067832462 0.162499999999991 0
2812 0.2747037243305521 0.1562499999999918 0
2813 0.9350480947161794 0.2000000000000063 0
2814 0.9458734122634848 0.1937500000000063 0
2815 0.9458734122634851 0.2062500000000062 0
2816 0.09067332602636452 0.06249999999997902 0
2817 0.09067332602636435 0.04999999999997895 0
2818 0.1014986435736702 0.05624999999997893 0
2819 0.1556252313101975 0.2624999999999773 0
2820 0.2097518190467078 0.6437499999999781 0
2821 0.9133974596215597 0.5375000000000093 0
2822 0.3180049945197537 0.8062499999999853 0
2823 0.3071796769724487 0.7999999999999846 0
2824 0.5236860279185696 0.3124999999999972 0
2825 0.06902269093175439 0.2249999999999737 0
2826 0.05819737338444897 0.2312499999999735 0
2827 0.1556252313101981 0.06249999999998374 0
2828 0.1556252313101988 0.04999999999998289 0
2829 0.1447999137628931 0.05624999999998315 0
2830 0.8267949192431223 0.3500000000000055 0
2831 0.7293670613173784 0.1437500000000033 0
2832 0.7401923788646588 0.9250000000000052 0
2833 0.7293670613173527 0.9312500000000041 0
2834 0.7401923788646577 0.9375000000000049 0
2835 0.7293670613173517 0.9437500000000042 0
2836 0.7185417437700468 0.9375000000000031 0
2837 0.7401923788646569 0.9500000000000048 0
2838 0.7185417437700455 0.9500000000000031 0
2839 0.7077164262227407 0.943750000000002 0
2840 0.1556252313101715 0.8124999999999741 0
2841 0.1881011839521142 0.2687499999999791 0
2842 0.19892650149942 0.2624999999999796 0
2843 0.9350480947161643 0.7250000000000061 0
2844 0.94587341226347 0.7187500000000064 0
2845 0.9350480947161655 0.7125000000000059 0
2846 0.9458734122634709 0.7062500000000067 0
2847 0.9350480947161666 0.7000000000000057 0
2848 0.9458734122634718 0.6937500000000068 0
2849 0.9350480947161671 0.687500000000006 0
2850 0.9458734122634729 0.6812500000000068 0
2851 0.8700961894323314 0.7125000000000068 0
2852 0.8592708718850395 0.2937500000000057 0
2853 0.5345113454658864 0.1062500000000018 0
2854 0.5236860279185802 0.1125000000000005 0
2855 0.5128607103712752 0.1062499999999992 0
2856 0.502035392823961 0.2499999999999963 0
2857 0.502035392823961 0.2374999999999964 0
2858 0.6535898384862389 0.1000000000000034 0
2859 0.253053089235936 0.5437499999999813 0
2860 0.2314024541413263 0.2312499999999877 0
2861 0.5453366630131761 0.5499999999999955 0
2862 0.1989265014994147 0.4124999999999787 0
2863 0.20975181904672 0.4187499999999792 0
2864 0.2097518190467205 0.4062499999999792 0
2865 0.9458734122634697 0.7812500000000062 0
2866 0.447908805087448 0.0562500000000028 0
2867 0.3288303120670588 0.8124999999999859 0
2868 0.155625231310164 0.8749999999999735 0
2869 0.1014986435736666 0.1312499999999792 0
2870 0.5886379332023839 0.9124999999999983 0
2871 0.3721315822562895 0.6499999999999876 0
2872 0.3829568998035953 0.6437499999999883 0
2873 0.3721315822562902 0.6374999999999876 0
2874 0.382956899803596 0.6312499999999883 0
2875 0.3721315822562911 0.6249999999999877 0
2876 0.3937822173509011 0.6374999999999891 0
2877 0.3937822173509019 0.6249999999999891 0
2878 0.404607534898207 0.6312499999999898 0
2879 0.5128607103712611 0.468749999999995 0
2880 0.7834936490539008 0.3250000000000042 0
2881 0.3504809471616968 0.06249999999999417 0
2882 0.3504809471616978 0.04999999999999427 0
2883 0.3396556296143919 0.05624999999999386 0
2884 0.6319392033916147 0.5999999999999946 0
2885 0.6211138858443095 0.5937499999999941 0
2886 0.3396556296143786 0.5562499999999866 0
2887 0.5345113454658836 0.1437500000000027 0
2888 0.1772758664047951 0.587499999999977 0
2889 0.5020353928239573 0.6124999999999956 0
2890 0.9458734122634773 0.4687500000000104 0
2891 0.7943189666011981 0.5437500000000038 0
2892 0.6535898384862301 0.4874999999999992 0
2893 0.1881011839521147 0.2562499999999794 0
2894 0.7293670613173602 0.6687499999999993 0
2895 0.8267949192431236 0.2500000000000059 0
2896 0.8159696016958182 0.2437500000000057 0
2897 0.8267949192431239 0.237500000000006 0
2898 0.9133974596215679 0.2875000000000074 0
2899 0.6968911086754482 0.5874999999999979 0
2900 0.2530530892359275 0.6812499999999809 0
2901 0.3829568998036019 0.5312499999999892 0
2902 0.2963543594251546 0.5937499999999839 0
2903 0.7077164262227548 0.5437500000000012 0
2904 0.9242227771688674 0.4437500000000082 0
2905 0.2205771365940258 0.4124999999999799 0
2906 0.5561619805604707 0.8312499999999974 0
2907 0.1123239611209445 0.8499999999999692 0
2908 0.6860657911281554 0.1812500000000021 0
2909 0.6319392033916063 0.8999999999999995 0
2910 0.3937822173509097 0.4874999999999898 0
2911 0.3937822173509085 0.4999999999999898 0
2912 0.328830312067074 0.2624999999999911 0
2913 0.4046075348982096 0.3187499999999935 0
2914 0.242227771688639 0.3249999999999814 0
2915 0.2530530892359423 0.3312499999999819 0
2916 0.2530530892359437 0.3187499999999819 0
2917 0.3829568998036142 0.05624999999999686 0
2918 0.2855290418778547 0.2499999999999883 0
2919 0.8809215069796514 0.2312500000000061 0
2920 0.740192378864668 0.6250000000000002 0
2921 0.7185417437700721 0.06250000000000255 0
2922 0.7185417437700722 0.05000000000000265 0
2923 0.1664505488574921 0.5562499999999768 0
2924 0.2747037243305561 0.09374999999999123 0
2925 0.2638784067832513 0.08749999999999047 0
2926 0.2747037243305572 0.08124999999999133 0
2927 0.263878406783252 0.07499999999999063 0
2928 0.2747037243305581 0.06874999999999137 0
2929 0.2638784067832531 0.06249999999999056 0
2930 0.2747037243305593 0.05624999999999147 0
2931 0.2638784067832544 0.04999999999999022 0
2932 0.2530530892359482 0.05624999999998948 0
2933 0.2638784067832378 0.5999999999999819 0
2934 0.3829568998036103 0.1062499999999967 0
2935 0.3396556296143879 0.1187499999999931 0
2936 0.350480947161693 0.1249999999999933 0
2937 0.3396556296143876 0.131249999999993 0
2938 0.3504809471616928 0.1374999999999933 0
2939 0.3396556296143872 0.1437499999999929 0
2940 0.3504809471616923 0.1499999999999931 0
2941 0.3396556296143869 0.1562499999999929 0
2942 0.3288303120670816 0.1499999999999926 0
2943 0.3288303120670812 0.1624999999999927 0
2944 0.3180049945197759 0.1562499999999923 0
2945 0.3180049945197747 0.1687499999999928 0
2946 0.4154328524454977 0.91249999999999 0
2947 0.7293670613173774 0.05625000000000274 0
2948 0.4046075348982078 0.6187499999999898 0
2949 0.4154328524455128 0.6249999999999905 0
2950 0.415432852445512 0.6374999999999903 0
2951 0.6102885682970112 0.3874999999999983 0
2952 0.6211138858443167 0.3812499999999986 0
2953 0.3937822173509027 0.6124999999999891 0
2954 0.5886379332023984 0.5124999999999963 0
2955 0.5886379332023987 0.4999999999999963 0
2956 0.4912100752766462 0.7062499999999934 0
2957 0.8484455543377225 0.6125000000000055 0
2958 0.6752404735808337 0.6624999999999963 0
2959 0.6752404735808333 0.6749999999999962 0
2960 0.1989265014994163 0.3499999999999791 0
2961 0.8484455543377294 0.4625000000000061 0
2962 0.8376202367904236 0.4687500000000053 0
2963 0.8376202367904244 0.4562500000000053 0
2964 0.8267949192431185 0.4625000000000045 0
2965 0.8267949192431177 0.4750000000000045 0
2966 0.8159696016958127 0.4687500000000036 0
2967 0.8159696016958118 0.4812500000000036 0
2968 0.4154328524455149 0.3249999999999937 0
2969 0.8159696016958179 0.2812500000000057 0
2970 0.5778126156550942 0.4062499999999971 0
2971 0.5669872981077878 0.499999999999996 0
2972 0.4695594401820299 0.8187499999999903 0
2973 0.9566987298107779 0.8875000000000002 0
2974 0.6860657911281389 0.6687499999999966 0
2975 0.6860657911281385 0.6812499999999966 0
2976 0.5561619805604918 0.1937500000000042 0
2977 0.5994632507497201 0.08125000000000782 0
2978 0.1772758664048031 0.1499999999999848 0
2979 0.382956899803601 0.2562499999999928 0
2980 0.1231492786682811 0.2812499999999759 0
2981 0.1556252313101899 0.4499999999999769 0
2982 0.05819737338444908 0.2812499999999731 0
2983 0.04737205583714416 0.2749999999999723 0
2984 0.1989265014994029 0.6374999999999773 0
2985 0.8051442841485121 0.2750000000000057 0
2986 0.8051442841485124 0.2875000000000055 0
2987 0.1123239611209387 0.8999999999999702 0
2988 0.8700961894323487 0.1625000000000064 0
2989 0.6644151560335243 0.8312500000000035 0
2990 0.1989265014994019 0.6499999999999774 0
2991 0.5453366630131635 0.8874999999999971 0
2992 0.4803847577293471 0.3249999999999948 0
2993 0.4912100752766334 0.9437499999999924 0
2994 0.5128607103712634 0.3312499999999964 0
2995 0.05819737338445008 0.2687499999999731 0
2996 0.2747037243305512 0.1687499999999919 0
2997 0.956698729810775 0.7875000000000063 0
2998 0.9566987298107753 0.7750000000000066 0
2999 0.339655629614386 0.1687499999999929 0
3000 0.361306264708998 0.1312499999999944 0
3001 0.9350480947161798 0.1375000000000061 0
3002 0.9458734122634866 0.1312500000000054 0
3003 0.9350480947161821 0.125000000000005 0
3004 0.9458734122634905 0.1187500000000027 0
3005 0.2855290418778642 0.06249999999999267 0
3006 0.2855290418778658 0.04999999999999261 0
3007 0.2963543594251704 0.05624999999999425 0
3008 0.6319392033916152 0.5874999999999947 0
3009 0.0473720558371451 0.2624999999999724 0
3010 0.62111388584431 0.5812499999999942 0
3011 0.6968911086754426 0.850000000000002 0
3012 0.9566987298107756 0.7125000000000064 0
3013 0.5453366630131855 0.2125000000000035 0
3014 0.4046075348982131 0.4937499999999901 0
3015 0.1231492786682599 0.7437499999999732 0
3016 0.4803847577293351 0.8124999999999907 0
3017 0.4803847577293351 0.7999999999999912 0
3018 0.9350480947161679 0.6750000000000059 0
3019 0.9458734122634738 0.6687500000000067 0
3020 0.6102885682970032 0.6124999999999935 0
3021 0.9133974596215529 0.8250000000000054 0
3022 0.5345113454658799 0.2187500000000029 0
3023 0.5236860279185741 0.2125000000000019 0
3024 0.4695594401820379 0.5437499999999936 0
3025 0.4803847577293432 0.5499999999999938 0
3026 0.4912100752766488 0.5437499999999942 0
3027 0.4370834875401227 0.524999999999993 0
3028 0.4262581699928184 0.5187499999999932 0
3029 0.6427645209389337 0.06875000000000331 0
3030 0.6319392033916289 0.06250000000000328 0
3031 0.6319392033916282 0.05000000000000354 0
3032 0.6211138858443237 0.05625000000000452 0
3033 0.6102885682970025 0.6249999999999936 0
3034 0.6319392033916289 0.2000000000000027 0
3035 0.3071796769724598 0.3499999999999903 0
3036 0.2963543594251542 0.3562499999999901 0
3037 0.9566987298107913 0.06250000000000039 0
3038 0.7401923788646613 0.7249999999999999 0
3039 0.7293670613173564 0.718749999999999 0
3040 0.9025721420742479 0.8187500000000054 0
3041 0.1123239611209785 0.1874999999999751 0
3042 0.9566987298107891 0.04999999999999977 0
3043 0.3504809471616805 0.3874999999999918 0
3044 0.3504809471616802 0.3999999999999918 0
3045 0.3613062647089855 0.406249999999992 0
3046 0.3504809471616799 0.4124999999999918 0
3047 0.9566987298107905 0.2000000000000064 0
3048 0.9566987298107882 0.3375000000000088 0
3049 0.9566987298107902 0.2125000000000064 0
3050 0.9566987298107884 0.3250000000000088 0
3051 0.9566987298107937 0.07500000000000057 0
3052 0.3829568998036148 0.04374999999999674 0
3053 0.3937822173509202 0.04999999999999749 0
3054 0.05981552604847779 0.04301475329706356 0
3055 0.6211138858442993 0.9562499999999988 0
3056 0.6319392033916048 0.949999999999999 0
3057 0.6319392033916046 0.9374999999999991 0
3058 0.6427645209389101 0.943749999999999 0
3059 0.2963543594251722 0.04374999999999418 0
3060 0.8376202367904299 0.0437499999999994 0
3061 0.8484455543377355 0.04999999999999905 0
3062 0.5994632507496881 0.9562499999999986 0
3063 0.04737205583714432 0.2124999999999735 0
3064 0.04737205583714443 0.1999999999999735 0
3065 0.04737205583714027 0.09999999999997644 0
3066 0.04737205583713899 0.1124999999999769 0
3067 0.0581973733844442 0.1187499999999773 0
3068 0.04737205583713866 0.1249999999999767 0
3069 0.04737205583713211 0.5499999999999712 0
3070 0.04737205583713344 0.537499999999971 0
3071 0.04737205583714593 0.1624999999999736 0
3072 0.04737205583711757 0.7999999999999607 0
3073 0.04737205583711906 0.7874999999999608 0
3074 0.04737205583711368 0.8249999999999615 0
3075 0.04704707426951604 0.8870139511908218 0
3076 0.04737205583710991 0.874999999999962 0
3077 0.1014986435736288 0.9562499999999703 0
3078 0.3396556296143931 0.04374999999999385 0
3079 0.4479088050874495 0.04375000000000295 0
3080 0.4370834875401433 0.05000000000000127 0
3081 0.9025721420742399 0.9562500000000129 0
3082 0.9133974596215451 0.9500000000000121 0
3083 0.6211138858443221 0.04375000000000451 0
3084 0.6102885682970173 0.05000000000000576 0
3085 0.1665000093307038 0.04371704092894441 0
3086 0.7077164262227664 0.04375000000000279 0
3087 0.7077246863482421 0.9562356930429539 0
3088 0.6968924853630192 0.9499976155071594 0
3089 0.1447999137628925 0.0437499999999803 0
3090 0.4695594401820596 0.04375000000000501 0
3091 0.3180049945197391 0.9562499999999864 0
3092 0.328830312067045 0.9499999999999866 0
3093 0.3071796769724334 0.9624999999999859 0
3094 0.6427645209389101 0.9562499999999989 0
3095 0.6535898384862157 0.9499999999999992 0
3096 0.4912273825326641 0.9562799770467787 0
3097 0.7293670613173774 0.0437500000000024 0
3098 0.7401923788646828 0.05000000000000265 0
3099 0.2530389473466125 0.0437744944708357 0
3100 0.2422254147070876 0.05000408241179621 0
3101 0.1231492786682404 0.9562499999999694 0
3102 0.1339745962155461 0.9499999999999689 0
3103 0.101638192720924 0.04399170621317616 0
3104 0.5129986837654278 0.04398897692875636 0
3105 0.426258169992801 0.9562499999999905 0
3106 0.3288303120670441 0.962499999999987 0
3107 0.33965562961435 0.9562499999999877 0
3108 0.9133974596215477 0.9375000000000113 0
3109 0.924222777168852 0.9437500000000105 0
3110 0.9242227771688513 0.9562500000000113 0
3111 0.9350480947161584 0.9500000000000084 0
3112 0.9350480947161579 0.9625000000000097 0
3113 0.9458734122634664 0.9562500000000043 0
3114 0.6644151560335264 0.7937500000000035 0
3115 0.3504809471616597 0.9249999999999874 0
3116 0.3937822173509137 0.4124999999999901 0
3117 0.7185417437700574 0.8250000000000037 0
3118 0.7293670613173621 0.8312500000000054 0
3119 0.7077164262227501 0.8187500000000029 0
3120 0.9566987298107748 0.7375000000000069 0
3121 0.8159696016958218 0.1187500000000016 0
3122 0.9566987298107776 0.6125000000000118 0
3123 0.9566987298107791 0.600000000000012 0
3124 0.9566987298107765 0.6250000000000119 0
3125 0.209751819046695 0.8562499999999821 0
3126 0.220577136593999 0.8624999999999846 0
3127 0.7943189666011926 0.7062500000000047 0
3128 0.7943189666011933 0.6937500000000049 0
3129 0.4912100752766486 0.5562499999999941 0
3130 0.5020353928239542 0.5499999999999944 0
3131 0.512860710371274 0.1187499999999994 0
3132 0.5020353928239694 0.1124999999999983 0
3133 0.3721315822562798 0.8249999999999884 0
3134 0.3829568998035846 0.8312499999999885 0
3135 0.3613062647089746 0.8187499999999883 0
3136 0.06902269093172264 0.849999999999963 0
3137 0.9566987298107748 0.8250000000000057 0
3138 0.9566987298107746 0.8375000000000057 0
3139 0.6427645209389379 0.1437500000000093 0
3140 0.6535898384862425 0.1500000000000091 0
3141 0.3180049945197734 0.4562499999999859 0
3142 0.3288303120670791 0.4499999999999865 0
3143 0.924222777168878 0.09375000000000477 0
3144 0.9350480947161796 0.2750000000000078 0
3145 0.9458734122634852 0.2687500000000084 0
3146 0.0581973733844432 0.3562499999999722 0
3147 0.04737205583713727 0.3624999999999706 0
3148 0.2855290418778573 0.1624999999999925 0
3149 0.2855290418778563 0.1749999999999928 0
3150 0.9566987298107787 0.6750000000000075 0
3151 0.9566987298107785 0.6625000000000079 0
3152 0.3288303120670594 0.7999999999999861 0
3153 0.3504809471616653 0.8749999999999873 0
3154 0.3396556296143597 0.8812499999999868 0
3155 0.1447999137628853 0.4687499999999748 0
3156 0.07984800847902868 0.8437499999999639 0
3157 0.06902269093175406 0.2374999999999735 0
3158 0.1447999137628845 0.493749999999975 0
3159 0.9242227771688686 0.3812500000000082 0
3160 0.1123472193121848 0.05004028436884556 0
3161 0.8267949192431194 0.4500000000000046 0
3162 0.07984800847903151 0.8187499999999639 0
3163 0.772668331506591 0.4312500000000028 0
3164 0.7834936490538966 0.4375000000000037 0
3165 0.7618430139592858 0.4250000000000022 0
3166 0.7618430139592862 0.4125000000000021 0
3167 0.9133974596215606 0.5000000000000097 0
3168 0.9133974596215613 0.4875000000000095 0
3169 0.5128607103712661 0.2437499999999968 0
3170 0.6102885682969942 0.9249999999999987 0
3171 0.8159696016958188 0.2312500000000056 0
3172 0.8267949192431245 0.2250000000000056 0
3173 0.805144284148513 0.2375000000000051 0
3174 0.307179676972466 0.4874999999999852 0
3175 0.3071796769724656 0.499999999999985 0
3176 0.382956899803597 0.3812499999999927 0
3177 0.07984800847905565 0.343749999999974 0
3178 0.6644151560335376 0.4062499999999999 0
3179 0.6644151560335381 0.3937499999999999 0
3180 0.6535898384862328 0.3874999999999996 0
3181 0.64276452093891 0.931249999999999 0
3182 0.2097518190467194 0.4312499999999792 0
3183 0.1772758664047999 0.4999999999999772 0
3184 0.1881011839521136 0.2937499999999794 0
3185 0.1772758664048082 0.2874999999999788 0
3186 0.3937822173509042 0.3124999999999933 0
3187 0.1772758664047994 0.5124999999999771 0
3188 0.6535898384862222 0.6749999999999954 0
3189 0.642764520938917 0.6687499999999948 0
3190 0.7077164262227551 0.5312500000000012 0
3191 0.7185417437700607 0.5250000000000016 0
3192 0.6644151560335383 0.38125 0
3193 0.6535898384862331 0.3749999999999997 0
3194 0.2638784067832445 0.4874999999999816 0
3195 0.2747037243305497 0.4937499999999823 0
3196 0.588637933202398 0.4499999999999973 0
3197 0.5886379332023978 0.4624999999999972 0
3198 0.6752404735808327 0.6874999999999961 0
3199 0.6860657911281381 0.6937499999999961 0
3200 0.3613062647089953 0.4562499999999886 0
3201 0.3071796769724675 0.4624999999999851 0
3202 0.447908805087429 0.6312499999999924 0
3203 0.4479088050874276 0.6562499999999923 0
3204 0.5561619805604828 0.4187499999999962 0
3205 0.5453366630131772 0.4249999999999958 0
3206 0.3613062647089892 0.2812499999999918 0
3207 0.3613062647089886 0.2937499999999918 0
3208 0.8051442841485065 0.4750000000000031 0
3209 0.8051442841485059 0.4875000000000028 0
3210 0.8159696016958109 0.4937500000000035 0
3211 0.8051442841485051 0.5000000000000028 0
3212 0.8159696016958099 0.5062500000000034 0
3213 0.805144284148504 0.5125000000000026 0
3214 0.805144284148507 0.4625000000000036 0
3215 0.3829568998035987 0.3187499999999929 0
3216 0.67524047358085 0.1250000000000029 0
3217 0.4803847577293461 0.3374999999999948 0
3218 0.4695594401820415 0.3312499999999942 0
3219 0.4912100752766517 0.3437499999999951 0
3220 0.2422277716886351 0.1624999999999894 0
3221 0.2314024541413301 0.1562499999999886 0
3222 0.123149278668277 0.3812499999999749 0
3223 0.1231492786682765 0.3937499999999745 0
3224 0.6102885682970233 0.1125000000000083 0
3225 0.1772758664047692 0.9249999999999771 0
3226 0.1664505488574625 0.9312499999999747 0
3227 0.7510176964119674 0.8812500000000061 0
3228 0.7618430139592736 0.8750000000000072 0
3229 0.7726683315065788 0.8812500000000085 0
3230 0.7726683315065801 0.8687500000000086 0
3231 0.7834936490538852 0.87500000000001 0
3232 0.7618430139592739 0.8625000000000076 0
3233 0.7834936490538865 0.8625000000000101 0
3234 0.7943189666011916 0.8687500000000115 0
3235 0.361306264708985 0.4187499999999917 0
3236 0.6102885682969982 0.8124999999999998 0
3237 0.7293670613173772 0.09375000000000261 0
3238 0.5128607103712503 0.8062499999999964 0
3239 0.2205771365940264 0.3999999999999799 0
3240 0.2314024541413315 0.4062499999999805 0
3241 0.8376202367904153 0.7562500000000049 0
3242 0.8376202367904153 0.7687500000000047 0
3243 0.7077164262227421 0.9312500000000021 0
3244 0.1989265014993987 0.7124999999999779 0
3245 0.1989265014993982 0.724999999999978 0
3246 0.2097518190467034 0.7312499999999784 0
3247 0.1989265014993993 0.699999999999978 0
3248 0.1989265014993977 0.737499999999978 0
3249 0.2097518190467029 0.7437499999999784 0
3250 0.4370834875401245 0.4999999999999937 0
3251 0.8700961894323447 0.3750000000000059 0
3252 0.8592708718850393 0.3812500000000058 0
3253 0.8484455543377338 0.3750000000000059 0
3254 0.8484455543377336 0.3875000000000056 0
3255 0.9133974596215626 0.3750000000000087 0
3256 0.6968911086754441 0.6749999999999969 0
3257 0.870096189432348 0.1750000000000064 0
3258 0.8809215069796378 0.6437500000000067 0
3259 0.4803847577293478 0.3124999999999949 0
3260 0.1231492786682777 0.3687499999999757 0
3261 0.5128607103712505 0.7687499999999967 0
3262 0.5236860279185561 0.7624999999999971 0
3263 0.5020353928239448 0.7749999999999965 0
3264 0.3613062647089896 0.2687499999999919 0
3265 0.1231492786682407 0.9312499999999695 0
3266 0.4803876422719997 0.9500049961744562 0
3267 0.0690226909317419 0.5749999999999718 0
3268 0.05819737338443665 0.5812499999999718 0
3269 0.04737205583713089 0.5749999999999714 0
3270 0.04737205583713128 0.5874999999999718 0
3271 0.2638784067832454 0.1749999999999911 0
3272 0.4587341226347196 0.9124999999999922 0
3273 0.4479088050874146 0.9062499999999913 0
3274 0.4695594401820248 0.9187499999999929 0
3275 0.956698729810783 0.4875000000000101 0
3276 0.9025721420742479 0.6687500000000066 0
3277 0.4912100752766487 0.6687499999999948 0
3278 0.4803847577293429 0.6749999999999942 0
3279 0.5561619805604811 0.468749999999996 0
3280 0.599463250749704 0.5062499999999965 0
3281 0.5994632507497042 0.4937499999999966 0
3282 0.4912100752766356 0.8937499999999946 0
3283 0.5020353928239413 0.8874999999999957 0
3284 0.6319392033916271 0.2749999999999991 0
3285 0.6211138858443213 0.2812499999999982 0
3286 0.642764520938933 0.2687499999999998 0
3287 0.653589838486238 0.2750000000000001 0
3288 0.6319392033916079 0.8250000000000011 0
3289 0.5453366630131758 0.4624999999999955 0
3290 0.1231492786682575 0.7812499999999714 0
3291 0.7185417437700597 0.5625000000000014 0
3292 0.729367061317365 0.5687500000000018 0
3293 0.664415156033533 0.5687499999999963 0
3294 0.6752404735808384 0.5624999999999968 0
3295 0.393782217350913 0.1374999999999951 0
3296 0.3071796769724766 0.04999999999999527 0
3297 0.4154328524455246 0.1374999999999957 0
3298 0.4262581699928292 0.1437499999999975 0
3299 0.5020583883896662 0.05003982948812741 0
3300 0.220577136593996 0.8749999999999842 0
3301 0.2314024541413029 0.8687499999999876 0
3302 0.6102885682970044 0.5874999999999937 0
3303 0.610288568297005 0.5749999999999937 0
3304 0.5128607103712627 0.6062499999999963 0
3305 0.5128607103712622 0.6187499999999962 0
3306 0.9242227771688748 0.1437500000000058 0
3307 0.956698729810785 0.4125000000000092 0
3308 0.9566987298107844 0.4000000000000097 0
3309 0.9566987298107851 0.425000000000009 0
3310 0.4046075348982174 0.406249999999991 0
3311 0.4154328524455243 0.4124999999999914 0
3312 0.8267949192431103 0.7750000000000037 0
3313 0.8376202367904156 0.7812500000000041 0
3314 0.8484455543377208 0.7750000000000048 0
3315 0.8484455543377205 0.7875000000000048 0
3316 0.859270871885026 0.7812500000000052 0
3317 0.8592708718850257 0.7937500000000051 0
3318 0.8700961894323311 0.7875000000000055 0
3319 0.8700961894323311 0.8000000000000053 0
3320 0.8809215069796363 0.7937500000000052 0
3321 0.8051442841484995 0.7625000000000048 0
3322 0.7943189666011938 0.7562500000000052 0
3323 0.09067332602636768 0.1624999999999751 0
3324 0.5020353928239706 0.09999999999999987 0
3325 0.6211138858443226 0.193750000000003 0
3326 0.9458734122634693 0.8437500000000059 0
3327 0.9566987298107749 0.8500000000000061 0
3328 0.6427645209389368 0.1687500000000102 0
3329 0.6427645209389348 0.1062500000000041 0
3330 0.2855290418778499 0.3374999999999889 0
3331 0.95669872981079 0.2875000000000089 0
3332 0.1339745962155877 0.1999999999999772 0
3333 0.09067332602637335 0.5999999999999684 0
3334 0.9566987298107861 0.1625000000000062 0
3335 0.06902269093175706 0.1499999999999754 0
3336 0.9566987298107917 0.1375000000000073 0
3337 0.3504809471616814 0.4249999999999907 0
3338 0.263878406783246 0.3624999999999837 0
3339 0.2638784067832461 0.3749999999999838 0
3340 0.2530530892359412 0.381249999999982 0
3341 0.1989265014994199 0.2499999999999808 0
3342 0.188101183952114 0.2437499999999805 0
3343 0.1014986435736758 0.6062499999999703 0
3344 0.1014986435736751 0.6187499999999696 0
3345 0.7401923788646829 0.03750000000000236 0
3346 0.7510176964119879 0.04375000000000262 0
3347 0.198926501499376 0.9624999999999792 0
3348 0.1881011839520715 0.9562499999999785 0
3349 0.2638986301605494 0.0375921816822713 0
3350 0.3504809471616986 0.0374999999999942 0
3351 0.1124906448246398 0.0377887046435198 0
3352 0.6535898384862157 0.9624999999999991 0
3353 0.6644151560335211 0.9562499999999996 0
3354 0.6644151560335214 0.9437499999999996 0
3355 0.826794919243124 0.03749999999999964 0
3356 0.03654673828983918 0.2687499999999713 0
3357 0.03654673828984023 0.2562499999999716 0
3358 0.03611882628534335 0.2068086875589421 0
3359 0.03662398342491774 0.2198820575935927 0
3360 0.03647541962242307 0.1938431145931347 0
3361 0.03654673828983401 0.3437499999999696 0
3362 0.0359609788855676 0.33124999999997 0
3363 0.03728929522954971 0.79374999999996 0
3364 0.03739965389236299 0.7812499999999603 0
3365 0.03669459912612993 0.9440061024809401 0
3366 0.03603152670491094 0.9563998514241075 0
3367 0.03613273399979677 0.05573351255649234 0
3368 0.03699096105381661 0.04297727945032348 0
3369 0.03647773757483064 0.06866391875939659 0
3370 0.03596097888557015 0.2937499999999716 0
3371 0.03654673828983301 0.1187499999999772 0
3372 0.03654673828983379 0.1312499999999769 0
3373 0.03645629871601919 0.5437499999999702 0
3374 0.03644122545371914 0.53124999999997 0
3375 0.04735447036445017 0.5249999999999709 0
3376 0.03643578233122247 0.5187499999999701 0
3377 0.04735063226525427 0.5124999999999709 0
3378 0.03643423546094121 0.5062499999999701 0
3379 0.04734973477034193 0.4999999999999711 0
3380 0.03593850823628503 0.4937499999999702 0
3381 0.04726696398374791 0.4874999999999713 0
3382 0.03584209190107751 0.48124999999997 0
3383 0.04723709946344873 0.4749999999999713 0
3384 0.03582104509182682 0.46874999999997 0
3385 0.04722861424185787 0.4624999999999713 0
3386 0.03581612308668725 0.4562499999999703 0
3387 0.04722637970407012 0.4499999999999715 0
3388 0.03581493032953337 0.4437499999999705 0
3389 0.04722580848824748 0.4374999999999718 0
3390 0.03581463633403831 0.4312499999999705 0
3391 0.04722566428636221 0.4249999999999717 0
3392 0.03640032270540988 0.4187499999999704 0
3393 0.5021000886069341 0.03776626140426947 0
3394 0.7185513805831316 0.9624833085501137 0
3395 0.0472896258637211 0.9625309311089719 0
3396 0.3937822173509207 0.03749999999999731 0
3397 0.4046075348982264 0.04374999999999768 0
3398 0.6319392033916276 0.03750000000000353 0
3399 0.3071796769724782 0.03749999999999537 0
3400 0.1339745962155462 0.9624999999999686 0
3401 0.1447999137628514 0.9562499999999683 0
3402 0.8917468245269347 0.9625000000000129 0
3403 0.2205771365939864 0.9624999999999815 0
3404 0.2314024541412932 0.9562499999999835 0
3405 0.2422108799874925 0.03752925728461037 0
3406 0.2313992460275543 0.04375555661605868 0
3407 0.2313991041721843 0.03125580231676922 0
3408 0.2205760435802105 0.03750189315546087 0
3409 0.2205764197394323 0.05000124162857811 0
3410 0.09143252836270593 0.03851311824485348 0
3411 0.4154328524454951 0.9624999999999899 0
3412 0.4804054302851421 0.9625358059169864 0
3413 0.8484455543377349 0.03749999999999865 0
3414 0.8592708718850408 0.04374999999999829 0
3415 0.5240659922253271 0.03722057893265096 0
3416 0.437152906283454 0.03694177251576947 0
3417 0.6962529408006887 0.9616472372680978 0
3418 0.5020544223184954 0.9625106414107429 0
3419 0.6102885682970162 0.03750000000000564 0
3420 0.5994632507497112 0.04375000000000628 0
3421 0.7510176964119887 0.03125000000000216 0
3422 0.7618430139592934 0.03750000000000275 0
3423 0.3396556296143491 0.9687499999999879 0
3424 0.3504809471616548 0.9624999999999887 0
3425 0.9350480947161589 0.9375000000000082 0
3426 0.9675240473580823 0.6187500000000123 0
3427 0.7943189666011935 0.8562500000000104 0
3428 0.8051442841484983 0.8625000000000109 0
3429 0.8051442841484969 0.8750000000000121 0
3430 0.7834936490538883 0.8500000000000099 0
3431 0.8159696016958025 0.8687500000000123 0
3432 0.6427645209389347 0.1187500000000038 0
3433 0.9675240473580804 0.7812500000000068 0
3434 0.8267949192431275 0.1125000000000017 0
3435 0.2097515174019907 0.0437505224639973 0
3436 0.8592708718850417 0.05624999999999858 0
3437 0.8700961894323468 0.04999999999999799 0
3438 0.8700961894323462 0.03749999999999798 0
3439 0.8809215069796517 0.04374999999999751 0
3440 0.6427645209389171 0.6812499999999952 0
3441 0.5020392254182557 0.0625066382480261 0
3442 0.05819737338444225 0.3687499999999709 0
3443 0.047372055837136 0.374999999999969 0
3444 0.03596097888556471 0.3687499999999687 0
3445 0.03582219962868888 0.3811519176464487 0
3446 0.04725129939361511 0.3874836529410467 0
3447 0.03523564999690948 0.3935316342720469 0
3448 0.502035392823968 0.1249999999999982 0
3449 0.4912100752766633 0.118749999999997 0
3450 0.4912100752766618 0.1312499999999967 0
3451 0.4803847577293572 0.1249999999999955 0
3452 0.4803847577293564 0.1374999999999986 0
3453 0.5994632507497121 0.05625000000000652 0
3454 0.5886379332024061 0.05000000000000665 0
3455 0.5886379332024056 0.03750000000000647 0
3456 0.5778126156551016 0.04375000000000628 0
3457 0.6752404735808295 0.8375000000000041 0
3458 0.4370834875401322 0.4749999999999923 0
3459 0.4479088050874379 0.468749999999993 0
3460 0.4479088050874386 0.456249999999993 0
3461 0.2855290418778674 0.03749999999999243 0
3462 0.7293670613173637 0.8187500000000025 0
3463 0.7401923788646683 0.825000000000006 0
3464 0.9458734122634742 0.5937500000000104 0
3465 0.9566987298107805 0.5875000000000118 0
3466 0.772668331506578 0.7187500000000024 0
3467 0.7726683315065772 0.7312500000000024 0
3468 0.7618430139592712 0.7375000000000016 0
3469 0.7726683315065774 0.7437500000000027 0
3470 0.9350480947161799 0.262500000000008 0
3471 0.9458734122634859 0.2562500000000084 0
3472 0.956698729810791 0.2625000000000091 0
3473 0.9566987298107906 0.2500000000000091 0
3474 0.9458734122634855 0.2437500000000083 0
3475 0.9566987298107883 0.2375000000000067 0
3476 0.7834936490539059 0.112500000000002 0
3477 0.7834936490539068 0.1250000000000024 0
3478 0.794318966601212 0.1312500000000019 0
3479 0.7834936490539069 0.1375000000000021 0
3480 0.7726683315066013 0.131250000000003 0
3481 0.7726683315066023 0.143750000000003 0
3482 0.7618430139592961 0.1375000000000037 0
3483 0.7618430139592971 0.1500000000000036 0
3484 0.2314024541413057 0.8562499999999875 0
3485 0.2422277716886111 0.8624999999999883 0
3486 0.2422277716886067 0.8749999999999903 0
3487 0.2530530892359151 0.8687499999999908 0
3488 0.1556252313101983 0.2374999999999783 0
3489 0.04731789224250871 0.8999189918651048 0
3490 0.03615856586184474 0.8931694417001546 0
3491 0.03611278870469475 0.9066280858058241 0
3492 0.03653166502752503 0.5562499999999705 0
3493 0.1772758664047771 0.8624999999999756 0
3494 0.1772758664047797 0.8499999999999757 0
3495 0.1881011839520863 0.8437499999999777 0
3496 0.177275866404782 0.8374999999999758 0
3497 0.6427645209389339 0.09375000000000405 0
3498 0.1556252313101577 0.9249999999999728 0
3499 0.4695594401820377 0.5562499999999936 0
3500 0.318004994519774 0.4437499999999859 0
3501 0.3721315822562805 0.8124999999999887 0
3502 0.3613062647089753 0.8062499999999884 0
3503 0.1014986435736733 0.5937499999999694 0
3504 0.9675240473580804 0.7937500000000064 0
3505 0.2855290418778588 0.1499999999999919 0
3506 0.8376202367904153 0.7437500000000048 0
3507 0.0906733260263618 0.337499999999975 0
3508 0.9350480947161743 0.387500000000008 0
3509 0.5345113454658847 0.1187500000000018 0
3510 0.4046075348982262 0.05624999999999808 0
3511 0.8917468245269458 0.5875000000000076 0
3512 0.8917468245269466 0.5750000000000075 0
3513 0.8809215069796406 0.581250000000007 0
3514 0.3721315822562761 0.8874999999999886 0
3515 0.2097518190467206 0.3937499999999794 0
3516 0.9242227771688611 0.693750000000006 0
3517 0.3288303120670545 0.8749999999999865 0
3518 0.3288303120670544 0.8874999999999864 0
3519 0.3180049945197487 0.881249999999986 0
3520 0.4695594401820404 0.3437499999999941 0
3521 0.8051442841485004 0.6375000000000051 0
3522 0.07984800847905954 0.2312499999999742 0
3523 0.1556252313101973 0.0749999999999843 0
3524 0.9458734122634844 0.2187500000000063 0
3525 0.8917468245269506 0.4750000000000077 0
3526 0.9025721420742561 0.4687500000000071 0
3527 0.4370834875401267 0.3124999999999945 0
3528 0.642764520938913 0.831250000000002 0
3529 0.9566987298107827 0.5000000000000105 0
3530 0.4154328524455151 0.3124999999999938 0
3531 0.3721315822563098 0.03749999999999559 0
3532 0.1014986435736732 0.1687499999999748 0
3533 0.924222777168874 0.2687500000000075 0
3534 0.3396556296143599 0.8937499999999856 0
3535 0.3613062647089852 0.631249999999987 0
3536 0.361306264708986 0.618749999999987 0
3537 0.3504809471616801 0.6249999999999863 0
3538 0.3504809471616809 0.6124999999999864 0
3539 0.3613062647089867 0.6062499999999871 0
3540 0.3504809471616817 0.5999999999999864 0
3541 0.3396556296143758 0.6062499999999857 0
3542 0.3396556296143766 0.5937499999999859 0
3543 0.3288303120670707 0.5999999999999853 0
3544 0.3504809471616823 0.5874999999999865 0
3545 0.502035392823954 0.5624999999999939 0
3546 0.5128607103712595 0.5562499999999946 0
3547 0.8484455543377203 0.7000000000000057 0
3548 0.6535898384862271 0.5749999999999957 0
3549 0.318004994519771 0.2187499999999913 0
3550 0.6102885682970115 0.3749999999999983 0
3551 0.263878406783244 0.4999999999999815 0
3552 0.2747037243305492 0.5062499999999818 0
3553 0.2638784067832436 0.5124999999999814 0
3554 0.2747037243305488 0.5187499999999817 0
3555 0.2855290418778508 0.3249999999999896 0
3556 0.8809215069796412 0.5687500000000071 0
3557 0.5453366630131909 0.1125000000000031 0
3558 0.9675240473580835 0.9312499999999996 0
3559 0.8917468245269475 0.5625000000000077 0
3560 0.9025721420742558 0.4562500000000073 0
3561 0.7293670613173772 0.2062500000000027 0
3562 0.6752404735808433 0.4000000000000001 0
3563 0.6752404735808429 0.4125000000000001 0
3564 0.8376202367904334 0.1312500000000048 0
3565 0.2097518190467251 0.2562499999999821 0
3566 0.6535898384862263 0.5874999999999957 0
3567 0.188101183952097 0.6437499999999764 0
3568 0.9566987298107907 0.1875000000000064 0
3569 0.8809215069796367 0.8062500000000052 0
3570 0.512860710371262 0.418749999999995 0
3571 0.4370834875401223 0.6499999999999916 0
3572 0.5453366630131762 0.4499999999999957 0
3573 0.5994632507497042 0.4312499999999977 0
3574 0.5561619805604947 0.1437500000000046 0
3575 0.6860657911281475 0.4437500000000005 0
3576 0.1231492786682776 0.1187499999999821 0
3577 0.7293670613173774 0.06875000000000275 0
3578 0.7510176964119629 0.9437500000000054 0
3579 0.7510176964119621 0.9562500000000053 0
3580 0.7401923788646564 0.9625000000000047 0
3581 0.7510176964119607 0.9687500000000052 0
3582 0.7618430139592677 0.9625000000000106 0
3583 0.7401923788646783 0.3500000000000026 0
3584 0.5345113454658612 0.7687499999999973 0
3585 0.5345113454658619 0.7562499999999975 0
3586 0.5778126156550889 0.7062499999999958 0
3587 0.5236860279185758 0.1875000000000024 0
3588 0.06902269093172042 0.8749999999999643 0
3589 0.4046075348981975 0.8062499999999877 0
3590 0.5994632507497059 0.3812499999999979 0
3591 0.837620236790416 0.6562500000000053 0
3592 0.2314024541413308 0.4187499999999806 0
3593 0.3829568998036031 0.5062499999999892 0
3594 0.3937822173509073 0.5124999999999904 0
3595 0.1989265014994116 0.4874999999999783 0
3596 0.9675240473580806 0.768750000000007 0
3597 0.1014986435736714 0.2187499999999751 0
3598 0.7726683315065792 0.7062500000000029 0
3599 0.2097518190467184 0.456249999999979 0
3600 0.3288303120670757 0.5124999999999863 0
3601 0.2963543594251428 0.8062499999999839 0
3602 0.2963543594251436 0.793749999999984 0
3603 0.4587341226347326 0.662499999999993 0
3604 0.4479088050874275 0.5312499999999932 0
3605 0.4370834875401239 0.5374999999999931 0
3606 0.4479088050874268 0.6687499999999923 0
3607 0.5994632507497033 0.4562499999999977 0
3608 0.4154328524455136 0.6124999999999904 0
3609 0.7943189666011966 0.5937500000000036 0
3610 0.8376202367904189 0.5687500000000053 0
3611 0.3721315822562742 0.9374999999999893 0
3612 0.6211138858443173 0.3687499999999987 0
3613 0.6968911086754497 0.5375000000000008 0
3614 0.5886379332023982 0.5249999999999962 0
3615 0.3504809471616737 0.7374999999999854 0
3616 0.3613062647089795 0.7312499999999859 0
3617 0.3504809471616744 0.7249999999999853 0
3618 0.3613062647089802 0.718749999999986 0
3619 0.3721315822562853 0.7249999999999867 0
3620 0.350480947161675 0.7124999999999855 0
3621 0.3396556296143692 0.7187499999999849 0
3622 0.4587341226347358 0.3374999999999936 0
3623 0.3829568998036052 0.4312499999999898 0
3624 0.9566987298107894 0.3000000000000088 0
3625 0.5778126156550792 0.8937499999999977 0
3626 0.5994632507497147 0.1687500000000069 0
3627 0.2638784067832344 0.6499999999999817 0
3628 0.2855290418778379 0.7999999999999832 0
3629 0.2855290418778387 0.7874999999999832 0
3630 0.2963543594251446 0.7812499999999841 0
3631 0.2855290418778396 0.7749999999999831 0
3632 0.2747037243305337 0.7812499999999825 0
3633 0.2747037243305344 0.7687499999999825 0
3634 0.2638784067832286 0.7749999999999819 0
3635 0.2638784067832293 0.762499999999982 0
3636 0.2530530892359235 0.7687499999999814 0
3637 0.2530530892359228 0.7812499999999813 0
3638 0.7293670613173696 0.431250000000002 0
3639 0.9025721420742479 0.8062500000000055 0
3640 0.2097518190467182 0.1687499999999867 0
3641 0.209751819046719 0.1562499999999868 0
3642 0.198926501499414 0.1499999999999864 0
3643 0.2097518190467204 0.1437499999999871 0
3644 0.1989265014994156 0.1374999999999859 0
3645 0.2097518190467224 0.1312499999999872 0
3646 0.4262581699928187 0.6187499999999911 0
3647 0.2963543594251284 0.9562499999999856 0
3648 0.6860657911281394 0.6562499999999967 0
3649 0.1014986435736444 0.8062499999999683 0
3650 0.4695594401820447 0.243749999999996 0
3651 0.4695594401820448 0.2312499999999963 0
3652 0.480384757729351 0.2249999999999969 0
3653 0.9242227771688594 0.7187500000000056 0
3654 0.5020353928239544 0.5374999999999944 0
3655 0.7726683315065975 0.2312500000000036 0
3656 0.5886379332023954 0.6749999999999959 0
3657 0.7510176964119879 0.0562500000000028 0
3658 0.631939203391624 0.3374999999999987 0
3659 0.9025721420742625 0.2937500000000074 0
3660 0.9025721420742625 0.2812500000000077 0
3661 0.8917468245269569 0.287500000000008 0
3662 0.339655629614363 0.8312499999999866 0
3663 0.9133974596215624 0.437500000000008 0
3664 0.3721315822562861 0.7124999999999867 0
3665 0.415432852445516 0.2874999999999941 0
3666 0.6968911086754518 0.4750000000000007 0
3667 0.6535898384862219 0.7875000000000034 0
3668 0.6644151560335281 0.7812500000000027 0
3669 0.6752404735808323 0.7875000000000042 0
3670 0.6535898384862227 0.7750000000000029 0
3671 0.2422277716886178 0.7749999999999809 0
3672 0.2422277716886185 0.7624999999999809 0
3673 0.2314024541413127 0.7687499999999801 0
3674 0.2314024541413133 0.7562499999999802 0
3675 0.2205771365940075 0.7624999999999792 0
3676 0.8051442841485137 0.2250000000000049 0
3677 0.1989265014993969 0.7499999999999776 0
3678 0.545336663013167 0.7624999999999977 0
3679 0.5453366630131677 0.7499999999999977 0
3680 0.5561619805604726 0.7562499999999981 0
3681 0.5561619805604734 0.7437499999999981 0
3682 0.5669872981077784 0.7499999999999987 0
3683 0.5669872981077789 0.7374999999999987 0
3684 0.577812615655084 0.743749999999999 0
3685 0.5778126156550847 0.7312499999999992 0
3686 0.5886379332023902 0.7374999999999992 0
3687 0.7077164262227555 0.5187500000000013 0
3688 0.7185417437700612 0.5125000000000017 0
3689 0.2530530892359313 0.6187499999999813 0
3690 0.5345113454658685 0.6812499999999946 0
3691 0.1881011839521123 0.3187499999999789 0
3692 0.4803847577293349 0.8249999999999905 0
3693 0.4695594401820297 0.8312499999999903 0
3694 0.1231492786682612 0.731249999999974 0
3695 0.3180049945197476 0.8937499999999866 0
3696 0.307179676972443 0.887499999999986 0
3697 0.3071796769724431 0.8749999999999858 0
3698 0.2963543594251374 0.8812499999999861 0
3699 0.2963543594251373 0.8687499999999859 0
3700 0.2855290418778326 0.8749999999999863 0
3701 0.8267949192431232 0.3000000000000054 0
3702 0.2205771365940262 0.3624999999999801 0
3703 0.1664505488574731 0.8562499999999736 0
3704 0.3937822173509067 0.2499999999999934 0
3705 0.2422277716886355 0.4374999999999809 0
3706 0.8592708718850424 0.181250000000006 0
3707 0.1772758664048 0.1999999999999848 0
3708 0.1772758664047993 0.2124999999999846 0
3709 0.9025721420742477 0.7812500000000054 0
3710 0.7618430139592853 0.4375000000000022 0
3711 0.2422277716886191 0.7499999999999809 0
3712 0.2314024541413139 0.7437499999999803 0
3713 0.8700961894323475 0.1875000000000064 0
3714 0.8592708718850419 0.193750000000006 0
3715 0.8700961894323471 0.2000000000000064 0
3716 0.8592708718850413 0.206250000000006 0
3717 0.8484455543377363 0.2000000000000055 0
3718 0.8484455543377356 0.2125000000000056 0
3719 0.8376202367904304 0.2062500000000054 0
3720 0.8592708718850404 0.2187500000000064 0
3721 0.6102885682970095 0.4999999999999968 0
3722 0.6102885682970098 0.4874999999999969 0
3723 0.621113885844315 0.4937499999999969 0
3724 0.8376202367904296 0.2312500000000062 0
3725 0.188101183952098 0.6312499999999767 0
3726 0.3829568998036016 0.2437499999999929 0
3727 0.7834936490538801 0.9375000000000082 0
3728 0.8700961894323354 0.5750000000000063 0
3729 0.8700961894323342 0.5875000000000062 0
3730 0.4587341226347394 0.2374999999999959 0
3731 0.4587341226347396 0.2249999999999963 0
3732 0.1989265014994201 0.0624999999999884 0
3733 0.5128607103712491 0.8312499999999958 0
3734 0.1881011839520935 0.7062499999999773 0
3735 0.5453366630131776 0.4124999999999958 0
3736 0.5561619805604834 0.4062499999999962 0
3737 0.5669872981077863 0.4749999999999964 0
3738 0.7834936490539042 0.06250000000000205 0
3739 0.06902269093175478 0.2749999999999738 0
3740 0.859270871885029 0.5812500000000052 0
3741 0.4587341226347318 0.6749999999999928 0
3742 0.1447999137628683 0.7812499999999738 0
3743 0.382956899803591 0.7187499999999875 0
3744 0.3829568998035903 0.7312499999999874 0
3745 0.3937822173508961 0.7249999999999882 0
3746 0.6535898384862386 0.2625000000000005 0
3747 0.6644151560335437 0.2687500000000008 0
3748 0.6644151560335443 0.256250000000001 0
3749 0.6752404735808495 0.2625000000000016 0
3750 0.6752404735808486 0.2750000000000014 0
3751 0.6860657911281545 0.2687500000000023 0
3752 0.6860657911281554 0.2562500000000023 0
3753 0.6968911086754606 0.2625000000000031 0
3754 0.6968911086754596 0.275000000000003 0
3755 0.6968911086754616 0.2500000000000031 0
3756 0.7077164262227656 0.268750000000004 0
3757 0.7077164262227644 0.281250000000004 0
3758 0.6968911086754583 0.287500000000003 0
3759 0.7077164262227633 0.293750000000004 0
3760 0.133974596215582 0.3874999999999756 0
3761 0.1339745962155814 0.3999999999999753 0
3762 0.1231492786682755 0.4062499999999742 0
3763 0.1339745962155797 0.4124999999999753 0
3764 0.880921506979649 0.3687500000000059 0
3765 0.2855290418778559 0.4749999999999832 0
3766 0.2855290418778565 0.4624999999999827 0
3767 0.6644151560335335 0.5562499999999964 0
3768 0.3504809471616842 0.2749999999999915 0
3769 0.3504809471616846 0.2624999999999916 0
3770 0.3396556296143773 0.5812499999999861 0
3771 0.350480947161683 0.5749999999999866 0
3772 0.5886379332023989 0.4874999999999967 0
3773 0.3396556296143698 0.7062499999999851 0
3774 0.328830312067064 0.7124999999999846 0
3775 0.3288303120670646 0.6999999999999846 0
3776 0.3180049945197588 0.7062499999999841 0
3777 0.3180049945197596 0.6937499999999842 0
3778 0.3071796769724537 0.6999999999999836 0
3779 0.3071796769724545 0.6874999999999838 0
3780 0.2963543594251485 0.6937499999999832 0
3781 0.2963543594251491 0.6812499999999833 0
3782 0.2855290418778433 0.6874999999999829 0
3783 0.2855290418778438 0.6749999999999829 0
3784 0.8700961894323312 0.7750000000000057 0
3785 0.1664505488574984 0.1312499999999852 0
3786 0.1881011839520925 0.7312499999999774 0
3787 0.3829568998036076 0.1437499999999952 0
3788 0.3829568998036076 0.1562499999999949 0
3789 0.707716426222756 0.5062500000000013 0
3790 0.7185417437700615 0.5000000000000017 0
3791 0.1556252313101918 0.4249999999999774 0
3792 0.4587341226347379 0.2999999999999948 0
3793 0.7185417437700595 0.5750000000000012 0
3794 0.7293670613173646 0.5812500000000016 0
3795 0.7401923788646703 0.575000000000002 0
3796 0.7401923788646699 0.5875000000000019 0
3797 0.7510176964119756 0.5812500000000023 0
3798 0.7510176964119752 0.5937500000000022 0
3799 0.7618430139592809 0.5875000000000025 0
3800 0.6102885682969971 0.8374999999999991 0
3801 0.5994632507496918 0.8312499999999989 0
3802 0.1447999137628919 0.268749999999977 0
3803 0.155625231310197 0.2749999999999773 0
3804 0.1447999137628916 0.281249999999977 0
3805 0.155625231310197 0.2874999999999776 0
3806 0.3613062647089881 0.5812499999999871 0
3807 0.4479088050874338 0.2312499999999958 0
3808 0.06902269093174801 0.3624999999999734 0
3809 0.7943189666012005 0.4812500000000031 0
3810 0.188101183952094 0.6937499999999772 0
3811 0.1989265014993997 0.687499999999978 0
3812 0.1881011839520943 0.6812499999999776 0
3813 0.1989265014993998 0.674999999999978 0
3814 0.4479088050874343 0.218749999999996 0
3815 0.4370834875401285 0.2249999999999955 0
3816 0.96752404735808 0.8437500000000058 0
3817 0.9675240473580802 0.8562500000000055 0
3818 0.2638784067832465 0.3874999999999826 0
3819 0.2747037243305518 0.3812499999999838 0
3820 0.8267949192431265 0.09999999999999964 0
3821 0.8376202367904326 0.1062499999999988 0
3822 0.696891108675449 0.5749999999999988 0
3823 0.3721315822562959 0.2499999999999923 0
3824 0.9675240473580815 0.6312500000000123 0
3825 0.8159696016958019 0.881250000000013 0
3826 0.8267949192431077 0.8750000000000135 0
3827 0.8267949192431071 0.8875000000000135 0
3828 0.8376202367904131 0.8812500000000142 0
3829 0.8376202367904119 0.8937500000000144 0
3830 0.8484455543377181 0.8875000000000155 0
3831 0.5345113454658705 0.4562499999999953 0
3832 0.3937822173508954 0.7374999999999881 0
3833 0.4046075348982011 0.7312499999999889 0
3834 0.4046075348982003 0.7437499999999888 0
3835 0.4154328524455062 0.7374999999999896 0
3836 0.4154328524455054 0.7499999999999893 0
3837 0.4262581699928112 0.7437499999999901 0
3838 0.4912100752766479 0.6812499999999948 0
3839 0.6319392033916044 0.9249999999999989 0
3840 0.7510176964119807 0.4187500000000017 0
3841 0.7510176964119812 0.4062500000000018 0
3842 0.7618430139592867 0.4000000000000021 0
3843 0.7510176964119816 0.3937500000000019 0
3844 0.761843013959287 0.3875000000000022 0
3845 0.7510176964119821 0.381250000000002 0
3846 0.7618430139592876 0.3750000000000024 0
3847 0.1881011839520946 0.6687499999999778 0
3848 0.8376202367904253 0.4437500000000053 0
3849 0.8267949192431203 0.4375000000000046 0
3850 0.8159696016958141 0.443750000000004 0
3851 0.4046075348981923 0.8937499999999898 0
3852 0.5994632507496976 0.6187499999999934 0
3853 0.480384757729342 0.687499999999994 0
3854 0.3937822173509073 0.2374999999999934 0
3855 0.6427645209389331 0.2437500000000011 0
3856 0.03654673828981186 0.8062499999999599 0
3857 0.7943189666012069 0.2812500000000056 0
3858 0.7943189666012069 0.2937500000000054 0
3859 0.7943189666012066 0.2687500000000053 0
3860 0.8376202367904322 0.09374999999999906 0
3861 0.9675240473580933 0.3312500000000077 0
3862 0.4587341226347204 0.899999999999992 0
3863 0.4046075348981902 0.9562499999999894 0
3864 0.8809215069796534 0.1687500000000069 0
3865 0.7401923788646694 0.6000000000000016 0
3866 0.7510176964119748 0.6062500000000021 0
3867 0.2855290418778546 0.5124999999999822 0
3868 0.2855290418778541 0.524999999999982 0
3869 0.2747037243305481 0.531249999999982 0
3870 0.1881011839520882 0.8312499999999776 0
3871 0.1989265014993925 0.8374999999999797 0
3872 0.1989265014994173 0.1249999999999856 0
3873 0.6102885682970171 0.2000000000000017 0
3874 0.5886379332023864 0.8374999999999988 0
3875 0.469563366365103 0.9562568003485679 0
3876 0.1231492786682589 0.756249999999973 0
3877 0.03644911172245852 0.3062499999999714 0
3878 0.7401923788646664 0.8375000000000071 0
3879 0.7510176964119728 0.8312500000000087 0
3880 0.3937822173509158 0.1124999999999968 0
3881 0.7943189666011992 0.5062500000000019 0
3882 0.534511345465871 0.4437499999999954 0
3883 0.718541743770059 0.5875000000000009 0
3884 0.9133974596215616 0.4625000000000076 0
3885 0.5561619805604813 0.4812499999999959 0
3886 0.6644151560335234 0.8437500000000033 0
3887 0.8700961894323439 0.3875000000000057 0
3888 0.9675240473580945 0.2937500000000082 0
3889 0.9025721420742576 0.3812500000000084 0
3890 0.837620236790426 0.4312500000000055 0
3891 0.5020353928239406 0.899999999999995 0
3892 0.4912100752766352 0.9062499999999942 0
3893 0.2314024541413318 0.3937499999999806 0
3894 0.2422277716886369 0.3999999999999814 0
3895 0.6319392033916071 0.8375000000000008 0
3896 0.7185417437700703 0.2750000000000049 0
3897 0.7834936490539076 0.1500000000000026 0
3898 0.6968911086754492 0.55 0
3899 0.069022690931755 0.2624999999999734 0
3900 0.0581900826113288 0.5062499999999717 0
3901 0.6752404735808391 0.5499999999999969 0
3902 0.913397459621569 0.05000000000000548 0
3903 0.64276452093891 0.9187499999999991 0
3904 0.6535898384862157 0.9249999999999992 0
3905 0.621113885844322 0.2687499999999988 0
3906 0.6102885682970163 0.274999999999998 0
3907 0.6102885682970156 0.2874999999999976 0
3908 0.642764520938912 0.8437500000000019 0
3909 0.5561619805604746 0.7312499999999976 0
3910 0.6319392033916118 0.6749999999999945 0
3911 0.6319392033916119 0.6624999999999945 0
3912 0.6211138858443066 0.668749999999994 0
3913 0.6211138858443068 0.656249999999994 0
3914 0.6102885682970016 0.6624999999999935 0
3915 0.6102885682970015 0.6499999999999936 0
3916 0.5128607103712517 0.7562499999999968 0
3917 0.3829568998036086 0.131249999999996 0
3918 0.5020353928239535 0.6749999999999954 0
3919 0.9675240473580957 0.2562500000000092 0
3920 0.5345113454658623 0.7437499999999974 0
3921 0.5345113454658708 0.4687499999999953 0
3922 0.9566987298107767 0.6375000000000109 0
3923 0.7943189666011982 0.5187500000000022 0
3924 0.8051442841485034 0.5250000000000029 0
3925 0.8809215069796275 0.9187500000000142 0
3926 0.8917468245269318 0.9125000000000132 0
3927 0.8809215069796301 0.9062500000000101 0
3928 0.9025721420742397 0.9187500000000122 0
3929 0.1123239611209556 0.7374999999999724 0
3930 0.9025721420742638 0.04375000000000551 0
3931 0.9133974596215682 0.03750000000000542 0
3932 0.9025721420742632 0.03125000000000655 0
3933 0.2963543594251599 0.5187499999999834 0
3934 0.5994632507497105 0.2812499999999976 0
3935 0.59946325074971 0.2937499999999972 0
3936 0.5886379332024045 0.2874999999999973 0
3937 0.5886379332024042 0.2999999999999969 0
3938 0.5128607103712466 0.8937499999999956 0
3939 0.1014986435736724 0.1562499999999755 0
3940 0.05815736534659677 0.4812499999999723 0
3941 0.5778126156550983 0.293749999999997 0
3942 0.5778126156550984 0.3062499999999965 0
3943 0.5669872981077926 0.2999999999999965 0
3944 0.5669872981077927 0.312499999999996 0
3945 0.3071796769724747 0.06249999999999456 0
3946 0.1772758664047833 0.8249999999999758 0
3947 0.1664505488574774 0.8312499999999746 0
3948 0.6319392033916162 0.5749999999999953 0
3949 0.5561619805604872 0.3062499999999961 0
3950 0.5561619805604872 0.3187499999999955 0
3951 0.7185417437700714 0.2625000000000047 0
3952 0.5236860279185674 0.6124999999999965 0
3953 0.5236860279185666 0.6249999999999962 0
3954 0.5128607103712594 0.5687499999999943 0
3955 0.5236860279185648 0.5624999999999948 0
3956 0.5236860279185647 0.5749999999999945 0
3957 0.523686027918565 0.5499999999999948 0
3958 0.9350480947161689 0.6625000000000061 0
3959 0.6752404735808286 0.850000000000004 0
3960 0.4912100752766396 0.8187499999999922 0
3961 0.5453366630131848 0.225000000000003 0
3962 0.5561619805604904 0.2187500000000036 0
3963 0.5994632507496984 0.6062499999999935 0
3964 0.4912100752766502 0.5687499999999943 0
3965 0.9675240473580959 0.1937500000000064 0
3966 0.5994632507496999 0.5812499999999936 0
3967 0.5994632507497007 0.5687499999999934 0
3968 0.6102885682970056 0.5624999999999938 0
3969 0.599463250749701 0.556249999999994 0
3970 0.058149187096387 0.456249999999972 0
3971 0.4587341226347329 0.5499999999999934 0
3972 0.8484455543377387 0.09999999999999898 0
3973 0.8484455543377386 0.08750000000000036 0
3974 0.7943189666011944 0.7687500000000049 0
3975 0.6319392033916292 0.07500000000000351 0
3976 0.8376202367904149 0.7937500000000044 0
3977 0.956698729810776 0.8625000000000053 0
3978 0.653589838486223 0.6874999999999956 0
3979 0.8592708718850256 0.806250000000005 0
3980 0.5345113454658788 0.2312500000000013 0
3981 0.4587341226347468 0.112500000000003 0
3982 0.4587341226347459 0.125000000000002 0
3983 0.4479088050874407 0.131250000000002 0
3984 0.4587341226347453 0.1375000000000022 0
3985 0.4479088050874398 0.1437500000000024 0
3986 0.4587341226347449 0.1500000000000022 0
3987 0.9025721420742481 0.8312500000000046 0
3988 0.05814860023450191 0.4312499999999729 0
3989 0.4587341226347433 0.4624999999999929 0
3990 0.9133974596215529 0.8375000000000046 0
3991 0.5236860279185664 0.5999999999999958 0
3992 0.4262581699928246 0.4812499999999913 0
3993 0.1881011839521043 0.2187499999999853 0
3994 0.04737205583714654 0.4124999999999718 0
3995 0.9675240473580813 0.8687500000000035 0
3996 0.8051442841485003 0.7750000000000032 0
3997 0.3071796769724592 0.3624999999999898 0
3998 0.967524047358081 0.64375000000001 0
3999 0.9675240473580965 0.0687499999999982 0
4000 0.4587341226347435 0.4499999999999935 0
4001 0.4479088050874392 0.443749999999993 0
4002 0.5994632507496973 0.631249999999994 0
4003 0.2530530892359101 0.8812499999999921 0
4004 0.7293670613173557 0.7312499999999984 0
4005 0.7185417437700509 0.7249999999999973 0
4006 0.7185417437700514 0.7124999999999979 0
4007 0.7401923788646608 0.7374999999999989 0
4008 0.7077164262227464 0.7187499999999971 0
4009 0.7077164262227468 0.7062499999999974 0
4010 0.6968911086754437 0.7124999999999972 0
4011 0.9675240473580877 0.4937500000000095 0
4012 0.9675240473580878 0.5062500000000099 0
4013 0.09067332602636319 0.1374999999999788 0
4014 0.07984800847905749 0.1312499999999794 0
4015 0.5886379332024072 0.06250000000000622 0
4016 0.2963543594251554 0.3687499999999892 0
4017 0.9675240473580848 0.5937500000000124 0
4018 0.5561619805605004 0.05625000000000335 0
4019 0.1123239611209597 0.7249999999999728 0
4020 0.9675240473580896 0.4187500000000092 0
4021 0.9675240473580898 0.4312500000000089 0
4022 0.9566987298107852 0.437500000000009 0
4023 0.9675240473580892 0.4437500000000079 0
4024 0.7834936490538886 0.7625000000000055 0
4025 0.8917468245269422 0.8250000000000051 0
4026 0.9675240473580882 0.4812500000000104 0
4027 0.761843013959271 0.7500000000000007 0
4028 0.112323961120978 0.1624999999999759 0
4029 0.1123239611209754 0.1499999999999774 0
4030 0.4154328524455229 0.3999999999999917 0
4031 0.4262581699928285 0.4062499999999932 0
4032 0.4262581699928294 0.4187499999999921 0
4033 0.4370834875401329 0.4124999999999923 0
4034 0.2638784067832447 0.3499999999999828 0
4035 0.1664505488574942 0.2062499999999839 0
4036 0.3288303120670777 0.437499999999987 0
4037 0.3396556296143825 0.4437499999999876 0
4038 0.4587341226347418 0.4749999999999927 0
4039 0.9675240473580856 0.5812500000000131 0
4040 0.9566987298107819 0.5750000000000118 0
4041 0.9675240473580871 0.5687500000000134 0
4042 0.9675240473580926 0.3437500000000079 0
4043 0.1989265014994172 0.2374999999999835 0
4044 0.3396556296143756 0.3937499999999904 0
4045 0.3396556296143753 0.3812499999999913 0
4046 0.9675240473580935 0.3062500000000081 0
4047 0.1772758664048028 0.2249999999999838 0
4048 0.9675240473580944 0.2687500000000095 0
4049 0.4587341226347451 0.4374999999999936 0
4050 0.1123239611209773 0.6124999999999706 0
4051 0.4046075348982117 0.3937499999999911 0
4052 0.5561619805605003 0.04375000000000367 0
4053 0.5453366630131974 0.03750000000000248 0
4054 0.9675240473580931 0.1812500000000057 0
4055 0.1231492786682697 0.581249999999972 0
4056 0.9675240473580997 0.08124999999999838 0
4057 0.9566987298107955 0.08750000000000052 0
4058 0.9675240473581016 0.09374999999999878 0
4059 0.112323961120977 0.6249999999999726 0
4060 0.09067332602636763 0.5874999999999694 0
4061 0.9025721420742405 0.9687500000000129 0
4062 0.02511758362091643 0.2625430860068693 0
4063 0.02521030362605259 0.2006673212509633 0
4064 0.02538166338432113 0.3000122813108352 0
4065 0.02521300790386105 0.0618408843270008 0
4066 0.02538589888373632 0.3375122813108326 0
4067 0.03654673828982535 0.5812499999999716 0
4068 0.03728929522955615 0.5937499999999716 0
4069 0.04749581532708647 0.5999999999999719 0
4070 0.03669112436143995 0.6062499999999713 0
4071 0.02572142074250761 0.7874999999999601 0
4072 0.02498056328537157 0.9000093405912022 0
4073 0.296354359425128 0.9687499999999858 0
4074 0.2855290418778219 0.9624999999999873 0
4075 0.1233045146650051 0.968481123366409 0
4076 0.03599732096765085 0.9688122033132898 0
4077 0.4695635399718369 0.9687571010442528 0
4078 0.4587341226347156 0.9624999999999901 0
4079 0.2314024541412902 0.9687499999999835 0
4080 0.2422277716885969 0.9624999999999861 0
4081 0.2422277716886005 0.9499999999999862 0
4082 0.253053089235904 0.9562499999999892 0
4083 0.2528732827780444 0.9684385660794536 0
4084 0.1447999137628512 0.9687499999999685 0
4085 0.155625231310157 0.962499999999969 0
4086 0.9458734122634642 0.9687500000000083 0
4087 0.9566987298107711 0.9625000000000028 0
4088 0.3394937267394325 0.03153042400531858 0
4089 0.5776373484499544 0.03155357170422562 0
4090 0.4479088050874515 0.03125000000000294 0
4091 0.9351249392211956 0.9748694407067737 0
4092 0.1880009866267259 0.9685266251270571 0
4093 0.1992821766115529 0.9767824698742545 0
4094 0.902572142074237 0.9062500000000127 0
4095 0.9566987298107776 0.9374999999999984 0
4096 0.9675240473580808 0.943749999999999 0
4097 0.3721315822562924 0.4124999999999912 0
4098 0.9566987298107966 0.1000000000000005 0
4099 0.9675240473581034 0.1062499999999992 0
4100 0.3288303120670459 0.9249999999999863 0
4101 0.6860657911281359 0.8187500000000046 0
4102 0.6860657911281363 0.8062500000000048 0
4103 0.6644151560335448 0.1312500000000029 0
4104 0.6752404735808505 0.137500000000003 0
4105 0.3288303120670473 0.9124999999999864 0
4106 0.06902269093174568 0.5874999999999713 0
4107 0.263848439040232 0.9624480943465679 0
4108 0.2638734121593821 0.9499913490577501 0
4109 0.2633428138053642 0.9767548387712441 0
4110 0.3504809471616563 0.9499999999999884 0
4111 0.3613062647089615 0.9562499999999895 0
4112 0.3614461748544458 0.9685076685195138 0
4113 0.3721549006138498 0.9624596114199094 0
4114 0.9242227771688624 0.6687500000000054 0
4115 0.2638784067832176 0.8749999999999959 0
4116 0.2638784067832218 0.8624999999999886 0
4117 0.3829568998035968 0.3937499999999926 0
4118 0.9783493649053866 0.787500000000006 0
4119 0.3937822173508918 0.8124999999999871 0
4120 0.4046075348981966 0.8187499999999878 0
4121 0.2855290418778308 0.8874999999999856 0
4122 0.2963543594251627 0.1687499999999928 0
4123 0.2963543594251616 0.181249999999993 0
4124 0.5236860279185781 0.1375000000000013 0
4125 0.1123278374861775 0.06250671406145825 0
4126 0.9566987298107843 0.4500000000000091 0
4127 0.9675240473580887 0.456250000000008 0
4128 0.3613062647089882 0.4312499999999903 0
4129 0.7510176964119911 0.1437500000000046 0
4130 0.1231809356507603 0.04380483150204756 0
4131 0.1233375714460707 0.03157613265780962 0
4132 0.4262697397833901 0.04365696208596082 0
4133 0.4262600982912623 0.05623449368099348 0
4134 0.4262581699928409 0.03124999999999939 0
4135 0.9566987298107827 0.5625000000000118 0
4136 0.9675240473580886 0.5562500000000125 0
4137 0.07984800847902734 0.8562499999999643 0
4138 0.2855290418778317 0.8624999999999858 0
4139 0.8376202367904281 0.3812500000000058 0
4140 0.837620236790428 0.3937500000000058 0
4141 0.8484455543377333 0.4000000000000055 0
4142 0.8376202367904283 0.4062500000000057 0
4143 0.4803847577293344 0.8374999999999913 0
4144 0.04751420843754478 0.7749999999999618 0
4145 0.03654673828981447 0.7687499999999602 0
4146 0.9242227771688685 0.3687500000000087 0
4147 0.9133974596215629 0.3625000000000082 0
4148 0.2422273788583835 0.06250068040195605 0
4149 0.05819737338444825 0.143749999999976 0
4150 0.1881011839521107 0.1312499999999838 0
4151 0.9783493649053858 0.6250000000000115 0
4152 0.5453366630131815 0.3124999999999957 0
4153 0.5453366630131812 0.3249999999999955 0
4154 0.6860657911281562 0.2437500000000023 0
4155 0.6968911086754626 0.2375000000000032 0
4156 0.7077164262227673 0.2437500000000041 0
4157 0.7077164262227686 0.2312500000000045 0
4158 0.7185417437700731 0.2375000000000043 0
4159 0.9350480947161721 0.4625000000000098 0
4160 0.2747037243305542 0.1312499999999913 0
4161 0.5453366630131896 0.1250000000000033 0
4162 0.859270871885028 0.5937500000000047 0
4163 0.1664505488575029 0.2687499999999778 0
4164 0.209751819046707 0.6562499999999782 0
4165 0.9458734122634701 0.7687500000000065 0
4166 0.04737205583714549 0.174999999999974 0
4167 0.03596097888556826 0.1687499999999743 0
4168 0.03635867214865873 0.1562499999999751 0
4169 0.6860657911281554 0.1312500000000034 0
4170 0.8267949192431159 0.5000000000000043 0
4171 0.8267949192431147 0.5125000000000044 0
4172 0.6535898384862386 0.08750000000000352 0
4173 0.8809215069796545 0.1562500000000066 0
4174 0.8917468245269595 0.1625000000000064 0
4175 0.5236860279185716 0.2624999999999971 0
4176 0.8376202367904284 0.3687500000000059 0
4177 0.05819737338441699 0.8562499999999623 0
4178 0.04744519398587932 0.8498733210103244 0
4179 0.512860710371247 0.8812499999999958 0
4180 0.523686027918552 0.887499999999996 0
4181 0.07984800847905943 0.243749999999974 0
4182 0.253053089235946 0.08124999999998994 0
4183 0.7510176964119926 0.1562500000000046 0
4184 0.761843013959298 0.1625000000000035 0
4185 0.32883031206707 0.6124999999999852 0
4186 0.3180049945197649 0.6062499999999846 0
4187 0.3180049945197657 0.5937499999999849 0
4188 0.7185417437700741 0.2250000000000041 0
4189 0.9566987298107748 0.7500000000000069 0
4190 0.9675240473580804 0.7437500000000079 0
4191 0.9675240473580805 0.7312500000000064 0
4192 0.8809215069796418 0.5562500000000073 0
4193 0.891746824526948 0.5500000000000077 0
4194 0.2747037243305349 0.7562499999999821 0
4195 0.1772758664048089 0.2499999999999794 0
4196 0.09067332602633327 0.8499999999999654 0
4197 0.09067332602633482 0.8374999999999653 0
4198 0.1447999137628874 0.3937499999999762 0
4199 0.04741674676406238 0.612499999999971 0
4200 0.03657825112291602 0.6187499999999708 0
4201 0.8267949192431212 0.4250000000000049 0
4202 0.6644151560335387 0.36875 0
4203 0.6752404735808439 0.3750000000000002 0
4204 0.6535898384862333 0.3624999999999998 0
4205 0.3721315822562938 0.2999999999999923 0
4206 0.1014986435736733 0.6312499999999697 0
4207 0.1123239611209772 0.6374999999999729 0
4208 0.9025721420742554 0.493750000000009 0
4209 0.9025721420742546 0.5062500000000094 0
4210 0.3613062647089879 0.3062499999999918 0
4211 0.3504809471616827 0.2999999999999912 0
4212 0.6102885682970093 0.5124999999999967 0
4213 0.6211138858443001 0.9062499999999983 0
4214 0.6102885682969951 0.8999999999999977 0
4215 0.3396556296143908 0.06874999999999359 0
4216 0.328830312067086 0.06249999999999373 0
4217 0.3180049945197583 0.7187499999999839 0
4218 0.3180049945197763 0.1437499999999923 0
4219 0.3071796769724706 0.149999999999992 0
4220 0.2747037243305521 0.3937499999999829 0
4221 0.2530530892359387 0.4937499999999811 0
4222 0.1881011839520718 0.9437499999999788 0
4223 0.1772758664047664 0.9499999999999755 0
4224 0.3288303120670822 0.1249999999999927 0
4225 0.7293670613173665 0.5187500000000022 0
4226 0.9350480947161841 0.1000000000000036 0
4227 0.9242227771688788 0.1062500000000043 0
4228 0.9133974596215731 0.1000000000000054 0
4229 0.1881011839521051 0.5062499999999776 0
4230 0.1881011839521047 0.5187499999999774 0
4231 0.1772758664047991 0.5249999999999768 0
4232 0.5020353928239565 0.6249999999999956 0
4233 0.5994632507497035 0.4687499999999976 0
4234 0.6102885682970092 0.4624999999999979 0
4235 0.7077164262227564 0.4937500000000012 0
4236 0.44790880508744 0.4312499999999931 0
4237 0.4587341226347426 0.4249999999999929 0
4238 0.5994632507497063 0.3687499999999979 0
4239 0.4046075348982103 0.2937499999999937 0
4240 0.2205771365940069 0.7749999999999792 0
4241 0.7726683315065904 0.4562500000000034 0
4242 0.7834936490538954 0.4625000000000035 0
4243 0.5886379332023893 0.7499999999999993 0
4244 0.5994632507496955 0.7437499999999998 0
4245 0.4046075348982149 0.4812499999999899 0
4246 0.2963543594251496 0.6687499999999834 0
4247 0.3504809471616694 0.8124999999999876 0
4248 0.3504809471616699 0.7999999999999878 0
4249 0.1231492786682744 0.4187499999999745 0
4250 0.1339745962155783 0.4249999999999757 0
4251 0.318004994519765 0.3562499999999906 0
4252 0.3180049945197657 0.3687499999999901 0
4253 0.5886379332023867 0.8249999999999988 0
4254 0.177275866404808 0.2999999999999791 0
4255 0.631939203391622 0.387499999999999 0
4256 0.2963543594251604 0.4937499999999845 0
4257 0.2422277716886393 0.3124999999999815 0
4258 0.2530530892359449 0.3062499999999819 0
4259 0.2638784067832481 0.3124999999999833 0
4260 0.2638784067832498 0.2999999999999824 0
4261 0.2530530892359454 0.2937499999999819 0
4262 0.2638784067832509 0.2874999999999823 0
4263 0.2530530892359458 0.2812499999999819 0
4264 0.2638784067832513 0.2749999999999823 0
4265 0.2530530892359461 0.2687499999999819 0
4266 0.2638784067832515 0.2624999999999822 0
4267 0.2747037243305541 0.2937499999999849 0
4268 0.2747037243305568 0.2687499999999824 0
4269 0.2530530892359462 0.2562499999999821 0
4270 0.2422277716886407 0.2624999999999819 0
4271 0.274703724330538 0.6812499999999823 0
4272 0.2747037243305385 0.6687499999999824 0
4273 0.4587341226347348 0.3499999999999938 0
4274 0.6427645209389278 0.3687499999999995 0
4275 0.6427645209389283 0.3562499999999993 0
4276 0.2314024541413289 0.1687499999999882 0
4277 0.2422277716886342 0.1749999999999892 0
4278 0.177275866404792 0.637499999999976 0
4279 0.4479088050874157 0.8937499999999914 0
4280 0.4370834875401097 0.8999999999999903 0
4281 0.447908805087426 0.6812499999999919 0
4282 0.8051442841485121 0.3000000000000055 0
4283 0.09067332602636058 0.3499999999999748 0
4284 0.1014986435736666 0.3437499999999761 0
4285 0.2422277716886407 0.2499999999999826 0
4286 0.3504809471616758 0.6999999999999857 0
4287 0.6102885682970225 0.07500000000000762 0
4288 0.7726683315065984 0.05625000000000258 0
4289 0.7834936490539035 0.05000000000000332 0
4290 0.859270871885026 0.7437500000000059 0
4291 0.8592708718850264 0.731250000000006 0
4292 0.848445554337723 0.5875000000000044 0
4293 0.5778126156550811 0.8312499999999985 0
4294 0.2205771365940286 0.1124999999999886 0
4295 0.9566987298107746 0.8125000000000058 0
4296 0.96752404735808 0.8187500000000052 0
4297 0.2855290418778621 0.08749999999999181 0
4298 0.7943189666012079 0.2312500000000044 0
4299 0.7943189666012073 0.2437500000000046 0
4300 0.4803847577293646 0.0500000000000046 0
4301 0.4804020649853992 0.03747002295321317 0
4302 0.4695623247247322 0.03124500382553974 0
4303 0.1339745962155638 0.7624999999999734 0
4304 0.7726683315065748 0.9437500000000086 0
4305 0.7834936490538797 0.9500000000000125 0
4306 0.8484455543377325 0.4125000000000061 0
4307 0.9675240473580833 0.6687500000000068 0
4308 0.9675240473580844 0.6812500000000066 0
4309 0.9242227771688621 0.6562500000000062 0
4310 0.8917468245269424 0.6625000000000062 0
4311 0.6968911086754389 0.9125000000000016 0
4312 0.6860657911281334 0.9187500000000011 0
4313 0.9025721420742476 0.656250000000007 0
4314 0.7834936490539015 0.2750000000000047 0
4315 0.7943189666012066 0.3062500000000051 0
4316 0.3180049945197829 0.04374999999999474 0
4317 0.8592708718850258 0.7562500000000058 0
4318 0.4262581699928105 0.7562499999999901 0
4319 0.4370834875401157 0.7499999999999913 0
4320 0.4046075348981996 0.7562499999999887 0
4321 0.458734122634741 0.2124999999999972 0
4322 0.2205771365940256 0.3749999999999797 0
4323 0.2097518190467201 0.3687499999999789 0
4324 0.5345113454658721 0.4187499999999955 0
4325 0.7510176964119827 0.3687500000000021 0
4326 0.2530530892359386 0.1937499999999893 0
4327 0.2314024541413359 0.2562499999999824 0
4328 0.3721315822562966 0.2374999999999925 0
4329 0.7834936490538846 0.8875000000000096 0
4330 0.1772758664047894 0.6749999999999768 0
4331 0.6319392033916139 0.6874999999999956 0
4332 0.4695594401820242 0.9312499999999923 0
4333 0.4803847577293296 0.9249999999999929 0
4334 0.3721315822563024 0.1499999999999946 0
4335 0.3721315822563018 0.1624999999999941 0
4336 0.8051442841484959 0.8875000000000117 0
4337 0.04737205583714166 0.08749999999997671 0
4338 0.03537653251435269 0.0939492941591632 0
4339 0.6102885682970161 0.2624999999999991 0
4340 0.4587341226347378 0.3124999999999944 0
4341 0.6968911086754572 0.3000000000000028 0
4342 0.7077164262227622 0.3062500000000038 0
4343 0.6860657911281525 0.293750000000002 0
4344 0.7185417437700685 0.3000000000000048 0
4345 0.3829568998036065 0.1687499999999947 0
4346 0.05819737338444936 0.2437499999999732 0
4347 0.04764193733976424 0.2374999999999734 0
4348 0.7510176964119707 0.8437500000000088 0
4349 0.7618430139592764 0.8375000000000097 0
4350 0.621113885844315 0.4812499999999973 0
4351 0.6319392033916202 0.4874999999999976 0
4352 0.5020353928239449 0.7999999999999949 0
4353 0.4370834875401294 0.2124999999999959 0
4354 0.4262581699928237 0.2187499999999954 0
4355 0.426258169992823 0.2312499999999952 0
4356 0.415432852445518 0.224999999999995 0
4357 0.6752404735808337 0.6999999999999957 0
4358 0.8484455543377161 0.9000000000000156 0
4359 0.8592708718850219 0.8937500000000159 0
4360 0.6644151560335337 0.5437499999999971 0
4361 0.2855290418778551 0.1874999999999924 0
4362 0.2963543594251606 0.1937499999999927 0
4363 0.3071796769724666 0.1874999999999936 0
4364 0.3071796769724665 0.199999999999993 0
4365 0.3180049945197721 0.1937499999999936 0
4366 0.631939203391607 0.8500000000000005 0
4367 0.6752404735808264 0.9499999999999998 0
4368 0.6750701944462293 0.9628327141149526 0
4369 0.6752404735808274 0.9374999999999997 0
4370 0.6427645209389228 0.5562499999999976 0
4371 0.4587341226347342 0.5624999999999941 0
4372 0.4262581699928303 0.1312499999999983 0
4373 0.4154328524455258 0.1249999999999964 0
4374 0.5128607103712663 0.2312499999999983 0
4375 0.502035392823961 0.224999999999998 0
4376 0.6102885682970062 0.5499999999999942 0
4377 0.5994632507497014 0.5437499999999948 0
4378 0.1447999137628511 0.943749999999969 0
4379 0.4479088050874394 0.1562500000000019 0
4380 0.5886379332023937 0.6124999999999947 0
4381 0.5561619805604898 0.231250000000002 0
4382 0.6319392033916302 0.1750000000000084 0
4383 0.6427645209389364 0.1812500000000078 0
4384 0.6535898384862415 0.1750000000000084 0
4385 0.7293670613173584 0.743749999999997 0
4386 0.5994632507496976 0.6562499999999944 0
4387 0.6319392033916308 0.1125000000000058 0
4388 0.6319392033916309 0.1250000000000062 0
4389 0.6102885682970168 0.1875000000000036 0
4390 0.5994632507497124 0.1937500000000043 0
4391 0.2422277716886033 0.8874999999999887 0
4392 0.9025721420742481 0.8437500000000044 0
4393 0.4803847577293572 0.1124999999999997 0
4394 0.6211138858443294 0.09375000000000755 0
4395 0.2638784067832164 0.8874999999999913 0
4396 0.4695594401820464 0.4562499999999933 0
4397 0.2855290418778516 0.3624999999999885 0
4398 0.9783493649053955 0.3375000000000045 0
4399 0.3396556296143777 0.4187499999999902 0
4400 0.2747037243305467 0.3312499999999871 0
4401 0.9783493649053963 0.3000000000000049 0
4402 0.3288303120670724 0.3874999999999887 0
4403 0.2205771365940254 0.2374999999999868 0
4404 0.9783493649053977 0.2625000000000058 0
4405 0.7291659853363204 0.03159827381537439 0
4406 0.4044032443382048 0.9683961583705901 0
4407 0.39374816892422 0.9624410263950883 0
4408 0.6425525824931877 0.9683829118439305 0
4409 0.4261166999917589 0.9685049667704398 0
4410 0.4370599092065992 0.9624591611283984 0
4411 0.5559424150367229 0.03163029864277855 0
4412 0.880703653996312 0.03162733243572735 0
4413 0.3177906850938841 0.03162119481419423 0
4414 0.3069648570847339 0.02548330315612185 0
4415 0.2099256049472049 0.0315518112157418 0
4416 0.1989554155420463 0.03755038894661156 0
4417 0.404403244338243 0.03160384162939822 0
4418 0.3937675460943432 0.02517714588112258 0
4419 0.5450012778605011 0.02546735970166691 0
4420 0.8698006690497384 0.02547808370613458 0
4421 0.6523984854698137 0.9766013886891234 0
4422 0.3937702607010955 0.9748709086755518 0
4423 0.3068104213844624 0.9749079189279064 0
4424 0.891812574311005 0.9749307988220601 0
4425 0.8807146122936329 0.9683611340346276 0
4426 0.9031484627784072 0.9805306512237488 0
4427 0.2956036292254591 0.9812424439047106 0
4428 0.3276693484623069 0.9769253567297393 0
4429 0.340220803358429 0.9808676251532327 0
4430 0.5882832432043883 0.02328463590316482 0
4431 0.1993432867015028 0.02324086745147569 0
4432 0.1881011839521184 0.03124999999997996 0
4433 0.3731213574266986 0.9766530228601095 0
4434 0.3503412004492 0.02327468633168939 0
4435 0.9132918335292155 0.9740471377449649 0
4436 0.739251045197672 0.9769855399056262 0
4437 0.7505516325226647 0.9800843482847259 0
4438 0.02572142074253314 0.2749999999999699 0
4439 0.0257214207425302 0.3124999999999706 0
4440 0.02541310679410891 0.07499625644680596 0
4441 0.02572142074252698 0.349999999999968 0
4442 0.02480034072603732 0.2483138552359361 0
4443 0.02572142074253386 0.187499999999973 0
4444 0.02527166681907111 0.9126446750269532 0
4445 0.02354383931053405 0.8868509348075074 0
4446 0.02537856843608055 0.4249999999999704 0
4447 0.0254169309673189 0.4124714134079979 0
4448 0.02391922769788957 0.4499999999999758 0
4449 0.02392304717130334 0.4749999999999751 0
4450 0.0244792573317768 0.4999999999999755 0
4451 0.02442158522117355 0.3749332773105028 0
4452 0.02525125723532795 0.124999999999984 0
4453 0.0250824570769978 0.1374999999999848 0
4454 0.02533709082183266 0.1125255316413591 0
4455 0.02494060790449348 0.5249999999999788 0
4456 0.02514323218882869 0.5499999999999787 0
4457 0.02469944848092526 0.5629883468782994 0
4458 0.02535377695593749 0.5992219217705936 0
4459 0.02447293677665779 0.1624999999999802 0
4460 0.02518383694051218 0.9501253365255288 0
4461 0.02530871025950032 0.9376185001570303 0
4462 0.4371952396987809 0.9767750200738168 0
4463 0.7623720083723291 0.02289084722261658 0
4464 0.7726683315065995 0.03125000000000305 0
4465 0.7508948405024896 0.01956494938637643 0
4466 0.1124779930975397 0.02378768063330539 0
4467 0.9131957800785357 0.02583297079233982 0
4468 0.9243187010502221 0.03161319337078139 0
4469 0.903103891223904 0.01959664371199588 0
4470 0.0473720558370998 0.9749999999999639 0
4471 0.05818363505550905 0.9687551551848002 0
4472 0.05784119081316064 0.9812599062232021 0
4473 0.06870830383697041 0.9749225956124837 0
4474 0.4587341226347142 0.9749999999999898 0
4475 0.2206020016919688 0.9747945979982012 0
4476 0.2313513235432135 0.98105902184644 0
4477 0.2424884162369076 0.02490071739656285 0
4478 0.2315815499130794 0.0188990333947574 0
4479 0.2546254833817541 0.01876365787338291 0
4480 0.9566512363759001 0.9753146033151137 0
4481 0.9675161317855974 0.9688024338858532 0
4482 0.9679637803383675 0.9813847139631428 0
4483 0.9787724539567377 0.9751254926558379 0
4484 0.4805671709694602 0.9752684397963416 0
4485 0.480566407545007 0.0247328824936448 0
4486 0.4695594401820596 0.01875000000000526 0
4487 0.4918363895353818 0.01866981753724373 0
4488 0.1556847330901416 0.9751943556860242 0
4489 0.1664604658207922 0.9687823926143135 0
4490 0.1447106604135376 0.981243387076002 0
4491 0.01303658456210632 0.343785161977807 0
4492 0.01300510864467297 0.2687879518908727 0
4493 0.01293525456620637 0.9063011577969777 0
4494 0.01303531979783229 0.3062872088629527 0
4495 0.01306038092617007 0.9438675772365275 0
4496 0.02407508517237344 0.9632733342978925 0
4497 0.02547160364076717 0.9775003419465944 0
4498 0.01343039168731991 0.9720128846988486 0
4499 0.01285816392446887 0.06864812990835667 0
4500 0.0233486695977721 0.08777299207201461 0
4501 0.01261009954199044 0.1437499999999914 0
4502 0.0119893900747034 0.5694518171347723 0
4503 0.02471457569853891 0.5773296293380443 0
4504 0.02331337536345002 0.287526577759239 0
4505 0.01331995672302394 0.1187521710579368 0
4506 0.0233137355249633 0.3250265777592376 0
4507 0.02324122323409805 0.3624943263018889 0
4508 0.01250376098876743 0.5437499999999892 0
4509 0.02414969824703922 0.9257966663113898 0
4510 0.036225323639688 0.9193073981513709 0
4511 0.01286906603367355 0.1938612202084839 0
4512 0.02324558986295067 0.1749999999999787 0
4513 0.01304279540045161 0.4187404493728001 0
4514 0.02333235312820925 0.399720888676296 0
4515 0.02309467898736783 0.4374999999999749 0
4516 0.1670351834559175 0.981225169195214 0
4517 0.01200977265376513 0.2069384444688722 0
4518 0.02332299017697437 0.2156648211815946 0
4519 0.0281511239910488 0.2278294233851626 0
4520 0.01200840634853173 0.05556448148025622 0
4521 0.02333965531298188 0.04685501752081572 0
4522 0.02806960640048617 0.03453744853420038 0
4523 0.04152366970330185 0.03037831704687016 0
4524 0.03062317311005275 0.0223855573729389 0
4525 0.01891676965089689 0.02558239423525849 0
4526 0.01242028550315133 0.256018436033539 0
4527 0.01220866264602427 0.8936422178994842 0
4528 0.02233342456224835 0.8738870045270085 0
4529 0.03509250653803031 0.8785088249939836 0
4530 0.03145829342235562 0.8657358026282673 0
4531 0.94546734078669 0.9811908553448987 0
4532 0.01231649492507292 0.9314249895900245 0
4533 0.01218508977722282 0.2937655436280383 0
4534 0.01218606651475651 0.3312652024805133 0
4535 0.9330194003393406 0.9882577484111806 0
4536 0.0245923873869327 0.5374999999999803 0
4537 0.0124927659624689 0.5187499999999887 0
4538 0.01179564830271285 0.3687215868764758 0
4539 0.01169630686057532 0.4437499999999891 0
4540 0.02377079397963744 0.4624999999999801 0
4541 0.01187476213847738 0.4687499999999891 0
4542 0.02340770236085576 0.4874999999999768 0
4543 0.01172718977693626 0.4937499999999942 0
4544 0.02459177574862997 0.5124999999999789 0
4545 0.0116796361838184 0.1687499999999955 0
4546 0.02463981822250361 0.1499999999999834 0
4547 0.01129345016310312 0.09390218747824597 0
4548 0.01144059661409058 0.3935804455875412 0
4549 0.01106696627229137 0.8685663279832859 0
4550 0.4912409901016991 0.03124229118421851 0
4551 0.8592708718850245 0.8812500000000152 0
4552 0.8700961894323287 0.8875000000000182 0
4553 0.9133974596215477 0.9125000000000089 0
4554 0.07984800847905194 0.5812499999999708 0
4555 0.9458734122634719 0.9312500000000002 0
4556 0.8376202367904151 0.8687500000000096 0
4557 0.815969601695805 0.8562500000000073 0
4558 0.7943189666011947 0.8437500000000109 0
4559 0.7834936490538874 0.8375000000000095 0
4560 0.9133974596215479 0.9000000000000079 0
4561 0.9242227771688571 0.9187500000000064 0
4562 0.05822544845392708 0.6062499999999698 0
4563 0.7510176964119744 0.8187500000000044 0
4564 0.8700961894323311 0.8750000000000154 0
4565 0.956698729810799 0.1124999999999999 0
4566 0.9675240473581006 0.1187500000000019 0
4567 0.2747037243305112 0.9687499999999962 0
4568 0.8809215069796525 0.05625000000000036 0
4569 0.3937822173509031 0.3874999999999921 0
4570 0.393782217350903 0.3749999999999927 0
4571 0.04738475646380519 0.6249999999999698 0
4572 0.0365541071997848 0.6312499999999703 0
4573 0.02572790103302758 0.6249999999999696 0
4574 0.02526815176218106 0.6374999999999733 0
4575 0.03647242161142639 0.6437499999999713 0
4576 0.02508520774859302 0.6499999999999795 0
4577 0.03642831667776719 0.6562499999999725 0
4578 0.02512548480098514 0.6624999999999808 0
4579 0.0364276786975547 0.6687499999999729 0
4580 0.02513209131301364 0.6749999999999811 0
4581 0.03642867345285583 0.6812499999999729 0
4582 0.02504889380095338 0.6874963362238846 0
4583 0.03641497299339447 0.6937493893706236 0
4584 0.02505082185638263 0.6999525378160778 0
4585 0.0364130109260542 0.7062419878644308 0
4586 0.02551273921448938 0.71244766827317 0
4587 0.03654673828980887 0.7187499999999709 0
4588 0.04732780706042794 0.6999985628724871 0
4589 0.02523894637462981 0.7249912780455059 0
4590 0.03646632589516141 0.7312485463408939 0
4591 0.02517991216887711 0.7374983040643823 0
4592 0.03644308479509228 0.7437494750675261 0
4593 0.02518598172661707 0.7505583174142602 0
4594 0.04734137818888828 0.7374996702347185 0
4595 0.01300913268385767 0.6312499999999839 0
4596 0.0129016607303476 0.718696738379545 0
4597 0.01250078067277127 0.6562499999999908 0
4598 0.01248948358715574 0.6812457255945452 0
4599 0.01291198926777681 0.743842770246433 0
4600 0.0121593575424887 0.7570670464530265 0
4601 0.02479848323195111 0.7649023854913475 0
4602 0.01288652747177765 0.6187499999999848 0
4603 0.01259829780597682 0.706220826968701 0
4604 0.04733247563640819 0.6624999999999692 0
4605 0.9458734122634682 0.9437500000000022 0
4606 0.7726683315065769 0.7562500000000023 0
4607 0.7618430139592731 0.7625000000000001 0
4608 0.9784185604851969 0.9625296544236155 0
4609 0.8484455543377386 0.112499999999999 0
4610 0.8592708718850448 0.1062499999999993 0
4611 0.3396556296143538 0.9187499999999856 0
4612 0.3396556296143524 0.9312499999999863 0
4613 0.0473496673132931 0.7499998575503519 0
4614 0.9783493649053872 0.6125000000000111 0
4615 0.7834936490538857 0.7500000000000042 0
4616 0.6752404735808345 0.7750000000000021 0
4617 0.6860657911281389 0.7812500000000028 0
4618 0.9783493649053869 0.7375000000000056 0
4619 0.9783493649053858 0.7500000000000073 0
4620 0.1881108915837982 0.04376686550390491 0
4621 0.9566987298107948 0.125000000000005 0
4622 0.9675240473580969 0.1312500000000046 0
4623 0.9675240473580927 0.1437500000000081 0
4624 0.6427645209389368 0.1312500000000071 0
4625 0.3071796769724391 0.8999999999999868 0
4626 0.5886379332023921 0.724999999999998 0
4627 0.9350480947161642 0.9125000000000032 0
4628 0.3504809471616629 0.9124999999999861 0
4629 0.7834936490538849 0.7250000000000039 0
4630 0.1340112545089648 0.0375634940266294 0
4631 0.1339745962155857 0.02499999999997765 0
4632 0.1448060234784548 0.03126058233775342 0
4633 0.14471021503783 0.01876182303221186 0
4634 0.1557728752127653 0.02469370040304564 0
4635 0.1672032932507099 0.01854789062585216 0
4636 0.1667179799492348 0.03100144149685879 0
4637 0.0473720558371396 0.1374999999999764 0
4638 0.9783493649053862 0.8625000000000035 0
4639 0.7077164262227698 0.2187500000000041 0
4640 0.9783493649053903 0.5875000000000115 0
4641 0.8592708718850448 0.1187499999999992 0
4642 0.9133974596215542 0.6750000000000066 0
4643 0.2422277716886138 0.8499999999999844 0
4644 0.2314024541413078 0.8437499999999848 0
4645 0.7401923788646857 0.1500000000000046 0
4646 0.9133974596215542 0.6625000000000072 0
4647 0.4695594401820506 0.1437500000000015 0
4648 0.9783493649053903 0.6750000000000034 0
4649 0.9566987298107833 0.5500000000000119 0
4650 0.9675240473580895 0.5437500000000119 0
4651 0.9566987298107845 0.5375000000000123 0
4652 0.9675240473580909 0.5312500000000109 0
4653 0.9566987298107856 0.5250000000000123 0
4654 0.1339775600533923 0.0500051335176448 0
4655 0.1339750901885543 0.06250085558625962 0
4656 0.5778126156550855 0.7187499999999987 0
4657 0.7510176964119932 0.1687500000000045 0
4658 0.7618430139592981 0.1750000000000037 0
4659 0.6968911086754415 0.812500000000005 0
4660 0.696891108675442 0.800000000000004 0
4661 0.4695594401820287 0.8437499999999918 0
4662 0.4587341226347234 0.8374999999999911 0
4663 0.1556252313101555 0.9499999999999693 0
4664 0.9133974596215616 0.4750000000000089 0
4665 0.3829568998035775 0.9687499999999867 0
4666 0.3829551114587306 0.9562334396358253 0
4667 0.4912100752766616 0.1437499999999987 0
4668 0.8376202367904332 0.1187500000000021 0
4669 0.9675240473580892 0.518750000000009 0
4670 0.9458734122634783 0.4562500000000096 0
4671 0.8592708718850178 0.9562500000000143 0
4672 0.8487046286147599 0.9630582274842432 0
4673 0.8376634158365809 0.9563430379140523 0
4674 0.8596352267663847 0.9690061076476726 0
4675 0.8376202367904066 0.9687500000000142 0
4676 0.8268021157507968 0.9625155063190214 0
4677 0.8271975098206781 0.9748904168983243 0
4678 0.8160378995433415 0.9687403244867309 0
4679 0.815982184088335 0.9562509718009697 0
4680 0.8051577641885042 0.9624985493812963 0
4681 0.8052632200679906 0.9751987732829706 0
4682 0.7943410359277713 0.9687828871107258 0
4683 0.7943529459802423 0.9811345727623393 0
4684 0.7836686100635613 0.9746993818217298 0
4685 0.7824043834246688 0.9879916125363896 0
4686 0.8167470593179907 0.981212687814832 0
4687 0.7835264874432581 0.9624553781554217 0
4688 0.7728685842984904 0.9684055985057375 0
4689 0.8051442841484875 0.9500000000000183 0
4690 0.8268054122341689 0.9500182526723475 0
4691 0.9566987298107839 0.4625000000000092 0
4692 0.1989328881710162 0.05001129615241329 0
4693 0.9566987298107887 0.2250000000000054 0
4694 0.9675240473580926 0.2187500000000044 0
4695 0.06896800336110587 0.9624879584661921 0
4696 0.07957921091202697 0.9683760639821429 0
4697 0.07979409428941897 0.9561856704080345 0
4698 0.3721315822562813 0.7999999999999887 0
4699 0.9783493649053925 0.5625000000000087 0
4700 0.8267949192431221 0.4000000000000056 0
4701 0.06902269093174845 0.3749999999999716 0
4702 0.9025721420742567 0.3687500000000087 0
4703 0.6860657911281571 0.2312500000000023 0
4704 0.1123246071818419 0.07500111901022705 0
4705 0.6968911086754419 0.8250000000000042 0
4706 0.4143994827091794 0.9766040872802131 0
4707 0.2963543594251372 0.8562499999999857 0
4708 0.6102885682970033 0.6749999999999947 0
4709 0.848445554337722 0.6000000000000034 0
4710 0.9458734122634896 0.09375000000000233 0
4711 0.2314024541412966 0.9437499999999831 0
4712 0.2422277716886026 0.9374999999999853 0
4713 0.945873412263476 0.5687500000000101 0
4714 0.7510176964119896 0.1312500000000036 0
4715 0.9242227771688691 0.3562500000000087 0
4716 0.9133974596215639 0.3500000000000083 0
4717 0.3937822173509203 0.06249999999999745 0
4718 0.09061954073355771 0.9624269557316766 0
4719 0.08957811999058735 0.9766121175321012 0
4720 0.1011599615917765 0.9687515830368398 0
4721 0.9133974596215733 0.1125000000000051 0
4722 0.7943189666011981 0.5312500000000034 0
4723 0.1447999137628852 0.4187499999999765 0
4724 0.1447999137628827 0.4312499999999769 0
4725 0.1339745962155763 0.437499999999976 0
4726 0.1447999137628798 0.4437499999999774 0
4727 0.1339745962155753 0.4499999999999753 0
4728 0.05818965674816057 0.5187499999999716 0
4729 0.3180049945197733 0.1812499999999932 0
4730 0.3288303120670785 0.1874999999999933 0
4731 0.2097527137421031 0.05625217670749216 0
4732 0.2205771365940355 0.06249999999998612 0
4733 0.4154007323172949 0.03754346728589186 0
4734 0.4144151041196084 0.02336711758497428 0
4735 0.166450548857477 0.8187499999999746 0
4736 0.9133974596215481 0.9250000000000098 0
4737 0.04734239314704558 0.7124984251227988 0
4738 0.3180049945197723 0.4312499999999854 0
4739 0.7834936490538851 0.7375000000000038 0
4740 0.8267949192431276 0.1250000000000031 0
4741 0.8159696016958209 0.1312500000000016 0
4742 0.945873412263484 0.2312500000000067 0
4743 0.9350480947161794 0.2375000000000082 0
4744 0.7618430139592952 0.1250000000000033 0
4745 0.7401923788646835 0.1250000000000031 0
4746 0.9458734122634789 0.4437500000000092 0
4747 0.5994632507497145 0.06875000000000697 0
4748 0.5886379332024082 0.07500000000000617 0
4749 0.5236860279185783 0.1250000000000007 0
4750 0.7293670613173783 0.1562500000000024 0
4751 0.9242227771688744 0.2562500000000076 0
4752 0.3937822173508906 0.8249999999999877 0
4753 0.4046075348981951 0.8312499999999886 0
4754 0.4154328524455016 0.8249999999999891 0
4755 0.4154328524455003 0.8374999999999895 0
4756 0.4262581699928063 0.8312499999999903 0
4757 0.4046075348981943 0.8437499999999898 0
4758 0.0906733260263316 0.8624999999999657 0
4759 0.4262581699928049 0.8437499999999902 0
4760 0.4370834875401113 0.8374999999999911 0
4761 0.9458734122634705 0.856250000000006 0
4762 0.9350480947161648 0.8500000000000054 0
4763 0.0362946087182372 0.406218047640667 0
4764 0.4370834875401127 0.8249999999999913 0
4765 0.1664505488575028 0.2937499999999786 0
4766 0.8700961894323335 0.600000000000006 0
4767 0.664415156033523 0.9312499999999995 0
4768 0.5778126156551029 0.05625000000000602 0
4769 0.9783493649053865 0.7750000000000061 0
4770 0.9133974596215525 0.6875000000000072 0
4771 0.4370834875401343 0.15 0
4772 0.9350480947161677 0.6000000000000099 0
4773 0.04720116708172883 0.9127654948849704 0
4774 0.9350480947161619 0.9250000000000071 0
4775 0.8700961894323462 0.2125000000000064 0
4776 0.4695594401820208 0.9812499999999914 0
4777 0.4920318137906571 0.9813152236910986 0
4778 0.4913139188128209 0.9689298622807101 0
4779 0.04736301464683779 0.6374999999999689 0
4780 0.0582210654844974 0.7687499999999643 0
4781 0.1014986435736397 0.8437499999999675 0
4782 0.9675240473580944 0.05624999999999836 0
4783 0.9675240473580922 0.04374999999999851 0
4784 0.9566987298107873 0.03749999999999959 0
4785 0.9675240473580916 0.03124999999999878 0
4786 0.9783493649053983 0.06249999999999839 0
4787 0.9566559936383305 0.02480540434255252 0
4788 0.9458662895680726 0.03121756739042569 0
4789 0.9676785139305433 0.0188768737768904 0
4790 0.9448354484497717 0.01860571424322582 0
4791 0.8159734475930631 0.9437532040788951 0
4792 0.7391998107316644 0.02322050822921784 0
4793 0.4370838089232126 0.06249741561350031 0
4794 0.9350480947161683 0.5875000000000097 0
4795 0.7618430139592945 0.1125000000000028 0
4796 0.783493649053886 0.7000000000000042 0
4797 0.7834936490538869 0.6875000000000044 0
4798 0.7943189666011932 0.6812500000000048 0
4799 0.7834936490538877 0.6750000000000047 0
4800 0.7943189666011936 0.6687500000000051 0
4801 0.7834936490538883 0.6625000000000046 0
4802 0.7726683315065825 0.6687500000000041 0
4803 0.7943189666011941 0.6562500000000051 0
4804 0.8051442841484994 0.6625000000000056 0
4805 0.8051442841485 0.6500000000000059 0
4806 0.8159696016958051 0.6562500000000064 0
4807 0.3071796769724685 0.437499999999985 0
4808 0.7726683315066 0.1062500000000023 0
4809 0.63193920339162 0.4999999999999976 0
4810 0.9025721420742556 0.4812500000000081 0
4811 0.1881011839520961 0.6562499999999769 0
4812 0.9350480947161747 0.362500000000009 0
4813 0.9458734122634803 0.3687500000000095 0
4814 0.9566987298107865 0.36250000000001 0
4815 0.9566987298107859 0.37500000000001 0
4816 0.9675240473580905 0.3687500000000105 0
4817 0.9675240473580884 0.3812500000000096 0
4818 0.9675240473580904 0.3562500000000087 0
4819 0.4046075348982198 0.1312499999999959 0
4820 0.1557036721740417 0.03740379419442763 0
4821 0.9783493649053918 0.4875000000000068 0
4822 0.7293670613173506 0.9687500000000038 0
4823 0.1664505488575025 0.281249999999978 0
4824 0.6102885682969945 0.9124999999999976 0
4825 0.2855290418778535 0.5374999999999823 0
4826 0.9675240473580888 0.4687500000000094 0
4827 0.9566987298107836 0.4750000000000096 0
4828 0.361306264709004 0.03124999999999373 0
4829 0.04734859704829175 0.7249994402830545 0
4830 0.05818835064491967 0.7312498517529408 0
4831 0.2855290418778599 0.1374999999999915 0
4832 0.03566073691337013 0.1063855533202601 0
4833 0.6644151560335451 0.08125000000000332 0
4834 0.04709139345246743 0.3999555558089441 0
4835 0.05813047024641355 0.3937398681249782 0
4836 0.4803847577293633 0.06250000000000594 0
4837 0.4912107140423817 0.06875110637467702 0
4838 0.4912101817376196 0.08125018439578424 0
4839 0.5020361557941309 0.07500132150308286 0
4840 0.5128614762986864 0.06875132662518552 0
4841 0.6427645209389343 0.04375000000000295 0
4842 0.6535898384862401 0.03750000000000309 0
4843 0.6425525824932108 0.03161708815607173 0
4844 0.6315770746396795 0.02514915577330074 0
4845 0.6523984854698313 0.02339861131087878 0
4846 0.664415156033545 0.03125000000000167 0
4847 0.6210535310523301 0.03127485929555407 0
4848 0.620434523031447 0.01876305891428587 0
4849 0.772668331506583 0.656250000000004 0
4850 0.1123239611209543 0.749999999999972 0
4851 0.1123239611209531 0.7624999999999718 0
4852 0.1014986435736506 0.7437499999999704 0
4853 0.826794919243122 0.3750000000000058 0
4854 0.1664505488574708 0.8687499999999738 0
4855 0.1556252313101664 0.8624999999999727 0
4856 0.166450548857469 0.8812499999999748 0
4857 0.1123239611209786 0.174999999999975 0
4858 0.1231492786682828 0.1687499999999788 0
4859 0.123149278668283 0.1812499999999785 0
4860 0.3613062647089754 0.7937499999999884 0
4861 0.3504809471616703 0.7874999999999877 0
4862 0.870096189432348 0.06249999999999889 0
4863 0.8592708718850433 0.06874999999999976 0
4864 0.3721351705917266 0.9499905085092818 0
4865 0.1447999137628865 0.4062499999999764 0
4866 0.848445554337721 0.8750000000000149 0
4867 0.2963543594251458 0.7687499999999842 0
4868 0.6860657911281349 0.8437500000000042 0
4869 0.6860657911281358 0.856250000000003 0
4870 0.6968911086754427 0.8625000000000025 0
4871 0.6860657911281365 0.868750000000003 0
4872 0.07984800847905582 0.1187499999999794 0
4873 0.9566987298107867 0.350000000000009 0
4874 0.112316002371754 0.9624884035472487 0
4875 0.1123538166126265 0.9767753771445479 0
4876 0.4154306355360959 0.04999225274438546 0
4877 0.2855290418778568 0.387499999999985 0
4878 0.3071796769724435 0.8624999999999854 0
4879 0.05819737338445025 0.1937499999999739 0
4880 0.8917468245269566 0.2750000000000073 0
4881 0.9025721420742622 0.2687500000000069 0
4882 0.8809215069796514 0.281250000000008 0
4883 0.8809215069796513 0.2937500000000074 0
4884 0.8700961894323455 0.2750000000000065 0
4885 0.9458734122634908 0.106250000000002 0
4886 0.9242227771688736 0.2187500000000063 0
4887 0.4262585449397518 0.0687469848824156 0
4888 0.047325938398802 0.6749999999999691 0
4889 0.4912100752766518 0.5812499999999946 0
4890 0.4370834875401086 0.9124999999999908 0
4891 0.4262581699928035 0.9062499999999892 0
4892 0.4262581699928036 0.8937499999999903 0
4893 0.1881011839520885 0.8187499999999766 0
4894 0.4046075348982252 0.06874999999999831 0
4895 0.9242227771688706 0.343750000000008 0
4896 0.8700961894323314 0.8125000000000049 0
4897 0.0906733260263603 0.3749999999999732 0
4898 0.07984800847905421 0.3687499999999733 0
4899 0.82679491924311 0.8625000000000075 0
4900 0.8700961894323362 0.5500000000000071 0
4901 0.880921506979643 0.5437500000000072 0
4902 0.891746824526948 0.537500000000008 0
4903 0.1014993973113477 0.06875130551193387 0
4904 0.653589838486216 0.9374999999999992 0
4905 0.5994632507496894 0.9062499999999976 0
4906 0.5994632507496899 0.8937499999999978 0
4907 0.1881011839521095 0.1437499999999849 0
4908 0.9025721420742675 0.1062500000000057 0
4909 0.9133974596215728 0.1250000000000051 0
4910 0.9025721420742669 0.1312500000000059 0
4911 0.9025721420742661 0.1437500000000055 0
4912 0.07984800847905177 0.4812499999999731 0
4913 0.1881011839521115 0.1187499999999845 0
4914 0.8376202367904209 0.5062500000000054 0
4915 0.83762023679042 0.5187500000000055 0
4916 0.8484455543377264 0.5125000000000062 0
4917 0.837620236790422 0.4937500000000052 0
4918 0.8700961894323309 0.7000000000000067 0
4919 0.8594046248246197 0.03164665689092544 0
4920 0.8489607242711974 0.02331038138055624 0
4921 0.101498643573668 0.3312499999999762 0
4922 0.1123239611209726 0.3374999999999767 0
4923 0.1123239611209723 0.3499999999999766 0
4924 0.1231492786682788 0.3437499999999765 0
4925 0.9350480947161639 0.8375000000000055 0
4926 0.09067332602636524 0.2374999999999746 0
4927 0.9242227771688587 0.7312500000000057 0
4928 0.9133974596215534 0.7250000000000056 0
4929 0.9133974596215533 0.7375000000000058 0
4930 0.3613068627648743 0.9437484180848712 0
4931 0.7618430139592849 0.4500000000000026 0
4932 0.3180049945197489 0.8687499999999859 0
4933 0.7077164262227469 0.7312499999999967 0
4934 0.1014986435736721 0.6437499999999696 0
4935 0.1123239611209756 0.649999999999971 0
4936 0.1231492786682791 0.6437499999999738 0
4937 0.101498643573671 0.6562499999999696 0
4938 0.1123239611209759 0.6624999999999706 0
4939 0.1014986435736694 0.6687499999999693 0
4940 0.112323961120973 0.674999999999971 0
4941 0.1014986435736681 0.6812499999999693 0
4942 0.1123239611209723 0.6874999999999708 0
4943 0.1014986435736661 0.6937499999999691 0
4944 0.1123239611209688 0.6999999999999709 0
4945 0.1014986435736622 0.706249999999969 0
4946 0.1123239611209647 0.7124999999999715 0
4947 0.4370834875401277 0.4874999999999933 0
4948 0.05816484593432752 0.4187499999999729 0
4949 0.5348053766562401 0.03108991951097662 0
4950 0.6644151560335392 0.3562500000000001 0
4951 0.9458734122634808 0.3937500000000087 0
4952 0.9675240473580946 0.206250000000005 0
4953 0.9783493649053989 0.2000000000000037 0
4954 0.3504809471616818 0.312499999999991 0
4955 0.339655629614377 0.3062499999999908 0
4956 0.123149278668245 0.8937499999999718 0
4957 0.1231492786682425 0.9062499999999718 0
4958 0.1123239611209367 0.91249999999997 0
4959 0.2530530892359402 0.1687499999999902 0
4960 0.6102885682970194 0.06250000000000622 0
4961 0.1556252313101966 0.0874999999999842 0
4962 0.7834936490538931 0.5125000000000025 0
4963 0.7726683315065919 0.4062500000000027 0
4964 0.2963543594251609 0.4812499999999846 0
4965 0.101498643573673 0.1812499999999751 0
4966 0.653589838486218 0.8375000000000028 0
4967 0.653589838486218 0.850000000000002 0
4968 0.9458734122634775 0.5312500000000113 0
4969 0.5669872981077922 0.324999999999996 0
4970 0.924222777168874 0.1562500000000066 0
4971 0.9133974596215692 0.1625000000000068 0
4972 0.6535898384862164 0.9124999999999996 0
4973 0.09067332602636291 0.3249999999999746 0
4974 0.8267949192431223 0.3625000000000059 0
4975 0.8376202367904281 0.3562500000000058 0
4976 0.9783493649053957 0.5375000000000097 0
4977 0.8809215069796508 0.3187500000000064 0
4978 0.8700961894323451 0.3250000000000057 0
4979 0.8700961894323453 0.3125000000000058 0
4980 0.06902269093174968 0.3499999999999731 0
4981 0.3504809471616647 0.899999999999986 0
4982 0.09065537611259677 0.9499771043565972 0
4983 0.9133974596215687 0.2625000000000074 0
4984 0.06902269093175101 0.1249999999999785 0
4985 0.06902269093175001 0.1124999999999788 0
4986 0.2747037243305353 0.7437499999999819 0
4987 0.2314024541413119 0.7812499999999799 0
4988 0.7726683315065928 0.3812500000000028 0
4989 0.7726683315065935 0.368750000000003 0
4990 0.826794919243127 0.1375000000000037 0
4991 0.8159696016958208 0.1437500000000029 0
4992 0.7401923788646703 0.7999999999999983 0
4993 0.7293670613173648 0.8062499999999987 0
4994 0.7185417437700574 0.7999999999999995 0
4995 0.7185417437700581 0.8125000000000007 0
4996 0.7401923788646695 0.8125000000000016 0
4997 0.7077164262227509 0.8062500000000018 0
4998 0.7077164262227488 0.7937500000000015 0
4999 0.5236860279185527 0.8749999999999956 0
5000 0.5345113454658574 0.8812499999999964 0
5001 0.5886379332023826 0.9499999999999983 0
5002 0.5778126156550769 0.9562499999999978 0
5003 0.5669872981077713 0.9499999999999976 0
5004 0.5669872981077713 0.9624999999999977 0
5005 0.5561619805604655 0.9562499999999972 0
5006 0.5559424150366878 0.9683697013572238 0
5007 0.5453000687591967 0.9624366168928679 0
5008 0.5776373484499283 0.9684464282957799 0
5009 0.544988569449099 0.9745155081197925 0
5010 0.5346258399210509 0.968349327480878 0
5011 0.5345243288327264 0.9561726573956215 0
5012 0.5237072742222273 0.9624203308127474 0
5013 0.5241054755978828 0.9766848754324028 0
5014 0.512860710371244 0.9687499999999989 0
5015 0.5886087220015243 0.9624494047159617 0
5016 0.599547840424597 0.9685184917373318 0
5017 0.5453327278653115 0.9499765457147458 0
5018 0.5561613247024908 0.943746090952455 0
5019 0.4587341226347185 0.937499999999992 0
5020 0.9242227771688616 0.6812500000000052 0
5021 0.9133974596215545 0.7000000000000068 0
5022 0.04733182922355317 0.6499999999999682 0
5023 0.5669438645032727 0.9748649690243522 0
5024 0.5020353928239496 0.7374999999999944 0
5025 0.512860710371255 0.7437499999999944 0
5026 0.5886379332024037 0.3124999999999968 0
5027 0.1447999137628897 0.3437499999999769 0
5028 0.1231492786682707 0.5437499999999744 0
5029 0.1339745962155764 0.5374999999999748 0
5030 0.1447999137628819 0.5437499999999758 0
5031 0.123149278668271 0.5312499999999744 0
5032 0.1339745962155774 0.524999999999975 0
5033 0.1231492786682726 0.5187499999999741 0
5034 0.1339745962155788 0.5124999999999752 0
5035 0.1231492786682738 0.5062499999999743 0
5036 0.1231492786682812 0.2937499999999763 0
5037 0.8917468245269432 0.6375000000000069 0
5038 0.1231501147347872 0.06875144810964862 0
5039 0.8051442841484988 0.6875000000000049 0
5040 0.2422277716886197 0.7374999999999809 0
5041 0.2638784067832298 0.7499999999999818 0
5042 0.1447999137628652 0.8187499999999733 0
5043 0.1556252313101713 0.8249999999999739 0
5044 0.1556252313101701 0.8374999999999735 0
5045 0.1989265014993778 0.9374999999999796 0
5046 0.05822501416784154 0.7812499999999629 0
5047 0.4046075348981923 0.9062499999999897 0
5048 0.5020353928239455 0.7624999999999966 0
5049 0.4912100752766396 0.768749999999996 0
5050 0.4912100752766392 0.7812499999999958 0
5051 0.4803847577293343 0.774999999999995 0
5052 0.4803847577293345 0.7624999999999957 0
5053 0.4695594401820292 0.7687499999999947 0
5054 0.4695594401820297 0.7562499999999951 0
5055 0.4587341226347239 0.7624999999999945 0
5056 0.4587341226347242 0.7499999999999947 0
5057 0.4587341226347264 0.7374999999999934 0
5058 0.5882911544149519 0.9766750635901673 0
5059 0.9242227771688618 0.8687500000000001 0
5060 0.8267949192431144 0.5250000000000045 0
5061 0.566987298107778 0.7624999999999984 0
5062 0.7401923788646827 0.08750000000000258 0
5063 0.3613062647089935 0.1937499999999931 0
5064 0.3613062647089947 0.1812499999999931 0
5065 0.3504809471616889 0.187499999999993 0
5066 0.1664505488575029 0.24374999999998 0
5067 0.253053023764237 0.06875011340031745 0
5068 0.9675240473580834 0.8937500000000004 0
5069 0.6099988012490598 0.02508980824580043 0
5070 0.7618430139592799 0.8125000000000029 0
5071 0.5561619805604989 0.06875000000000314 0
5072 0.2314024541413356 0.2812499999999807 0
5073 0.9133974596215597 0.5125000000000098 0
5074 0.9025721420742538 0.518750000000009 0
5075 0.5020353928239446 0.7874999999999963 0
5076 0.8592708718850259 0.7062500000000067 0
5077 0.09067332602635553 0.7124999999999667 0
5078 0.3071796769724703 0.1624999999999922 0
5079 0.2963543594251641 0.1562499999999922 0
5080 0.04738424552857379 0.837478886835022 0
5081 0.03663409774527882 0.8435986889845613 0
5082 0.03656332981429622 0.8312212626365711 0
5083 0.02528316872541508 0.837469991936834 0
5084 0.02464993015786998 0.8245018622172511 0
5085 0.02528277112343197 0.8520603837061624 0
5086 0.01190301847725572 0.818046551047823 0
5087 0.0246951628527578 0.8101687388445178 0
5088 0.01355063366608805 0.8439226509900305 0
5089 0.03654673828980837 0.818749999999961 0
5090 0.2638784067832489 0.1249999999999909 0
5091 0.209751819046702 0.7562499999999783 0
5092 0.8376202367904301 0.2187500000000059 0
5093 0.8267949192431248 0.2125000000000056 0
5094 0.8267949192431254 0.2000000000000055 0
5095 0.8267949192431261 0.1875000000000052 0
5096 0.6319392033916273 0.2375000000000013 0
5097 0.6319392033916278 0.2500000000000006 0
5098 0.6968911086754628 0.2250000000000031 0
5099 0.7077164262227678 0.2062500000000033 0
5100 0.7293670613173786 0.1687500000000031 0
5101 0.8376202367904156 0.6687500000000055 0
5102 0.09067345164931007 0.07500021758530517 0
5103 0.9458734122634795 0.4312500000000089 0
5104 0.6860657911281545 0.1437500000000036 0
5105 0.6752404735808495 0.1500000000000043 0
5106 0.6860657911281527 0.1562500000000039 0
5107 0.675240473580849 0.1625000000000056 0
5108 0.6968911086754596 0.1625000000000033 0
5109 0.880921506979645 0.4812500000000076 0
5110 0.610288568297022 0.1375000000000082 0
5111 0.5561619805604956 0.1187500000000042 0
5112 0.566987298107802 0.1125000000000051 0
5113 0.6102885682970151 0.2999999999999976 0
5114 0.2097518190467206 0.3812499999999793 0
5115 0.2205771365940086 0.7374999999999792 0
5116 0.8159696016958149 0.4312500000000045 0
5117 0.8917468245269515 0.4375000000000075 0
5118 0.9243475173761605 0.9683450648365739 0
5119 0.4262581699928075 0.8187499999999894 0
5120 0.3721315822563048 0.09999999999999576 0
5121 0.3721315822563045 0.1124999999999965 0
5122 0.1772758664047864 0.749999999999976 0
5123 0.5345113454658702 0.568749999999995 0
5124 0.1014988978105842 0.08125044035123458 0
5125 0.6860657911281487 0.4062500000000005 0
5126 0.6860657911281483 0.4187500000000005 0
5127 0.6752404735808426 0.4250000000000001 0
5128 0.8159696016958189 0.04375000000000073 0
5129 0.8051442841485128 0.03750000000000253 0
5130 0.8159696016958178 0.03124693675995016 0
5131 0.8271963104027438 0.02511165694817619 0
5132 0.8052495904200818 0.02479886182170155 0
5133 0.7943365176464688 0.03121647697028734 0
5134 0.7939759798163978 0.01858581335983839 0
5135 0.8167371632568825 0.01878576101824503 0
5136 0.7293670613173763 0.2687500000000053 0
5137 0.8159696016958058 0.6437500000000063 0
5138 0.9242227771688585 0.843750000000004 0
5139 0.9133974596215719 0.08750000000000546 0
5140 0.696891108675461 0.05000000000000326 0
5141 0.6968911086754609 0.03750000000000314 0
5142 0.7077164262227659 0.03125000000000261 0
5143 0.6968911086754599 0.02500000000000346 0
5144 0.6860657911281549 0.03125000000000433 0
5145 0.7071936785497084 0.01900510898980545 0
5146 0.7182200305133286 0.02544883761623717 0
5147 0.7185417437700695 0.01250000000000145 0
5148 0.7185190627153986 0.03753458244098173 0
5149 0.2097518190467178 0.2187499999999866 0
5150 0.6860657911281449 0.5187500000000003 0
5151 0.3071796769724505 0.7749999999999848 0
5152 0.3288303120670458 0.9374999999999862 0
5153 0.2747070948934432 0.04376536361370487 0
5154 0.274793758180351 0.03155378741719689 0
5155 0.2862932470480053 0.02326748054044159 0
5156 0.3504809471616793 0.6374999999999863 0
5157 0.3396556296143742 0.6312499999999857 0
5158 0.8051442841485124 0.2500000000000055 0
5159 0.7943189666012069 0.2562500000000051 0
5160 0.3721315822562934 0.3124999999999923 0
5161 0.3504809471616788 0.6499999999999864 0
5162 0.6752404735808502 0.1875000000000027 0
5163 0.7834936490538987 0.3750000000000033 0
5164 0.1014986435736656 0.4062499999999733 0
5165 0.6319392033916154 0.6999999999999964 0
5166 0.1447999137628905 0.09374999999998335 0
5167 0.6860657911281354 0.831250000000004 0
5168 0.5886379332023941 0.7124999999999966 0
5169 0.599463250749698 0.7312499999999982 0
5170 0.6102885682970026 0.7374999999999998 0
5171 0.6102885682969995 0.750000000000002 0
5172 0.6211138858443068 0.7437500000000019 0
5173 0.6211138858443036 0.7562500000000043 0
5174 0.6319392033916107 0.7500000000000053 0
5175 0.6319392033916077 0.7625000000000061 0
5176 0.6427645209389146 0.7562500000000087 0
5177 0.6211138858443036 0.7687500000000034 0
5178 0.6427645209389184 0.7437500000000044 0
5179 0.6102885682970047 0.7249999999999974 0
5180 0.6427645209389135 0.7687500000000073 0
5181 0.1556252313101595 0.912499999999974 0
5182 0.1447999137628525 0.9187499999999724 0
5183 0.05813627466863136 0.4687499999999719 0
5184 0.9566987298107837 0.5125000000000116 0
5185 0.1772758664048085 0.2749999999999786 0
5186 0.891746824526932 0.9000000000000115 0
5187 0.4154328524454999 0.849999999999991 0
5188 0.3937822173508885 0.84999999999999 0
5189 0.891746824526945 0.6000000000000076 0
5190 0.8809215069796397 0.5937500000000072 0
5191 0.8700961894323334 0.6125000000000065 0
5192 0.5345113454658569 0.9062499999999953 0
5193 0.5669871887981092 0.9374993484920736 0
5194 0.6103026665761451 0.9624614152895545 0
5195 0.6211162355574912 0.9687435692149251 0
5196 0.03604777082594668 0.2812544296265161 0
5197 0.04814133852299801 0.862352207845385 0
5198 0.8267949192431118 0.8500000000000032 0
5199 0.3504809471616845 0.5499999999999872 0
5200 0.1556252313101906 0.1749999999999842 0
5201 0.1556252313101916 0.1874999999999834 0
5202 0.1447999137628866 0.1812499999999836 0
5203 0.1881011839521043 0.5312499999999772 0
5204 0.1989265014994099 0.5249999999999779 0
5205 0.1123239611209682 0.4999999999999737 0
5206 0.1231492786682733 0.4937499999999735 0
5207 0.1231492786682722 0.4812499999999728 0
5208 0.1339745962155785 0.487499999999973 0
5209 0.1339745962155791 0.4749999999999738 0
5210 0.7943189666011921 0.7187500000000048 0
5211 0.8267949192431099 0.7375000000000046 0
5212 0.8376202367904153 0.7312500000000045 0
5213 0.837620236790415 0.7187500000000044 0
5214 0.8484455543377207 0.7250000000000054 0
5215 0.3180049945197641 0.6187499999999846 0
5216 0.307179676972459 0.6124999999999842 0
5217 0.1123239611209427 0.8624999999999696 0
5218 0.1014986435736379 0.8562499999999673 0
5219 0.09067332602633921 0.7999999999999665 0
5220 0.0581830904445978 0.6687499999999661 0
5221 0.04736954362674795 0.5624999999999711 0
5222 0.1664505488574939 0.5187499999999768 0
5223 0.1664505488574936 0.5312499999999766 0
5224 0.1556252313101881 0.5249999999999768 0
5225 0.4262581699928207 0.318749999999994 0
5226 0.4262581699928202 0.3312499999999939 0
5227 0.4262581699928208 0.3062499999999941 0
5228 0.3613062647089811 0.7062499999999862 0
5229 0.372131582256287 0.699999999999987 0
5230 0.7618430139592804 0.6000000000000022 0
5231 0.772668331506586 0.5937500000000028 0
5232 0.06902269093171698 0.9124999999999646 0
5233 0.5128607103712665 0.2562499999999963 0
5234 0.5236860279185719 0.2499999999999978 0
5235 0.7834936490538964 0.4500000000000039 0
5236 0.7618430139592691 0.9375000000000066 0
5237 0.9350480947161746 0.4000000000000083 0
5238 0.426258169992812 0.7312499999999903 0
5239 0.2208092280524769 0.02537783195962662 0
5240 0.2199798662792864 0.01214230486773044 0
5241 0.8592708718850399 0.2812500000000061 0
5242 0.3288303120670664 0.6749999999999853 0
5243 0.112323961120977 0.2249999999999763 0
5244 0.6968911086754433 0.6874999999999969 0
5245 0.7077164262227489 0.6812499999999977 0
5246 0.7077164262227496 0.6687499999999977 0
5247 0.6968911086754445 0.6624999999999972 0
5248 0.7510176964119801 0.4312500000000019 0
5249 0.4154328524455099 0.6749999999999899 0
5250 0.4154328524455105 0.6624999999999899 0
5251 0.4046075348982054 0.6562499999999895 0
5252 0.772668331506581 0.8562500000000084 0
5253 0.05818999858832002 0.6937497604787191 0
5254 0.8809215069796474 0.4062500000000069 0
5255 0.870096189432343 0.4000000000000058 0
5256 0.2205771365940129 0.6499999999999789 0
5257 0.2205771365940121 0.662499999999979 0
5258 0.2097518190467064 0.6687499999999784 0
5259 0.2097518190467056 0.6812499999999786 0
5260 0.05819315636627853 0.531249999999972 0
5261 0.2422277716886397 0.08749999999998903 0
5262 0.5453366630131763 0.5374999999999955 0
5263 0.5236860279185664 0.4874999999999952 0
5264 0.1881011839521094 0.4062499999999783 0
5265 0.4262581699928157 0.6687499999999905 0
5266 0.8917468245269499 0.5000000000000088 0
5267 0.8484455543377301 0.4500000000000059 0
5268 0.8159696016958211 0.1562500000000049 0
5269 0.2530530892359452 0.09374999999998984 0
5270 0.03645795571753541 0.5688722570550347 0
5271 0.7293670613173703 0.4187500000000018 0
5272 0.2097518190467232 0.1062499999999879 0
5273 0.9350480947161643 0.775000000000006 0
5274 0.9350480947161647 0.7625000000000061 0
5275 0.8376202367904328 0.143750000000005 0
5276 0.8917468245269583 0.06250000000000328 0
5277 0.6860657911281558 0.1187500000000031 0
5278 0.1123239611209725 0.1124999999999811 0
5279 0.686065791128149 0.3937500000000005 0
5280 0.09067332602636535 0.2249999999999748 0
5281 0.7726683315065959 0.3062500000000039 0
5282 0.5236860279185701 0.299999999999997 0
5283 0.3504809471616812 0.3624999999999918 0
5284 0.1447999137628916 0.2937499999999771 0
5285 0.4695594401820406 0.3562499999999945 0
5286 0.253053089235928 0.6687499999999807 0
5287 0.4479088050874324 0.3187499999999946 0
5288 0.437083487540126 0.3249999999999942 0
5289 0.27470372433055 0.1812499999999916 0
5290 0.1881011839520931 0.7187499999999775 0
5291 0.8917468245269422 0.8000000000000053 0
5292 0.5778126156550901 0.668749999999996 0
5293 0.7726683315065812 0.6812500000000032 0
5294 0.3829568998035995 0.2937499999999927 0
5295 0.8159696016958164 0.3562500000000054 0
5296 0.8051442841485035 0.5500000000000045 0
5297 0.8051442841485037 0.5375000000000043 0
5298 0.9242227771688737 0.2437500000000077 0
5299 0.6752404735808371 0.7624999999999983 0
5300 0.6644151560335307 0.768749999999999 0
5301 0.7401923788646797 0.3125000000000032 0
5302 0.7293670613173668 0.5062500000000021 0
5303 0.5453366630131746 0.649999999999995 0
5304 0.5345113454658691 0.6562499999999949 0
5305 0.5345113454658693 0.6437499999999949 0
5306 0.5236860279185643 0.6499999999999952 0
5307 0.5236860279185637 0.6624999999999953 0
5308 0.5778126156550902 0.6437499999999958 0
5309 0.1556252313101929 0.3999999999999772 0
5310 0.7510176964119649 0.918750000000006 0
5311 0.5778126156550818 0.8187499999999983 0
5312 0.6535898384862191 0.8250000000000027 0
5313 0.8700961894323452 0.2250000000000068 0
5314 0.8484455543377367 0.06249999999999928 0
5315 0.7726683315065896 0.4812500000000032 0
5316 0.7834936490538947 0.4875000000000029 0
5317 0.3288303120670552 0.8624999999999862 0
5318 0.1772758664047873 0.724999999999977 0
5319 0.6427645209389122 0.8937499999999996 0
5320 0.6860657911281556 0.2187500000000021 0
5321 0.6752404735808278 0.9125000000000008 0
5322 0.7618430139592738 0.7000000000000017 0
5323 0.07984800847905354 0.4562499999999727 0
5324 0.3180049945197783 0.08124999999999283 0
5325 0.6535898384862391 0.07500000000000345 0
5326 0.8809215069796528 0.1812500000000068 0
5327 0.6752404735808502 0.2500000000000016 0
5328 0.6644151560335447 0.2437500000000011 0
5329 0.6752404735808504 0.2375000000000017 0
5330 0.5128607103712706 0.1812500000000017 0
5331 0.8592708718850393 0.3187500000000057 0
5332 0.6427645209389249 0.4687499999999989 0
5333 0.9025721420742667 0.09375000000000594 0
5334 0.350480947161668 0.8374999999999873 0
5335 0.9025721420742623 0.2562500000000066 0
5336 0.296354359425153 0.6187499999999838 0
5337 0.2530530892359334 0.5812499999999812 0
5338 0.2422277716886276 0.5874999999999804 0
5339 0.2314024541413224 0.5812499999999796 0
5340 0.2314024541413218 0.5937499999999797 0
5341 0.2205771365940167 0.587499999999979 0
5342 0.242227771688627 0.5999999999999804 0
5343 0.2205771365940173 0.5749999999999791 0
5344 0.2205771365940161 0.5999999999999789 0
5345 0.209751819046711 0.5937499999999785 0
5346 0.2314024541413213 0.6062499999999797 0
5347 0.7293670613173608 0.6562499999999994 0
5348 0.7401923788646613 0.8875000000000051 0
5349 0.7401923788646619 0.8750000000000054 0
5350 0.7510176964119677 0.8687500000000066 0
5351 0.1989265014993794 0.9249999999999794 0
5352 0.3288303120670534 0.8999999999999864 0
5353 0.4154328524455025 0.8124999999999885 0
5354 0.3396556296143513 0.9437499999999874 0
5355 0.7943189666012025 0.4312500000000042 0
5356 0.8051442841485086 0.4375000000000041 0
5357 0.7943189666012024 0.4437500000000041 0
5358 0.1556252313101877 0.5374999999999766 0
5359 0.2963543594251589 0.2687499999999877 0
5360 0.6644151560335401 0.3437500000000001 0
5361 0.696891108675456 0.3625000000000013 0
5362 0.5128607103712722 0.1437500000000004 0
5363 0.7726683315065971 0.2437500000000037 0
5364 0.5453366630131664 0.7749999999999976 0
5365 0.5128607103712765 0.09375000000000028 0
5366 0.9783493649053884 0.9374999999999996 0
5367 0.989174682452694 0.9437499999999994 0
5368 0.8484455543377223 0.8625000000000056 0
5369 0.2963543594251556 0.3187499999999899 0
5370 0.7943189666012062 0.3312500000000045 0
5371 0.6968911086754536 0.4250000000000009 0
5372 0.8051442841485166 0.1500000000000031 0
5373 0.837620236790428 0.3437500000000057 0
5374 0.6211138858443152 0.4312499999999985 0
5375 0.3504809471616918 0.1624999999999928 0
5376 0.8484455543377205 0.8000000000000048 0
5377 0.2747037243305545 0.281249999999984 0
5378 0.5345113454658709 0.5312499999999952 0
5379 0.5561619805604858 0.3437499999999961 0
5380 0.5453366630131806 0.3374999999999957 0
5381 0.5345113454658749 0.3437499999999957 0
5382 0.5345113454658753 0.3312499999999958 0
5383 0.5345113454658744 0.3562499999999956 0
5384 0.5236860279185692 0.3499999999999958 0
5385 0.2963543594251553 0.5812499999999839 0
5386 0.5683618790627788 0.01137540929003844 0
5387 0.6313954680086947 0.01208775473287266 0
5388 0.657049990049234 0.01094286543899448 0
5389 0.7293670613173719 0.3687500000000023 0
5390 0.8809215069796555 0.1437500000000064 0
5391 0.6814288966325331 0.01073628140609495 0
5392 0.6751507950200492 0.02271564154031791 0
5393 0.9328145575839984 0.01163571497147142 0
5394 0.4803847577293469 0.4124999999999944 0
5395 0.209751819046715 0.5312499999999786 0
5396 0.3613062647089711 0.8687499999999879 0
5397 0.3721315822562764 0.8749999999999887 0
5398 0.3613062647089709 0.8812499999999879 0
5399 0.5453366630131637 0.8749999999999966 0
5400 0.4695594401820374 0.5687499999999936 0
5401 0.8267949192431057 0.900000000000013 0
5402 0.07983945322862335 0.9437396160433831 0
5403 0.3721315822562759 0.8999999999999888 0
5404 0.480384757729344 0.5624999999999944 0
5405 0.5020353928239576 0.3749999999999949 0
5406 0.5020353928239577 0.362499999999995 0
5407 0.4912100752766522 0.3687499999999948 0
5408 0.263878406783237 0.6124999999999818 0
5409 0.3071796769724612 0.5749999999999846 0
5410 0.2963543594251581 0.5437499999999837 0
5411 0.166450548857483 0.7062499999999757 0
5412 0.220577136594006 0.7874999999999791 0
5413 0.8809215069796438 0.5062500000000081 0
5414 0.5020353928239445 0.8249999999999942 0
5415 0.5128607103712635 0.3562499999999953 0
5416 0.5020353928239578 0.3499999999999952 0
5417 0.5236860279185688 0.3624999999999955 0
5418 0.09067332602635314 0.5624999999999721 0
5419 0.6752404735808347 0.6374999999999964 0
5420 0.6535898384862249 0.6124999999999956 0
5421 0.6644151560335307 0.6062499999999961 0
5422 0.0798480084790491 0.5312499999999729 0
5423 0.5994632507497103 0.2562499999999995 0
5424 0.5020353928239607 0.2624999999999965 0
5425 0.7185417437700525 0.6999999999999982 0
5426 0.307179676972455 0.6749999999999838 0
5427 0.3396556296143679 0.7437499999999848 0
5428 0.4154328524455032 0.7999999999999881 0
5429 0.5561619805604712 0.8187499999999974 0
5430 0.3613062647090036 0.04374999999999479 0
5431 0.3731687086423826 0.02329086637049171 0
5432 0.4587341226347241 0.8249999999999904 0
5433 0.5886379332023985 0.4374999999999973 0
5434 0.5561619805604818 0.4437499999999961 0
5435 0.3071796769724667 0.474999999999985 0
5436 0.198926501499415 0.3999999999999789 0
5437 0.6102885682970021 0.6374999999999936 0
5438 0.3288303120670715 0.5874999999999855 0
5439 0.6102885682970121 0.3624999999999983 0
5440 0.5994632507496973 0.6437499999999946 0
5441 0.04731412731303941 0.6874996187869563 0
5442 0.1187499999999997 0.9891746824526944 0
5443 0.7726683315065865 0.5687500000000032 0
5444 0.8267949192431123 0.6000000000000048 0
5445 0.5669872981077985 0.1750000000000053 0
5446 0.5778126156551031 0.181250000000006 0
5447 0.242227771688614 0.8374999999999819 0
5448 0.2205771365940029 0.8374999999999821 0
5449 0.1447999137628813 0.5562499999999752 0
5450 0.7834936490538904 0.6125000000000028 0
5451 0.6211138858443078 0.6312499999999941 0
5452 0.7185417437700619 0.4875000000000016 0
5453 0.7293670613173677 0.4812500000000019 0
5454 0.6319392033916321 0.1375000000000083 0
5455 0.6427645209389203 0.5937499999999952 0
5456 0.6427645209389213 0.5812499999999956 0
5457 0.06875000000000042 0.01082531754730609 0
5458 0.0748583026477968 0.02156882609017263 0
5459 0.0624763837746326 0.02154139572929914 0
5460 0.08734496911186745 0.02095008643001361 0
5461 0.0674934017832331 0.03186916488653879 0
5462 0.05632723331585454 0.01074941620286907 0
5463 0.05005364082835329 0.02143849928647829 0
5464 0.6968911086754612 0.1250000000000028 0
5465 0.1989265014994179 0.3124999999999795 0
5466 0.7943189666011927 0.7437500000000048 0
5467 0.924222777168874 0.2062500000000063 0
5468 0.4479088050874304 0.6062499999999926 0
5469 0.2097518190467253 0.2687499999999806 0
5470 0.7077164262227547 0.5562500000000006 0
5471 0.9566987298107881 0.1750000000000065 0
5472 0.9891746824526957 0.4437500000000026 0
5473 0.4262581699928277 0.1687499999999971 0
5474 0.4912100752766612 0.1562500000000002 0
5475 0.3721315822562968 0.5249999999999886 0
5476 0.3829568998036024 0.5187499999999893 0
5477 0.3721315822562974 0.5124999999999886 0
5478 0.3829568998035998 0.5687499999999889 0
5479 0.3829568998035873 0.7937499999999873 0
5480 0.307179676972453 0.7124999999999835 0
5481 0.1123239611209493 0.8124999999999696 0
5482 0.1772906163802013 0.0500057850849473 0
5483 0.6319042719361829 0.9624377468431418 0
5484 0.6315716443492894 0.9748393969030467 0
5485 0.6204413413903392 0.9812377721793868 0
5486 0.6100188263464421 0.9748803306388508 0
5487 0.7943303645605142 0.9562478024412473 0
5488 0.5453366630131752 0.6374999999999955 0
5489 0.5128607103712614 0.4562499999999948 0
5490 0.09067332602636591 0.2124999999999747 0
5491 0.2205771365940256 0.1499999999999879 0
5492 0.5345113454658703 0.556249999999995 0
5493 0.9891746824526948 0.4187500000000037 0
5494 0.7185417437700576 0.7874999999999992 0
5495 0.2097518190467168 0.4937499999999789 0
5496 0.7077164262227668 0.08125000000000293 0
5497 0.2097518190466886 0.8937499999999807 0
5498 0.5020353928239557 0.6374999999999953 0
5499 0.2097518190467175 0.1812499999999868 0
5500 0.1339745962155704 0.6749999999999738 0
5501 0.2530530892359209 0.8062499999999813 0
5502 0.2638784067832269 0.7999999999999818 0
5503 0.6102885682970091 0.4499999999999981 0
5504 0.5994632507496931 0.8062499999999992 0
5505 0.642764520938916 0.793750000000003 0
5506 0.1123239611209716 0.1249999999999804 0
5507 0.1231492786682774 0.131249999999981 0
5508 0.3180049945197546 0.7937499999999852 0
5509 0.3288303120670604 0.7874999999999853 0
5510 0.6644151560335279 0.6937499999999954 0
5511 0.6644151560335272 0.7062499999999954 0
5512 0.5994632507496925 0.8187499999999992 0
5513 0.7510176964119659 0.7437499999999998 0
5514 0.7510176964119664 0.7312500000000007 0
5515 0.3613062647089874 0.5937499999999871 0
5516 0.3721315822562925 0.5999999999999877 0
5517 0.3721315822562918 0.6124999999999876 0
5518 0.1664505488574967 0.218749999999984 0
5519 0.9891746824526952 0.3937500000000017 0
5520 0.9783493649053905 0.4000000000000048 0
5521 0.6860657911281508 0.356250000000001 0
5522 0.6860657911281502 0.3687500000000009 0
5523 0.4193241866279891 0.01090469600586985 0
5524 0.2422277716886168 0.7874999999999808 0
5525 0.6752404735808449 0.3625000000000005 0
5526 0.2422276953049802 0.075000132300371 0
5527 0.5561619805604865 0.3312499999999957 0
5528 0.09067332602636097 0.6874999999999675 0
5529 0.5561619805604952 0.1312500000000045 0
5530 0.9891746824526931 0.6562500000000021 0
5531 0.9783493649053875 0.6625000000000046 0
5532 0.6812770873023907 0.9892100292461232 0
5533 0.6881826303818961 0.9789698997183928 0
5534 0.6999304173791328 0.9795336548295743 0
5535 0.6752310463951178 0.9765954536494122 0
5536 0.6313956663041908 0.9879107286628459 0
5537 0.568359617838049 0.9886175607757872 0
5538 0.06875477090771603 0.9879406767267505 0
5539 0.6968911086754457 0.7750000000000008 0
5540 0.2638784067832385 0.5874999999999819 0
5541 0.1881011839521011 0.5812499999999776 0
5542 0.1881011839520999 0.5937499999999777 0
5543 0.177275866404794 0.5999999999999771 0
5544 0.1881011839520988 0.6062499999999779 0
5545 0.1989265014994047 0.5999999999999791 0
5546 0.1989265014994039 0.6124999999999785 0
5547 0.5669872981077755 0.8499999999999975 0
5548 0.4154328524455165 0.5499999999999909 0
5549 0.4154328524455167 0.5374999999999914 0
5550 0.4046075348982127 0.5312499999999903 0
5551 0.5453366630131924 0.1000000000000029 0
5552 0.5561619805604969 0.1062500000000041 0
5553 0.9133974596215533 0.8000000000000056 0
5554 0.8809215069796371 0.8187500000000046 0
5555 0.8051442841485021 0.7999999999999997 0
5556 0.8159696016958068 0.7937500000000005 0
5557 0.1989265014994107 0.2124999999999859 0
5558 0.826794919243123 0.3125000000000054 0
5559 0.2747037243305512 0.4562499999999821 0
5560 0.285529041877857 0.4499999999999826 0
5561 0.2963543594251622 0.4562499999999834 0
5562 0.2530530892359267 0.6937499999999809 0
5563 0.2855290418778424 0.6999999999999829 0
5564 0.4262581699928218 0.2812499999999944 0
5565 0.4695594401820377 0.6687499999999936 0
5566 0.07984800847902507 0.8812499999999654 0
5567 0.7726683315066036 0.1562500000000031 0
5568 0.7834936490539075 0.1625000000000035 0
5569 0.6968911086754568 0.3250000000000014 0
5570 0.3396556296143802 0.2437499999999919 0
5571 0.7401923788646729 0.4875000000000023 0
5572 0.7401923788646823 0.2375000000000035 0
5573 0.07984800847905638 0.1062499999999792 0
5574 0.9350480947161786 0.3125000000000075 0
5575 0.220577136594026 0.3874999999999797 0
5576 0.2855290418778537 0.3124999999999885 0
5577 0.2855290418778546 0.2124999999999903 0
5578 0.1339745962155837 0.1374999999999842 0
5579 0.1339745962155831 0.1249999999999831 0
5580 0.1447999137628925 0.2312499999999784 0
5581 0.4803847754728529 0.08750003073263402 0
5582 0.9675240473580802 0.8312500000000056 0
5583 0.978349364905386 0.8375000000000048 0
5584 0.9783493649053858 0.8250000000000044 0
5585 0.9783493649053868 0.8125000000000037 0
5586 0.3613062647089902 0.2562499999999921 0
5587 0.2314024541413336 0.1187499999999891 0
5588 0.8437499999999997 0.01082531754730592 0
5589 0.01187623995013121 0.5940565271873172 0
5590 0.5669872981077843 0.6999999999999951 0
5591 0.5020353928239549 0.5124999999999945 0
5592 0.133974596215567 0.724999999999975 0
5593 0.5128607103712597 0.5437499999999946 0
5594 0.4803847577293462 0.3499999999999948 0
5595 0.4479088050874184 0.8312499999999909 0
5596 0.447908805087417 0.8437499999999915 0
5597 0.4587341226347221 0.8499999999999922 0
5598 0.4193102122266155 0.9890507704795148 0
5599 0.3504809471616809 0.3749999999999918 0
5600 0.3396556296143757 0.3687499999999915 0
5601 0.3071796769724524 0.7249999999999834 0
5602 0.9133974596215682 0.2750000000000073 0
5603 0.1187499999999996 0.01082531754730548 0
5604 0.09930801400796713 0.02138846838947311 0
5605 0.01041173960548247 0.2314585909052588 0
5606 0.5561619805604846 0.3812499999999961 0
5607 0.556161980560484 0.3937499999999962 0
5608 0.5669872981077897 0.3874999999999965 0
5609 0.6752404735808417 0.4500000000000002 0
5610 0.3613062647089942 0.4687499999999882 0
5611 0.3504809471616893 0.4624999999999877 0
5612 0.6535898384862302 0.4749999999999993 0
5613 0.123149278668279 0.3312499999999763 0
5614 0.5453366630131782 0.3999999999999959 0
5615 0.5345113454658712 0.4812499999999953 0
5616 0.3071796769724682 0.4249999999999843 0
5617 0.5886379332023999 0.3999999999999975 0
5618 0.6211138858443244 0.1687500000000074 0
5619 0.3180049945197707 0.5062499999999857 0
5620 0.1881011839521055 0.4937499999999775 0
5621 0.6860657911281479 0.4312500000000005 0
5622 0.6752404735808422 0.4375000000000001 0
5623 0.6644151560335368 0.4312499999999997 0
5624 0.6968911086754532 0.4375000000000008 0
5625 0.4437500000000001 0.9891746824526944 0
5626 0.5128607103712602 0.5187499999999947 0
5627 0.7293670613173711 0.3937500000000019 0
5628 0.5561619805604926 0.1812500000000043 0
5629 0.53451134546587 0.5812499999999948 0
5630 0.5236860279185656 0.5874999999999946 0
5631 0.6535898384862173 0.8999999999999999 0
5632 0.2097518190467219 0.3437499999999802 0
5633 0.8159696016958153 0.3937500000000051 0
5634 0.8700961894323231 0.9625000000000143 0
5635 0.8698880584201817 0.974586940228567 0
5636 0.7401923788646829 0.06250000000000333 0
5637 0.4479088050874354 0.4812499999999936 0
5638 0.4587341226347413 0.4874999999999937 0
5639 0.4370834875401344 0.4249999999999925 0
5640 0.9891746824526959 0.1687500000000007 0
5641 0.978349364905389 0.1625000000000003 0
5642 0.9891746824526959 0.2312500000000014 0
5643 0.9783493649053929 0.237500000000003 0
5644 0.7293670613173724 0.3562500000000023 0
5645 0.8267949192431219 0.3875000000000056 0
5646 0.9891746824526946 0.1187499999999996 0
5647 0.9891746824526951 0.3687500000000048 0
5648 0.5778126156550971 0.3312499999999969 0
5649 0.7726683315065875 0.5312500000000032 0
5650 0.8376202367904171 0.6062500000000047 0
5651 0.8376202367904163 0.6437500000000058 0
5652 0.3613062647089917 0.5187499999999881 0
5653 0.6427645209389339 0.2062500000000024 0
5654 0.6860657911281435 0.5687499999999976 0
5655 0.328830312067061 0.7749999999999844 0
5656 0.3396556296143659 0.7812499999999856 0
5657 0.3504809471616715 0.774999999999986 0
5658 0.3829568998035976 0.6062499999999882 0
5659 0.3829568998035985 0.5937499999999883 0
5660 0.3937822173509036 0.599999999999989 0
5661 0.4046075348982087 0.6062499999999897 0
5662 0.4154328524455145 0.5999999999999905 0
5663 0.891746824526942 0.7875000000000052 0
5664 0.3071796769724654 0.224999999999991 0
5665 0.3613062647089877 0.3187499999999918 0
5666 0.3613062647089875 0.3312499999999922 0
5667 0.3829568998036034 0.4187499999999902 0
5668 0.3396556296143772 0.40624999999999 0
5669 0.4262581699928163 0.6562499999999907 0
5670 0.7185417437700694 0.287500000000005 0
5671 0.7293670613173747 0.2937500000000043 0
5672 0.5937500000000002 0.9891746824526944 0
5673 0.3937822173508996 0.6624999999999888 0
5674 0.2422277716886308 0.5374999999999805 0
5675 0.2530530892359368 0.5312499999999811 0
5676 0.263878406783242 0.5374999999999818 0
5677 0.2422277716886329 0.4999999999999806 0
5678 0.2422277716886336 0.4874999999999808 0
5679 0.7618430139592774 0.8250000000000073 0
5680 0.8267949192431132 0.8124999999999989 0
5681 0.5453366630131761 0.6124999999999957 0
5682 0.5453366630131757 0.5874999999999954 0
5683 0.5778126156550911 0.581249999999995 0
5684 0.5778126156550916 0.5562499999999954 0
5685 0.4046075348982088 0.3687499999999929 0
5686 0.1989265014994133 0.4499999999999784 0
5687 0.2097518190467189 0.443749999999979 0
5688 0.2205771365940243 0.4499999999999796 0
5689 0.1989265014994138 0.4374999999999785 0
5690 0.1881011839521096 0.3937499999999786 0
5691 0.8159696016958059 0.631250000000005 0
5692 0.7618430139592947 0.1875000000000038 0
5693 0.4154328524455233 0.4374999999999911 0
5694 0.4479088050874368 0.4187499999999914 0
5695 0.5453366630131888 0.1500000000000039 0
5696 0.7077164262227668 0.09375000000000311 0
5697 0.09067332602636513 0.2749999999999749 0
5698 0.512860710371261 0.6312499999999956 0
5699 0.296354359425142 0.8187499999999839 0
5700 0.2530530892359218 0.8562499999999823 0
5701 0.7077164262227525 0.6062499999999987 0
5702 0.2530530892359393 0.4812499999999811 0
5703 0.7293670613173573 0.7062499999999989 0
5704 0.3721315822562954 0.2624999999999924 0
5705 0.3829568998035968 0.6187499999999884 0
5706 0.8159696016958193 0.2187500000000051 0
5707 0.8051442841485141 0.2125000000000049 0
5708 0.4695594401820369 0.6812499999999935 0
5709 0.5183812682146938 0.01100216286958877 0
5710 0.5125502467056524 0.02049369184464722 0
5711 0.5242930285912847 0.02338594785034487 0
5712 0.3288303120670684 0.6374999999999852 0
5713 0.480384757729347 0.5874999999999949 0
5714 0.3939113402575375 0.01271339735958077 0
5715 0.3805917306006846 0.01118949809606096 0
5716 0.5442677926232603 0.0123210081672257 0
5717 0.7077164262227623 0.331250000000002 0
5718 0.274703724330546 0.5562499999999827 0
5719 0.242227771688636 0.4249999999999811 0
5720 0.2314024541413305 0.4312499999999805 0
5721 0.2422277716886365 0.412499999999981 0
5722 0.7510176964119797 0.4437500000000024 0
5723 0.2747037243305328 0.7937499999999824 0
5724 0.3071796769724604 0.5874999999999846 0
5725 0.8691860859975222 0.9877048513550781 0
5726 0.491210075276652 0.3812499999999947 0
5727 0.4803847577293465 0.3749999999999946 0
5728 0.8592708718850258 0.6937500000000061 0
5729 0.6535898384862312 0.4374999999999994 0
5730 0.6535898384862315 0.4249999999999995 0
5731 0.2530530892359319 0.6062499999999812 0
5732 0.7834936490538913 0.7875000000000001 0
5733 0.5128607103712622 0.4062499999999951 0
5734 0.5020353928239419 0.8749999999999951 0
5735 0.4587341226347348 0.6249999999999931 0
5736 0.4587341226347356 0.6124999999999932 0
5737 0.318004994519777 0.1187499999999923 0
5738 0.2638784067832477 0.1374999999999909 0
5739 0.2747037243305531 0.1437499999999916 0
5740 0.5778126156550933 0.4937499999999961 0
5741 0.5778126156550928 0.4812499999999966 0
5742 0.7834936490538864 0.8250000000000082 0
5743 0.1772758664048013 0.4749999999999774 0
5744 0.3288303120670764 0.4999999999999863 0
5745 0.3180049945197703 0.5187499999999856 0
5746 0.7185417437700492 0.9125000000000032 0
5747 0.534511345465876 0.2937499999999971 0
5748 0.7185417437700679 0.3125000000000041 0
5749 0.2855290418778507 0.3499999999999874 0
5750 0.6427645209389272 0.3937499999999993 0
5751 0.3937822173509071 0.5249999999999906 0
5752 0.35625 0.01082531754730548 0
5753 0.4262581699928218 0.3812499999999933 0
5754 0.1123239611209652 0.5374999999999739 0
5755 0.9458722251475818 0.04374459456507179 0
5756 0.2669435014934705 0.01197657099216054 0
5757 0.2931114694834415 0.01095875108281369 0
5758 0.332355604337447 0.01131406242494359 0
5759 0.3937643277194978 0.9872324425617387 0
5760 0.26875 0.9891746824526946 0
5761 0.2564893524894136 0.988975905015521 0
5762 0.2060726574809667 0.9889873783574639 0
5763 0.1937499999999999 0.9891746824526946 0
5764 0.4803847577293405 0.712499999999993 0
5765 0.7726683315065955 0.3187500000000036 0
5766 0.2963543594251592 0.5312499999999829 0
5767 0.9566987298107884 0.3125000000000082 0
5768 0.4437737249227298 0.01076033744784466 0
5769 0.4373156219275522 0.02265807674596326 0
5770 0.7510176964119795 0.4562500000000026 0
5771 0.1556252313101944 0.3624999999999773 0
5772 0.1447999137628885 0.3687499999999766 0
5773 0.7293670613173628 0.6187499999999999 0
5774 0.5561619805604873 0.2812499999999981 0
5775 0.4370834875401335 0.4499999999999924 0
5776 0.8376291821299469 0.9437685484310755 0
5777 0.328830312067072 0.3749999999999907 0
5778 0.1937499999999999 0.01082531754730565 0
5779 0.5453366630131767 0.4999999999999956 0
5780 0.5669872981077901 0.3749999999999965 0
5781 0.8267949192431134 0.5750000000000051 0
5782 0.5236860279185543 0.8374999999999961 0
5783 0.5236860279185652 0.5374999999999949 0
5784 0.51286071037126 0.5312499999999947 0
5785 0.6319392033916216 0.3999999999999989 0
5786 0.5453366630131766 0.4374999999999958 0
5787 0.6211138858443109 0.5687499999999948 0
5788 0.8691117540167358 0.01240844614360781 0
5789 0.01137877497145456 0.7816001588776451 0
5790 0.3180049945197654 0.3437499999999907 0
5791 0.7943189666011972 0.5812500000000037 0
5792 0.2205771365940237 0.4624999999999796 0
5793 0.4803847577293325 0.8499999999999941 0
5794 0.4046075348982098 0.3062499999999937 0
5795 0.3504859110874897 0.9740498571265868 0
5796 0.2530530892359382 0.506249999999981 0
5797 0.2530530892359375 0.5187499999999809 0
5798 0.2638784067832428 0.5249999999999815 0
5799 0.5937500000000001 0.01082531754730565 0
5800 0.9891746824526937 0.818750000000001 0
5801 0.9891746824526938 0.8687500000000012 0
5802 0.8433738597471332 0.9892926238694805 0
5803 0.8490387914799112 0.9769834746188345 0
5804 0.6570499900492259 0.9890571345610071 0
5805 0.5187499999999998 0.9891746824526944 0
5806 0.3681673220930513 0.9893124280455124 0
5807 0.751017696411984 0.3437500000000029 0
5808 0.5020353928239648 0.1875000000000012 0
5809 0.5020353928239636 0.2000000000000006 0
5810 0.4912100752766578 0.2062499999999993 0
5811 0.5128607103712698 0.1937500000000015 0
5812 0.5128607103712682 0.2062500000000008 0
5813 0.5236860279185764 0.1750000000000025 0
5814 0.7185417437700479 0.9250000000000032 0
5815 0.5128607103712454 0.9187499999999942 0
5816 0.3829568998035806 0.9312499999999891 0
5817 0.04727442926976283 0.3249999999999712 0
5818 0.5020353928239542 0.6624999999999955 0
5819 0.4479088050874298 0.6187499999999926 0
5820 0.4370834875401239 0.624999999999992 0
5821 0.4370834875401246 0.6124999999999919 0
5822 0.7822922873138984 0.01192048746631325 0
5823 0.5453366630131758 0.5624999999999954 0
5824 0.3288303120670719 0.3124999999999911 0
5825 0.1772758664047831 0.7999999999999756 0
5826 0.4370834875401135 0.8124999999999891 0
5827 0.5886379332023881 0.7999999999999987 0
5828 0.4262581699928179 0.6312499999999911 0
5829 0.6752404735808342 0.6499999999999964 0
5830 0.5561619805604823 0.5062499999999959 0
5831 0.512860710371261 0.481249999999995 0
5832 0.4803847577293469 0.4249999999999944 0
5833 0.545336663013173 0.7124999999999945 0
5834 0.5561619805604771 0.7187499999999956 0
5835 0.5236860279185617 0.7249999999999939 0
5836 0.5345113454658657 0.7312499999999948 0
5837 0.4262581699928128 0.7187499999999903 0
5838 0.3613062647089837 0.656249999999987 0
5839 0.4154328524455069 0.7249999999999897 0
5840 0.2855290418778443 0.662499999999983 0
5841 0.2963543594251539 0.606249999999984 0
5842 0.2314024541413233 0.5687499999999797 0
5843 0.3937822173509003 0.6499999999999889 0
5844 0.4912100752766494 0.5187499999999943 0
5845 0.4912100752766491 0.5312499999999942 0
5846 0.1772758664047979 0.5499999999999767 0
5847 0.3288303120670729 0.5624999999999859 0
5848 0.3288303120670751 0.5249999999999863 0
5849 0.8376202367904202 0.5312500000000054 0
5850 0.1339745962155739 0.5874999999999737 0
5851 0.1231492786682722 0.5937499999999701 0
5852 0.1339745962155756 0.6124999999999725 0
5853 0.13397459621557 0.6999999999999736 0
5854 0.1556252313101741 0.7749999999999747 0
5855 0.2205771365940037 0.8249999999999786 0
5856 0.2097518190466984 0.8312499999999795 0
5857 0.2747037243305311 0.8187499999999823 0
5858 0.3288303120670581 0.824999999999986 0
5859 0.5128607103712477 0.8687499999999952 0
5860 0.3937822173509071 0.5374999999999899 0
5861 0.3937822173509103 0.4749999999999899 0
5862 0.3180049945197696 0.5312499999999856 0
5863 0.404607534898216 0.4687499999999904 0
5864 0.4154328524455205 0.4749999999999904 0
5865 0.6535898384862298 0.4999999999999993 0
5866 0.6968911086754477 0.5999999999999978 0
5867 0.577812615655099 0.2687499999999985 0
5868 0.4912100752766535 0.3062499999999956 0
5869 0.4803847577293485 0.299999999999995 0
5870 0.6427645209389176 0.656249999999995 0
5871 0.6319392033916125 0.6499999999999945 0
5872 0.6427645209389181 0.6437499999999949 0
5873 0.6211138858443073 0.643749999999994 0
5874 0.2422277716886255 0.6249999999999806 0
5875 0.2205771365940108 0.6874999999999791 0
5876 0.209751819046705 0.6937499999999786 0
5877 0.3288303120670635 0.7249999999999843 0
5878 0.1989265014993967 0.7624999999999775 0
5879 0.4370834875401166 0.7374999999999911 0
5880 0.1447999137628597 0.8687499999999719 0
5881 0.1014986435736435 0.8187499999999678 0
5882 0.1772758664047737 0.8874999999999762 0
5883 0.2314024541412966 0.931249999999983 0
5884 0.2747037243305183 0.9312499999999853 0
5885 0.263877574345908 0.9374985581762798 0
5886 0.2747027531536623 0.9437483178723283 0
5887 0.458734122634733 0.5249999999999935 0
5888 0.1989265014993906 0.8499999999999799 0
5889 0.5994632507497055 0.3937499999999978 0
5890 0.5886379332024003 0.3874999999999975 0
5891 0.4262581699928182 0.506249999999993 0
5892 0.415432852445515 0.512499999999993 0
5893 0.4262581699928215 0.4937499999999919 0
5894 0.8267949192431169 0.4875000000000044 0
5895 0.8376202367904227 0.4812500000000053 0
5896 0.5994632507496992 0.5937499999999942 0
5897 0.4479088050874289 0.5437499999999936 0
5898 0.68606579112814 0.6437499999999968 0
5899 0.5020353928239547 0.5249999999999945 0
5900 0.5345113454658714 0.4312499999999954 0
5901 0.3288303120670692 0.6249999999999851 0
5902 0.4912100752766408 0.7562499999999961 0
5903 0.6535898384862255 0.5999999999999956 0
5904 0.458734122634733 0.5374999999999934 0
5905 0.5994632507497034 0.5187499999999964 0
5906 0.729367061317364 0.5937500000000011 0
5907 0.447908805087432 0.3937499999999933 0
5908 0.2314024541413277 0.1937499999999879 0
5909 0.7401923788646716 0.5250000000000024 0
5910 0.4695594401820496 0.16875 0
5911 0.5669872981078006 0.1375000000000052 0
5912 0.8159696016958088 0.5437500000000044 0
5913 0.09067332602636541 0.2499999999999746 0
5914 0.3829568998036063 0.4437499999999895 0
5915 0.3721315822562913 0.3999999999999919 0
5916 0.2422277716886366 0.3749999999999813 0
5917 0.69689110867545 0.5250000000000007 0
5918 0.6752404735808436 0.3875000000000002 0
5919 0.7943189666011908 0.8812500000000109 0
5920 0.3829568998035984 0.3312499999999929 0
5921 0.6535898384862364 0.2999999999999999 0
5922 0.6644151560335422 0.2937500000000006 0
5923 0.4154328524455201 0.1999999999999955 0
5924 0.2530530892359413 0.343749999999982 0
5925 0.9025721420742533 0.5562500000000082 0
5926 0.9025721420742537 0.5437500000000083 0
5927 0.2855290418778633 0.07499999999999241 0
5928 0.2855290418778401 0.7624999999999829 0
5929 0.4262581699928211 0.5562499999999921 0
5930 0.3721315822562981 0.4999999999999886 0
5931 0.7185417437700558 0.6499999999999988 0
5932 0.6968911086754457 0.6374999999999975 0
5933 0.2638784067832317 0.6999999999999815 0
5934 0.2855290418778419 0.7124999999999826 0
5935 0.2963543594251589 0.2937499999999899 0
5936 0.7401923788646824 0.2125000000000031 0
5937 0.4370834875401341 0.4374999999999925 0
5938 0.4370834875401216 0.6624999999999914 0
5939 0.1231567888368734 0.0562630079935551 0
5940 0.9891746824526948 0.4687500000000046 0
5941 0.9891746824526968 0.5187500000000023 0
5942 0.9891746824526946 0.70625 0
5943 0.9783493649053898 0.7000000000000014 0
5944 0.9783493649053885 0.7125000000000019 0
5945 0.9675240473580822 0.7062500000000052 0
5946 0.9893157135652056 0.9686736951264159 0
5947 0.7189126485603383 0.9874352045361626 0
5948 0.5442280827173022 0.987590229267883 0
5949 0.306485745010359 0.9879186755529917 0
5950 0.4046075348982019 0.7187499999999889 0
5951 0.8809215069796364 0.7562500000000059 0
5952 0.06964866494408561 0.05049455723831908 0
5953 0.8700961894323344 0.8375 0
5954 0.8484455543377241 0.8249999999999991 0
5955 0.6968911086754545 0.400000000000001 0
5956 0.7293670613173691 0.443750000000002 0
5957 0.09067332602636735 0.6374999999999678 0
5958 0.5669872981077885 0.4124999999999967 0
5959 0.2422277716886333 0.2249999999999881 0
5960 0.4912100752766507 0.6312499999999949 0
5961 0.3613062647089764 0.7812499999999871 0
5962 0.350480947161688 0.199999999999993 0
5963 0.8376202367904293 0.2562500000000058 0
5964 0.6102885682970098 0.4249999999999982 0
5965 0.4695594401820385 0.6562499999999936 0
5966 0.3288303120670819 0.1374999999999925 0
5967 0.3180049945197766 0.131249999999992 0
5968 0.1989265014994093 0.5374999999999779 0
5969 0.437083487540121 0.6749999999999914 0
5970 0.3937822173509051 0.5749999999999894 0
5971 0.5236860279185749 0.2000000000000021 0
5972 0.2850528258408427 0.9748795043213305 0
5973 0.9891746824526982 0.09374999999999944 0
5974 0.5778126156550784 0.9062499999999978 0
5975 0.6752404735808466 0.312500000000001 0
5976 0.1231492786682828 0.1937499999999776 0
5977 0.6644151560335315 0.5937499999999961 0
5978 0.7943189666011945 0.6437500000000044 0
5979 0.3180049945197576 0.7312499999999839 0
5980 0.6427645209389197 0.6062499999999951 0
5981 0.1772758664048039 0.1374999999999846 0
5982 0.480384757729346 0.4874999999999941 0
5983 0.5128607103712618 0.4312499999999949 0
5984 0.274703724330532 0.8062499999999824 0
5985 0.9891746824526976 0.1437499999999998 0
5986 0.07984800847906193 0.1562499999999759 0
5987 0.5669872981077976 0.1875000000000051 0
5988 0.5778126156551021 0.193750000000006 0
5989 0.5669872981077967 0.200000000000005 0
5990 0.5778126156551016 0.2062500000000047 0
5991 0.5886379332024068 0.2000000000000045 0
5992 0.6752404735808374 0.724999999999998 0
5993 0.6752404735808351 0.712499999999997 0
5994 0.4154328524455145 0.3374999999999937 0
5995 0.2314024541413339 0.3187499999999809 0
5996 0.5886379332024059 0.2250000000000012 0
5997 0.4587341226347479 0.1000000000000034 0
5998 0.653589838486241 0.1625000000000099 0
5999 0.9350480947161727 0.4500000000000088 0
6000 0.3504809471616885 0.4749999999999876 0
6001 0.3396556296143835 0.468749999999987 0
6002 0.7618430139592933 0.0625000000000025 0
6003 0.1014986435736711 0.2312499999999755 0
6004 0.8700961894323493 0.1500000000000064 0
6005 0.2530530892359417 0.4187499999999815 0
6006 0.2530530892359417 0.4062499999999816 0
6007 0.4262581699928029 0.9187499999999904 0
6008 0.242227771688616 0.7999999999999806 0
6009 0.09360704631585282 0.01076328224205048 0
6010 0.7726683315065964 0.2687500000000041 0
6011 0.5994632507496892 0.918749999999998 0
6012 0.3288303120670827 0.1124999999999927 0
6013 0.4479088050874203 0.7812499999999896 0
6014 0.9458734122634888 0.08125000000000232 0
6015 0.5020353928239518 0.6999999999999938 0
6016 0.5561619805604701 0.8437499999999971 0
6017 0.5778126156550799 0.8812499999999974 0
6018 0.3613062647089889 0.5687499999999874 0
6019 0.372131582256284 0.7499999999999863 0
6020 0.5236860279185548 0.8249999999999962 0
6021 0.1556252313101948 0.3499999999999773 0
6022 0.7726683315066005 0.1187500000000027 0
6023 0.3288303120670735 0.2749999999999911 0
6024 0.3396556296143786 0.2812499999999916 0
6025 0.1664505488574994 0.1187499999999849 0
6026 0.5345113454658776 0.2562499999999984 0
6027 0.3937822173509047 0.2999999999999933 0
6028 0.5886379332023874 0.8124999999999988 0
6029 0.5345113454658706 0.5437499999999951 0
6030 0.2638784067832435 0.1999999999999897 0
6031 0.8051442841485004 0.837500000000005 0
6032 0.7077164262227575 0.4687500000000012 0
6033 0.729367061317366 0.5312500000000019 0
6034 0.3396556296143838 0.4562499999999872 0
6035 0.3504809471616884 0.4499999999999878 0
6036 0.09438721116051052 0.9890413484547911 0
6037 0.0108253175473057 0.7937499999999998 0
6038 0.1772758664048067 0.3249999999999783 0
6039 0.8484455543377347 0.2250000000000063 0
6040 0.4695594401820422 0.4062499999999934 0
6041 0.5886379332024013 0.3624999999999972 0
6042 0.599463250749707 0.3562499999999977 0
6043 0.3613062647089924 0.5062499999999881 0
6044 0.6860657911281461 0.4812500000000003 0
6045 0.6968911086754512 0.4875000000000008 0
6046 0.2747037243305516 0.443749999999982 0
6047 0.512860710371266 0.2687499999999969 0
6048 0.4695594401820445 0.2562499999999958 0
6049 0.4912100752766559 0.231249999999997 0
6050 0.5236860279185694 0.3249999999999966 0
6051 0.1447999137628824 0.5312499999999759 0
6052 0.9458734122634772 0.5062500000000106 0
6053 0.5778126156550925 0.5312499999999958 0
6054 0.3829568998035974 0.3687499999999927 0
6055 0.6211138858443184 0.3437499999999984 0
6056 0.6211138858443177 0.3562499999999986 0
6057 0.6427645209389297 0.3312499999999992 0
6058 0.1881011839521082 0.1562499999999856 0
6059 0.4695594401820363 0.6937499999999933 0
6060 0.7834936490538976 0.4000000000000034 0
6061 0.4479088050874337 0.2562499999999953 0
6062 0.426258169992829 0.4312499999999919 0
6063 0.8917468245269502 0.4875000000000081 0
6064 0.7943208662610729 0.9437496337402174 0
6065 0.4154328524455239 0.4249999999999913 0
6066 0.393782217350909 0.2124999999999944 0
6067 0.4154328524454977 0.8999999999999898 0
6068 0.8376202367904271 0.4187500000000057 0
6069 0.2747037243305404 0.6437499999999825 0
6070 0.6860657911281405 0.631249999999997 0
6071 0.3396556296143751 0.6187499999999857 0
6072 0.7401923788646722 0.5125000000000025 0
6073 0.6535898384862341 0.3499999999999996 0
6074 0.9242227771688737 0.2812500000000077 0
6075 0.6211138858442992 0.9187499999999983 0
6076 0.2747037243305505 0.2437499999999887 0
6077 0.5994632507497181 0.1187500000000075 0
6078 0.1772758664047913 0.6499999999999762 0
6079 0.5886379332024008 0.3749999999999976 0
6080 0.3288303120670746 0.2499999999999913 0
6081 0.5886379332024098 0.1625000000000067 0
6082 0.8159696016958179 0.2937500000000055 0
6083 0.8159696016958176 0.3062500000000054 0
6084 0.6427645209389276 0.3812499999999994 0
6085 0.2205771365940242 0.1624999999999875 0
6086 0.3071796769724708 0.137499999999992 0
6087 0.5345113454658753 0.3187499999999961 0
6088 0.3721315822562933 0.5874999999999878 0
6089 0.4262581699928318 0.1062499999999997 0
6090 0.3071796769724582 0.624999999999984 0
6091 0.2422277716886262 0.6124999999999805 0
6092 0.9242227771688609 0.6062500000000094 0
6093 0.9242227771688621 0.5937500000000092 0
6094 0.5778126156550947 0.3937499999999972 0
6095 0.4262581699928196 0.3437499999999939 0
6096 0.6102885682970094 0.4374999999999981 0
6097 0.3071796769724361 0.912499999999987 0
6098 0.296354359425129 0.9437499999999858 0
6099 0.610288568297004 0.5999999999999939 0
6100 0.7618430139592932 0.05000000000000265 0
6101 0.6211138858443146 0.4562499999999984 0
6102 0.534511345465892 0.04375000000000195 0
6103 0.7293670613173772 0.08125000000000282 0
6104 0.5236860279185631 0.6874999999999944 0
6105 0.4695594401820305 0.7937499999999909 0
6106 0.7943189666012014 0.4562500000000038 0
6107 0.491210075276638 0.8437499999999942 0
6108 0.9133974596215629 0.4250000000000079 0
6109 0.06902269093172203 0.8624999999999633 0
6110 0.7510176964119758 0.5687500000000023 0
6111 0.7401923788646706 0.5625000000000021 0
6112 0.7510176964119761 0.5562500000000025 0
6113 0.7293670613173779 0.1312500000000029 0
6114 0.2314024541413148 0.7187499999999798 0
6115 0.2963543594251655 0.1312499999999919 0
6116 0.2963543594251649 0.143749999999992 0
6117 0.03125000000000033 0.989174682452694 0
6118 0.04733951364801547 0.3124999999999717 0
6119 0.0581973733844498 0.256249999999973 0
6120 0.5236860279185634 0.6749999999999952 0
6121 0.3066974746557554 0.01277380878249645 0
6122 0.4046075348982124 0.2437499999999941 0
6123 0.7401923788646844 0.1375000000000037 0
6124 0.3288303120670807 0.1749999999999926 0
6125 0.1339745962155868 0.2624999999999764 0
6126 0.5994632507497037 0.4437499999999977 0
6127 0.7293670613173672 0.4937500000000019 0
6128 0.3288303120670708 0.3499999999999912 0
6129 0.3937822173509053 0.2874999999999932 0
6130 0.9891746824526944 0.7187500000000004 0
6131 0.978349364905388 0.7250000000000022 0
6132 0.2097518190467011 0.7812499999999782 0
6133 0.1989265014994188 0.07499999999998791 0
6134 0.9458734122634691 0.8062500000000059 0
6135 0.5345128535023587 0.9437332005183912 0
6136 0.8808870245319628 0.9561851890057825 0
6137 0.956698729810778 0.6875000000000071 0
6138 0.6319392033916051 0.912499999999999 0
6139 0.9458734122634735 0.6562500000000078 0
6140 0.9134006453073754 0.9622737004302646 0
6141 0.7618430139592691 0.9500000000000088 0
6142 0.5345113454658689 0.6687499999999951 0
6143 0.5345113454658584 0.8687499999999961 0
6144 0.07984800847905899 0.2937499999999738 0
6145 0.8267949192431263 0.07500000000000034 0
6146 0.9133974596215599 0.5250000000000095 0
6147 0.2205771365940155 0.612499999999979 0
6148 0.4370834875401231 0.6374999999999917 0
6149 0.2638784067832278 0.787499999999982 0
6150 0.8484455543377368 0.1875000000000056 0
6151 0.5453366630131742 0.6749999999999949 0
6152 0.5994632507497085 0.3187499999999978 0
6153 0.4046075348982027 0.7062499999999891 0
6154 0.2963543594251592 0.2562499999999884 0
6155 0.1556252313101862 0.5624999999999761 0
6156 0.285529041877837 0.8124999999999831 0
6157 0.8809215069796424 0.5312500000000075 0
6158 0.7618430139592789 0.6250000000000016 0
6159 0.751017696411973 0.631250000000001 0
6160 0.7618430139592768 0.6625000000000021 0
6161 0.2855290418778573 0.4374999999999823 0
6162 0.7293670613173593 0.6812499999999992 0
6163 0.8917468245269565 0.2250000000000064 0
6164 0.8917468245269572 0.2125000000000064 0
6165 0.2530530892359286 0.6562499999999809 0
6166 0.2963543594251477 0.7062499999999833 0
6167 0.9242227771688669 0.48125000000001 0
6168 0.4046075348982061 0.6437499999999896 0
6169 0.198926501499411 0.4999999999999782 0
6170 0.2530530892359242 0.7562499999999814 0
6171 0.2855288800150139 0.949999719645376 0
6172 0.3288303120670721 0.5749999999999857 0
6173 0.5994632507497093 0.3062499999999972 0
6174 0.2530530892359327 0.5937499999999811 0
6175 0.3937822173509032 0.3624999999999929 0
6176 0.2638784067832411 0.5499999999999821 0
6177 0.1556252313101968 0.2999999999999772 0
6178 0.7943189666011961 0.6062500000000034 0
6179 0.9025721420742618 0.3062500000000072 0
6180 0.4587341226347381 0.287499999999995 0
6181 0.6644151560335373 0.4187499999999998 0
6182 0.5561619805604822 0.4937499999999959 0
6183 0.4154328524455155 0.299999999999994 0
6184 0.4370834875401201 0.6874999999999912 0
6185 0.6968911086754553 0.3750000000000012 0
6186 0.3288303120670766 0.2124999999999919 0
6187 0.06902269093175606 0.1874999999999744 0
6188 0.6968911086754608 0.175000000000003 0
6189 0.7943189666012094 0.06875000000000187 0
6190 0.6860657911281535 0.2812500000000023 0
6191 0.1556252313101935 0.3874999999999771 0
6192 0.6535898384862391 0.200000000000002 0
6193 0.7401923788646816 0.2500000000000036 0
6194 0.7293670613173761 0.2562500000000035 0
6195 0.4912100752766514 0.6187499999999949 0
6196 0.7077164262227662 0.2562500000000039 0
6197 0.3071796769724445 0.8499999999999851 0
6198 0.9783493649053893 0.9249999999999999 0
6199 0.8809215069796376 0.6687500000000058 0
6200 0.8700961894323322 0.6625000000000059 0
6201 0.9025721420742474 0.7187500000000061 0
6202 0.6860657911281445 0.5312499999999998 0
6203 0.3829568998036141 0.06874999999999665 0
6204 0.3613062647089845 0.6437499999999869 0
6205 0.1556252313101967 0.3124999999999772 0
6206 0.3721315822562989 0.4374999999999897 0
6207 0.8377529575075382 0.03120896563210546 0
6208 0.5345113454658609 0.7812499999999971 0
6209 0.2747037243305471 0.5437499999999823 0
6210 0.8051442841485119 0.3125000000000054 0
6211 0.8484455543377372 0.1750000000000055 0
6212 0.2422277716886354 0.4499999999999809 0
6213 0.3504809471616959 0.07499999999999418 0
6214 0.3396556296143897 0.08124999999999349 0
6215 0.307179676972451 0.762499999999984 0
6216 0.5886379332024084 0.1750000000000062 0
6217 0.1664505488574969 0.4312499999999774 0
6218 0.6968911086754611 0.1375000000000027 0
6219 0.4046075348982119 0.2562499999999939 0
6220 0.1447999137628914 0.2062499999999797 0
6221 0.6752404735808295 0.8750000000000019 0
6222 0.8484455543377336 0.3500000000000059 0
6223 0.7726683315065979 0.2187500000000038 0
6224 0.7185417437700721 0.1000000000000029 0
6225 0.3721315822562928 0.3374999999999926 0
6226 0.7834936490539053 0.100000000000002 0
6227 0.2205771365939929 0.8999999999999823 0
6228 0.8700961894323453 0.2875000000000063 0
6229 0.1881011839521097 0.3687499999999785 0
6230 0.2205771365940251 0.4249999999999798 0
6231 0.8051442841485121 0.2625000000000056 0
6232 0.1989265014994012 0.6624999999999782 0
6233 0.3829568998035918 0.7062499999999876 0
6234 0.664415156033545 0.04375000000000312 0
6235 0.2530530892359401 0.2312499999999884 0
6236 0.4479088586512916 0.06874956926891918 0
6237 0.8484455543377278 0.4875000000000059 0
6238 0.3396556296143686 0.7312499999999849 0
6239 0.8700961894323493 0.07500000000000395 0
6240 0.3071796769724682 0.1749999999999927 0
6241 0.2097518190467156 0.5187499999999787 0
6242 0.4262581699928202 0.5937499999999913 0
6243 0.4262581699928195 0.6062499999999912 0
6244 0.761843013959276 0.6750000000000018 0
6245 0.4803847577293464 0.3624999999999947 0
6246 0.2638784067832323 0.6874999999999815 0
6247 0.8159696016958136 0.4562500000000037 0
6248 0.5669872981077873 0.4874999999999962 0
6249 0.5778126156550979 0.3187499999999963 0
6250 0.9892212014097157 0.03133057319707183 0
6251 0.9025721420742571 0.4312500000000078 0
6252 0.4587341226347392 0.2499999999999957 0
6253 0.7293686674528654 0.956247218091689 0
6254 0.7187032916363369 0.9745681544680107 0
6255 0.04736016939257554 0.1875155190988341 0
6256 0.4803847577293533 0.1999999999999988 0
6257 0.4695594401820476 0.206249999999998 0
6258 0.761843013959294 0.07500000000000256 0
6259 0.6535898384862371 0.2875 0
6260 0.07984800847906015 0.2187499999999742 0
6261 0.8267949192431234 0.2875000000000056 0
6262 0.2314024541413344 0.3062499999999809 0
6263 0.2530530892359248 0.7312499999999809 0
6264 0.2747037243305375 0.6937499999999821 0
6265 0.3937822173508969 0.7124999999999884 0
6266 0.1014986435736414 0.8312499999999676 0
6267 0.09067332602633715 0.8249999999999656 0
6268 0.0581756785916962 0.3187499999999723 0
6269 0.5994632507497171 0.1312500000000076 0
6270 0.8267949192431099 0.6750000000000056 0
6271 0.7726683315065809 0.8437500000000099 0
6272 0.696891108675445 0.6499999999999974 0
6273 0.1664505488574962 0.4437499999999772 0
6274 0.7726683315065906 0.4437500000000031 0
6275 0.8592708718850349 0.4562500000000064 0
6276 0.6211138858443099 0.7312499999999982 0
6277 0.5778126156550839 0.7562499999999988 0
6278 0.7077164262227569 0.4812500000000011 0
6279 0.859270871885027 0.6187500000000068 0
6280 0.8484455543377245 0.5625000000000056 0
6281 0.4370836125224457 0.07499899496080664 0
6282 0.2855290418778281 0.8999999999999855 0
6283 0.6644151560335279 0.6812499999999957 0
6284 0.07984800847905449 0.3562499999999736 0
6285 0.5886379332024129 0.08750000000000696 0
6286 0.1231492786682813 0.268749999999976 0
6287 0.9891746824526952 0.8937500000000004 0
6288 0.6752404735808503 0.08750000000000313 0
6289 0.9025721420742525 0.5687500000000082 0
6290 0.1123239611209461 0.8374999999999694 0
6291 0.6319392033916222 0.3749999999999991 0
6292 0.1772758664048008 0.1874999999999849 0
6293 0.1881011839521105 0.3562499999999784 0
6294 0.6535898384862229 0.7625000000000033 0
6295 0.3396556296143769 0.3187499999999914 0
6296 0.07984800847905488 0.4312499999999735 0
6297 0.4695594401820354 0.7062499999999929 0
6298 0.4154328524455153 0.5874999999999907 0
6299 0.4154328524455111 0.6499999999999901 0
6300 0.9891746824526941 0.8437500000000011 0
6301 0.9783493649053888 0.887500000000001 0
6302 0.4695594401820256 0.8812499999999934 0
6303 0.902572142074249 0.6312500000000076 0
6304 0.8700961894323317 0.7250000000000068 0
6305 0.09067332602636469 0.2874999999999746 0
6306 0.07984800847905049 0.5062499999999728 0
6307 0.7293670613173574 0.8687500000000045 0
6308 0.7293670613173564 0.8812500000000041 0
6309 0.9566987298107753 0.7625000000000071 0
6310 0.653589838486242 0.1375000000000055 0
6311 0.2963543594251615 0.4687499999999836 0
6312 0.1123239611209655 0.524999999999974 0
6313 0.1447999137628643 0.831249999999973 0
6314 0.2314024541412997 0.8812499999999868 0
6315 0.6211138858443199 0.3062499999999986 0
6316 0.4479088050874253 0.6937499999999918 0
6317 0.3071796769724556 0.6624999999999841 0
6318 0.2963543594251505 0.6562499999999835 0
6319 0.2422277716886316 0.5249999999999805 0
6320 0.3180049945197663 0.5812499999999851 0
6321 0.4912100752766541 0.2937499999999958 0
6322 0.07984800847904744 0.568749999999972 0
6323 0.5669872981077768 0.8124999999999979 0
6324 0.5236860279185552 0.8124999999999964 0
6325 0.7943189666012087 0.2187500000000046 0
6326 0.2205771365940091 0.7249999999999792 0
6327 0.07984800847903029 0.8312499999999641 0
6328 0.09067332602636391 0.6624999999999676 0
6329 0.2205771365940079 0.7499999999999793 0
6330 0.3721315822562844 0.7374999999999865 0
6331 0.5561619805604724 0.7687499999999978 0
6332 0.3071796769724599 0.5999999999999843 0
6333 0.1447999137628893 0.3562499999999765 0
6334 0.1339745962155845 0.3499999999999764 0
6335 0.1339745962155836 0.3624999999999763 0
6336 0.556161980560491 0.206250000000004 0
6337 0.7834936490538926 0.5375000000000035 0
6338 0.566987298107789 0.3999999999999969 0
6339 0.512867423004283 0.9562384953705784 0
6340 0.5020353928239667 0.1374999999999984 0
6341 0.5128607103712728 0.1312499999999998 0
6342 0.6860657911281492 0.3812500000000006 0
6343 0.7077164262227443 0.9062500000000024 0
6344 0.6644151560335428 0.2812500000000007 0
6345 0.9025721420742594 0.3437500000000068 0
6346 0.4479088050874301 0.3437499999999936 0
6347 0.05819737338440695 0.9562499999999644 0
6348 0.3504809471616836 0.2874999999999914 0
6349 0.07984800847902568 0.8687499999999652 0
6350 0.05832558716539704 0.8687253679742 0
6351 0.9675342606926349 0.9562636813849106 0
6352 0.1881011839521066 0.4812499999999777 0
6353 0.9458734122634729 0.881250000000001 0
6354 0.1447999137628699 0.7562499999999743 0
6355 0.43708348754011 0.8499999999999913 0
6356 0.1339745962155853 0.08749999999998254 0
6357 0.1339747545536185 0.07500027424949957 0
6358 0.9458734122634832 0.1812500000000064 0
6359 0.6211138858442992 0.9312499999999992 0
6360 0.9025721420742399 0.9312500000000123 0
6361 0.3829568998036159 0.03124999999999634 0
6362 0.2097518190467118 0.5812499999999786 0
6363 0.2097518190467126 0.5687499999999786 0
6364 0.9133974596215687 0.1750000000000071 0
6365 0.06902269093175406 0.2874999999999734 0
6366 0.9458734122634801 0.3812500000000092 0
6367 0.8376202367904311 0.1937500000000054 0
6368 0.2422277716886335 0.187499999999989 0
6369 0.1447999137628689 0.7687499999999741 0
6370 0.1339745962155632 0.774999999999973 0
6371 0.2530529504963571 0.9312497596960346 0
6372 0.1123239611209767 0.2374999999999758 0
6373 0.3288303120670847 0.07499999999999324 0
6374 0.6644151560335443 0.09375000000000311 0
6375 0.3288303120670706 0.3624999999999914 0
6376 0.8917468245269565 0.2625000000000066 0
6377 0.5886379332023863 0.8499999999999984 0
6378 0.1014986435736687 0.3187499999999751 0
6379 0.3504809471616688 0.8249999999999875 0
6380 0.783493649053903 0.2250000000000039 0
6381 0.891746824526958 0.1875000000000072 0
6382 0.8592708718850355 0.4437500000000065 0
6383 0.642764520938929 0.3437499999999992 0
6384 0.6968911086754505 0.5125000000000007 0
6385 0.2855290418778406 0.7499999999999826 0
6386 0.794318966601209 0.0562500000000028 0
6387 0.1772758664048003 0.4874999999999774 0
6388 0.1339745962155829 0.3749999999999759 0
6389 0.6211138858443033 0.8187500000000004 0
6390 0.1664505488574884 0.6062499999999764 0
6391 0.5669872981077779 0.7749999999999981 0
6392 0.2314024541413316 0.1437499999999889 0
6393 0.6319392033916227 0.3624999999999991 0
6394 0.3829568998035927 0.6937499999999879 0
6395 0.9025721420742479 0.7312500000000058 0
6396 0.6860657911281456 0.4937500000000004 0
6397 0.05822267914434842 0.5937499999999708 0
6398 0.794319283211167 0.9312499389567104 0
6399 0.220577136594027 0.3499999999999804 0
6400 0.761843013959281 0.5750000000000027 0
6401 0.6644151560335442 0.2312500000000014 0
6402 0.4370834875401285 0.2374999999999953 0
6403 0.9458734122634713 0.63125000000001 0
6404 0.09067332602636907 0.6249999999999679 0
6405 0.8159696016958048 0.7687500000000037 0
6406 0.7943189666012093 0.2062500000000044 0
6407 0.24222777168864 0.2999999999999814 0
6408 0.9025721420742476 0.7937500000000054 0
6409 0.3613062647089977 0.1437499999999938 0
6410 0.4912100752766643 0.1062499999999997 0
6411 0.935048094716179 0.2125000000000066 0
6412 0.2097518190467017 0.7687499999999783 0
6413 0.1664505488575032 0.2562499999999784 0
6414 0.1664505488574963 0.1937499999999842 0
6415 0.7726683315065983 0.04375000000000301 0
6416 0.7726683315065863 0.581250000000003 0
6417 0.7834936490538915 0.5875000000000032 0
6418 0.7834936490538911 0.600000000000003 0
6419 0.447908805087434 0.2437499999999955 0
6420 0.9025721420742479 0.7687500000000056 0
6421 0.05819737338444719 0.08124999999997767 0
6422 0.8917468245269422 0.8125000000000051 0
6423 0.8159696016958089 0.5187500000000034 0
6424 0.8159696016958087 0.5312500000000037 0
6425 0.77270718003679 0.9561851627768665 0
6426 0.5345113454658726 0.4062499999999957 0
6427 0.9458734122634832 0.318750000000008 0
6428 0.7726683315065923 0.3937500000000028 0
6429 0.1989265014994186 0.2999999999999796 0
6430 0.3180049945197556 0.7812499999999847 0
6431 0.1664505488575023 0.08124999999998517 0
6432 0.2747037243305392 0.6562499999999828 0
6433 0.7834936490538996 0.3625000000000036 0
6434 0.307179676972468 0.4499999999999846 0
6435 0.5345113454658732 0.3937499999999955 0
6436 0.9458734122634749 0.5812500000000106 0
6437 0.9566987298107839 0.3875000000000097 0
6438 0.3721315822562932 0.3249999999999924 0
6439 0.3829568998035991 0.3062499999999929 0
6440 0.2963543594251348 0.8937499999999859 0
6441 0.4262581699928171 0.6437499999999909 0
6442 0.1123239611209673 0.5749999999999713 0
6443 0.8484455543377347 0.2500000000000061 0
6444 0.989174682452694 0.7562500000000012 0
6445 0.5778126156550809 0.8437499999999983 0
6446 0.5994632507496906 0.8812499999999979 0
6447 0.8267949192431094 0.7125000000000047 0
6448 0.1123239611209672 0.4499999999999744 0
6449 0.7293670613173604 0.8437500000000051 0
6450 0.9133974596215592 0.550000000000009 0
6451 0.6968913381233675 0.9374996025845272 0
6452 0.7293670613173607 0.7562499999999971 0
6453 0.588637933202389 0.7624999999999991 0
6454 0.9025721420742538 0.5312500000000088 0
6455 0.1664505488574849 0.6687499999999759 0
6456 0.1664505488574774 0.8062499999999746 0
6457 0.7077164262227501 0.656249999999998 0
6458 0.3721315822562941 0.574999999999988 0
6459 0.4046075348982094 0.5937499999999898 0
6460 0.3180049945197607 0.6812499999999845 0
6461 0.2314024541413146 0.7312499999999802 0
6462 0.3937822173508946 0.7499999999999878 0
6463 0.1339745962155625 0.7874999999999726 0
6464 0.5778126156550919 0.4687499999999967 0
6465 0.491210075276652 0.356249999999995 0
6466 0.5128607103712501 0.8187499999999958 0
6467 0.6211138858443206 0.2937499999999981 0
6468 0.8051442841485117 0.3250000000000052 0
6469 0.6102885682970222 0.1250000000000084 0
6470 0.6211138858443267 0.1312500000000083 0
6471 0.4262581699928231 0.2437499999999949 0
6472 0.3829568998036054 0.1812499999999945 0
6473 0.3504809471616839 0.5624999999999869 0
6474 0.3396556296143781 0.5687499999999863 0
6475 0.4262581699928214 0.2937499999999944 0
6476 0.8809215069796525 0.1937500000000068 0
6477 0.8809215069796521 0.2062500000000063 0
6478 0.880921506979649 0.3562500000000056 0
6479 0.1772758664047986 0.5374999999999769 0
6480 0.8484455543377344 0.2375000000000064 0
6481 0.7834936490539015 0.3000000000000048 0
6482 0.6752404735808313 0.8000000000000042 0
6483 0.7726683315065944 0.3562500000000033 0
6484 0.1447999137628881 0.3812499999999764 0
6485 0.5778126156550952 0.381249999999997 0
6486 0.8159696016958004 0.8937500000000123 0
6487 0.1664505488574863 0.6437499999999756 0
6488 0.3613062647089896 0.5562499999999877 0
6489 0.9566987298107904 0.2750000000000095 0
6490 0.1339745962155492 0.8999999999999744 0
6491 0.1014986435736328 0.9062499999999687 0
6492 0.3071796769724496 0.7874999999999845 0
6493 0.2638784067832328 0.6749999999999812 0
6494 0.4046075348982218 0.1062499999999976 0
6495 0.9675240473580933 0.281250000000008 0
6496 0.9025721420742476 0.6937500000000068 0
6497 0.8809215069796367 0.768750000000006 0
6498 0.1989265014994151 0.3749999999999789 0
6499 0.1772758664047926 0.6249999999999765 0
6500 0.4803847577293489 0.2874999999999954 0
6501 0.534511345465884 0.1312500000000024 0
6502 0.6319392033916233 0.3499999999999989 0
6503 0.5453366630131664 0.7874999999999974 0
6504 0.8484455543377206 0.7625000000000053 0
6505 0.6427645209389243 0.5062499999999988 0
6506 0.2963543594251625 0.4437499999999833 0
6507 0.7618430139592884 0.3625000000000029 0
6508 0.6427645209389348 0.0812500000000036 0
6509 0.751017696411964 0.9312500000000058 0
6510 0.989174682452695 0.78125 0
6511 0.9891746824526947 0.7937500000000004 0
6512 0.7058238079615015 0.9893371684829915 0
6513 0.8484455543377339 0.3625000000000061 0
6514 0.3937822173508941 0.7624999999999876 0
6515 0.7834936490539012 0.3125000000000044 0
6516 0.177275866404788 0.7124999999999766 0
6517 0.404607534898191 0.9437499999999899 0
6518 0.8267949192431101 0.6625000000000063 0
6519 0.1664505488574893 0.5937499999999762 0
6520 0.2205771365940312 0.07499999999998763 0
6521 0.8376202367904291 0.243750000000006 0
6522 0.2314024541413281 0.1812499999999879 0
6523 0.2205771365940233 0.1749999999999875 0
6524 0.1664505488574974 0.1437499999999848 0
6525 0.8159696016958211 0.09375000000000078 0
6526 0.1989265014994104 0.5124999999999781 0
6527 0.1447999401525632 0.08125004570823624 0
6528 0.3721315822562876 0.6874999999999872 0
6529 0.3504809471616769 0.6874999999999859 0
6530 0.7834936490538854 0.7125000000000038 0
6531 0.6860657911281558 0.05625000000000319 0
6532 0.9675240473580925 0.3187500000000064 0
6533 0.7510176964119886 0.181250000000004 0
6534 0.1989265014994059 0.5874999999999783 0
6535 0.696891108675451 0.5000000000000009 0
6536 0.3396556296143791 0.2687499999999914 0
6537 0.1339745962155866 0.2749999999999765 0
6538 0.6644151560335213 0.9187500000000002 0
6539 0.7726683315065784 0.8937500000000083 0
6540 0.8700961894323452 0.2375000000000065 0
6541 0.06902198809538368 0.5374999999999726 0
6542 0.5561618530325269 0.931249239907419 0
6543 0.9350480947161692 0.5750000000000098 0
6544 0.9566987298107745 0.7250000000000068 0
6545 0.3937762445556331 0.9499874110051449 0
6546 0.3613062647089819 0.6937499999999864 0
6547 0.8700961894323325 0.6500000000000062 0
6548 0.04737205583711579 0.8124999999999619 0
6549 0.3288303120670656 0.687499999999985 0
6550 0.2205771365940183 0.5624999999999792 0
6551 0.8484455543377262 0.5250000000000064 0
6552 0.1664505488574871 0.6312499999999759 0
6553 0.1339745962155861 0.2999999999999767 0
6554 0.1772758664047907 0.6624999999999761 0
6555 0.2747037243305532 0.4062499999999826 0
6556 0.458734122634731 0.6874999999999926 0
6557 0.4046075348981992 0.7687499999999883 0
6558 0.3829568998035896 0.7437499999999871 0
6559 0.05813292447477342 0.9189173313954037 0
6560 0.6102885682969975 0.8249999999999995 0
6561 0.5994632507497045 0.4812499999999971 0
6562 0.5669872981077961 0.2125000000000038 0
6563 0.2530520949357924 0.9437482778216708 0
6564 0.3829568998035994 0.5812499999999886 0
6565 0.4154328524455178 0.2374999999999948 0
6566 0.7510176964119836 0.3562500000000027 0
6567 0.3829568998036021 0.2312499999999933 0
6568 0.05819539231035592 0.1812525865164508 0
6569 0.6752404735808478 0.2875000000000013 0
6570 0.8484455543377381 0.07500000000000123 0
6571 0.3396556296143645 0.8062499999999869 0
6572 0.880921506979649 0.3812500000000061 0
6573 0.2314024541413299 0.4437499999999803 0
6574 0.8592708718850259 0.7687500000000058 0
6575 0.2530530892359245 0.7437499999999815 0
6576 0.4479088050874303 0.3562499999999944 0
6577 0.3937822173509122 0.1624999999999952 0
6578 0.03603574547104998 0.3562490543836228 0
6579 0.8917468245269585 0.1750000000000072 0
6580 0.1772758664047885 0.6999999999999764 0
6581 0.04736055571797454 0.07498565312654715 0
6582 0.06902491799352539 0.7749999999999653 0
6583 0.8051442841484988 0.6750000000000052 0
6584 0.675240473580847 0.3000000000000013 0
6585 0.9458734122634712 0.9187500000000014 0
6586 0.9242227771688583 0.8312500000000047 0
6587 0.8484455543377207 0.7500000000000053 0
6588 0.469559440182043 0.2937499999999949 0
6589 0.6211138858443134 0.5187499999999976 0
6590 0.2422277716886405 0.2874999999999814 0
6591 0.76184301395927 0.9250000000000067 0
6592 0.67524047358085 0.1750000000000029 0
6593 0.6860657911281368 0.7937500000000051 0
6594 0.3829568998035834 0.84374999999999 0
6595 0.05813255956445129 0.4437499999999723 0
6596 0.8159696016958162 0.3687500000000054 0
6597 0.7834936490538833 0.9000000000000088 0
6598 0.7185417437700536 0.6874999999999987 0
6599 0.1772758664047674 0.9374999999999761 0
6600 0.8809215069796514 0.2187500000000064 0
6601 0.3396556296143706 0.6937499999999855 0
6602 0.8376202367904149 0.7062500000000049 0
6603 0.1556252313101877 0.4374999999999769 0
6604 0.2205771365940014 0.8499999999999839 0
6605 0.05816825476258469 0.4937499999999723 0
6606 0.6102885682970095 0.4749999999999974 0
6607 0.4695594401820431 0.3062499999999946 0
6608 0.7401923788646758 0.4125000000000018 0
6609 0.2855290418778611 0.09999999999999165 0
6610 0.1664505488575025 0.3062499999999783 0
6611 0.5669872981077761 0.8249999999999978 0
6612 0.5669872981077756 0.8374999999999979 0
6613 0.9350480947161788 0.2250000000000069 0
6614 0.1881011839520915 0.7562499999999768 0
6615 0.3396556296143638 0.8187499999999868 0
6616 0.1339745962155466 0.9124999999999736 0
6617 0.7618430139592798 0.6125000000000019 0
6618 0.7726683315065854 0.6062500000000024 0
6619 0.4803847577293412 0.6999999999999934 0
6620 0.5236860279185672 0.4124999999999953 0
6621 0.4479088050874223 0.7312499999999919 0
6622 0.653589838486228 0.5374999999999984 0
6623 0.8700961894323357 0.5625000000000067 0
6624 0.8484455543377207 0.7375000000000053 0
6625 0.9675240473580872 0.406250000000009 0
6626 0.7401923788646763 0.4000000000000019 0
6627 0.6102885682970175 0.2125000000000012 0
6628 0.03602260572386612 0.1812681056153115 0
6629 0.7185417437700552 0.6624999999999986 0
6630 0.5236860279185739 0.2250000000000016 0
6631 0.7401923788646751 0.425000000000002 0
6632 0.9350480947161797 0.2500000000000081 0
6633 0.2097518190467103 0.6062499999999781 0
6634 0.8700961894323455 0.3000000000000058 0
6635 0.1772758664047753 0.8749999999999759 0
6636 0.6102885682969956 0.887499999999998 0
6637 0.2963543594251671 0.09374999999999195 0
6638 0.545336663013163 0.8999999999999964 0
6639 0.9133974596215542 0.650000000000007 0
6640 0.9566987298107745 0.800000000000006 0
6641 0.5886379332023842 0.8999999999999977 0
6642 0.3396556296143796 0.2562499999999915 0
6643 0.3504809471616853 0.249999999999992 0
6644 0.318004994519738 0.9687499999999857 0
6645 0.7185417437700721 0.08750000000000335 0
6646 0.3937822173509044 0.5874999999999891 0
6647 0.2855290418778583 0.3999999999999834 0
6648 0.1881011839520749 0.9187499999999778 0
6649 0.5020353928239574 0.3374999999999957 0
6650 0.1772758664048089 0.2624999999999788 0
6651 0.7185417437700545 0.6749999999999984 0
6652 0.1664505488574929 0.5437499999999769 0
6653 0.2205771365940247 0.4374999999999797 0
6654 0.2855290418778553 0.4874999999999833 0
6655 0.9242227771688747 0.05625000000000474 0
6656 0.6535898384862389 0.2500000000000009 0
6657 0.6102885682970078 0.5249999999999969 0
6658 0.8592708718850384 0.3937500000000057 0
6659 0.3721315822562972 0.2249999999999931 0
6660 0.07984800847906004 0.268749999999974 0
6661 0.7401923788646776 0.3625000000000026 0
6662 0.1448000268796709 0.06875019592399112 0
6663 0.7943189666012063 0.3187500000000049 0
6664 0.4046075348981926 0.8812499999999902 0
6665 0.9348435473582841 0.02505683498369449 0
6666 0.8159696016958152 0.4187500000000047 0
6667 0.7834936490539024 0.2375000000000042 0
6668 0.740192378864677 0.3750000000000022 0
6669 0.7401923788646767 0.3875000000000018 0
6670 0.447908805087419 0.7562499999999941 0
6671 0.3613062647089915 0.2312499999999929 0
6672 0.9783625997244479 0.9500072226347539 0
6673 0.08052712100678439 0.04474089403855847 0
6674 0.2638784067832335 0.6624999999999814 0
6675 0.2855290418778326 0.8499999999999839 0
6676 0.2747037243305284 0.8562499999999841 0
6677 0.8809215069796372 0.6562500000000061 0
6678 0.1772758664048073 0.3124999999999788 0
6679 0.1881011839520909 0.768749999999977 0
6680 0.2638784067832441 0.1874999999999904 0
6681 0.1989265014994157 0.362499999999979 0
6682 0.5994632507497109 0.03125000000000699 0
6683 0.7077164262227433 0.9187500000000024 0
6684 0.6211138858443026 0.83125 0
6685 0.891746824526951 0.4500000000000075 0
6686 0.9025721420742564 0.4437500000000076 0
6687 0.588637933202385 0.8874999999999977 0
6688 0.8267949192431219 0.4125000000000052 0
6689 0.6752255271540502 0.03711927359005557 0
6690 0.3613062647089984 0.118749999999995 0
6691 0.6211138858443144 0.5062499999999971 0
6692 0.4803847577293309 0.8999999999999927 0
6693 0.5453366630131893 0.1375000000000036 0
6694 0.144799913762884 0.5062499999999757 0
6695 0.9242387644824318 0.04381053222846676 0
6696 0.5236861555731526 0.07500022110419868 0
6697 0.7185417437700721 0.2000000000000026 0
6698 0.3937822173509079 0.2249999999999939 0
6699 0.361306264708991 0.2437499999999924 0
6700 0.9458734122634838 0.3062500000000081 0
6701 0.8159696016958198 0.2062500000000052 0
6702 0.3829568998035876 0.8062499999999868 0
6703 0.6752404735808282 0.9250000000000006 0
6704 0.7077164262227479 0.6937499999999978 0
6705 0.74019237886468 0.3000000000000037 0
6706 0.0798480084790596 0.2812499999999736 0
6707 0.6319392033916071 0.8625000000000003 0
6708 0.1123239611209671 0.4749999999999735 0
6709 0.9458734122634765 0.5562500000000108 0
6710 0.05818382567395186 0.7062494580789836 0
6711 0.4370795578178556 0.949993193521392 0
6712 0.4912100752766342 0.9312499999999929 0
6713 0.5345113454658577 0.8937499999999958 0
6714 0.05818916208379704 0.6437499999999662 0
6715 0.3504810468376438 0.9374997363474683 0
6716 0.891746824526948 0.5250000000000086 0
6717 0.8917468245269489 0.5125000000000086 0
6718 0.8592708718850297 0.5687500000000058 0
6719 0.4154328524455052 0.7624999999999887 0
6720 0.07984800847903256 0.8062499999999646 0
6721 0.7077164262227542 0.58125 0
6722 0.8051442841485079 0.4500000000000037 0
6723 0.253053089235922 0.7937499999999814 0
6724 0.7401923788646833 0.07500000000000284 0
6725 0.7510176964119883 0.06875000000000275 0
6726 0.2097518190467215 0.3562499999999796 0
6727 0.3288303120670722 0.2999999999999906 0
6728 0.1664505488574819 0.7312499999999761 0
6729 0.1881011839520734 0.9312499999999782 0
6730 0.8809215069796361 0.7812500000000063 0
6731 0.5236860279185666 0.4374999999999951 0
6732 0.7834936490539015 0.2875000000000048 0
6733 0.6535898384862279 0.549999999999998 0
6734 0.664415156033521 0.9687499999999992 0
6735 0.5236860279185669 0.4249999999999951 0
6736 0.1339745962155865 0.2874999999999767 0
6737 0.8159696016958202 0.1937500000000052 0
6738 0.177275866404789 0.6874999999999767 0
6739 0.339655629614365 0.7937499999999873 0
6740 0.8484455543377307 0.4375000000000061 0
6741 0.04769979177938038 0.2251886762655765 0
6742 0.8917468245269604 0.1500000000000061 0
6743 0.4046075348982129 0.2312499999999944 0
6744 0.3396556296143832 0.1937499999999933 0
6745 0.7185417437700721 0.07500000000000234 0
6746 0.7943189666011998 0.4937500000000027 0
6747 0.2963543594251687 0.06874999999999337 0
6748 0.3721315822563029 0.1374999999999953 0
6749 0.8376202367904322 0.0812499999999996 0
6750 0.1014986435736361 0.8687499999999672 0
6751 0.4587346033918671 0.03749916730425995 0
6752 0.2530530892359393 0.1812499999999899 0
6753 0.8917468245269566 0.3000000000000075 0
6754 0.3829568998035861 0.8187499999999874 0
6755 0.7401923788646747 0.4375000000000021 0
6756 0.437083487540131 0.1999999999999963 0
6757 0.8809215069796485 0.3937500000000067 0
6758 0.2963543594251743 0.03124999999999484 0
6759 0.8267949192431265 0.08750000000000008 0
6760 0.1664505488574841 0.6812499999999759 0
6761 0.4695594401820425 0.3187499999999944 0
6762 0.8700961894323311 0.7625000000000058 0
6763 0.7401923788646645 0.8500000000000065 0
6764 0.09067332602633787 0.8124999999999661 0
6765 0.2421287632094759 0.974699405157639 0
6766 0.9025721420742584 0.3937500000000081 0
6767 0.8917468245269426 0.6500000000000068 0
6768 0.859270871885027 0.6062500000000043 0
6769 0.1989265014994152 0.387499999999979 0
6770 0.9891746824526935 0.7437500000000026 0
6771 0.1447999137628858 0.4562499999999762 0
6772 0.4262581699928099 0.7687499999999894 0
6773 0.7401923788646687 0.6125000000000009 0
6774 0.4912100752766468 0.693749999999994 0
6775 0.5128607103712635 0.343749999999996 0
6776 0.1881011839520982 0.6187499999999772 0
6777 0.188101183952092 0.743749999999977 0
6778 0.7510176964119739 0.6187500000000015 0
6779 0.9133974596215614 0.4500000000000076 0
6780 0.7834936490538951 0.4750000000000033 0
6781 0.4587341226347355 0.3624999999999947 0
6782 0.5236860279185662 0.449999999999995 0
6783 0.3071796769724655 0.5124999999999849 0
6784 0.274703724330526 0.8812499999999877 0
6785 0.9025721420742581 0.3562500000000074 0
6786 0.1447999137628833 0.518749999999976 0
6787 0.7834936490539016 0.2625000000000046 0
6788 0.6535898384862402 0.1250000000000037 0
6789 0.2314024541413358 0.2687499999999813 0
6790 0.4154329149366825 0.07499949748040197 0
6791 0.4154328772500407 0.06249553813136544 0
6792 0.9025721420742642 0.1687500000000077 0
6793 0.3829568998036095 0.1187499999999967 0
6794 0.6427645209389112 0.9062499999999993 0
6795 0.112323961120971 0.3999999999999736 0
6796 0.3396556296143777 0.2937499999999911 0
6797 0.9242227771688671 0.4562500000000088 0
6798 0.07984800847906032 0.2562499999999736 0
6799 0.242227771688641 0.2749999999999814 0
6800 0.3613062647089991 0.1062499999999948 0
6801 0.523686027918566 0.4624999999999951 0
6802 0.6968911086754432 0.6999999999999966 0
6803 0.826794919243104 0.9125000000000126 0
6804 0.4803852384864408 0.9375008326957365 0
6805 0.1123239611209693 0.4249999999999746 0
6806 0.8592708718850395 0.3062500000000057 0
6807 0.4695594401820257 0.8937499999999927 0
6808 0.4695594401820256 0.9062499999999928 0
6809 0.188101183952113 0.3062499999999793 0
6810 0.9133974596215657 0.3375000000000075 0
6811 0.4370834875401247 0.3374999999999941 0
6812 0.8484455543377315 0.4250000000000064 0
6813 0.523686027918552 0.8999999999999952 0
6814 0.1339745962155463 0.9374999999999696 0
6815 0.4912100752766348 0.918749999999994 0
6816 0.5020353928239405 0.9124999999999943 0
6817 0.4479088050874163 0.8812499999999923 0
6818 0.9675240473580806 0.8062500000000055 0
6819 0.783493649053902 0.2500000000000044 0
6820 0.8917468245269421 0.7750000000000057 0
6821 0.2097518190466813 0.9687499999999786 0
6822 0.1339745962155458 0.9749999999999676 0
6823 0.02501638188605992 0.6123703202950792 0
6824 0.1989265014994039 0.6249999999999778 0
6825 0.7726683315065961 0.2812500000000042 0
6826 0.7293670613173751 0.2812500000000048 0
6827 0.6427645209389335 0.2562500000000005 0
6828 0.7077164262227544 0.5687500000000001 0
6829 0.1339745962155788 0.4999999999999745 0
6830 0.5128607103712584 0.681249999999995 0
6831 0.3937822173509189 0.07499999999999774 0
6832 0.6211138858443116 0.5562499999999956 0
6833 0.2205771365940284 0.1249999999999882 0
6834 0.209751819046723 0.1187499999999872 0
6835 0.4154328524454973 0.8874999999999904 0
6836 0.837620236790418 0.5812500000000052 0
6837 0.198926501499394 0.8124999999999776 0
6838 0.0360098649655497 0.3187544296265155 0
6839 0.3504809471616654 0.887499999999987 0
6840 0.5236860279185661 0.4749999999999954 0
6841 0.7943189666012009 0.4687500000000034 0
6842 0.6968911469167597 0.9249999337640891 0
6843 0.3071796769724649 0.5249999999999847 0
6844 0.5669872981077807 0.7249999999999972 0
6845 0.1989265014993937 0.8249999999999783 0
6846 0.8700961894323229 0.9250000000000144 0
6847 0.209751819046697 0.8437499999999817 0
6848 0.9025721420742484 0.6437500000000071 0
6849 0.4479088050874359 0.2062499999999967 0
6850 0.967524047358081 0.7187500000000059 0
6851 0.3721315822563004 0.1749999999999941 0
6852 0.177275866404787 0.7374999999999765 0
6853 0.4154328524455191 0.2124999999999949 0
6854 0.8484455543377143 0.9125000000000147 0
6855 0.83762023679041 0.906250000000014 0
6856 0.9675240473580831 0.6062500000000117 0
6857 0.9675240473580804 0.7562500000000072 0
6858 0.9458734122634697 0.7562500000000065 0
6859 0.6211138858443147 0.4687499999999979 0
6860 0.4046075348982138 0.2187499999999942 0
6861 0.5669872981077831 0.712499999999995 0
6862 0.112323961120936 0.9249999999999692 0
6863 0.1014986435736316 0.9187499999999682 0
6864 0.8159696016958046 0.6687500000000057 0
6865 0.2963543594251602 0.5062499999999839 0
6866 0.545336663013176 0.4749999999999954 0
6867 0.2855290418778549 0.499999999999983 0
6868 0.2746977084294372 0.9562395801536676 0
6869 0.5236860279185692 0.3374999999999961 0
6870 0.7726683315065882 0.5062500000000026 0
6871 0.6860657911281545 0.1687500000000028 0
6872 0.2205771365940307 0.2624999999999819 0
6873 0.9242227771688598 0.6437500000000067 0
6874 0.9783493649053863 0.7625000000000068 0
6875 0.686065791128152 0.3062500000000017 0
6876 0.1556252313101871 0.5499999999999762 0
6877 0.20975181904669 0.8812499999999812 0
6878 0.8267949192431107 0.6500000000000065 0
6879 0.1447999137628847 0.4812499999999749 0
6880 0.7293670613173632 0.6062500000000005 0
6881 0.7401923788646629 0.862500000000006 0
6882 0.9566987298107772 0.7000000000000062 0
6883 0.2314024541413315 0.3812499999999808 0
6884 0.4803847577293366 0.7499999999999947 0
6885 0.6968911086754569 0.3125000000000019 0
6886 0.4479042204114517 0.9562420591082921 0
6887 0.686065791128144 0.5562499999999982 0
6888 0.4262581699928246 0.2062499999999958 0
6889 0.5453366630131714 0.7249999999999951 0
6890 0.1664505488574752 0.8437499999999742 0
6891 0.8592708718850259 0.718750000000006 0
6892 0.9783493649053876 0.875000000000002 0
6893 0.4803847577293569 0.1499999999999994 0
6894 0.5020353928239477 0.7499999999999953 0
6895 0.2638784067832471 0.3999999999999823 0
6896 0.05814912317447651 0.9063086363575616 0
6897 0.4370834875401096 0.8874999999999911 0
6898 0.4587340128859042 0.9499998099094709 0
6899 0.9133974596215534 0.7125000000000061 0
6900 0.1231492786682414 0.9187499999999709 0
6901 0.6319392033916199 0.4749999999999979 0
6902 0.6535898384862242 0.7500000000000044 0
6903 0.9350480947161743 0.3750000000000088 0
6904 0.7185417437700581 0.6 0
6905 0.7077164262227533 0.5937499999999992 0
6906 0.7726683315065803 0.693750000000003 0
6907 0.5020353928239526 0.6874999999999944 0
6908 0.7293670613173779 0.2187500000000029 0
6909 0.6860658357430079 0.9312499227247694 0
6910 0.621113885844302 0.8437499999999998 0
6911 0.2205771365940269 0.1374999999999881 0
6912 0.8809215069796513 0.3062500000000069 0
6913 0.03622863290204598 0.1437499999999785 0
6914 0.2963543594251676 0.08124999999999249 0
6915 0.7834936490538928 0.5250000000000029 0
6916 0.03621240396136427 0.0812813022588238 0
6917 0.5453366630131762 0.4874999999999957 0
6918 0.4587341226347424 0.1999999999999976 0
6919 0.5778126156550896 0.6187499999999954 0
6920 0.1772758664047934 0.6124999999999768 0
6921 0.8592708718850399 0.2312500000000065 0
6922 0.8484455543377236 0.5750000000000051 0
6923 0.5886379332023982 0.474999999999997 0
6924 0.6427645209389251 0.481249999999998 0
6925 0.2530530892359417 0.3937499999999821 0
6926 0.2422277716886369 0.3874999999999817 0
6927 0.4046075348982097 0.3812499999999914 0
6928 0.5453366630131693 0.7374999999999974 0
6929 0.5994632507496942 0.7562499999999999 0
6930 0.8051442841485005 0.8500000000000074 0
6931 0.5236860279185597 0.7374999999999954 0
6932 0.5128607103712585 0.6687499999999957 0
6933 0.8051442841484944 0.9000000000000108 0
6934 0.5778126156550988 0.2812499999999978 0
6935 0.4803847577293301 0.9124999999999942 0
6936 0.7943189666012123 0.1437500000000027 0
6937 0.4479088050874207 0.7437499999999919 0
6938 0.1014986435736644 0.3562499999999749 0
6939 0.4695606371376984 0.9437520731880358 0
6940 0.1447999137628614 0.8562499999999723 0
6941 0.5236860279185575 0.7499999999999973 0
6942 0.1231492786682576 0.7687499999999722 0
6943 0.599463250749711 0.2687499999999986 0
6944 0.8376202367904169 0.5937500000000043 0
6945 0.6319392033916276 0.2624999999999998 0
6946 0.3937822173509113 0.1749999999999951 0
6947 0.6427645209389249 0.4937499999999984 0
6948 0.8592708718850368 0.4187500000000068 0
6949 0.3613062647089961 0.1687499999999931 0
6950 0.4587341226347371 0.324999999999994 0
6951 0.8484455543377204 0.7125000000000055 0
6952 0.361306264708997 0.1562499999999937 0
6953 0.6860633000570221 0.04368654559834545 0
6954 0.3937822173509013 0.3999999999999914 0
6955 0.7401923788646814 0.275000000000004 0
6956 0.1123239611209701 0.412499999999974 0
6957 0.5886379332024048 0.2749999999999982 0
6958 0.31800499451978 0.06874999999999321 0
6959 0.6644151560335233 0.8562500000000016 0
6960 0.5345113454658708 0.593749999999994 0
6961 0.06901662269925113 0.4999999999999727 0
6962 0.653589838486228 0.5624999999999969 0
6963 0.3613062647089704 0.8937499999999876 0
6964 0.3504809471616902 0.1749999999999933 0
6965 0.4370834875401352 0.1375000000000006 0
6966 0.7618430139592784 0.7749999999999996 0
6967 0.5561619805604868 0.293749999999997 0
6968 0.7943189666012118 0.1687500000000046 0
6969 0.3396556296143843 0.1812499999999935 0
6970 0.1772758664047831 0.8124999999999756 0
6971 0.5669872981077928 0.2874999999999975 0
6972 0.3180049945197815 0.0562499999999943 0
6973 0.4479088050874311 0.3312499999999938 0
6974 0.5128607103712592 0.6562499999999952 0
6975 0.8051442841485167 0.1250000000000016 0
6976 0.7834936490538938 0.5000000000000026 0
6977 0.3937822173508894 0.837499999999989 0
6978 0.3829566463533467 0.9437476530096022 0
6979 0.512860710371246 0.9062499999999948 0
6980 0.09067332602636008 0.362499999999974 0
6981 0.6752404735808389 0.5374999999999983 0
6982 0.8592708718850199 0.9062500000000149 0
6983 0.6102885682970161 0.2499999999999999 0
6984 0.5453366630131813 0.2999999999999966 0
6985 0.6968911086754491 0.5624999999999992 0
6986 0.6860657911281443 0.5437499999999988 0
6987 0.7185417437700689 0.3250000000000035 0
6988 0.4262581699928286 0.1562499999999977 0
6989 0.4479088050874107 0.9687499999999891 0
6990 0.0472876939156483 0.1499999999999757 0
6991 0.51286071037126 0.6437499999999955 0
6992 0.4695594401820462 0.2187499999999968 0
6993 0.6211138858443218 0.2562499999999998 0
6994 0.4370834875401361 0.1250000000000001 0
6995 0.9025721420742648 0.1562500000000066 0
6996 0.9133974596215702 0.1500000000000061 0
6997 0.4587341226347206 0.8874999999999922 0
6998 0.5345113454658756 0.3062499999999966 0
6999 0.06901917832476417 0.5124999999999724 0
7000 0.3829568998035998 0.4062499999999912 0
7001 0.7077164262227624 0.3187500000000028 0
7002 0.393782217350915 0.1249999999999961 0
7003 0.3288303120670775 0.199999999999993 0
7004 0.06902269093175462 0.2499999999999735 0
7005 0.621113885844302 0.8562499999999996 0
7006 0.4262581699928037 0.881249999999991 0
7007 0.653589838486218 0.8625000000000012 0
7008 0.7943189666011895 0.8937500000000101 0
7009 0.1556252313101682 0.8499999999999732 0
7010 0.751017696411969 0.8562500000000074 0
7011 0.9350480947161841 0.1125000000000035 0
7012 0.6211138858443117 0.5437499999999968 0
7013 0.7401923788646878 0.1625000000000045 0
7014 0.3288303120670875 0.04999999999999405 0
7015 0.7185417437700713 0.2500000000000041 0
7016 0.6859968844421787 0.9561686314154928 0
7017 0.2097519681626221 0.06875036278457175 0
7018 0.7185417437700728 0.2125000000000028 0
7019 0.06901999941544762 0.5249999999999724 0
7020 0.1014986435736479 0.7687499999999687 0
7021 0.9783493649053874 0.8000000000000048 0
7022 0.3721315822562955 0.4249999999999905 0
7023 0.4262581699928312 0.118749999999999 0
7024 0.5994632507497025 0.5312499999999949 0
7025 0.2855290418778542 0.1999999999999912 0
7026 0.5236860279185651 0.6374999999999962 0
7027 0.6644151560335334 0.5312499999999982 0
7028 0.6968911086754417 0.8375000000000032 0
7029 0.8051442841485165 0.1375000000000023 0
7030 0.3287676100169449 0.03760860313658143 0
7031 0.327700364503138 0.0235364711373538 0
7032 0.3180049945197719 0.2062499999999928 0
7033 0.9783493649053855 0.8500000000000043 0
7034 0.2963543594251612 0.2062499999999919 0
7035 0.04741703608758152 0.249999999999973 0
7036 0.6860545818055378 0.9437359620386579 0
7037 0.6427645209389224 0.5687499999999965 0
7038 0.1123239611209717 0.3624999999999763 0
7039 0.8700961894323241 0.9125000000000135 0
7040 0.92422277716886 0.706250000000006 0
7041 0.7618430139592753 0.8500000000000085 0
7042 0.588637933202397 0.5374999999999951 0
7043 0.123149278668273 0.4312499999999753 0
7044 0.4587341226347559 0.02500000000000474 0
7045 0.5669872981077958 0.2250000000000023 0
7046 0.5128607103712617 0.5937499999999956 0
7047 0.7834965742281137 0.03749441282838484 0
7048 0.09067332602634781 0.7374999999999683 0
7049 0.2747037243305493 0.1937499999999909 0
7050 0.6427645209389126 0.8562500000000011 0
7051 0.6860657911281356 0.8812500000000021 0
7052 0.9350480947161671 0.6500000000000072 0
7053 0.1123239611209523 0.7749999999999703 0
7054 0.5886379332023941 0.6624999999999952 0
7055 0.3071796769724661 0.2124999999999918 0
7056 0.1881011839521117 0.1062499999999857 0
7057 0.4912100752766567 0.2187499999999977 0
7058 0.4912327275149552 0.04379473417163998 0
7059 0.3613062647089937 0.443749999999989 0
7060 0.7293670613173741 0.3062500000000039 0
7061 0.9242227771688769 0.1312500000000052 0
7062 0.7726683315066025 0.1687500000000036 0
7063 0.4154328524455266 0.1124999999999978 0
7064 0.7943223793044536 0.04374348163311387 0
7065 0.8592708718850451 0.08125000000000415 0
7066 0.610288568297007 0.537499999999996 0
7067 0.9242227771688784 0.1187500000000041 0
7068 0.5886379332023965 0.5499999999999948 0
7069 0.6752404735808295 0.8625000000000024 0
7070 0.6211138858443038 0.7812500000000023 0
7071 0.566987298107795 0.2375000000000008 0
7072 0.51286071037126 0.5812499999999925 0
7073 0.05819737338444642 0.1312499999999776 0
7074 0.2314013416779722 0.05625192684306002 0
7075 0.9242227771688669 0.4687500000000093 0
7076 0.8700961894323525 0.1000000000000064 0
7077 0.7293670613173773 0.2437500000000041 0
7078 0.8592708718850376 0.4062500000000056 0
7079 0.5345113454658708 0.6312499999999959 0
7080 0.177275866404805 0.1249999999999847 0
7081 0.3071796769724737 0.07499999999999324 0
7082 0.6968911086754416 0.8750000000000023 0
7083 0.9350480947161788 0.03750000000000064 0
7084 0.1989265014994174 0.1124999999999864 0
7085 0.5994632507497116 0.2062500000000026 0
7086 0.6319392033916171 0.5624999999999963 0
7087 0.101498643573649 0.7562499999999699 0
7088 0.2747037243305286 0.8687499999999878 0
7089 0.5020353928239446 0.812499999999994 0
7090 0.5886379332023964 0.5624999999999942 0
7091 0.4912100752766391 0.8312499999999928 0
7092 0.5020353928239555 0.5749999999999942 0
7093 0.5994632507496999 0.6812499999999974 0
7094 0.1231492786682781 0.3562499999999763 0
7095 0.1447999137628512 0.931249999999971 0
7096 0.06901015844971403 0.4874999999999726 0
7097 0.2205771365939942 0.8874999999999835 0
7098 0.4803847577293523 0.2124999999999974 0
7099 0.123149278668273 0.4687499999999735 0
7100 0.1339745962155805 0.4624999999999734 0
7101 0.5345113454658713 0.6187499999999961 0
7102 0.03654673828984034 0.2437499999999741 0
7103 0.6211138858443082 0.6812499999999951 0
7104 0.8917105156964017 0.03756288873929181 0
7105 0.09067332602635625 0.5749999999999711 0
7106 0.5345113454658712 0.6062499999999956 0
7107 0.9891746824526976 0.2937500000000008 0
7108 0.9783493649053854 0.6375000000000085 0
7109 0.6211138858443279 0.08125000000000582 0
7110 0.7726683315066017 0.1812500000000039 0
7111 0.6211138858443097 0.6937499999999959 0
7112 0.4695594401820521 0.1062500000000024 0
7113 0.4912184284706644 0.05626538471374687 0
7114 0.4479088050874398 0.1687500000000001 0
7115 0.5886379332023957 0.5749999999999945 0
7116 0.4912100752766398 0.8062499999999927 0
7117 0.4587341226347448 0.1625000000000008 0
7118 0.4695594401820495 0.1562500000000009 0
7119 0.6102885682969991 0.7625000000000015 0
7120 0.8700961894323513 0.1125000000000045 0
7121 0.5020353928239621 0.2124999999999992 0
7122 0.5886379332024075 0.1875000000000053 0
7123 0.9891746824526971 0.33125 0
7124 0.9891746824526918 0.618750000000008 0
7125 0.09067332602636591 0.149999999999977 0
7126 0.4803847577293453 0.5749999999999944 0
7127 0.09067332602634515 0.749999999999968 0
7128 0.1014986435736535 0.7312499999999702 0
7129 0.4695594401820516 0.1187500000000004 0
7130 0.6211138858443253 0.06875000000000514 0
7131 0.653589838486224 0.6999999999999956 0
7132 0.5128607103712676 0.21875 0
7133 0.7726683315065822 0.7687500000000016 0
7134 0.4370834875401143 0.7624999999999913 0
7135 0.8917407730551986 0.05001048145655052 0
7136 0.06900375105913248 0.4749999999999726 0
7137 0.9133974596215715 0.137500000000005 0
7138 0.5886379332023951 0.5874999999999947 0
7139 0.4370834875401341 0.1624999999999993 0
7140 0.4587341226347361 0.5749999999999957 0
7141 0.5886379332023932 0.6249999999999948 0
7142 0.642764520938919 0.6937499999999958 0
7143 0.9891746824526955 0.6812500000000017 0
7144 0.4803847577293349 0.7874999999999932 0
7145 0.46955944018203 0.7812499999999929 0
7146 0.4046075348982208 0.1187499999999968 0
7147 0.8267949192431117 0.7875000000000025 0
7148 0.8159696016958055 0.7812500000000023 0
7149 0.8051442841485014 0.7875000000000012 0
7150 0.4587341226347247 0.7749999999999925 0
7151 0.5453366630131845 0.2375000000000012 0
7152 0.4912100752766397 0.7937499999999934 0
7153 0.5128607822402982 0.08125012448079338 0
7154 0.6535898384862249 0.712499999999997 0
7155 0.6968911086754439 0.7875000000000023 0
7156 0.5561619805604895 0.2437500000000005 0
7157 0.8917468245269531 0.3875000000000072 0
7158 0.3721315822563037 0.1249999999999962 0
7159 0.2314021905284563 0.06875045659089157 0
7160 0.7293670613173782 0.2312500000000035 0
7161 0.4695594401820507 0.131249999999999 0
7162 0.1339745962155457 0.924999999999972 0
7163 0.4479088050874309 0.568749999999995 0
7164 0.8809215069796429 0.8812499999999994 0
7165 0.5886379332023945 0.599999999999995 0
7166 0.4479088050874195 0.7687499999999919 0
7167 0.794318966601212 0.1562500000000036 0
7168 0.5994632507497129 0.1812500000000047 0
7169 0.5236860279185728 0.2374999999999994 0
7170 0.1014986435736691 0.1437499999999776 0
7171 0.06900132011900129 0.4624999999999722 0
7172 0.2314024541412983 0.8937499999999854 0
7173 0.2747037243305233 0.8937499999999876 0
7174 0.1772758664048066 0.2374999999999818 0
7175 0.9566987298107861 0.1500000000000065 0
7176 0.5778126156550893 0.6062499999999955 0
7177 0.956698729810777 0.6500000000000087 0
7178 0.1231492786682724 0.4562499999999744 0
7179 0.6860657911281394 0.7062499999999958 0
7180 0.5345113454658782 0.2437499999999996 0
7181 0.4479088050874301 0.5562499999999934 0
7182 0.7834936490539033 0.02500000000000602 0
7183 0.220577136594031 0.2499999999999843 0
7184 0.4046075348982118 0.5062499999999917 0
7185 0.945873412263472 0.6437500000000088 0
7186 0.1881011839521096 0.2312499999999831 0
7187 0.4370834875401249 0.5499999999999928 0
7188 0.07984800847906381 0.593749999999969 0
7189 0.9891746824526984 0.2562500000000008 0
7190 0.2747037243305523 0.3062499999999835 0
7191 0.1231492786682713 0.4437499999999756 0
7192 0.2638784067832455 0.3249999999999843 0
7193 0.1664522016846836 0.9562553987690294 0
7194 0.6102885682970183 0.1750000000000049 0
7195 0.1772610951489675 0.9624690694183879 0
7196 0.2314024541413343 0.2437499999999851 0
7197 0.1014986435736572 0.7187499999999697 0
7198 0.8267949192431114 0.8000000000000016 0
7199 0.2422277716886025 0.8999999999999873 0
7200 0.9675240473580824 0.8812500000000015 0
7201 0.7943189666011964 0.7812500000000018 0
7202 0.3180049945197441 0.9062499999999867 0
7203 0.7834936490538897 0.7750000000000021 0
7204 0.06900029577828293 0.4499999999999728 0
7205 0.4154328524455164 0.4999999999999912 0
7206 0.06900914083174031 0.4249999999999731 0
7207 0.891746824526952 0.3750000000000062 0
7208 0.9675240473580886 0.1687500000000042 0
7209 0.8592708718850277 0.8187500000000021 0
7210 0.6211138858443268 0.1187500000000072 0
7211 0.4262581699928206 0.5437499999999922 0
7212 0.8918588388669839 0.02528367865912129 0
7213 0.4154328524455185 0.4874999999999899 0
7214 0.307179676972461 0.3749999999999886 0
7215 0.8917468245269531 0.3625000000000068 0
7216 0.5778126156551008 0.2187500000000027 0
7217 0.9133974596215535 0.8500000000000028 0
7218 0.9566987298107774 0.8750000000000027 0
7219 0.5886379332023928 0.6499999999999959 0
7220 0.06901501134006327 0.4124999999999728 0
7221 0.9783493649053949 0.2500000000000047 0
7222 0.5886379332023932 0.6374999999999955 0
7223 0.8917468245269439 0.8499999999999998 0
7224 0.339655629614357 0.906249999999986 0
7225 0.42625816999282 0.5312499999999929 0
7226 0.8376202367904168 0.8062500000000019 0
7227 0.4479088050874322 0.4937499999999937 0
7228 0.06899776889451426 0.4374999999999729 0
7229 0.9458734122634719 0.8687500000000032 0
7230 0.9025721420742495 0.8562500000000012 0
7231 0.5886379332024063 0.2125000000000028 0
7232 0.8484455543377223 0.8125000000000019 0
7233 0.1775215151059371 0.9748852236454949 0
7234 0.5994632507496989 0.6687499999999941 0
7235 0.6102885682969987 0.7750000000000019 0
7236 0.1123239611209733 0.1374999999999788 0
7237 0.415432852445516 0.5249999999999935 0
7238 0.1989265014994139 0.2249999999999854 0
7239 0.9675240473580843 0.6937500000000051 0
7240 0.4695594401820433 0.4937499999999939 0
7241 0.8917468245269435 0.8375000000000024 0
7242 0.8809215069796383 0.8312500000000023 0
7243 0.06902500684307272 0.5999999999999683 0
7244 0.7623672847301 0.9768884211867375 0
7245 0.05813274462369517 0.4062409039889683 0
7246 0.9891746824526992 0.1937500000000014 0
7247 0.4046075348982114 0.5187499999999928 0
7248 0.6644151560335458 0.1812500000000056 0
7249 0.9675240473580817 0.6562500000000074 0
7250 0.1664508243286649 0.9437508997948159 0
7251 0.9242227771688601 0.8562500000000026 0
7252 0.6860657911281404 0.718749999999997 0
7253 0.664415156033545 0.1687500000000084 0
7254 0.4695594401820443 0.4812499999999931 0
7255 0.6427645209389186 0.781250000000006 0
7256 0.8700961894323278 0.9000000000000108 0
7257 0.1556252772220239 0.9375001499657787 0
7258 0.90257214207424 0.8937500000000116 0
7259 0.621113885844324 0.1812500000000055 0
7260 0.8700961894323334 0.8250000000000024 0
7261 0.9350480947161663 0.8625000000000034 0
7262 0.6211138858443271 0.1062500000000067 0
7263 0.4695594401820454 0.4687499999999934 0
7264 0.9783493649053889 0.6000000000000101 0
7265 0.6319392033916297 0.1875000000000056 0
7266 0.4803847577293494 0.4499999999999943 0
7267 0.9784293814506579 0.02511514769273315 0
7268 0.9567004320331998 0.9500022802308195 0
7269 0.4803847577293492 0.4624999999999945 0
7270 0.6968911086754451 0.7374999999999974 0
7271 0.5778126156551059 0.08125000000000676 0
7272 0.9783493649053906 0.6875000000000036 0
7273 0.9783493649053912 0.5000000000000059 0
7274 0.4695594401820454 0.4437499999999941 0
7275 0.6319392033916075 0.7750000000000032 0
7276 0.05821161782162576 0.6187499999999683 0
7277 0.9891746824526957 0.4937500000000031 0
7278 0.9783493649053929 0.5125000000000051 0
7279 0.6427645209389354 0.1937500000000051 0
7280 0.9891746824526948 0.5937500000000057 0
7281 0.2530530892359096 0.8937499999999894 0
7282 0.6968911086754442 0.7249999999999969 0
7283 0.7185417437700525 0.7374999999999974 0
7284 0.6535898384862409 0.1875000000000055 0
7285 0.4695594401820456 0.431249999999994 0
7286 0.1231492786682793 0.143749999999979 0
7287 0.9242227771688543 0.9312500000000088 0
7288 0.7726683315065819 0.8312500000000083 0
7289 0.5778126156551053 0.06875000000000403 0
7290 0.469559440182046 0.4187499999999942 0
7291 0.9783704541557746 0.03753262014829967 0
7292 0.2747037243305496 0.3187499999999861 0
7293 0.7185417437700554 0.7499999999999973 0
7294 0.2855290418778561 0.2999999999999891 0
7295 0.1231492786682645 0.7187499999999748 0
7296 0.2638784067832244 0.8499999999999832 0
7297 0.9891746824526988 0.06874999999999876 0
7298 0.6319392033916331 0.1000000000000054 0
7299 0.4587341226347387 0.4124999999999908 0
7300 0.9783493649053954 0.3250000000000033 0
7301 0.0690115404087448 0.3874983113541383 0
7302 0.07984800847906026 0.1437499999999782 0
7303 0.6644151560335453 0.143750000000006 0
7304 0.9783493649053905 0.4750000000000086 0
7305 0.9783493649053903 0.4250000000000083 0
7306 0.4479088050874336 0.4062499999999908 0
7307 0.5020355497073274 0.08750027172994379 0
7308 0.03628266853231432 0.756743339253902 0
7309 0.9783493649053916 0.4375000000000062 0
7310 0.9783493649053916 0.4500000000000062 0
7311 0.9783493649053921 0.5750000000000086 0
7312 0.9796658652116288 0.01153564400144891 0
7313 0.4912101221246318 0.0937500811430606 0
7314 0.740192378864663 0.7499999999999967 0
7315 0.06902269093175345 0.1374999999999775 0
7316 0.8809215069796383 0.8937500000000006 0
7317 0.4370834875401305 0.3999999999999937 0
7318 0.9783493649053934 0.1750000000000026 0
7319 0.9783493649053907 0.4125000000000072 0
7320 0.263878406783216 0.8999999999999885 0
7321 0.6644151560335454 0.1562500000000072 0
7322 0.7510176964119679 0.7562499999999979 0
7323 0.9783493649053917 0.4625000000000065 0
7324 0.9783493649053961 0.1875000000000035 0
7325 0.2422277716886378 0.2374999999999874 0
7326 0.2963543594251591 0.3812499999999882 0
7327 0.4262581699928247 0.3937499999999923 0
7328 0.2638784067832484 0.2499999999999881 0
7329 0.2855290418778543 0.3749999999999885 0
7330 0.480384768494602 0.1000000186459502 0
7331 0.2530530892359429 0.243749999999988 0
7332 0.9783493649053867 0.6500000000000061 0
7333 0.9783528797804598 0.05000543669138235 0
7334 0.4154328524455176 0.3874999999999921 0
7335 0.2747037243305493 0.3687499999999877 0
7336 0.8592708718850461 0.09375000000000266 0
7337 0.3504809471616859 0.4374999999999895 0
7338 0.7510176964119701 0.7687499999999986 0
7339 0.2747037243305536 0.2562499999999882 0
7340 0.6319392033916313 0.08750000000000502 0
7341 0.1231492786682812 0.1562499999999799 0
7342 0.2855290418778564 0.2624999999999863 0
7343 0.2747037243305483 0.3562499999999856 0
7344 0.9783493649053927 0.3875000000000056 0
7345 0.3396556296143796 0.4312499999999883 0
7346 0.5669872981078008 0.05000000000000421 0
7347 0.04735195357364852 0.7625821994673511 0
7348 0.978349364905391 0.3750000000000088 0
7349 0.1339745962155869 0.1624999999999821 0
7350 0.1447999137628899 0.1937499999999819 0
7351 0.2747037243305473 0.3437499999999845 0
7352 0.328830312067076 0.424999999999988 0
7353 0.9783493649053924 0.5500000000000076 0
7354 0.9783493649053954 0.2875000000000055 0
7355 0.9891746824526965 0.5687500000000044 0
7356 0.1556252313101956 0.2124999999999833 0
7357 0.9891746824526924 0.6312500000000054 0
7358 0.9675240473580867 0.393750000000009 0
7359 0.2855290418778562 0.2874999999999865 0
7360 0.155625231310195 0.2249999999999834 0
7361 0.5669872981078011 0.06250000000000361 0
7362 0.2097518190467232 0.2437499999999849 0
7363 0.2855290418778563 0.274999999999985 0
7364 0.9675240473580908 0.2312500000000022 0
7365 0.3288303120670747 0.4124999999999873 0
7366 0.989175268265209 0.05625090611522976 0
7367 0.3288303120670731 0.3999999999999861 0
7368 0.978349364905393 0.3625000000000065 0
7369 0.2638784067832438 0.3374999999999834 0
7370 0.9891746824526989 0.5437500000000028 0
7371 0.5669214926529804 0.03761397839117198 0
7372 0.9783493649053943 0.3500000000000064 0
7373 0.3180049945197686 0.3812499999999889 0
7374 0.20975181904672 0.2312499999999858 0
7375 0.1664505488575007 0.2312499999999839 0
7376 0.1231492786682676 0.7062499999999726 0
7377 0.3180049945197698 0.3937499999999865 0
7378 0.1556252313101946 0.1999999999999833 0
7379 0.9891746824526975 0.3437500000000037 0
7380 0.1339745962155871 0.1749999999999831 0
7381 0.9783493649053966 0.2125000000000036 0
7382 0.9783493649053945 0.2250000000000027 0
7383 0.1339745962155862 0.1874999999999822 0
7384 0.978349364905394 0.5250000000000066 0
7385 0.1231492786682701 0.6937499999999726 0
7386 0.9783493649053954 0.3125000000000046 0
7387 0.9783493649053983 0.1499999999999994 0
7388 0.9891746824526999 0.2062500000000012 0
7389 0.05818702523250019 0.7437498965896516 0
7390 0.9675240473580922 0.2437500000000059 0
7391 0.1231492786682751 0.6562499999999724 0
7392 0.9891746824526978 0.3062500000000035 0
7393 0.05816423836701679 0.3812453054033458 0
7394 0.1231492786682712 0.6812499999999724 0
7395 0.1231492786682731 0.6687499999999723 0
7396 0.9783493649053973 0.2750000000000051 0
7397 0.1339745962155774 0.6499999999999745 0
7398 0.9783493649053973 0.0749999999999974 0
7399 0.9891746824527002 0.2687500000000017 0
7400 0.1339745962155795 0.6374999999999738 0
7401 0.9783493649053989 0.08749999999999902 0
7402 0.1231492786682775 0.6312499999999734 0
7403 0.123149278668276 0.6187499999999715 0
7404 0.9783493649053988 0.1250000000000008 0
7405 0.1231492786682743 0.6062499999999699 0
7406 0.9783493649053994 0.09999999999999937 0
7407 0.9783493649054003 0.1124999999999994 0
7408 0.1123239611209736 0.5999999999999718 0
7409 0.9675240473580842 0.1562500000000034 0
7410 0.1123239611209713 0.5874999999999712 0
7411 0.978349364905402 0.1375000000000001 0
7412 0.5668989202165046 0.02522937804362968 0
7413 0.1014986435736701 0.5812499999999721 0
7414 0.02366281621864097 0.3873450135232175 0
7415 0.0223973574398757 0.1004693855007585 0
7416 0.177581181997885 0.02483920205246504 0
7417 0.177383643865657 0.03743005584451675 0
7418 0.7063995148092397 0.9693837934649571 0
7419 0.5025377778737057 0.974929162871216 0
7420 0.2533935162309489 0.03132365625090289 0
7421 0.8931907671045924 0.01109519300518408 0
7422 0.8931906789641474 0.9889226002276894 0
7423 0.03165196745408178 0.01049662488091119 0
7424 0.02066389433006144 0.2355352386276218 0
7425 0.2647758149078457 0.02521556743756359 0
7426 0.3323595297198301 0.9896307253306845 0
7427 0.05526611377327911 0.03140796613027252 0
7428 0.9896874454838069 0.9808075334596867 0
7429 0.03764022356584912 0.8562918689024301 0
7430 0.5019925879293067 0.02528027157840551 0
7431 0.7440921921994923 0.01059849380485278 0
7432 0.7440615655158961 0.9894175132842044 0
7433 0.02019335458552662 0.8632999037689448 0
7434 0.08093094198000328 0.03249947816923082 0
7435 0.009837695993453632 0.01855592310841625 0
7436 0.02060407481686899 0.7993752528367964 0
7437 0.02074461310927161 0.5880301105912771 0
7438 0.02073985238179388 0.7757303220145249 0
7439 0.009864227716930962 0.03192225140688054 0
7440 0.03617173811862406 0.9316969286612856 0
7441 0.922525184254222 0.01993081340682534 0
7442 0.9233605504312923 0.9799062986431764 0
7443 0.187537579796665 0.9797598323070629 0
7444 0.5999674044206942 0.02022588191582592 0
7445 0.5999658484321173 0.9796883643933391 0
7446 0.6852845899013777 0.967396919784328 0
7447 0.5125160179148576 0.9797780583898622 0
7448 0.2749987278302194 0.9798172674802286 0
7449 0.27492249332579 0.02026789625925685 0
7450 0.837447295425791 0.02027816539827265 0
7451 0.8374999999999999 0.9799182445361045 0
7452 0.03735063088847645 0.9798576171752164 0
7453 0.1876354366256884 0.02019191115988939 0
7454 0.03816602730555724 0.2312499999999725 0
7455 0.5133373027265508 0.03200635809497221 0
7456 0.1023359384571949 0.0327002372791621 0
7457 0.3620702586166275 0.02013960753990574 0
7458 0.3597009338897579 0.9805131402453242 0
7459 0.4254093499865508 0.9797798006226863 0
7460 0.4255710395511602 0.01998201621860829 0
7461 0.7570499799878987 0.9896158024351162 0
7462 0.7570623790273359 0.01033398542580855 0
7463 0.6869398071209674 0.02026384010618454 0
7464 0.1006155430110184 0.9797204249573461 0
7465 0.04787273355754706 0.03901920415729326 0
7466 0.1241867342022705 0.979506199282637 0
7467 0.1242181808554779 0.0206178634777614 0
7468 0.6635080191528137 0.9797406277262521 0
7469 0.6635313914530836 0.02007504873740845 0
7470 0.4490368970983836 0.02031494785633575 0
7471 0.4490080756680635 0.9795586754877246 0
7472 0.3386842123646262 0.02043254403194383 0
7473 0.7738981219429382 0.02042115974080533 0
7474 0.7740411883173368 0.9793810964220975 0
7475 0.34375 0.9912196301638626 0
7476 0.2110781743903299 0.9794780971788511 0
7477 0.2112615971960942 0.02062762660837603 0
7478 0.5767610124241858 0.9794285697746896 0
7479 0.5767610124242106 0.02057143022531799 0
7480 0.9062499999999994 0.008694043704587984 0
7481 0.9062499999999996 0.991305956295419 0
7482 0.5356893531958643 0.9792454505965504 0
7483 0.2556809272509337 0.008498733526368984 0
7484 0.2515555417798494 0.9793872323134103 0
7485 0.5357928425087939 0.02057748651649949 0
7486 0.8605216194304307 0.02076633793177296 0
7487 0.297884281539422 0.02074666871237363 0
7488 0.8607335636311055 0.9795293561587477 0
7489 0.8187500000000002 0.9914801371308231 0
7490 0.8187499999999999 0.00851986286917189 0
7491 0.29375 0.9914857949862519 0
7492 0.61875 0.008482345500935573 0
7493 0.61875 0.9915176544990699 0
7494 0.1687499999999999 0.9915256673184654 0
7495 0.9443184637619644 0.008314771054002967 0
7496 0.009783443815139792 0.9824686803255165 0
7497 0.05625000000000008 0.9915655396506933 0
7498 0.7281606054310097 0.9791603571077698 0
7499 0.7274358539743029 0.0208429620579596 0
7500 0.7066912942359325 0.008679017087769358 0
7501 0.3847662086555855 0.9792507762885319 0
7502 0.3848792450797127 0.02072418154145045 0
7503 0.402727951226388 0.9791699298819179 0
7504 0.4027599350947416 0.02082308998671561 0
7505 0.9683959458603384 0.9917898745609011 0
7506 0.9686217561390167 0.008367054626877146 0
7507 0.1437500000000001 0.9916372714957316 0
7508 0.1437499999999996 0.008362728504241523 0
7509 0.49375 0.9916436800949446 0
7510 0.49375 0.008356319905035603 0
7511 0.46875 0.9916491948424415 0
7512 0.46875 0.008350805157558649 0
7513 0.7939088777816459 0.00836771173987827 0
7514 0.7937500000000002 0.9916580340535246 0
7515 0.07802980072765786 0.9792548541812318 0
7516 0.23125 0.9916660468729189 0
7517 0.2312499999999998 0.008333953127065252 0
7518 0.6408454210386804 0.9792231677458507 0
7519 0.6408461684665359 0.0207749802644463 0
7520 0.3160608302576863 0.9793313361967855 0
7521 0.3158489912685514 0.02093721571069329 0
7522 0.1685693604182639 0.00825926024246626 0
7523 0.8796143890796084 0.02101399461435455 0
7524 0.8799600888553354 0.9795106213196002 0
7525 0.5551640698609288 0.9794720014540719 0
7526 0.5551644922220994 0.02052719256189517 0
7527 0.9440087487428022 0.9917641253964762 0
7528 0.7098497818295378 0.9798794690795178 0
7529 0.9908493649053887 0.9908493649053887 0
7530 0.9908493649053887 0.009150635094611337 0
7531 0.04042209672298691 0.01996356176499303 0
7532 0.01837851915398947 0.2252206410922338 0
7533 0.009072474433969691 0.9909275255660304 0
7534 0.01829017900507157 0.03722307894767751 0
7535 0.00881779898275864 0.00881779898275864 0
7536 0.695210018654467 0.97138630101307 0
7537 0.09227047838394781 0.02921027770254669 0
7538 0.04065046736375377 0.8687499999999608 0
7539 0.03019542642337925 0.2369968311503465 0
7540 0.01685885978580681 0.9802891473559134 0
7541 0.9120828552279088 0.01641600532253029 0
7542 0.9119957880090992 0.9836023171111387 0
7543 0.07116038234171684 0.04120259013293709 0
7544 0.3495116319222901 0.9836675410095869 0
7545 0.03009635741806743 0.7749999999999598 0
7546 0.02985216780461236 0.5876083747240453 0
7547 0.03017676238092853 0.7999999999999585 0
$EndNodes
$Elements
15092
1 1 2 13 1 1 5
2 1 2 13 1 5 6
3 1 2 13 1 6 7
4 1 2 13 1 7 8
5 1 2 13 1 8 9
6 1 2 13 1 9 10
7 1 2 13 1 10 11
8 1 2 13 1 11 12
9 1 2 13 1 12 13
10 1 2 13 1 13 14
11 1 2 13 1 14 15
12 1 2 13 1 15 16
13 1 2 13 1 16 17
14 1 2 13 1 17 18
15 1 2 13 1 18 19
16 1 2 13 1 19 20
17 1 2 13 1 20 21
18 1 2 13 1 21 22
19 1 2 13 1 22 23
20 1 2 13 1 23 24
21 1 2 13 1 24 25
22 1 2 13 1 25 26
23 1 2 13 1 26 27
24 1 2 13 1 27 28
25 1 2 13 1 28 29
26 1 2 13 1 29 30
27 1 2 13 1 30 31
28 1 2 13 1 31 32
29 1 2 13 1 32 33
30 1 2 13 1 33 34
31 1 2 13 1 34 35
32 1 2 13 1 35 36
33 1 2 13 1 36 37
34 1 2 13 1 37 38
35 1 2 13 1 38 39
36 1 2 13 1 39 40
37 1 2 13 1 40 41
38 1 2 13 1 41 42
39 1 2 13 1 42 43
40 1 2 13 1 43 44
41 1 2 13 1 44 45
42 1 2 13 1 45 46
43 1 2 13 1 46 47
44 1 2 13 1 47 48
45 1 2 13 1 48 49
46 1 2 13 1 49 50
47 1 2 13 1 50 51
48 1 2 13 1 51 52
49 1 2 13 1 52 53
50 1 2 13 1 53 54
51 1 2 13 1 54 55
52 1 2 13 1 55 56
53 1 2 13 1 56 57
54 1 2 13 1 57 58
55 1 2 13 1 58 59
56 1 2 13 1 59 60
57 1 2 13 1 60 61
58 1 2 13 1 61 62
59 1 2 13 1 62 63
60 1 2 13 1 63 64
61 1 2 13 1 64 65
62 1 2 13 1 65 66
63 1 2 13 1 66 67
64 1 2 13 1 67 68
65 1 2 13 1 68 69
66 1 2 13 1 69 70
67 1 2 13 1 70 71
68 1 2 13 1 71 72
69 1 2 13 1 72 73
70 1 2 13 1 73 74
71 1 2 13 1 74 75
72 1 2 13 1 75 76
73 1 2 13 1 76 77
74 1 2 13 1 77 78
75 1 2 13 1 78 79
76 1 2 13 1 79 80
77 1 2 13 1 80 81
78 1 2 13 1 81 82
79 1 2 13 1 82 83
80 1 2 13 1 83 2
81 1 2 12 2 2 84
82 1 2 12 2 84 85
83 1 2 12 2 85 86
84 1 2 12 2 86 87
85 1 2 12 2 87 88
86 1 2 12 2 88 89
87 1 2 12 2 89 90
88 1 2 12 2 90 91
89 1 2 12 2 91 92
90 1 2 12 2 92 93
91 1 2 12 2 93 94
92 1 2 12 2 94 95
93 1 2 12 2 95 96
94 1 2 12 2 96 97
95 1 2 12 2 97 98
96 1 2 12 2 98 99
97 1 2 12 2 99 100
98 1 2 12 2 100 101
99 1 2 12 2 101 102
100 1 2 12 2 102 103
101 1 2 12 2 103 104
102 1 2 12 2 104 105
103 1 2 12 2 105 106
104 1 2 12 2 106 107
105 1 2 12 2 107 108
106 1 2 12 2 108 109
107 1 2 12 2 109 110
108 1 2 12 2 110 111
109 1 2 12 2 111 112
110 1 2 12 2 112 113
111 1 2 12 2 113 114
112 1 2 12 2 114 115
113 1 2 12 2 115 116
114 1 2 12 2 116 117
115 1 2 12 2 117 118
116 1 2 12 2 118 119
117 1 2 12 2 119 120
118 1 2 12 2 120 121
119 1 2 12 2 121 122
120 1 2 12 2 122 123
121 1 2 12 2 123 124
122 1 2 12 2 124 125
123 1 2 12 2 125 126
124 1 2 12 2 126 127
125 1 2 12 2 127 128
126 1 2 12 2 128 129
127 1 2 12 2 129 130
128 1 2 12 2 130 131
129 1 2 12 2 131 132
130 1 2 12 2 132 133
131 1 2 12 2 133 134
132 1 2 12 2 134 135
133 1 2 12 2 135 136
134 1 2 12 2 136 137
135 1 2 12 2 137 138
136 1 2 12 2 138 139
137 1 2 12 2 139 140
138 1 2 12 2 140 141
139 1 2 12 2 141 142
140 1 2 12 2 142 143
141 1 2 12 2 143 144
142 1 2 12 2 144 145
143 1 2 12 2 145 146
144 1 2 12 2 146 147
145 1 2 12 2 147 148
146 1 2 12 2 148 149
147 1 2 12 2 149 150
148 1 2 12 2 150 151
149 1 2 12 2 151 152
150 1 2 12 2 152 153
151 1 2 12 2 153 154
152 1 2 12 2 154 155
153 1 2 12 2 155 156
154 1 2 12 2 156 157
155 1 2 12 2 157 158
156 1 2 12 2 158 159
157 1 2 12 2 159 160
158 1 2 12 2 160 161
159 1 2 12 2 161 162
160 1 2 12 2 162 3
161 1 2 14 3 3 163
162 1 2 14 3 163 164
163 1 2 14 3 164 165
164 1 2 14 3 165 166
165 1 2 14 3 166 167
166 1 2 14 3 167 168
167 1 2 14 3 168 169
168 1 2 14 3 169 170
169 1 2 14 3 170 171
170 1 2 14 3 171 172
171 1 2 14 3 172 173
172 1 2 14 3 173 174
173 1 2 14 3 174 175
174 1 2 14 3 175 176
175 1 2 14 3 176 177
176 1 2 14 3 177 178
177 1 2 14 3 178 179
178 1 2 14 3 179 180
179 1 2 14 3 180 181
180 1 2 14 3 181 182
181 1 2 14 3 182 183
182 1 2 14 3 183 184
183 1 2 14 3 184 185
184 1 2 14 3 185 186
185 1 2 14 3 186 187
186 1 2 14 3 187 188
187 1 2 14 3 188 189
188 1 2 14 3 189 190
189 1 2 14 3 190 191
190 1 2 14 3 191 192
191 1 2 14 3 192 193
192 1 2 14 3 193 194
193 1 2 14 3 194 195
194 1 2 14 3 195 196
195 1 2 14 3 196 197
196 1 2 14 3 197 198
197 1 2 14 3 198 199
198 1 2 14 3 199 200
199 1 2 14 3 200 201
200 1 2 14 3 201 202
201 1 2 14 3 202 203
202 1 2 14 3 203 204
203 1 2 14 3 204 205
204 1 2 14 3 205 206
205 1 2 14 3 206 207
206 1 2 14 3 207 208
207 1 2 14 3 208 209
208 1 2 14 3 209 210
209 1 2 14 3 210 211
210 1 2 14 3 211 212
211 1 2 14 3 212 213
212 1 2 14 3 213 214
213 1 2 14 3 214 215
214 1 2 14 3 215 216
215 1 2 14 3 216 217
216 1 2 14 3 217 218
217 1 2 14 3 218 219
218 1 2 14 3 219 220
219 1 2 14 3 220 221
220 1 2 14 3 221 222
221 1 2 14 3 222 223
222 1 2 14 3 223 224
223 1 2 14 3 224 225
224 1 2 14 3 225 226
225 1 2 14 3 226 227
226 1 2 14 3 227 228
227 1 2 14 3 228 229
228 1 2 14 3 229 230
229 1 2 14 3 230 231
230 1 2 14 3 231 232
231 1 2 14 3 232 233
232 1 2 14 3 233 234
233 1 2 14 3 234 235
234 1 2 14 3 235 236
235 1 2 14 3 236 237
236 1 2 14 3 237 238
237 1 2 14 3 238 239
238 1 2 14 3 239 240
239 1 2 14 3 240 241
240 1 2 14 3 241 4
241 1 2 11 4 4 242
242 1 2 11 4 242 243
243 1 2 11 4 243 244
244 1 2 11 4 244 245
245 1 2 11 4 245 246
246 1 2 11 4 246 247
247 1 2 11 4 247 248
248 1 2 11 4 248 249
249 1 2 11 4 249 250
250 1 2 11 4 250 251
251 1 2 11 4 251 252
252 1 2 11 4 252 253
253 1 2 11 4 253 254
254 1 2 11 4 254 255
255 1 2 11 4 255 256
256 1 2 11 4 256 257
257 1 2 11 4 257 258
258 1 2 11 4 258 259
259 1 2 11 4 259 260
260 1 2 11 4 260 261
261 1 2 11 4 261 262
262 1 2 11 4 262 263
263 1 2 11 4 263 264
264 1 2 11 4 264 265
265 1 2 11 4 265 266
266 1 2 11 4 266 267
267 1 2 11 4 267 268
268 1 2 11 4 268 269
269 1 2 11 4 269 270
270 1 2 11 4 270 271
271 1 2 11 4 271 272
272 1 2 11 4 272 273
273 1 2 11 4 273 274
274 1 2 11 4 274 275
275 1 2 11 4 275 276
276 1 2 11 4 276 277
277 1 2 11 4 277 278
278 1 2 11 4 278 279
279 1 2 11 4 279 280
280 1 2 11 4 280 281
281 1 2 11 4 281 282
282 1 2 11 4 282 283
283 1 2 11 4 283 284
284 1 2 11 4 284 285
285 1 2 11 4 285 286
286 1 2 11 4 286 287
287 1 2 11 4 287 288
288 1 2 11 4 288 289
289 1 2 11 4 289 290
290 1 2 11 4 290 291
291 1 2 11 4 291 292
292 1 2 11 4 292 293
293 1 2 11 4 293 294
294 1 2 11 4 294 295
295 1 2 11 4 295 296
296 1 2 11 4 296 297
297 1 2 11 4 297 298
298 1 2 11 4 298 299
299 1 2 11 4 299 300
300 1 2 11 4 300 301
301 1 2 11 4 301 302
302 1 2 11 4 302 303
303 1 2 11 4 303 304
304 1 2 11 4 304 305
305 1 2 11 4 305 306
306 1 2 11 4 306 307
307 1 2 11 4 307 308
308 1 2 11 4 308 309
309 1 2 11 4 309 310
310 1 2 11 4 310 311
311 1 2 11 4 311 312
312 1 2 11 4 312 313
313 1 2 11 4 313 314
314 1 2 11 4 314 315
315 1 2 11 4 315 316
316 1 2 11 4 316 317
317 1 2 11 4 317 318
318 1 2 11 4 318 319
319 1 2 11 4 319 320
320 1 2 11 4 320 1
321 2 2 1 1 5758 7031 336
322 2 2 1 1 7422 7524 4424
323 2 2 1 1 7212 7523 7421
324 2 2 1 1 3358 4518 4063
325 2 2 1 1 4065 4521 3367
326 2 2 1 1 4593 7308 4601
327 2 2 1 1 353 4686 4677
328 2 2 1 1 5131 5135 355
329 2 2 1 1 5756 7425 4479
330 2 2 1 1 4428 7426 334
331 2 2 1 1 397 4498 244
332 2 2 1 1 5537 7525 5023
333 2 2 1 1 7412 7526 5386
334 2 2 1 1 378 5388 4845
335 2 2 1 1 4421 5804 383
336 2 2 1 1 372 7524 7422
337 2 2 1 1 7421 7523 371
338 2 2 1 1 7031 7521 336
339 2 2 1 1 334 7520 4428
340 2 2 1 1 389 5972 4427
341 2 2 1 1 288 4513 287
342 2 2 1 1 300 4492 299
343 2 2 1 1 306 4511 305
344 2 2 1 1 4511 4517 305
345 2 2 1 1 305 4517 304
346 2 2 1 1 316 4499 315
347 2 2 1 1 316 4520 4499
348 2 2 1 1 297 4494 296
349 2 2 1 1 317 4520 316
350 2 2 1 1 4452 4453 357
351 2 2 1 1 294 4491 293
352 2 2 1 1 4456 4457 364
353 2 2 1 1 330 5589 4458
354 2 2 1 1 272 4602 271
355 2 2 1 1 4458 6823 330
356 2 2 1 1 271 4602 4595
357 2 2 1 1 271 4595 270
358 2 2 1 1 4574 4576 387
359 2 2 1 1 4578 4580 439
360 2 2 1 1 4582 4584 338
361 2 2 1 1 4071 6037 5789
362 2 2 1 1 264 4596 263
363 2 2 1 1 354 5084 5083
364 2 2 1 1 4589 4591 385
365 2 2 1 1 254 5088 253
366 2 2 1 1 262 4599 261
367 2 2 1 1 4599 4600 261
368 2 2 1 1 261 4600 260
369 2 2 1 1 249 4493 248
370 2 2 1 1 246 4495 245
371 2 2 1 1 4524 4525 453
372 2 2 1 1 4442 4526 341
373 2 2 1 1 264 4603 4596
374 2 2 1 1 4445 4527 370
375 2 2 1 1 4719 6036 374
376 2 2 1 1 4457 5270 4503
377 2 2 1 1 5087 5089 5084
378 2 2 1 1 367 7525 5537
379 2 2 1 1 5386 7526 363
380 2 2 1 1 4848 5069 331
381 2 2 1 1 332 5486 5485
382 2 2 1 1 4845 7519 378
383 2 2 1 1 383 7518 4421
384 2 2 1 1 325 5523 4734
385 2 2 1 1 4706 5598 326
386 2 2 1 1 4516 7233 350
387 2 2 1 1 436 5806 4433
388 2 2 1 1 392 5715 5431
389 2 2 1 1 394 4535 168
390 2 2 1 1 4459 4545 412
391 2 2 1 1 412 4546 4459
392 2 2 1 1 359 4539 4448
393 2 2 1 1 423 4541 4449
394 2 2 1 1 321 4543 4450
395 2 2 1 1 4450 4544 321
396 2 2 1 1 4455 4536 410
397 2 2 1 1 428 4538 4451
398 2 2 1 1 4832 7415 4338
399 2 2 1 1 3447 7414 3445
400 2 2 1 1 353 7489 4686
401 2 2 1 1 5135 7490 355
402 2 2 1 1 4790 6665 5393
403 2 2 1 1 4530 7433 5085
404 2 2 1 1 5085 7429 4530
405 2 2 1 1 4672 5803 4675
406 2 2 1 1 386 7431 4792
407 2 2 1 1 4436 7432 382
408 2 2 1 1 4777 7419 324
409 2 2 1 1 3491 4773 4510
410 2 2 1 1 4062 4526 4442
411 2 2 1 1 265 4603 264
412 2 2 1 1 4072 4527 4445
413 2 2 1 1 4479 7483 5756
414 2 2 1 1 396 5757 5155
415 2 2 1 1 4470 4472 401
416 2 2 1 1 322 7430 4487
417 2 2 1 1 4427 7491 389
418 2 2 1 1 4338 7415 4500
419 2 2 1 1 4514 7414 3447
420 2 2 1 1 4167 6628 4512
421 2 2 1 1 310 4501 309
422 2 2 1 1 276 4502 275
423 2 2 1 1 312 4505 311
424 2 2 1 1 4504 5196 3370
425 2 2 1 1 3388 4515 3390
426 2 2 1 1 3384 4540 3386
427 2 2 1 1 4506 6838 3362
428 2 2 1 1 3380 4542 3382
429 2 2 1 1 4507 6578 3444
430 2 2 1 1 280 4537 279
431 2 2 1 1 278 4508 277
432 2 2 1 1 269 4597 268
433 2 2 1 1 267 4598 266
434 2 2 1 1 256 5086 255
435 2 2 1 1 374 7515 4719
436 2 2 1 1 3490 4529 3075
437 2 2 1 1 453 7423 4524
438 2 2 1 1 4920 5588 438
439 2 2 1 1 5760 5761 4109
440 2 2 1 1 420 5805 5013
441 2 2 1 1 4509 7440 4461
442 2 2 1 1 443 5799 4430
443 2 2 1 1 5058 5672 434
444 2 2 1 1 5762 5763 4093
445 2 2 1 1 4431 5778 441
446 2 2 1 1 349 7416 4635
447 2 2 1 1 426 5752 4434
448 2 2 1 1 4462 5625 435
449 2 2 1 1 4875 5442 414
450 2 2 1 1 449 5603 4466
451 2 2 1 1 3415 7455 5711
452 2 2 1 1 4734 7504 325
453 2 2 1 1 326 7503 4706
454 2 2 1 1 5463 7427 4523
455 2 2 1 1 3447 4763 4514
456 2 2 1 1 4500 6916 4338
457 2 2 1 1 4076 4496 3366
458 2 2 1 1 4433 7501 436
459 2 2 1 1 5715 7502 5431
460 2 2 1 1 4510 7440 4509
461 2 2 1 1 3359 4518 3358
462 2 2 1 1 3367 4521 3368
463 2 2 1 1 4601 7308 4145
464 2 2 1 1 244 4498 243
465 2 2 1 1 331 7492 4848
466 2 2 1 1 5485 7493 332
467 2 2 1 1 4440 4500 373
468 2 2 1 1 328 4514 4447
469 2 2 1 1 4460 4496 397
470 2 2 1 1 370 4528 4445
471 2 2 1 1 4503 5270 4067
472 2 2 1 1 3856 5089 5087
473 2 2 1 1 339 5145 5143
474 2 2 1 1 4134 5769 3416
475 2 2 1 1 350 7494 4516
476 2 2 1 1 5144 6689 5392
477 2 2 1 1 4792 7499 386
478 2 2 1 1 382 7498 4436
479 2 2 1 1 4463 7462 347
480 2 2 1 1 348 7461 7244
481 2 2 1 1 4482 4483 450
482 2 2 1 1 5535 6734 4368
483 2 2 1 1 5392 6689 4846
484 2 2 1 1 5393 7495 4790
485 2 2 1 1 358 6822 4490
486 2 2 1 1 368 4633 4631
487 2 2 1 1 7427 7465 4523
488 2 2 1 1 3416 5769 4090
489 2 2 1 1 4368 7446 5535
490 2 2 1 1 4446 4515 427
491 2 2 1 1 4438 4504 390
492 2 2 1 1 4448 4540 359
493 2 2 1 1 4449 4542 423
494 2 2 1 1 4439 4506 333
495 2 2 1 1 4441 4507 388
496 2 2 1 1 357 4505 4452
497 2 2 1 1 410 4537 4455
498 2 2 1 1 364 4508 4456
499 2 2 1 1 352 4512 4443
500 2 2 1 1 4454 4505 424
501 2 2 1 1 439 4597 4578
502 2 2 1 1 4453 4501 357
503 2 2 1 1 338 4598 4582
504 2 2 1 1 354 5086 5084
505 2 2 1 1 4576 4597 387
506 2 2 1 1 4457 4502 364
507 2 2 1 1 4580 4598 439
508 2 2 1 1 4444 4509 395
509 2 2 1 1 324 7509 4777
510 2 2 1 1 4487 7510 322
511 2 2 1 1 4496 4498 397
512 2 2 1 1 287 4513 427
513 2 2 1 1 299 4492 390
514 2 2 1 1 427 4513 4446
515 2 2 1 1 390 4492 4438
516 2 2 1 1 304 4517 411
517 2 2 1 1 296 4494 333
518 2 2 1 1 293 4491 388
519 2 2 1 1 333 4494 4439
520 2 2 1 1 388 4491 4441
521 2 2 1 1 373 4499 4440
522 2 2 1 1 315 4499 373
523 2 2 1 1 270 4595 387
524 2 2 1 1 387 4595 4574
525 2 2 1 1 253 5088 404
526 2 2 1 1 404 5088 5085
527 2 2 1 1 263 4596 385
528 2 2 1 1 385 4596 4589
529 2 2 1 1 248 4493 395
530 2 2 1 1 395 4493 4444
531 2 2 1 1 260 4600 346
532 2 2 1 1 245 4495 397
533 2 2 1 1 397 4495 4460
534 2 2 1 1 399 4520 317
535 2 2 1 1 4443 4511 352
536 2 2 1 1 352 4511 306
537 2 2 1 1 4447 4513 328
538 2 2 1 1 328 4513 288
539 2 2 1 1 330 6823 4602
540 2 2 1 1 330 4602 272
541 2 2 1 1 4591 4599 385
542 2 2 1 1 385 4599 262
543 2 2 1 1 5083 5088 354
544 2 2 1 1 354 5088 254
545 2 2 1 1 4486 7044 365
546 2 2 1 1 4474 4776 360
547 2 2 1 1 300 4526 4492
548 2 2 1 1 4584 4603 338
549 2 2 1 1 249 4527 4493
550 2 2 1 1 348 4685 180
551 2 2 1 1 4472 7497 401
552 2 2 1 1 297 4533 4494
553 2 2 1 1 294 4534 4491
554 2 2 1 1 246 4532 4495
555 2 2 1 1 3415 5711 4949
556 2 2 1 1 4510 4773 2807
557 2 2 1 1 4674 5803 4672
558 2 2 1 1 5757 7487 5155
559 2 2 1 1 4451 7414 428
560 2 2 1 1 424 7415 4454
561 2 2 1 1 5134 7182 5822
562 2 2 1 1 4635 7522 349
563 2 2 1 1 4063 4518 4517
564 2 2 1 1 4520 4521 4065
565 2 2 1 1 4593 4601 4600
566 2 2 1 1 5085 7433 404
567 2 2 1 1 4514 4763 4447
568 2 2 1 1 4440 6916 4500
569 2 2 1 1 3366 4496 4460
570 2 2 1 1 341 7424 4442
571 2 2 1 1 3075 4529 3076
572 2 2 1 1 21 5240 441
573 2 2 1 1 4064 4533 4504
574 2 2 1 1 4066 4534 4506
575 2 2 1 1 4461 4532 4509
576 2 2 1 1 438 7486 4920
577 2 2 1 1 4457 4503 4502
578 2 2 1 1 5086 5087 5084
579 2 2 1 1 168 4535 167
580 2 2 1 1 4475 4476 421
581 2 2 1 1 4497 6117 451
582 2 2 1 1 5789 7438 4071
583 2 2 1 1 4071 7436 6037
584 2 2 1 1 5589 7437 4458
585 2 2 1 1 4512 4545 4459
586 2 2 1 1 4501 4546 412
587 2 2 1 1 4448 4539 4515
588 2 2 1 1 4449 4541 4540
589 2 2 1 1 4450 4543 4542
590 2 2 1 1 321 4544 4537
591 2 2 1 1 410 4536 4508
592 2 2 1 1 4451 4538 4507
593 2 2 1 1 4167 4512 4459
594 2 2 1 1 4512 6628 4443
595 2 2 1 1 357 4501 310
596 2 2 1 1 309 4501 412
597 2 2 1 1 364 4502 276
598 2 2 1 1 275 4502 440
599 2 2 1 1 424 4505 312
600 2 2 1 1 311 4505 357
601 2 2 1 1 4064 4504 3370
602 2 2 1 1 3390 4515 4446
603 2 2 1 1 4438 5196 4504
604 2 2 1 1 4448 4515 3388
605 2 2 1 1 4449 4540 3384
606 2 2 1 1 4066 4506 3362
607 2 2 1 1 3386 4540 4448
608 2 2 1 1 3382 4542 4449
609 2 2 1 1 4441 6578 4507
610 2 2 1 1 4450 4542 3380
611 2 2 1 1 4439 6838 4506
612 2 2 1 1 4451 4507 3444
613 2 2 1 1 321 4537 280
614 2 2 1 1 279 4537 410
615 2 2 1 1 410 4508 278
616 2 2 1 1 277 4508 364
617 2 2 1 1 387 4597 269
618 2 2 1 1 268 4597 439
619 2 2 1 1 439 4598 267
620 2 2 1 1 266 4598 338
621 2 2 1 1 255 5086 354
622 2 2 1 1 409 5086 256
623 2 2 1 1 4076 4497 4496
624 2 2 1 1 5761 7484 4109
625 2 2 1 1 394 7442 4535
626 2 2 1 1 5013 7482 420
627 2 2 1 1 4492 4526 4062
628 2 2 1 1 338 4603 265
629 2 2 1 1 4493 4527 4072
630 2 2 1 1 4494 4533 4064
631 2 2 1 1 4491 4534 4066
632 2 2 1 1 4495 4532 4461
633 2 2 1 1 339 7500 5145
634 2 2 1 1 4476 6765 342
635 2 2 1 1 4477 4478 344
636 2 2 1 1 83 7312 82
637 2 2 1 1 4430 7479 443
638 2 2 1 1 434 7478 5058
639 2 2 1 1 4454 7415 4832
640 2 2 1 1 3445 7414 4451
641 2 2 1 1 4445 4529 3490
642 2 2 1 1 3491 4510 4444
643 2 2 1 1 4093 7476 5762
644 2 2 1 1 441 7477 4431
645 2 2 1 1 4466 5604 449
646 2 2 1 1 450 7505 4482
647 2 2 1 1 5711 7455 5710
648 2 2 1 1 5132 5134 407
649 2 2 1 1 419 4683 4681
650 2 2 1 1 180 4685 179
651 2 2 1 1 7244 7474 348
652 2 2 1 1 347 7473 4463
653 2 2 1 1 5803 7451 4675
654 2 2 1 1 4434 7472 426
655 2 2 1 1 22 5240 21
656 2 2 1 1 3054 7427 5461
657 2 2 1 1 413 4776 4484
658 2 2 1 1 4485 4486 448
659 2 2 1 1 4462 7471 5625
660 2 2 1 1 368 7508 4633
661 2 2 1 1 4490 7507 358
662 2 2 1 1 4465 7462 4463
663 2 2 1 1 7244 7461 4437
664 2 2 1 1 451 7540 4497
665 2 2 1 1 4875 7466 5442
666 2 2 1 1 5603 7467 4466
667 2 2 1 1 5716 7526 4419
668 2 2 1 1 5009 7525 5948
669 2 2 1 1 422 4490 4488
670 2 2 1 1 446 4634 4633
671 2 2 1 1 398 4789 4787
672 2 2 1 1 4480 4482 400
673 2 2 1 1 62 5147 61
674 2 2 1 1 414 7464 4875
675 2 2 1 1 5788 7523 4420
676 2 2 1 1 5635 7524 5725
677 2 2 1 1 365 7512 4486
678 2 2 1 1 4776 7511 360
679 2 2 1 1 7432 7461 182
680 2 2 1 1 64 7462 7431
681 2 2 1 1 83 7530 7312
682 2 2 1 1 435 7459 4462
683 2 2 1 1 5752 7457 4434
684 2 2 1 1 344 4479 4477
685 2 2 1 1 5461 7543 3054
686 2 2 1 1 4484 4777 413
687 2 2 1 1 448 4487 4485
688 2 2 1 1 446 4635 4634
689 2 2 1 1 5710 7430 322
690 2 2 1 1 5822 7513 5134
691 2 2 1 1 5756 7449 7425
692 2 2 1 1 6121 7521 4414
693 2 2 1 1 4423 7520 5949
694 2 2 1 1 4473 5538 4472
695 2 2 1 1 7430 7455 3393
696 2 2 1 1 4787 4790 398
697 2 2 1 1 4437 7432 4436
698 2 2 1 1 4792 7431 4465
699 2 2 1 1 5763 7443 4093
700 2 2 1 1 400 4531 4480
701 2 2 1 1 5387 7519 4844
702 2 2 1 1 5484 7518 5536
703 2 2 1 1 5058 7445 5672
704 2 2 1 1 5799 7444 4430
705 2 2 1 1 5535 7446 5533
706 2 2 1 1 4431 7453 5778
707 2 2 1 1 4488 4516 422
708 2 2 1 1 5484 5536 5485
709 2 2 1 1 4848 5387 4844
710 2 2 1 1 5805 7447 5013
711 2 2 1 1 4429 7426 4428
712 2 2 1 1 4423 5949 4427
713 2 2 1 1 7212 7421 4469
714 2 2 1 1 4426 7422 4424
715 2 2 1 1 386 5147 62
716 2 2 1 1 4109 7448 5760
717 2 2 1 1 363 7526 5716
718 2 2 1 1 5948 7525 367
719 2 2 1 1 407 5135 5132
720 2 2 1 1 4681 4686 419
721 2 2 1 1 4473 7515 5538
722 2 2 1 1 4476 7516 421
723 2 2 1 1 348 7474 4685
724 2 2 1 1 4521 4522 3368
725 2 2 1 1 3359 4519 4518
726 2 2 1 1 4483 7428 450
727 2 2 1 1 4920 7450 5588
728 2 2 1 1 5714 7504 4418
729 2 2 1 1 4422 7503 5759
730 2 2 1 1 5759 7501 4422
731 2 2 1 1 4418 7502 5714
732 2 2 1 1 371 7523 5788
733 2 2 1 1 5725 7524 372
734 2 2 1 1 7435 7439 319
735 2 2 1 1 6254 7498 5947
736 2 2 1 1 4134 7460 5769
737 2 2 1 1 355 7450 5131
738 2 2 1 1 4677 7451 353
739 2 2 1 1 4528 4529 4445
740 2 2 1 1 4525 7435 453
741 2 2 1 1 342 7516 4476
742 2 2 1 1 4478 7517 344
743 2 2 1 1 7419 7447 324
744 2 2 1 1 4437 7461 7432
745 2 2 1 1 7431 7462 4465
746 2 2 1 1 389 7448 5972
747 2 2 1 1 5155 7449 396
748 2 2 1 1 5392 7463 5144
749 2 2 1 1 4497 7452 6117
750 2 2 1 1 4414 7487 6121
751 2 2 1 1 5069 7444 331
752 2 2 1 1 332 7445 5486
753 2 2 1 1 5240 7477 441
754 2 2 1 1 7233 7443 350
755 2 2 1 1 336 7521 6121
756 2 2 1 1 5949 7520 334
757 2 2 1 1 4497 4498 4496
758 2 2 1 1 4500 4547 373
759 2 2 1 1 328 4548 4514
760 2 2 1 1 370 4549 4528
761 2 2 1 1 4420 7486 5788
762 2 2 1 1 4504 4533 390
763 2 2 1 1 4506 4534 333
764 2 2 1 1 4509 4532 395
765 2 2 1 1 6665 7441 5393
766 2 2 1 1 6765 7484 342
767 2 2 1 1 4517 4518 411
768 2 2 1 1 4600 4601 346
769 2 2 1 1 399 4521 4520
770 2 2 1 1 4578 4597 4576
771 2 2 1 1 4582 4598 4580
772 2 2 1 1 4452 4505 4454
773 2 2 1 1 5948 7482 5009
774 2 2 1 1 286 4539 285
775 2 2 1 1 3376 4544 3378
776 2 2 1 1 292 4538 291
777 2 2 1 1 282 4543 281
778 2 2 1 1 284 4541 283
779 2 2 1 1 3373 4536 3374
780 2 2 1 1 4546 6913 4168
781 2 2 1 1 308 4545 307
782 2 2 1 1 401 7452 4470
783 2 2 1 1 5386 7479 7412
784 2 2 1 1 5023 7478 5537
785 2 2 1 1 4419 7485 5716
786 2 2 1 1 5134 7513 407
787 2 2 1 1 419 7514 4683
788 2 2 1 1 421 7476 4475
789 2 2 1 1 5710 7455 7430
790 2 2 1 1 5806 7458 4433
791 2 2 1 1 5431 7457 392
792 2 2 1 1 4706 7459 5598
793 2 2 1 1 5523 7460 4734
794 2 2 1 1 5143 7463 339
795 2 2 1 1 5725 7488 5635
796 2 2 1 1 378 7519 5387
797 2 2 1 1 5536 7518 383
798 2 2 1 1 7182 7473 5822
799 2 2 1 1 4719 7464 6036
800 2 2 1 1 314 4547 313
801 2 2 1 1 290 4548 289
802 2 2 1 1 252 4549 251
803 2 2 1 1 390 4533 298
804 2 2 1 1 333 4534 295
805 2 2 1 1 395 4532 247
806 2 2 1 1 5758 7472 7031
807 2 2 1 1 360 7471 4474
808 2 2 1 1 7044 7470 365
809 2 2 1 1 358 7466 6822
810 2 2 1 1 4631 7467 368
811 2 2 1 1 5388 7469 4845
812 2 2 1 1 4421 7468 5804
813 2 2 1 1 301 4526 300
814 2 2 1 1 341 4526 301
815 2 2 1 1 4586 4603 4584
816 2 2 1 1 4596 4603 4586
817 2 2 1 1 250 4527 249
818 2 2 1 1 370 4527 250
819 2 2 1 1 298 4533 297
820 2 2 1 1 295 4534 294
821 2 2 1 1 247 4532 246
822 2 2 1 1 4480 4531 4086
823 2 2 1 1 4086 4531 4091
824 2 2 1 1 4502 4503 440
825 2 2 1 1 409 5087 5086
826 2 2 1 1 4444 4510 4509
827 2 2 1 1 4635 4636 4634
828 2 2 1 1 3085 4820 4636
829 2 2 1 1 413 7511 4776
830 2 2 1 1 4486 7512 448
831 2 2 1 1 5947 7528 6254
832 2 2 1 1 352 4545 4512
833 2 2 1 1 4515 4539 427
834 2 2 1 1 4453 4546 4501
835 2 2 1 1 4508 4536 4456
836 2 2 1 1 4542 4543 423
837 2 2 1 1 4540 4541 359
838 2 2 1 1 4507 4538 388
839 2 2 1 1 4537 4544 4455
840 2 2 1 1 285 4539 359
841 2 2 1 1 427 4539 286
842 2 2 1 1 423 4543 282
843 2 2 1 1 291 4538 428
844 2 2 1 1 281 4543 321
845 2 2 1 1 388 4538 292
846 2 2 1 1 3378 4544 4450
847 2 2 1 1 359 4541 284
848 2 2 1 1 283 4541 423
849 2 2 1 1 4455 4544 3376
850 2 2 1 1 4456 4536 3373
851 2 2 1 1 3374 4536 4455
852 2 2 1 1 4459 4546 4168
853 2 2 1 1 4453 6913 4546
854 2 2 1 1 412 4545 308
855 2 2 1 1 307 4545 352
856 2 2 1 1 349 7453 7416
857 2 2 1 1 4636 4820 4634
858 2 2 1 1 4522 4523 3368
859 2 2 1 1 5147 7500 61
860 2 2 1 1 4484 4778 4777
861 2 2 1 1 4487 4550 4485
862 2 2 1 1 313 4547 424
863 2 2 1 1 373 4547 314
864 2 2 1 1 428 4548 290
865 2 2 1 1 289 4548 328
866 2 2 1 1 404 4549 252
867 2 2 1 1 251 4549 370
868 2 2 1 1 4525 7439 7435
869 2 2 1 1 4528 4530 4529
870 2 2 1 1 4531 4535 4091
871 2 2 1 1 4550 7058 4301
872 2 2 1 1 3096 4778 3412
873 2 2 1 1 5538 7515 374
874 2 2 1 1 5605 7532 7424
875 2 2 1 1 5535 7468 6734
876 2 2 1 1 4846 7469 5392
877 2 2 1 1 5605 7424 341
878 2 2 1 1 4479 7420 4477
879 2 2 1 1 5460 6009 5604
880 2 2 1 1 5604 6009 449
881 2 2 1 1 422 7507 4490
882 2 2 1 1 4633 7508 446
883 2 2 1 1 4432 7417 7416
884 2 2 1 1 7416 7417 4636
885 2 2 1 1 4636 7417 3085
886 2 2 1 1 4485 4550 4301
887 2 2 1 1 3393 7058 4550
888 2 2 1 1 3418 4778 3096
889 2 2 1 1 3412 4778 4484
890 2 2 1 1 4548 7414 4514
891 2 2 1 1 428 7414 4548
892 2 2 1 1 4547 7415 424
893 2 2 1 1 4500 7415 4547
894 2 2 1 1 409 7436 5087
895 2 2 1 1 4503 7437 440
896 2 2 1 1 4601 7438 346
897 2 2 1 1 4522 4524 4523
898 2 2 1 1 398 7506 4789
899 2 2 1 1 4482 7505 400
900 2 2 1 1 325 7504 5714
901 2 2 1 1 5759 7503 326
902 2 2 1 1 7418 7536 3417
903 2 2 1 1 4442 7539 7102
904 2 2 1 1 5132 5135 5130
905 2 2 1 1 5130 5135 5131
906 2 2 1 1 4677 4686 4678
907 2 2 1 1 4678 4686 4681
908 2 2 1 1 6037 7436 409
909 2 2 1 1 440 7437 5589
910 2 2 1 1 436 7501 5759
911 2 2 1 1 5714 7502 5715
912 2 2 1 1 4635 7416 4636
913 2 2 1 1 4522 4525 4524
914 2 2 1 1 5534 7536 7418
915 2 2 1 1 5769 7470 4090
916 2 2 1 1 2807 7440 4510
917 2 2 1 1 467 7258 469
918 2 2 1 1 7256 7316 3927
919 2 2 1 1 2439 4830 2498
920 2 2 1 1 2498 4830 4829
921 2 2 1 1 4594 7389 4613
922 2 2 1 1 473 4564 475
923 2 2 1 1 4199 7276 4571
924 2 2 1 1 6397 7243 4562
925 2 2 1 1 465 4560 467
926 2 2 1 1 4560 7258 467
927 2 2 1 1 4588 6710 4737
928 2 2 1 1 4556 5368 4866
929 2 2 1 1 2498 4829 4737
930 2 2 1 1 4604 5022 2510
931 2 2 1 1 4551 4866 1188
932 2 2 1 1 2494 4779 4571
933 2 2 1 1 4737 6710 2498
934 2 2 1 1 2437 4830 2439
935 2 2 1 1 5253 6710 4588
936 2 2 1 1 5253 5441 2511
937 2 2 1 1 4556 4899 2224
938 2 2 1 1 4588 5441 5253
939 2 2 1 1 4562 7243 2480
940 2 2 1 1 4866 5368 1188
941 2 2 1 1 2224 5368 4556
942 2 2 1 1 1487 4560 465
943 2 2 1 1 2511 5441 4888
944 2 2 1 1 3113 7268 4087
945 2 2 1 1 1487 4561 4553
946 2 2 1 1 4899 5198 2224
947 2 2 1 1 475 4564 1188
948 2 2 1 1 4571 7276 2494
949 2 2 1 1 972 5198 4557
950 2 2 1 1 4557 5198 4899
951 2 2 1 1 3485 5700 3487
952 2 2 1 1 4553 4560 1487
953 2 2 1 1 3111 4605 3113
954 2 2 1 1 489 5742 491
955 2 2 1 1 1188 4564 4551
956 2 2 1 1 132 7124 329
957 2 2 1 1 4567 6868 4074
958 2 2 1 1 3310 6954 4051
959 2 2 1 1 3623 7022 5667
960 2 2 1 1 4613 7389 2499
961 2 2 1 1 4736 6360 3928
962 2 2 1 1 4107 6868 4567
963 2 2 1 1 4558 4559 2219
964 2 2 1 1 2510 5220 4604
965 2 2 1 1 3582 6425 4688
966 2 2 1 1 4555 4605 3425
967 2 2 1 1 4305 5487 4687
968 2 2 1 1 4605 7268 3113
969 2 2 1 1 4051 6954 4569
970 2 2 1 1 1972 7245 4835
971 2 2 1 1 2125 7155 5539
972 2 2 1 1 3425 4605 3111
973 2 2 1 1 4652 7384 4976
974 2 2 1 1 4116 7296 6676
975 2 2 1 1 5667 7022 4097
976 2 2 1 1 694 5174 5172
977 2 2 1 1 2451 6714 2453
978 2 2 1 1 853 5679 5070
979 2 2 1 1 4888 5220 2511
980 2 2 1 1 2494 6714 4779
981 2 2 1 1 515 5178 517
982 2 2 1 1 5700 7296 4116
983 2 2 1 1 329 7124 4614
984 2 2 1 1 3002 4621 3336
985 2 2 1 1 3446 4834 3447
986 2 2 1 1 432 5946 4608
987 2 2 1 1 4627 6585 4774
988 2 2 1 1 3447 4834 4763
989 2 2 1 1 4304 6425 6141
990 2 2 1 1 853 7288 5679
991 2 2 1 1 2191 5070 4563
992 2 2 1 1 2447 5220 2449
993 2 2 1 1 485 6031 487
994 2 2 1 1 5022 6714 2510
995 2 2 1 1 3004 4621 3002
996 2 2 1 1 3425 4774 4555
997 2 2 1 1 4305 6064 5487
998 2 2 1 1 5070 5679 4563
999 2 2 1 1 3927 7316 5186
1000 2 2 1 1 4564 7164 4552
1001 2 2 1 1 4557 6930 972
1002 2 2 1 1 5172 6276 694
1003 2 2 1 1 4563 4996 2191
1004 2 2 1 1 5944 6850 5945
1005 2 2 1 1 5742 7288 853
1006 2 2 1 1 7188 7243 4106
1007 2 2 1 1 4863 7065 6570
1008 2 2 1 1 694 5178 5174
1009 2 2 1 1 4835 7245 4834
1010 2 2 1 1 4060 7188 4554
1011 2 2 1 1 4624 6788 6310
1012 2 2 1 1 4618 6131 381
1013 2 2 1 1 757 5539 4617
1014 2 2 1 1 4565 4621 3004
1015 2 2 1 1 4554 7188 4106
1016 2 2 1 1 5352 7202 3695
1017 2 2 1 1 4554 7105 4060
1018 2 2 1 1 1921 4862 4568
1019 2 2 1 1 3004 4885 4565
1020 2 2 1 1 469 7258 1345
1021 2 2 1 1 757 4617 4616
1022 2 2 1 1 5170 6276 5172
1023 2 2 1 1 327 7319 5520
1024 2 2 1 1 4643 5447 1143
1025 2 2 1 1 4616 5299 757
1026 2 2 1 1 4687 6425 4305
1027 2 2 1 1 515 6902 5178
1028 2 2 1 1 1486 7413 7105
1029 2 2 1 1 4566 4622 4621
1030 2 2 1 1 4191 6131 4618
1031 2 2 1 1 1921 6239 4862
1032 2 2 1 1 4862 6239 4863
1033 2 2 1 1 1185 4641 1284
1034 2 2 1 1 4608 5946 4483
1035 2 2 1 1 2219 6031 4558
1036 2 2 1 1 3427 6930 3428
1037 2 2 1 1 4774 6585 4555
1038 2 2 1 1 513 6902 515
1039 2 2 1 1 1213 4641 1185
1040 2 2 1 1 4644 5447 4643
1041 2 2 1 1 5487 6064 4689
1042 2 2 1 1 517 5178 694
1043 2 2 1 1 5539 7155 4617
1044 2 2 1 1 3441 4839 4837
1045 2 2 1 1 4096 6672 6351
1046 2 2 1 1 4624 6310 3139
1047 2 2 1 1 3670 5300 3668
1048 2 2 1 1 4113 4666 4665
1049 2 2 1 1 4998 5494 4994
1050 2 2 1 1 3487 5700 4116
1051 2 2 1 1 3441 4840 4839
1052 2 2 1 1 4644 5448 2394
1053 2 2 1 1 4105 7224 4611
1054 2 2 1 1 2231 4791 4689
1055 2 2 1 1 4643 5700 3485
1056 2 2 1 1 4074 5972 4567
1057 2 2 1 1 6520 7017 4732
1058 2 2 1 1 3108 7287 3109
1059 2 2 1 1 4606 4615 4024
1060 2 2 1 1 6239 7065 4863
1061 2 2 1 1 2219 5742 489
1062 2 2 1 1 2394 5447 4644
1063 2 2 1 1 4609 4641 1213
1064 2 2 1 1 4620 4692 2515
1065 2 2 1 1 4998 7155 2125
1066 2 2 1 1 4113 4665 4433
1067 2 2 1 1 5885 5886 4108
1068 2 2 1 1 4648 5531 430
1069 2 2 1 1 5641 7409 7387
1070 2 2 1 1 3469 4615 4606
1071 2 2 1 1 4416 4692 4620
1072 2 2 1 1 5945 6850 3012
1073 2 2 1 1 3115 4612 4611
1074 2 2 1 1 4611 4628 3115
1075 2 2 1 1 5638 7227 5637
1076 2 2 1 1 2828 4820 3085
1077 2 2 1 1 4568 5276 1921
1078 2 2 1 1 4993 4996 3462
1079 2 2 1 1 4984 7315 7073
1080 2 2 1 1 6035 7337 7059
1081 2 2 1 1 3108 6360 4736
1082 2 2 1 1 4252 7373 7214
1083 2 2 1 1 2515 5482 4620
1084 2 2 1 1 491 5742 853
1085 2 2 1 1 473 7164 4564
1086 2 2 1 1 4113 4864 4666
1087 2 2 1 1 2977 4748 4747
1088 2 2 1 1 4553 4736 3928
1089 2 2 1 1 4115 6784 4395
1090 2 2 1 1 3409 4731 3435
1091 2 2 1 1 5180 6294 3670
1092 2 2 1 1 4307 5531 4648
1093 2 2 1 1 2125 5494 4998
1094 2 2 1 1 2977 4747 4287
1095 2 2 1 1 3435 4731 4692
1096 2 2 1 1 3586 5168 4656
1097 2 2 1 1 2392 4628 2733
1098 2 2 1 1 3089 4654 4630
1099 2 2 1 1 3821 4668 3434
1100 2 2 1 1 3462 4995 4993
1101 2 2 1 1 7311 7355 429
1102 2 2 1 1 461 4627 463
1103 2 2 1 1 4659 4997 3119
1104 2 2 1 1 3119 4705 4659
1105 2 2 1 1 4747 4960 4287
1106 2 2 1 1 4656 5168 4626
1107 2 2 1 1 1213 4668 4609
1108 2 2 1 1 4626 5168 1364
1109 2 2 1 1 4750 7013 5100
1110 2 2 1 1 4604 5220 4888
1111 2 2 1 1 5179 6276 5170
1112 2 2 1 1 134 7357 133
1113 2 2 1 1 4689 6064 2231
1114 2 2 1 1 4569 6927 4051
1115 2 2 1 1 1746 5276 1926
1116 2 2 1 1 3973 7336 3972
1117 2 2 1 1 4106 7243 6397
1118 2 2 1 1 2499 7347 4613
1119 2 2 1 1 6520 7159 1813
1120 2 2 1 1 3435 4692 4416
1121 2 2 1 1 431 7033 6300
1122 2 2 1 1 3469 4739 4615
1123 2 2 1 1 6351 6672 4608
1124 2 2 1 1 5583 5584 356
1125 2 2 1 1 4621 4622 3336
1126 2 2 1 1 4609 4668 3821
1127 2 2 1 1 4688 6425 4687
1128 2 2 1 1 5530 7332 380
1129 2 2 1 1 3116 6954 3310
1130 2 2 1 1 4779 6714 5022
1131 2 2 1 1 4630 4632 3089
1132 2 2 1 1 4138 7088 6676
1133 2 2 1 1 4997 4998 4994
1134 2 2 1 1 5511 5993 2166
1135 2 2 1 1 4562 7276 4199
1136 2 2 1 1 3116 7000 6954
1137 2 2 1 1 4732 7159 6520
1138 2 2 1 1 7303 7321 3140
1139 2 2 1 1 4780 7347 2499
1140 2 2 1 1 2453 6714 2494
1141 2 2 1 1 4552 7316 7256
1142 2 2 1 1 5667 7000 3116
1143 2 2 1 1 2511 5220 2447
1144 2 2 1 1 5176 6294 5180
1145 2 2 1 1 1345 7258 5186
1146 2 2 1 1 3119 4995 3117
1147 2 2 1 1 3418 6339 5014
1148 2 2 1 1 4136 7353 4699
1149 2 2 1 1 3299 7113 7058
1150 2 2 1 1 5025 6894 5024
1151 2 2 1 1 487 6031 2219
1152 2 2 1 1 4864 4930 3611
1153 2 2 1 1 4630 4654 4130
1154 2 2 1 1 3115 4628 2392
1155 2 2 1 1 4646 6639 4309
1156 2 2 1 1 1364 5169 4626
1157 2 2 1 1 7368 7372 393
1158 2 2 1 1 3888 7354 4401
1159 2 2 1 1 1140 6675 1137
1160 2 2 1 1 4947 5893 3992
1161 2 2 1 1 4608 6672 432
1162 2 2 1 1 4357 5993 5511
1163 2 2 1 1 6141 6425 3582
1164 2 2 1 1 2449 5220 2510
1165 2 2 1 1 5054 5056 740
1166 2 2 1 1 3250 5893 4947
1167 2 2 1 1 7164 7316 4552
1168 2 2 1 1 4130 5939 3160
1169 2 2 1 1 6676 7088 4116
1170 2 2 1 1 6279 6768 5191
1171 2 2 1 1 2803 4705 3119
1172 2 2 1 1 6206 7022 3623
1173 2 2 1 1 4653 4968 2670
1174 2 2 1 1 4688 7244 3582
1175 2 2 1 1 4305 6425 4304
1176 2 2 1 1 4287 7130 7109
1177 2 2 1 1 2977 6285 4748
1178 2 2 1 1 5105 7321 7303
1179 2 2 1 1 4668 4740 3434
1180 2 2 1 1 7058 7113 4300
1181 2 2 1 1 4716 6785 6345
1182 2 2 1 1 3077 4720 4718
1183 2 2 1 1 3475 4742 4693
1184 2 2 1 1 3101 4874 2720
1185 2 2 1 1 3117 4995 3462
1186 2 2 1 1 739 6884 695
1187 2 2 1 1 2510 6714 2451
1188 2 2 1 1 1934 7028 2803
1189 2 2 1 1 4108 6563 5885
1190 2 2 1 1 5056 5057 740
1191 2 2 1 1 4616 5300 5299
1192 2 2 1 1 6310 6788 4103
1193 2 2 1 1 4149 6990 4637
1194 2 2 1 1 5404 7126 5400
1195 2 2 1 1 133 7124 132
1196 2 2 1 1 4654 5939 4130
1197 2 2 1 1 2697 6990 4149
1198 2 2 1 1 381 6770 4618
1199 2 2 1 1 1980 4791 1929
1200 2 2 1 1 1999 4739 4629
1201 2 2 1 1 6899 7040 3653
1202 2 2 1 1 4417 4734 4733
1203 2 2 1 1 4946 7197 4945
1204 2 2 1 1 3474 4742 3475
1205 2 2 1 1 4712 5883 2330
1206 2 2 1 1 3089 4820 2828
1207 2 2 1 1 4769 6510 4118
1208 2 2 1 1 3919 7221 4404
1209 2 2 1 1 5448 5855 2394
1210 2 2 1 1 972 6031 485
1211 2 2 1 1 7327 7334 5753
1212 2 2 1 1 5178 6902 5176
1213 2 2 1 1 7099 7178 7100
1214 2 2 1 1 4627 4774 4561
1215 2 2 1 1 5014 6339 5012
1216 2 2 1 1 4030 7334 7327
1217 2 2 1 1 4114 4646 4309
1218 2 2 1 1 4699 7355 7311
1219 2 2 1 1 3168 4810 4664
1220 2 2 1 1 3463 4996 4563
1221 2 2 1 1 417 5800 5585
1222 2 2 1 1 6221 7069 4871
1223 2 2 1 1 5021 6496 4770
1224 2 2 1 1 4770 5020 3516
1225 2 2 1 1 4629 5210 1999
1226 2 2 1 1 4097 7000 5667
1227 2 2 1 1 3984 7161 4647
1228 2 2 1 1 4660 4997 4659
1229 2 2 1 1 3115 6715 4612
1230 2 2 1 1 356 6300 5583
1231 2 2 1 1 4559 5742 2219
1232 2 2 1 1 3155 6879 5209
1233 2 2 1 1 5448 5856 5855
1234 2 2 1 1 3861 7300 4398
1235 2 2 1 1 4116 7088 4115
1236 2 2 1 1 4726 6603 2981
1237 2 2 1 1 4613 7347 7308
1238 2 2 1 1 6131 6850 5944
1239 2 2 1 1 3668 5300 4616
1240 2 2 1 1 5856 6847 3871
1241 2 2 1 1 4830 7389 4594
1242 2 2 1 1 3611 4930 2393
1243 2 2 1 1 4753 6977 4752
1244 2 2 1 1 6273 6603 6217
1245 2 2 1 1 463 4627 1487
1246 2 2 1 1 3916 6894 5025
1247 2 2 1 1 4718 4982 3077
1248 2 2 1 1 3077 4874 4720
1249 2 2 1 1 7193 7195 4489
1250 2 2 1 1 6497 6820 6730
1251 2 2 1 1 4559 7288 5742
1252 2 2 1 1 2480 7276 4562
1253 2 2 1 1 5210 6530 3127
1254 2 2 1 1 362 7323 7310
1255 2 2 1 1 2191 4996 4992
1256 2 2 1 1 3011 4869 4868
1257 2 2 1 1 3462 4996 3463
1258 2 2 1 1 3686 5169 4244
1259 2 2 1 1 4561 4736 4553
1260 2 2 1 1 6300 7033 5583
1261 2 2 1 1 985 5474 4667
1262 2 2 1 1 4690 4791 1980
1263 2 2 1 1 4647 7161 3452
1264 2 2 1 1 4639 5098 2229
1265 2 2 1 1 2229 5099 4639
1266 2 2 1 1 2831 6123 4645
1267 2 2 1 1 6936 7029 5372
1268 2 2 1 1 2013 5268 4991
1269 2 2 1 1 4976 7384 416
1270 2 2 1 1 1487 4627 4561
1271 2 2 1 1 4087 7268 6351
1272 2 2 1 1 1504 6496 5021
1273 2 2 1 1 5902 6884 739
1274 2 2 1 1 3443 7393 3446
1275 2 2 1 1 4618 6770 4619
1276 2 2 1 1 4726 6771 4727
1277 2 2 1 1 4796 6906 4797
1278 2 2 1 1 2393 6715 3115
1279 2 2 1 1 4115 7088 6784
1280 2 2 1 1 2446 5528 2444
1281 2 2 1 1 6206 7059 4128
1282 2 2 1 1 4757 5187 1217
1283 2 2 1 1 4992 4996 4993
1284 2 2 1 1 4707 6675 1140
1285 2 2 1 1 4669 5184 4012
1286 2 2 1 1 4632 4820 3089
1287 2 2 1 1 3434 4740 3121
1288 2 2 1 1 4773 6896 6559
1289 2 2 1 1 3452 6893 4647
1290 2 2 1 1 4642 4646 4114
1291 2 2 1 1 4625 6097 2345
1292 2 2 1 1 7076 7120 4610
1293 2 2 1 1 2978 6524 5981
1294 2 2 1 1 3791 4724 4723
1295 2 2 1 1 6107 7091 1393
1296 2 2 1 1 4930 6715 2393
1297 2 2 1 1 3139 5454 4624
1298 2 2 1 1 2666 4651 4649
1299 2 2 1 1 4114 5020 4642
1300 2 2 1 1 4864 6978 4666
1301 2 2 1 1 5885 6563 6371
1302 2 2 1 1 4128 7022 6206
1303 2 2 1 1 3611 6978 4864
1304 2 2 1 1 5255 6757 5254
1305 2 2 1 1 4098 4885 4710
1306 2 2 1 1 985 6340 5362
1307 2 2 1 1 4645 6123 4129
1308 2 2 1 1 4732 7017 4731
1309 2 2 1 1 4108 6868 4107
1310 2 2 1 1 4629 6530 5210
1311 2 2 1 1 6510 6511 4118
1312 2 2 1 1 4924 5613 2112
1313 2 2 1 1 5044 6313 5043
1314 2 2 1 1 4698 4860 2089
1315 2 2 1 1 3440 7142 4331
1316 2 2 1 1 5585 5800 5584
1317 2 2 1 1 3133 6754 3134
1318 2 2 1 1 6797 7075 3884
1319 2 2 1 1 3158 6829 5208
1320 2 2 1 1 4105 7202 5352
1321 2 2 1 1 4667 6340 985
1322 2 2 1 1 6630 7132 3023
1323 2 2 1 1 1929 4791 2231
1324 2 2 1 1 4019 7197 4946
1325 2 2 1 1 4610 7120 4641
1326 2 2 1 1 4606 7133 4607
1327 2 2 1 1 4729 6124 4730
1328 2 2 1 1 3011 4870 4869
1329 2 2 1 1 6784 7173 4395
1330 2 2 1 1 2945 6124 4729
1331 2 2 1 1 4697 4982 4718
1332 2 2 1 1 3670 6294 5300
1333 2 2 1 1 5208 6829 5206
1334 2 2 1 1 5012 6339 2795
1335 2 2 1 1 5252 7041 6271
1336 2 2 1 1 6137 7239 6882
1337 2 2 1 1 4403 7196 7183
1338 2 2 1 1 2323 6313 5044
1339 2 2 1 1 1244 5597 4661
1340 2 2 1 1 2799 4840 3441
1341 2 2 1 1 429 7280 4640
1342 2 2 1 1 4558 6930 3427
1343 2 2 1 1 4143 6107 5793
1344 2 2 1 1 5454 6470 4388
1345 2 2 1 1 4614 7264 329
1346 2 2 1 1 130 7280 429
1347 2 2 1 1 5186 7316 1345
1348 2 2 1 1 2670 5184 4653
1349 2 2 1 1 5352 7224 4105
1350 2 2 1 1 4619 6770 6444
1351 2 2 1 1 4661 5597 4662
1352 2 2 1 1 4881 5335 4983
1353 2 2 1 1 2070 5961 2068
1354 2 2 1 1 2521 4840 2799
1355 2 2 1 1 2803 7028 4705
1356 2 2 1 1 345 6510 4769
1357 2 2 1 1 1999 5466 4739
1358 2 2 1 1 5300 6294 2126
1359 2 2 1 1 3084 4960 3453
1360 2 2 1 1 4662 5597 5596
1361 2 2 1 1 4818 7372 7368
1362 2 2 1 1 5209 6879 5208
1363 2 2 1 1 4943 4945 2676
1364 2 2 1 1 4642 5020 4770
1365 2 2 1 1 2177 5633 4700
1366 2 2 1 1 4382 7265 7259
1367 2 2 1 1 6689 6953 2722
1368 2 2 1 1 4628 4981 2733
1369 2 2 1 1 5448 6847 5856
1370 2 2 1 1 3946 6970 4893
1371 2 2 1 1 2780 4697 4695
1372 2 2 1 1 1447 5108 5106
1373 2 2 1 1 4701 4898 1867
1374 2 2 1 1 4736 7287 3108
1375 2 2 1 1 3428 6930 4557
1376 2 2 1 1 2860 7196 4403
1377 2 2 1 1 4707 6197 4878
1378 2 2 1 1 1240 6355 5596
1379 2 2 1 1 4626 5169 3686
1380 2 2 1 1 4645 7013 4750
1381 2 2 1 1 9 5462 8
1382 2 2 1 1 1140 6197 4707
1383 2 2 1 1 2291 5880 2294
1384 2 2 1 1 2544 7275 7255
1385 2 2 1 1 4651 4968 4653
1386 2 2 1 1 2347 4711 2774
1387 2 2 1 1 4417 4733 3397
1388 2 2 1 1 2345 6440 4625
1389 2 2 1 1 4723 4865 1189
1390 2 2 1 1 1926 5276 2491
1391 2 2 1 1 3791 4723 1189
1392 2 2 1 1 2720 4874 3077
1393 2 2 1 1 4111 4930 4864
1394 2 2 1 1 5584 5800 356
1395 2 2 1 1 2295 6490 2293
1396 2 2 1 1 5169 5179 5170
1397 2 2 1 1 5174 5178 5176
1398 2 2 1 1 5176 6902 6294
1399 2 2 1 1 696 5057 698
1400 2 2 1 1 3521 5137 4805
1401 2 2 1 1 5834 6861 6844
1402 2 2 1 1 3521 5691 5137
1403 2 2 1 1 6340 6341 5362
1404 2 2 1 1 2126 6902 513
1405 2 2 1 1 1921 5276 1746
1406 2 2 1 1 6695 7083 2778
1407 2 2 1 1 4733 4876 3397
1408 2 2 1 1 1883 6666 2171
1409 2 2 1 1 2013 4991 4990
1410 2 2 1 1 4990 4991 4741
1411 2 2 1 1 2643 4812 2642
1412 2 2 1 1 4174 6995 6792
1413 2 2 1 1 4699 7353 366
1414 2 2 1 1 3467 4739 3469
1415 2 2 1 1 4143 5793 4661
1416 2 2 1 1 107 7392 7107
1417 2 2 1 1 5959 7325 2860
1418 2 2 1 1 5184 6052 3529
1419 2 2 1 1 6371 6563 4712
1420 2 2 1 1 431 5801 4638
1421 2 2 1 1 504 7293 6452
1422 2 2 1 1 2434 6582 4780
1423 2 2 1 1 2089 5479 4698
1424 2 2 1 1 4144 5046 3073
1425 2 2 1 1 6301 7200 6892
1426 2 2 1 1 3119 4997 4995
1427 2 2 1 1 4670 4746 4126
1428 2 2 1 1 4122 5079 5078
1429 2 2 1 1 4755 5187 4757
1430 2 2 1 1 1976 6203 1814
1431 2 2 1 1 7259 7265 3325
1432 2 2 1 1 5459 5463 5462
1433 2 2 1 1 4922 5613 4924
1434 2 2 1 1 4566 7404 4622
1435 2 2 1 1 4237 7299 7290
1436 2 2 1 1 6833 6911 3645
1437 2 2 1 1 2666 4968 4651
1438 2 2 1 1 2868 4855 4854
1439 2 2 1 1 4138 6676 6675
1440 2 2 1 1 1143 5700 4643
1441 2 2 1 1 6501 6693 2887
1442 2 2 1 1 2161 7118 6893
1443 2 2 1 1 1749 5205 1685
1444 2 2 1 1 4098 4710 4057
1445 2 2 1 1 4995 4997 4994
1446 2 2 1 1 1217 5188 4757
1447 2 2 1 1 4412 7104 3439
1448 2 2 1 1 1295 5579 1380
1449 2 2 1 1 2302 6750 2298
1450 2 2 1 1 6931 6941 5025
1451 2 2 1 1 4939 4941 2708
1452 2 2 1 1 4773 6559 2807
1453 2 2 1 1 3887 6757 5255
1454 2 2 1 1 4794 6093 2256
1455 2 2 1 1 4713 6543 2260
1456 2 2 1 1 4649 6709 2666
1457 2 2 1 1 3092 5354 3107
1458 2 2 1 1 5634 6136 4425
1459 2 2 1 1 4739 5466 4615
1460 2 2 1 1 6444 6874 4619
1461 2 2 1 1 5651 6878 2159
1462 2 2 1 1 4722 5297 2891
1463 2 2 1 1 3656 7234 7093
1464 2 2 1 1 3920 6941 6931
1465 2 2 1 1 4024 7133 4606
1466 2 2 1 1 4624 5454 4388
1467 2 2 1 1 6050 6087 5382
1468 2 2 1 1 1447 5106 5104
1469 2 2 1 1 4075 4874 3101
1470 2 2 1 1 740 5057 696
1471 2 2 1 1 2642 4812 4715
1472 2 2 1 1 3295 4819 2768
1473 2 2 1 1 4645 4750 2831
1474 2 2 1 1 4658 6533 4657
1475 2 2 1 1 4711 5883 4712
1476 2 2 1 1 110 7379 7123
1477 2 2 1 1 5261 5526 4182
1478 2 2 1 1 5372 7167 6936
1479 2 2 1 1 4835 7301 1972
1480 2 2 1 1 4880 4882 2108
1481 2 2 1 1 461 6585 4627
1482 2 2 1 1 4664 6167 3168
1483 2 2 1 1 3569 6422 5554
1484 2 2 1 1 4126 4691 4670
1485 2 2 1 1 5520 7319 6625
1486 2 2 1 1 3065 4832 4338
1487 2 2 1 1 4075 4875 4874
1488 2 2 1 1 4891 6007 2946
1489 2 2 1 1 4135 6709 4649
1490 2 2 1 1 4223 7195 7193
1491 2 2 1 1 3066 4832 3065
1492 2 2 1 1 4404 7221 7189
1493 2 2 1 1 3409 4732 4731
1494 2 2 1 1 6936 7167 3897
1495 2 2 1 1 3598 6906 4796
1496 2 2 1 1 4780 5046 4144
1497 2 2 1 1 1388 5613 4922
1498 2 2 1 1 4752 6977 3134
1499 2 2 1 1 1375 4849 1377
1500 2 2 1 1 4670 4691 2890
1501 2 2 1 1 3924 5297 4722
1502 2 2 1 1 3464 6436 3465
1503 2 2 1 1 4331 7142 5165
1504 2 2 1 1 4769 6874 345
1505 2 2 1 1 345 6874 6444
1506 2 2 1 1 3880 7146 7002
1507 2 2 1 1 5119 5826 4764
1508 2 2 1 1 508 7270 2459
1509 2 2 1 1 5362 6341 4124
1510 2 2 1 1 4923 7094 7038
1511 2 2 1 1 4395 7320 7281
1512 2 2 1 1 4638 7033 431
1513 2 2 1 1 3148 5079 4122
1514 2 2 1 1 4425 6136 3402
1515 2 2 1 1 4695 6347 2780
1516 2 2 1 1 4556 4866 3828
1517 2 2 1 1 4191 6850 6131
1518 2 2 1 1 1687 4744 4714
1519 2 2 1 1 4565 4885 4098
1520 2 2 1 1 5692 6533 4658
1521 2 2 1 1 4700 6688 2177
1522 2 2 1 1 3134 6754 4752
1523 2 2 1 1 4150 7080 4913
1524 2 2 1 1 1371 5978 1373
1525 2 2 1 1 5878 6412 2238
1526 2 2 1 1 2648 7227 5638
1527 2 2 1 1 3406 7074 3409
1528 2 2 1 1 5457 5462 9
1529 2 2 1 1 4691 4827 2890
1530 2 2 1 1 5169 5170 4244
1531 2 2 1 1 4818 4873 4042
1532 2 2 1 1 2780 5402 4697
1533 2 2 1 1 4764 5826 2806
1534 2 2 1 1 7073 7315 4149
1535 2 2 1 1 5912 6424 1690
1536 2 2 1 1 2576 6431 3523
1537 2 2 1 1 4188 7018 6908
1538 2 2 1 1 5772 6484 6388
1539 2 2 1 1 6988 7139 5473
1540 2 2 1 1 2672 4827 3275
1541 2 2 1 1 5011 5012 2795
1542 2 2 1 1 3547 5728 5076
1543 2 2 1 1 6639 6873 4309
1544 2 2 1 1 4607 7133 6966
1545 2 2 1 1 521 5179 523
1546 2 2 1 1 1853 5616 4807
1547 2 2 1 1 6282 6440 2345
1548 2 2 1 1 2426 7106 6960
1549 2 2 1 1 2981 6771 4726
1550 2 2 1 1 5291 6422 3569
1551 2 2 1 1 4159 7075 6797
1552 2 2 1 1 2171 6666 5116
1553 2 2 1 1 3923 6915 4962
1554 2 2 1 1 7109 7130 3975
1555 2 2 1 1 3476 6022 4808
1556 2 2 1 1 4737 4829 4587
1557 2 2 1 1 1529 4908 4721
1558 2 2 1 1 5149 7374 7238
1559 2 2 1 1 2706 5755 3042
1560 2 2 1 1 4729 6240 2945
1561 2 2 1 1 2978 5981 4907
1562 2 2 1 1 4714 4745 1687
1563 2 2 1 1 5098 5320 2229
1564 2 2 1 1 4738 5616 2700
1565 2 2 1 1 6570 7065 3973
1566 2 2 1 1 6345 6785 1414
1567 2 2 1 1 5136 6194 1441
1568 2 2 1 1 4945 5077 2676
1569 2 2 1 1 4807 5616 4738
1570 2 2 1 1 7295 7376 1207
1571 2 2 1 1 3453 4960 4747
1572 2 2 1 1 3228 5350 3232
1573 2 2 1 1 2890 4827 2672
1574 2 2 1 1 4174 6792 6579
1575 2 2 1 1 4808 6022 4795
1576 2 2 1 1 1137 6675 1136
1577 2 2 1 1 3644 4907 4150
1578 2 2 1 1 4121 6440 6282
1579 2 2 1 1 4161 6693 6501
1580 2 2 1 1 3160 5939 4125
1581 2 2 1 1 3960 7116 7089
1582 2 2 1 1 6771 7100 4727
1583 2 2 1 1 4890 6007 4891
1584 2 2 1 1 5596 5597 1240
1585 2 2 1 1 2648 7240 2209
1586 2 2 1 1 4344 7060 5748
1587 2 2 1 1 4657 6533 2105
1588 2 2 1 1 4893 6970 2162
1589 2 2 1 1 498 7338 6966
1590 2 2 1 1 6844 6861 4656
1591 2 2 1 1 2293 6490 4956
1592 2 2 1 1 3268 6397 3270
1593 2 2 1 1 5266 6717 5413
1594 2 2 1 1 2330 6371 4712
1595 2 2 1 1 3474 4743 4742
1596 2 2 1 1 2009 4803 4801
1597 2 2 1 1 4629 4739 3467
1598 2 2 1 1 3012 6882 5945
1599 2 2 1 1 3808 4898 4701
1600 2 2 1 1 5076 5728 4918
1601 2 2 1 1 2643 4813 4812
1602 2 2 1 1 4129 6123 4714
1603 2 2 1 1 417 7021 6511
1604 2 2 1 1 5268 5372 4991
1605 2 2 1 1 3514 5398 5397
1606 2 2 1 1 5031 6312 5033
1607 2 2 1 1 5138 6586 4925
1608 2 2 1 1 5817 6838 6118
1609 2 2 1 1 1918 5035 5033
1610 2 2 1 1 3255 4702 4147
1611 2 2 1 1 6897 7006 1223
1612 2 2 1 1 432 6672 5367
1613 2 2 1 1 4721 4909 1529
1614 2 2 1 1 1987 6092 4772
1615 2 2 1 1 2642 4895 2469
1616 2 2 1 1 4124 6341 4749
1617 2 2 1 1 4740 4990 4741
1618 2 2 1 1 2806 5595 4764
1619 2 2 1 1 3505 5739 4831
1620 2 2 1 1 4878 6197 2368
1621 2 2 1 1 4882 4884 2108
1622 2 2 1 1 7281 7320 2332
1623 2 2 1 1 4880 6376 4881
1624 2 2 1 1 2240 6848 6303
1625 2 2 1 1 2296 4856 2301
1626 2 2 1 1 3516 5021 4770
1627 2 2 1 1 4767 4904 3904
1628 2 2 1 1 4111 4864 4113
1629 2 2 1 1 4660 4998 4997
1630 2 2 1 1 4689 4791 4679
1631 2 2 1 1 4843 4845 4842
1632 2 2 1 1 5582 5584 5583
1633 2 2 1 1 1199 5108 1201
1634 2 2 1 1 1287 4916 2369
1635 2 2 1 1 2581 5103 4746
1636 2 2 1 1 4746 5999 2581
1637 2 2 1 1 4735 5043 2840
1638 2 2 1 1 4405 4792 3345
1639 2 2 1 1 4802 6244 6160
1640 2 2 1 1 5656 5657 4861
1641 2 2 1 1 5496 6745 6645
1642 2 2 1 1 4983 5335 1777
1643 2 2 1 1 5116 5356 2171
1644 2 2 1 1 4664 4810 3526
1645 2 2 1 1 1201 5108 1447
1646 2 2 1 1 1895 5237 2456
1647 2 2 1 1 1980 5776 4690
1648 2 2 1 1 5044 7009 2323
1649 2 2 1 1 4715 4895 2642
1650 2 2 1 1 5692 7110 1020
1651 2 2 1 1 1567 5320 4703
1652 2 2 1 1 4703 5329 1567
1653 2 2 1 1 1918 5205 5035
1654 2 2 1 1 4639 7018 4188
1655 2 2 1 1 3121 6975 2729
1656 2 2 1 1 3227 5350 3228
1657 2 2 1 1 6793 7158 5121
1658 2 2 1 1 1222 6355 1240
1659 2 2 1 1 1458 4908 1529
1660 2 2 1 1 4123 6240 4363
1661 2 2 1 1 3505 5079 3148
1662 2 2 1 1 3899 7004 6798
1663 2 2 1 1 4911 7137 6996
1664 2 2 1 1 2469 4895 1904
1665 2 2 1 1 2108 6376 4880
1666 2 2 1 1 3498 5182 5181
1667 2 2 1 1 6294 6902 2126
1668 2 2 1 1 1875 6613 4743
1669 2 2 1 1 2547 6858 1943
1670 2 2 1 1 4973 6378 4921
1671 2 2 1 1 5033 6312 1918
1672 2 2 1 1 3208 6841 3214
1673 2 2 1 1 2552 6244 5293
1674 2 2 1 1 5137 5691 2159
1675 2 2 1 1 5114 5575 3515
1676 2 2 1 1 4125 5038 4704
1677 2 2 1 1 5024 6894 739
1678 2 2 1 1 1388 4922 4921
1679 2 2 1 1 4581 5441 4583
1680 2 2 1 1 6060 6428 1940
1681 2 2 1 1 4881 6376 5335
1682 2 2 1 1 4708 7103 1365
1683 2 2 1 1 1771 6956 6805
1684 2 2 1 1 5082 5089 3074
1685 2 2 1 1 4857 4859 3041
1686 2 2 1 1 4871 7051 6221
1687 2 2 1 1 5400 7126 1622
1688 2 2 1 1 5060 5849 1690
1689 2 2 1 1 4761 4762 3326
1690 2 2 1 1 5194 5486 5016
1691 2 2 1 1 1466 4908 1458
1692 2 2 1 1 4653 5184 4669
1693 2 2 1 1 1685 5205 1918
1694 2 2 1 1 1456 4910 1457
1695 2 2 1 1 2368 4932 4878
1696 2 2 1 1 5546 6633 2606
1697 2 2 1 1 2774 4711 3404
1698 2 2 1 1 3489 6896 4773
1699 2 2 1 1 5043 6313 5042
1700 2 2 1 1 2218 6209 4825
1701 2 2 1 1 4859 5976 3041
1702 2 2 1 1 4979 6806 6634
1703 2 2 1 1 4823 5185 3185
1704 2 2 1 1 4667 6893 3452
1705 2 2 1 1 3791 6603 4724
1706 2 2 1 1 2369 4916 4914
1707 2 2 1 1 2708 5528 2446
1708 2 2 1 1 2450 6328 2448
1709 2 2 1 1 6964 6969 2999
1710 2 2 1 1 4815 6437 6366
1711 2 2 1 1 4322 5575 5114
1712 2 2 1 1 7179 7252 5993
1713 2 2 1 1 1226 5099 1310
1714 2 2 1 1 2824 6087 6050
1715 2 2 1 1 3164 5357 5235
1716 2 2 1 1 4811 6232 3847
1717 2 2 1 1 5191 6768 4766
1718 2 2 1 1 2397 5826 5119
1719 2 2 1 1 4853 6596 4974
1720 2 2 1 1 2768 4819 3297
1721 2 2 1 1 2133 5911 5529
1722 2 2 1 1 5293 6244 4802
1723 2 2 1 1 5656 6739 5509
1724 2 2 1 1 2238 6412 6132
1725 2 2 1 1 2444 5528 2676
1726 2 2 1 1 3073 5046 2500
1727 2 2 1 1 4903 5102 2816
1728 2 2 1 1 4471 6347 4695
1729 2 2 1 1 4841 4843 4842
1730 2 2 1 1 6370 6942 4303
1731 2 2 1 1 4925 6586 2655
1732 2 2 1 1 2981 6603 6273
1733 2 2 1 1 4713 6709 4135
1734 2 2 1 1 2868 5880 4855
1735 2 2 1 1 3556 6623 4192
1736 2 2 1 1 3185 5185 2213
1737 2 2 1 1 2946 6067 4891
1738 2 2 1 1 4703 5320 5098
1739 2 2 1 1 2068 5961 5657
1740 2 2 1 1 3523 6431 4961
1741 2 2 1 1 4182 5526 5067
1742 2 2 1 1 1867 4897 1866
1743 2 2 1 1 2735 5207 5206
1744 2 2 1 1 4710 6014 4057
1745 2 2 1 1 2907 5218 4781
1746 2 2 1 1 5595 5596 4760
1747 2 2 1 1 3398 4841 3031
1748 2 2 1 1 4907 5981 4150
1749 2 2 1 1 1310 5099 2229
1750 2 2 1 1 3270 6397 4069
1751 2 2 1 1 1820 6831 4894
1752 2 2 1 1 2112 6334 4924
1753 2 2 1 1 6436 6543 4713
1754 2 2 1 1 7051 7082 1490
1755 2 2 1 1 4770 6496 2758
1756 2 2 1 1 4671 4672 2776
1757 2 2 1 1 2795 6135 5011
1758 2 2 1 1 3105 6711 4410
1759 2 2 1 1 3327 4761 3326
1760 2 2 1 1 3401 4663 4085
1761 2 2 1 1 6511 7021 4118
1762 2 2 1 1 5734 5859 4179
1763 2 2 1 1 4931 5770 5722
1764 2 2 1 1 4999 6143 5000
1765 2 2 1 1 5017 5018 5005
1766 2 2 1 1 6982 7256 7039
1767 2 2 1 1 1977 6531 5140
1768 2 2 1 1 2293 4956 2292
1769 2 2 1 1 2957 6768 6279
1770 2 2 1 1 6217 6603 3791
1771 2 2 1 1 3852 7141 4380
1772 2 2 1 1 5508 6492 6430
1773 2 2 1 1 2009 4849 1375
1774 2 2 1 1 5104 6218 1447
1775 2 2 1 1 5129 7064 5133
1776 2 2 1 1 2341 5402 2349
1777 2 2 1 1 5078 6240 4122
1778 2 2 1 1 4132 4876 4733
1779 2 2 1 1 4892 7006 6897
1780 2 2 1 1 3053 4717 2917
1781 2 2 1 1 1820 6790 1821
1782 2 2 1 1 3951 6194 5136
1783 2 2 1 1 7308 7347 4145
1784 2 2 1 1 2778 5755 2706
1785 2 2 1 1 4641 7120 1284
1786 2 2 1 1 4740 4741 3121
1787 2 2 1 1 5133 7064 7047
1788 2 2 1 1 1067 5331 1172
1789 2 2 1 1 3531 5430 4828
1790 2 2 1 1 5094 6367 3719
1791 2 2 1 1 5214 6624 5212
1792 2 2 1 1 6345 6810 4716
1793 2 2 1 1 4903 5124 5102
1794 2 2 1 1 4173 6742 4174
1795 2 2 1 1 5313 6600 2919
1796 2 2 1 1 4921 6378 1388
1797 2 2 1 1 6609 6637 1796
1798 2 2 1 1 4913 7080 2230
1799 2 2 1 1 3120 6544 4191
1800 2 2 1 1 3231 5919 4329
1801 2 2 1 1 5057 6621 698
1802 2 2 1 1 4751 4983 1777
1803 2 2 1 1 2089 5961 2070
1804 2 2 1 1 4316 7030 7014
1805 2 2 1 1 5372 7029 4991
1806 2 2 1 1 5358 6876 5030
1807 2 2 1 1 5007 5017 5005
1808 2 2 1 1 867 5295 848
1809 2 2 1 1 3912 7103 4708
1810 2 2 1 1 4623 7411 7387
1811 2 2 1 1 7396 7399 391
1812 2 2 1 1 1972 7301 1776
1813 2 2 1 1 3225 6729 6599
1814 2 2 1 1 3474 6632 4743
1815 2 2 1 1 5585 7021 417
1816 2 2 1 1 6889 6928 5836
1817 2 2 1 1 4856 5882 2301
1818 2 2 1 1 2315 6349 4758
1819 2 2 1 1 5355 5357 3164
1820 2 2 1 1 5836 6928 3920
1821 2 2 1 1 3991 7046 5630
1822 2 2 1 1 740 6884 5054
1823 2 2 1 1 3765 6654 1937
1824 2 2 1 1 2670 6052 5184
1825 2 2 1 1 3805 4823 4765
1826 2 2 1 1 5080 5082 3074
1827 2 2 1 1 4698 6702 3501
1828 2 2 1 1 6472 6851 4345
1829 2 2 1 1 4985 5573 4872
1830 2 2 1 1 5121 7158 6690
1831 2 2 1 1 3107 5354 4110
1832 2 2 1 1 516 7154 2166
1833 2 2 1 1 2166 7154 5511
1834 2 2 1 1 2670 4968 2265
1835 2 2 1 1 7310 7323 4127
1836 2 2 1 1 5561 6506 6434
1837 2 2 1 1 5119 5353 2397
1838 2 2 1 1 3451 7129 4393
1839 2 2 1 1 5981 6524 3785
1840 2 2 1 1 5834 6844 3909
1841 2 2 1 1 4301 7058 4300
1842 2 2 1 1 1690 6424 5060
1843 2 2 1 1 3577 6724 6103
1844 2 2 1 1 5028 5754 5031
1845 2 2 1 1 5182 6616 2304
1846 2 2 1 1 2488 4671 2776
1847 2 2 1 1 5676 5798 3869
1848 2 2 1 1 3514 5397 1419
1849 2 2 1 1 4931 5722 3710
1850 2 2 1 1 4915 5849 5060
1851 2 2 1 1 5675 6319 5797
1852 2 2 1 1 5916 6926 6883
1853 2 2 1 1 1573 5278 2574
1854 2 2 1 1 4277 6752 6368
1855 2 2 1 1 4883 6228 4882
1856 2 2 1 1 2440 5077 2665
1857 2 2 1 1 3504 7021 6818
1858 2 2 1 1 4662 5596 5595
1859 2 2 1 1 5772 6388 6335
1860 2 2 1 1 2347 5883 4711
1861 2 2 1 1 4941 5528 2708
1862 2 2 1 1 3568 6358 5471
1863 2 2 1 1 3696 6440 3698
1864 2 2 1 1 4825 6209 3869
1865 2 2 1 1 4612 5152 4100
1866 2 2 1 1 1605 6895 6555
1867 2 2 1 1 2159 6878 5137
1868 2 2 1 1 4802 6160 4849
1869 2 2 1 1 6118 6838 3877
1870 2 2 1 1 4345 6851 4335
1871 2 2 1 1 5065 6969 6964
1872 2 2 1 1 1495 6308 5348
1873 2 2 1 1 2294 5880 2868
1874 2 2 1 1 3826 4899 4556
1875 2 2 1 1 5095 6367 5094
1876 2 2 1 1 5867 6957 6934
1877 2 2 1 1 695 6884 740
1878 2 2 1 1 6614 6679 1113
1879 2 2 1 1 2698 5580 2103
1880 2 2 1 1 4622 4623 3336
1881 2 2 1 1 4801 4849 2009
1882 2 2 1 1 4831 6116 3505
1883 2 2 1 1 3808 6284 4898
1884 2 2 1 1 4746 5103 4022
1885 2 2 1 1 3891 6979 6816
1886 2 2 1 1 8 5462 402
1887 2 2 1 1 2292 4956 2299
1888 2 2 1 1 4831 5739 4160
1889 2 2 1 1 5688 6653 6573
1890 2 2 1 1 2980 5036 1478
1891 2 2 1 1 2490 5193 2095
1892 2 2 1 1 3234 5919 3231
1893 2 2 1 1 3411 4706 4406
1894 2 2 1 1 4077 4776 4474
1895 2 2 1 1 4871 7069 4869
1896 2 2 1 1 3980 7180 7169
1897 2 2 1 1 4724 6603 4726
1898 2 2 1 1 1182 5579 1295
1899 2 2 1 1 4172 5325 4833
1900 2 2 1 1 522 7111 5165
1901 2 2 1 1 5316 6780 3809
1902 2 2 1 1 4637 7073 4149
1903 2 2 1 1 2304 6616 6490
1904 2 2 1 1 2477 6014 2478
1905 2 2 1 1 3850 5356 5116
1906 2 2 1 1 4765 4823 3185
1907 2 2 1 1 4837 7113 3441
1908 2 2 1 1 4307 7249 5531
1909 2 2 1 1 4126 4746 4022
1910 2 2 1 1 4780 6582 5046
1911 2 2 1 1 4987 5524 1142
1912 2 2 1 1 1932 6933 6486
1913 2 2 1 1 4980 6284 3808
1914 2 2 1 1 4888 5441 4581
1915 2 2 1 1 4795 6022 4744
1916 2 2 1 1 1279 4901 4900
1917 2 2 1 1 2456 5237 2675
1918 2 2 1 1 5350 7010 3232
1919 2 2 1 1 6641 6687 4906
1920 2 2 1 1 523 5179 1364
1921 2 2 1 1 1468 6025 1354
1922 2 2 1 1 3495 5888 2555
1923 2 2 1 1 3645 6911 3643
1924 2 2 1 1 4147 6785 4716
1925 2 2 1 1 7046 7072 5630
1926 2 2 1 1 2934 5120 1816
1927 2 2 1 1 2155 5573 4985
1928 2 2 1 1 3060 6207 3413
1929 2 2 1 1 3446 4835 4834
1930 2 2 1 1 4140 5645 4139
1931 2 2 1 1 2348 5232 2322
1932 2 2 1 1 2676 5528 4943
1933 2 2 1 1 7187 7211 3605
1934 2 2 1 1 5365 7307 7153
1935 2 2 1 1 1417 4745 1415
1936 2 2 1 1 5380 5382 4153
1937 2 2 1 1 6427 6700 5767
1938 2 2 1 1 1101 5853 1099
1939 2 2 1 1 4656 6861 3586
1940 2 2 1 1 4963 6428 6060
1941 2 2 1 1 5882 6635 2362
1942 2 2 1 1 2528 6007 4890
1943 2 2 1 1 4728 5260 3375
1944 2 2 1 1 3439 7135 4568
1945 2 2 1 1 4091 5118 3112
1946 2 2 1 1 3947 5043 4735
1947 2 2 1 1 6114 6461 6326
1948 2 2 1 1 5410 5766 1472
1949 2 2 1 1 4853 5645 1766
1950 2 2 1 1 4876 6791 3510
1951 2 2 1 1 4160 5739 5738
1952 2 2 1 1 5021 7040 6899
1953 2 2 1 1 5321 6703 6538
1954 2 2 1 1 142 6770 381
1955 2 2 1 1 501 5494 503
1956 2 2 1 1 4661 5793 1244
1957 2 2 1 1 1326 4918 1277
1958 2 2 1 1 1452 6395 1550
1959 2 2 1 1 4766 5190 2156
1960 2 2 1 1 2156 5191 4766
1961 2 2 1 1 2256 6543 4794
1962 2 2 1 1 2260 6709 4713
1963 2 2 1 1 6517 6545 2483
1964 2 2 1 1 3076 6350 2513
1965 2 2 1 1 3398 4843 4841
1966 2 2 1 1 3511 5190 3513
1967 2 2 1 1 3528 5312 4966
1968 2 2 1 1 3828 4866 3830
1969 2 2 1 1 3839 6359 6075
1970 2 2 1 1 4291 6624 5214
1971 2 2 1 1 6271 7041 4349
1972 2 2 1 1 4425 5635 5634
1973 2 2 1 1 4774 7287 4561
1974 2 2 1 1 4679 4690 4676
1975 2 2 1 1 4759 5187 4755
1976 2 2 1 1 4928 6395 6201
1977 2 2 1 1 6832 7086 5787
1978 2 2 1 1 1234 6205 1232
1979 2 2 1 1 4124 6501 2887
1980 2 2 1 1 3032 4960 3084
1981 2 2 1 1 3127 6530 4796
1982 2 2 1 1 3454 4768 3456
1983 2 2 1 1 4805 5978 3521
1984 2 2 1 1 4012 5184 3529
1985 2 2 1 1 3920 6928 3679
1986 2 2 1 1 3765 6311 4964
1987 2 2 1 1 6934 6957 3936
1988 2 2 1 1 3966 7138 7115
1989 2 2 1 1 4192 6623 4900
1990 2 2 1 1 4209 6717 5266
1991 2 2 1 1 4861 6739 5656
1992 2 2 1 1 5542 6534 5545
1993 2 2 1 1 1364 5179 5169
1994 2 2 1 1 3521 5978 1371
1995 2 2 1 1 1931 4836 2639
1996 2 2 1 1 2133 5529 5111
1997 2 2 1 1 3197 6923 6464
1998 2 2 1 1 3663 6686 6251
1999 2 2 1 1 1428 6279 5191
2000 2 2 1 1 6566 6661 3583
2001 2 2 1 1 4372 6994 6965
2002 2 2 1 1 5633 5645 4700
2003 2 2 1 1 1285 4916 1287
2004 2 2 1 1 5100 7013 2105
2005 2 2 1 1 4447 4763 3392
2006 2 2 1 1 4808 6226 3476
2007 2 2 1 1 4169 6218 5104
2008 2 2 1 1 4894 6831 4717
2009 2 2 1 1 1814 6203 1815
2010 2 2 1 1 4867 5928 2058
2011 2 2 1 1 5671 6826 2398
2012 2 2 1 1 5545 6534 5345
2013 2 2 1 1 2058 6215 4867
2014 2 2 1 1 3409 7074 4732
2015 2 2 1 1 5159 6231 3859
2016 2 2 1 1 5095 6737 1030
2017 2 2 1 1 3172 5092 3724
2018 2 2 1 1 4846 6234 4842
2019 2 2 1 1 2177 6666 1883
2020 2 2 1 1 4828 5431 3531
2021 2 2 1 1 5165 7111 4331
2022 2 2 1 1 1172 5331 4978
2023 2 2 1 1 2957 5650 4709
2024 2 2 1 1 3003 7067 7011
2025 2 2 1 1 6670 6937 5056
2026 2 2 1 1 5655 5656 5509
2027 2 2 1 1 3006 5153 3461
2028 2 2 1 1 6267 6327 3162
2029 2 2 1 1 4704 4903 4125
2030 2 2 1 1 6067 6835 4892
2031 2 2 1 1 2322 5232 2320
2032 2 2 1 1 2703 4970 3306
2033 2 2 1 1 4697 5402 4982
2034 2 2 1 1 4860 5961 2089
2035 2 2 1 1 4854 4856 2868
2036 2 2 1 1 4208 4810 3168
2037 2 2 1 1 5258 5259 3813
2038 2 2 1 1 4036 7352 7345
2039 2 2 1 1 7190 7292 4259
2040 2 2 1 1 4579 4888 4581
2041 2 2 1 1 4679 4791 4690
2042 2 2 1 1 4964 6311 5435
2043 2 2 1 1 1536 4795 1461
2044 2 2 1 1 4042 4873 3048
2045 2 2 1 1 4910 4911 1457
2046 2 2 1 1 1671 4886 1875
2047 2 2 1 1 2289 5880 2291
2048 2 2 1 1 3518 5352 3695
2049 2 2 1 1 4764 5595 4760
2050 2 2 1 1 1965 7052 6873
2051 2 2 1 1 4743 5298 1875
2052 2 2 1 1 2280 5042 2283
2053 2 2 1 1 3361 6578 4441
2054 2 2 1 1 3568 5471 4054
2055 2 2 1 1 1878 6759 6525
2056 2 2 1 1 3763 4865 4723
2057 2 2 1 1 3885 6248 6182
2058 2 2 1 1 5011 6135 5017
2059 2 2 1 1 5351 6729 6648
2060 2 2 1 1 6498 6769 1197
2061 2 2 1 1 4570 6927 4569
2062 2 2 1 1 4704 5124 4903
2063 2 2 1 1 6652 6876 5358
2064 2 2 1 1 7115 7138 5683
2065 2 2 1 1 3071 6990 2697
2066 2 2 1 1 7059 7337 4128
2067 2 2 1 1 4775 6600 5313
2068 2 2 1 1 5568 6968 2271
2069 2 2 1 1 3501 6754 3133
2070 2 2 1 1 1478 5036 1387
2071 2 2 1 1 4926 6003 1525
2072 2 2 1 1 3465 6436 4040
2073 2 2 1 1 5657 5961 4861
2074 2 2 1 1 6366 6437 4951
2075 2 2 1 1 2528 4890 2618
2076 2 2 1 1 3004 7011 4885
2077 2 2 1 1 3527 5288 5225
2078 2 2 1 1 6410 7330 7313
2079 2 2 1 1 2990 6232 4811
2080 2 2 1 1 3441 7113 3299
2081 2 2 1 1 4863 5314 3436
2082 2 2 1 1 3377 4728 3375
2083 2 2 1 1 1435 5525 4950
2084 2 2 1 1 2501 6548 3072
2085 2 2 1 1 2983 5196 3356
2086 2 2 1 1 3345 4792 3421
2087 2 2 1 1 3856 6548 5089
2088 2 2 1 1 5121 6800 5120
2089 2 2 1 1 1464 5166 1379
2090 2 2 1 1 2917 6203 1976
2091 2 2 1 1 2679 5243 3597
2092 2 2 1 1 1940 5163 1611
2093 2 2 1 1 4934 4937 2709
2094 2 2 1 1 3909 6889 5834
2095 2 2 1 1 4612 5354 5152
2096 2 2 1 1 1766 6596 4853
2097 2 2 1 1 2380 5047 2382
2098 2 2 1 1 6434 6506 4807
2099 2 2 1 1 2250 5365 2249
2100 2 2 1 1 4954 5665 1445
2101 2 2 1 1 2838 6253 3394
2102 2 2 1 1 3371 4832 3066
2103 2 2 1 1 4468 7083 6695
2104 2 2 1 1 5602 6074 2898
2105 2 2 1 1 3737 6248 3885
2106 2 2 1 1 1529 4910 1456
2107 2 2 1 1 2830 4975 4974
2108 2 2 1 1 3082 6140 3081
2109 2 2 1 1 4772 6093 4794
2110 2 2 1 1 4828 5430 3350
2111 2 2 1 1 4865 5309 1189
2112 2 2 1 1 1240 5597 1241
2113 2 2 1 1 5432 5595 2806
2114 2 2 1 1 4073 5972 4074
2115 2 2 1 1 5280 6260 5490
2116 2 2 1 1 698 6621 700
2117 2 2 1 1 733 6432 6069
2118 2 2 1 1 5285 6245 1913
2119 2 2 1 1 2349 5402 2780
2120 2 2 1 1 2555 5888 2553
2121 2 2 1 1 4964 6654 3765
2122 2 2 1 1 4143 7091 6107
2123 2 2 1 1 4644 6604 5448
2124 2 2 1 1 4825 5766 5410
2125 2 2 1 1 5225 5288 5226
2126 2 2 1 1 6315 6467 766
2127 2 2 1 1 2771 7092 7072
2128 2 2 1 1 1489 6343 4311
2129 2 2 1 1 2266 5073 2268
2130 2 2 1 1 2298 6750 5217
2131 2 2 1 1 1292 5109 1290
2132 2 2 1 1 2457 5103 2581
2133 2 2 1 1 2304 6490 2295
2134 2 2 1 1 2930 5153 3006
2135 2 2 1 1 6023 6536 6024
2136 2 2 1 1 4133 4876 4132
2137 2 2 1 1 495 5070 2191
2138 2 2 1 1 5413 6717 1330
2139 2 2 1 1 1816 5120 1812
2140 2 2 1 1 4374 7132 6630
2141 2 2 1 1 1867 4898 4897
2142 2 2 1 1 4949 6102 3415
2143 2 2 1 1 2808 5080 2505
2144 2 2 1 1 2708 6328 4939
2145 2 2 1 1 2945 6240 5078
2146 2 2 1 1 3522 6260 5280
2147 2 2 1 1 4872 5573 1584
2148 2 2 1 1 2505 5080 3074
2149 2 2 1 1 3126 6604 3484
2150 2 2 1 1 6702 6754 3501
2151 2 2 1 1 5382 6087 4153
2152 2 2 1 1 4583 5441 4588
2153 2 2 1 1 4611 7224 4628
2154 2 2 1 1 6003 6372 1525
2155 2 2 1 1 2288 5217 2907
2156 2 2 1 1 2323 7009 6940
2157 2 2 1 1 3505 6116 5079
2158 2 2 1 1 5214 6951 6891
2159 2 2 1 1 6540 6921 5313
2160 2 2 1 1 3143 5139 1984
2161 2 2 1 1 7304 7323 5940
2162 2 2 1 1 3513 5190 3729
2163 2 2 1 1 3671 5524 4987
2164 2 2 1 1 4306 6812 6068
2165 2 2 1 1 6222 6513 4975
2166 2 2 1 1 3533 6074 5602
2167 2 2 1 1 1380 5579 3576
2168 2 2 1 1 7089 7116 4352
2169 2 2 1 1 5243 6372 6003
2170 2 2 1 1 2680 5976 2678
2171 2 2 1 1 3042 5755 4784
2172 2 2 1 1 2929 5067 2932
2173 2 2 1 1 3471 6632 3474
2174 2 2 1 1 4154 5329 4703
2175 2 2 1 1 4836 4837 2639
2176 2 2 1 1 6883 6926 3893
2177 2 2 1 1 6255 6628 4166
2178 2 2 1 1 1751 6708 2735
2179 2 2 1 1 5278 5506 2574
2180 2 2 1 1 6124 6969 4730
2181 2 2 1 1 4856 6635 5882
2182 2 2 1 1 2735 5205 1749
2183 2 2 1 1 3230 5252 3233
2184 2 2 1 1 3709 6408 5663
2185 2 2 1 1 6455 6554 4330
2186 2 2 1 1 5254 6757 2203
2187 2 2 1 1 2442 5077 2440
2188 2 2 1 1 6887 6985 5654
2189 2 2 1 1 7169 7180 5234
2190 2 2 1 1 455 6198 458
2191 2 2 1 1 2028 5815 2026
2192 2 2 1 1 2618 4890 3273
2193 2 2 1 1 2814 6358 3568
2194 2 2 1 1 4966 5312 2989
2195 2 2 1 1 2994 6869 6775
2196 2 2 1 1 4796 6530 3598
2197 2 2 1 1 3871 6845 5856
2198 2 2 1 1 4190 6857 4189
2199 2 2 1 1 5091 6412 5878
2200 2 2 1 1 5353 5428 2397
2201 2 2 1 1 5277 5464 4169
2202 2 2 1 1 2290 5217 2288
2203 2 2 1 1 3170 6011 4824
2204 2 2 1 1 5151 6215 2093
2205 2 2 1 1 3391 4948 3988
2206 2 2 1 1 3755 6196 3753
2207 2 2 1 1 2336 7320 7173
2208 2 2 1 1 4159 6797 5999
2209 2 2 1 1 5474 6893 4667
2210 2 2 1 1 2855 5365 2250
2211 2 2 1 1 4313 4646 3276
2212 2 2 1 1 6343 6683 4311
2213 2 2 1 1 3869 6209 5676
2214 2 2 1 1 4153 5527 5380
2215 2 2 1 1 1470 5321 1537
2216 2 2 1 1 4894 6790 1820
2217 2 2 1 1 1866 4897 1986
2218 2 2 1 1 5003 5193 2490
2219 2 2 1 1 5152 5354 3092
2220 2 2 1 1 6873 7052 4309
2221 2 2 1 1 2581 5999 2904
2222 2 2 1 1 3173 5158 4299
2223 2 2 1 1 5566 6349 2315
2224 2 2 1 1 3990 6586 5138
2225 2 2 1 1 3924 6424 5297
2226 2 2 1 1 7353 7370 366
2227 2 2 1 1 972 6930 6031
2228 2 2 1 1 1152 5317 1149
2229 2 2 1 1 1261 5399 1258
2230 2 2 1 1 1488 5321 1470
2231 2 2 1 1 1855 5274 5273
2232 2 2 1 1 2481 5776 1981
2233 2 2 1 1 2095 5193 2022
2234 2 2 1 1 2316 5351 2313
2235 2 2 1 1 3031 4841 2793
2236 2 2 1 1 4868 7028 3011
2237 2 2 1 1 3110 6140 3082
2238 2 2 1 1 5130 5131 3355
2239 2 2 1 1 3394 6253 4822
2240 2 2 1 1 4822 6254 3394
2241 2 2 1 1 3431 4899 3826
2242 2 2 1 1 3625 6687 6641
2243 2 2 1 1 3639 6422 5291
2244 2 2 1 1 6486 6933 4336
2245 2 2 1 1 5596 6355 4760
2246 2 2 1 1 6146 6454 5074
2247 2 2 1 1 5248 6755 6631
2248 2 2 1 1 493 5070 495
2249 2 2 1 1 1846 5071 1674
2250 2 2 1 1 2639 5581 1843
2251 2 2 1 1 5111 5112 2133
2252 2 2 1 1 4962 6915 2212
2253 2 2 1 1 3070 5260 2538
2254 2 2 1 1 2891 6337 4722
2255 2 2 1 1 3014 7213 7205
2256 2 2 1 1 5325 6508 3029
2257 2 2 1 1 3657 5636 3098
2258 2 2 1 1 5153 5154 3461
2259 2 2 1 1 5741 6248 3737
2260 2 2 1 1 3822 6828 6721
2261 2 2 1 1 4900 4901 4192
2262 2 2 1 1 4950 5525 4202
2263 2 2 1 1 4212 6691 6589
2264 2 2 1 1 4377 7068 7042
2265 2 2 1 1 4867 6215 5151
2266 2 2 1 1 5297 6424 5912
2267 2 2 1 1 5380 5527 5379
2268 2 2 1 1 1365 7093 4708
2269 2 2 1 1 4963 6060 2216
2270 2 2 1 1 6106 6722 3214
2271 2 2 1 1 3214 6841 6106
2272 2 2 1 1 6100 6415 4288
2273 2 2 1 1 792 5494 501
2274 2 2 1 1 878 5315 883
2275 2 2 1 1 1191 6946 6577
2276 2 2 1 1 1199 6188 5108
2277 2 2 1 1 1988 6993 6983
2278 2 2 1 1 4862 4863 3436
2279 2 2 1 1 3855 5097 5096
2280 2 2 1 1 4139 5645 4853
2281 2 2 1 1 4306 6068 4142
2282 2 2 1 1 6698 6860 6743
2283 2 2 1 1 1379 5166 1467
2284 2 2 1 1 2805 6145 2519
2285 2 2 1 1 4897 6980 2761
2286 2 2 1 1 6570 6749 2805
2287 2 2 1 1 1187 5188 1217
2288 2 2 1 1 1687 4745 1417
2289 2 2 1 1 1571 5124 4704
2290 2 2 1 1 1687 4795 4744
2291 2 2 1 1 2008 6513 6222
2292 2 2 1 1 2104 5243 2679
2293 2 2 1 1 2830 5373 4975
2294 2 2 1 1 4744 6022 3480
2295 2 2 1 1 4714 6123 4745
2296 2 2 1 1 432 5367 159
2297 2 2 1 1 2340 5351 2316
2298 2 2 1 1 2744 6478 3764
2299 2 2 1 1 3354 4904 4767
2300 2 2 1 1 2271 6968 1025
2301 2 2 1 1 4990 5275 2013
2302 2 2 1 1 2213 5185 2841
2303 2 2 1 1 2934 5121 5120
2304 2 2 1 1 4299 6819 6667
2305 2 2 1 1 2460 7231 7085
2306 2 2 1 1 2896 5158 3173
2307 2 2 1 1 2478 6014 4710
2308 2 2 1 1 6573 6653 5720
2309 2 2 1 1 1772 5164 1771
2310 2 2 1 1 2980 6736 5036
2311 2 2 1 1 4775 5313 3720
2312 2 2 1 1 4909 7067 7061
2313 2 2 1 1 1536 4808 4795
2314 2 2 1 1 1843 5581 2376
2315 2 2 1 1 1854 5274 1855
2316 2 2 1 1 2661 6470 5454
2317 2 2 1 1 3149 5289 2996
2318 2 2 1 1 5235 6274 3164
2319 2 2 1 1 5313 6921 3720
2320 2 2 1 1 4743 6613 4742
2321 2 2 1 1 4883 6634 6228
2322 2 2 1 1 5846 6652 6479
2323 2 2 1 1 4314 6787 3859
2324 2 2 1 1 4915 6551 5849
2325 2 2 1 1 2529 5019 2535
2326 2 2 1 1 3767 6733 4360
2327 2 2 1 1 4160 5738 5090
2328 2 2 1 1 6631 6755 3638
2329 2 2 1 1 1777 5298 4751
2330 2 2 1 1 1902 5574 2468
2331 2 2 1 1 2606 6633 6147
2332 2 2 1 1 4101 5167 2804
2333 2 2 1 1 4907 6058 2978
2334 2 2 1 1 3395 6347 4471
2335 2 2 1 1 4901 6157 4902
2336 2 2 1 1 5854 6369 1111
2337 2 2 1 1 1373 5978 2009
2338 2 2 1 1 4241 6274 5235
2339 2 2 1 1 2196 6127 5571
2340 2 2 1 1 3290 6463 2324
2341 2 2 1 1 2815 6411 2813
2342 2 2 1 1 1221 5187 4759
2343 2 2 1 1 1530 7271 6285
2344 2 2 1 1 1943 6858 5274
2345 2 2 1 1 4809 6505 2158
2346 2 2 1 1 2931 5153 2930
2347 2 2 1 1 3098 5636 2947
2348 2 2 1 1 4067 5270 3269
2349 2 2 1 1 3657 6725 5636
2350 2 2 1 1 5643 7390 7364
2351 2 2 1 1 2818 4903 2816
2352 2 2 1 1 3375 5260 3070
2353 2 2 1 1 2133 5112 1304
2354 2 2 1 1 2132 6516 5318
2355 2 2 1 1 5042 6313 2283
2356 2 2 1 1 6497 6730 3784
2357 2 2 1 1 4814 4873 4818
2358 2 2 1 1 5594 6245 5285
2359 2 2 1 1 445 7304 5940
2360 2 2 1 1 1122 5412 1124
2361 2 2 1 1 2346 5402 2341
2362 2 2 1 1 3527 5227 2566
2363 2 2 1 1 4189 6857 6309
2364 2 2 1 1 5754 6312 5031
2365 2 2 1 1 2103 5580 1832
2366 2 2 1 1 2742 4963 2216
2367 2 2 1 1 4363 6240 4729
2368 2 2 1 1 3041 5976 2680
2369 2 2 1 1 3356 5196 4438
2370 2 2 1 1 4874 4875 4720
2371 2 2 1 1 3172 5093 5092
2372 2 2 1 1 4174 6579 3864
2373 2 2 1 1 457 5068 456
2374 2 2 1 1 2868 4856 2296
2375 2 2 1 1 5189 5190 3511
2376 2 2 1 1 3528 4966 3908
2377 2 2 1 1 3855 6827 5097
2378 2 2 1 1 4781 5218 4196
2379 2 2 1 1 484 5680 810
2380 2 2 1 1 902 5444 904
2381 2 2 1 1 1207 5853 1101
2382 2 2 1 1 1978 5952 2517
2383 2 2 1 1 1779 5272 1778
2384 2 2 1 1 4927 4928 3653
2385 2 2 1 1 5200 5202 1079
2386 2 2 1 1 3437 4862 3436
2387 2 2 1 1 3729 5190 4766
2388 2 2 1 1 4220 6647 6555
2389 2 2 1 1 4759 6355 1221
2390 2 2 1 1 1311 5162 2908
2391 2 2 1 1 5225 5227 3527
2392 2 2 1 1 7105 7413 4060
2393 2 2 1 1 2996 5289 3271
2394 2 2 1 1 4779 5022 4575
2395 2 2 1 1 2452 5957 2709
2396 2 2 1 1 3920 6931 5836
2397 2 2 1 1 4059 7403 7402
2398 2 2 1 1 4682 5487 4680
2399 2 2 1 1 1331 5109 1292
2400 2 2 1 1 1436 4918 1326
2401 2 2 1 1 1716 6026 1714
2402 2 2 1 1 4825 5410 2218
2403 2 2 1 1 5255 6658 3887
2404 2 2 1 1 4743 6632 5298
2405 2 2 1 1 5348 6308 5349
2406 2 2 1 1 521 6276 5179
2407 2 2 1 1 3011 7028 1934
2408 2 2 1 1 2278 5042 2280
2409 2 2 1 1 3424 5795 3423
2410 2 2 1 1 2526 6711 3105
2411 2 2 1 1 3695 7202 4625
2412 2 2 1 1 3716 4775 3720
2413 2 2 1 1 4891 6067 4892
2414 2 2 1 1 5401 6855 6803
2415 2 2 1 1 4833 5325 2194
2416 2 2 1 1 2414 6378 4973
2417 2 2 1 1 7286 7341 4029
2418 2 2 1 1 2773 6404 2472
2419 2 2 1 1 4228 5139 3143
2420 2 2 1 1 3707 6414 6292
2421 2 2 1 1 6323 6611 5429
2422 2 2 1 1 6645 6745 6103
2423 2 2 1 1 1304 5112 1391
2424 2 2 1 1 2368 5317 4932
2425 2 2 1 1 2486 5018 5017
2426 2 2 1 1 4233 6606 6561
2427 2 2 1 1 5357 6722 6106
2428 2 2 1 1 6144 6706 6305
2429 2 2 1 1 2927 5067 2929
2430 2 2 1 1 6711 6886 4410
2431 2 2 1 1 1221 6355 1222
2432 2 2 1 1 2382 5047 2385
2433 2 2 1 1 3177 4980 2421
2434 2 2 1 1 2445 5253 2511
2435 2 2 1 1 4889 7092 2771
2436 2 2 1 1 4112 5795 3424
2437 2 2 1 1 4273 6781 6576
2438 2 2 1 1 7381 7382 4694
2439 2 2 1 1 726 5712 724
2440 2 2 1 1 1615 5968 846
2441 2 2 1 1 5793 6107 1248
2442 2 2 1 1 5797 6319 1912
2443 2 2 1 1 2160 6238 5427
2444 2 2 1 1 2599 6231 2600
2445 2 2 1 1 5208 6879 3158
2446 2 2 1 1 5416 6465 3219
2447 2 2 1 1 3413 4920 4919
2448 2 2 1 1 3712 6329 5115
2449 2 2 1 1 3872 7084 6834
2450 2 2 1 1 3947 5044 5043
2451 2 2 1 1 5390 6742 4173
2452 2 2 1 1 4319 6937 6670
2453 2 2 1 1 6046 6161 5560
2454 2 2 1 1 5675 5798 5676
2455 2 2 1 1 6270 6864 6518
2456 2 2 1 1 1461 4795 1687
2457 2 2 1 1 3422 6415 6100
2458 2 2 1 1 4793 4887 4133
2459 2 2 1 1 4877 6647 4220
2460 2 2 1 1 4393 7129 7112
2461 2 2 1 1 635 6727 5824
2462 2 2 1 1 2026 5815 2602
2463 2 2 1 1 2265 4968 2263
2464 2 2 1 1 2735 5206 5205
2465 2 2 1 1 2761 6980 6938
2466 2 2 1 1 4122 6240 4123
2467 2 2 1 1 4133 6791 4876
2468 2 2 1 1 5926 6450 5925
2469 2 2 1 1 3498 5181 2350
2470 2 2 1 1 2414 4973 2416
2471 2 2 1 1 5426 6460 3779
2472 2 2 1 1 3813 5259 3811
2473 2 2 1 1 5279 5955 5125
2474 2 2 1 1 1337 6205 1234
2475 2 2 1 1 1778 7084 7056
2476 2 2 1 1 4846 6689 6234
2477 2 2 1 1 4954 6295 4955
2478 2 2 1 1 5342 6091 5346
2479 2 2 1 1 748 5807 3583
2480 2 2 1 1 848 5295 849
2481 2 2 1 1 5217 5218 2907
2482 2 2 1 1 4157 5098 4639
2483 2 2 1 1 4179 5859 4999
2484 2 2 1 1 6303 6848 5037
2485 2 2 1 1 7208 7409 5641
2486 2 2 1 1 1069 5331 1067
2487 2 2 1 1 1652 4884 1650
2488 2 2 1 1 4166 6628 4167
2489 2 2 1 1 5324 7081 6958
2490 2 2 1 1 5128 5130 3355
2491 2 2 1 1 3404 4711 4081
2492 2 2 1 1 5092 6039 3724
2493 2 2 1 1 6531 6953 5140
2494 2 2 1 1 3532 4965 2690
2495 2 2 1 1 4198 5309 4865
2496 2 2 1 1 5379 5527 2373
2497 2 2 1 1 5499 6523 2755
2498 2 2 1 1 4782 4786 3999
2499 2 2 1 1 4847 4848 4844
2500 2 2 1 1 5507 5579 5578
2501 2 2 1 1 1352 5390 1283
2502 2 2 1 1 1611 5163 1558
2503 2 2 1 1 1701 5096 1988
2504 2 2 1 1 2358 6582 2434
2505 2 2 1 1 2513 6350 3588
2506 2 2 1 1 3003 7011 3004
2507 2 2 1 1 3177 6284 4980
2508 2 2 1 1 5630 6960 3991
2509 2 2 1 1 4655 6357 5038
2510 2 2 1 1 5329 6401 1567
2511 2 2 1 1 3748 6656 5328
2512 2 2 1 1 2230 6025 1468
2513 2 2 1 1 1682 6539 1591
2514 2 2 1 1 1775 5164 1772
2515 2 2 1 1 1792 5090 1789
2516 2 2 1 1 2256 6093 1942
2517 2 2 1 1 2024 5192 2021
2518 2 2 1 1 2177 6688 6666
2519 2 2 1 1 2776 5776 2481
2520 2 2 1 1 3233 5252 3430
2521 2 2 1 1 3631 5928 4867
2522 2 2 1 1 4196 5218 4758
2523 2 2 1 1 5000 6143 5399
2524 2 2 1 1 2088 5257 2037
2525 2 2 1 1 2398 6705 5671
2526 2 2 1 1 3225 6599 3226
2527 2 2 1 1 6783 6843 3933
2528 2 2 1 1 2905 6230 2863
2529 2 2 1 1 3822 6721 2899
2530 2 2 1 1 3635 5041 4194
2531 2 2 1 1 4577 5022 4604
2532 2 2 1 1 5398 6963 6839
2533 2 2 1 1 2546 4772 3464
2534 2 2 1 1 4662 5432 3693
2535 2 2 1 1 4310 6767 4313
2536 2 2 1 1 4561 7287 4736
2537 2 2 1 1 6092 6093 4772
2538 2 2 1 1 4955 6295 5824
2539 2 2 1 1 5018 6542 5193
2540 2 2 1 1 5545 6633 5546
2541 2 2 1 1 5155 6758 3461
2542 2 2 1 1 1535 5062 1678
2543 2 2 1 1 1903 5574 1902
2544 2 2 1 1 2519 6145 1928
2545 2 2 1 1 2692 6568 2696
2546 2 2 1 1 3349 5154 5153
2547 2 2 1 1 3993 7186 4047
2548 2 2 1 1 4833 6374 4172
2549 2 2 1 1 4670 5999 4746
2550 2 2 1 1 5719 5720 3592
2551 2 2 1 1 4303 6942 3876
2552 2 2 1 1 4234 6606 4233
2553 2 2 1 1 2566 6475 2157
2554 2 2 1 1 2634 4970 2703
2555 2 2 1 1 2821 6450 5926
2556 2 2 1 1 2840 6456 4735
2557 2 2 1 1 3870 6845 3871
2558 2 2 1 1 6363 6550 5343
2559 2 2 1 1 739 6894 5902
2560 2 2 1 1 6275 6382 1333
2561 2 2 1 1 2158 6691 4809
2562 2 2 1 1 2373 5527 4969
2563 2 2 1 1 6429 6809 3184
2564 2 2 1 1 5358 6051 5224
2565 2 2 1 1 2132 6728 1104
2566 2 2 1 1 1233 5027 2112
2567 2 2 1 1 2331 6371 2330
2568 2 2 1 1 5731 6174 2933
2569 2 2 1 1 2948 5661 3608
2570 2 2 1 1 3693 5432 2972
2571 2 2 1 1 3263 5075 5050
2572 2 2 1 1 6069 6432 3627
2573 2 2 1 1 4625 6440 3696
2574 2 2 1 1 4926 5913 4181
2575 2 2 1 1 6177 6610 6205
2576 2 2 1 1 1872 5072 1874
2577 2 2 1 1 2098 6011 3170
2578 2 2 1 1 3904 4904 3181
2579 2 2 1 1 7250 7257 3226
2580 2 2 1 1 3304 7046 3991
2581 2 2 1 1 3398 4847 4844
2582 2 2 1 1 3839 6138 3903
2583 2 2 1 1 4194 5041 4986
2584 2 2 1 1 6504 6587 4317
2585 2 2 1 1 6221 7051 1385
2586 2 2 1 1 2485 5071 1846
2587 2 2 1 1 2709 5957 4934
2588 2 2 1 1 5529 5911 3574
2589 2 2 1 1 5919 7008 4329
2590 2 2 1 1 5207 5208 5206
2591 2 2 1 1 5318 6516 5290
2592 2 2 1 1 430 7143 4648
2593 2 2 1 1 2059 6263 5040
2594 2 2 1 1 2643 4814 4813
2595 2 2 1 1 5660 5661 2953
2596 2 2 1 1 6075 6359 3170
2597 2 2 1 1 6370 6463 3290
2598 2 2 1 1 1390 5754 5028
2599 2 2 1 1 5302 6127 2196
2600 2 2 1 1 5722 5770 2202
2601 2 2 1 1 5294 6439 4205
2602 2 2 1 1 1842 6236 1979
2603 2 2 1 1 3296 6972 3945
2604 2 2 1 1 1752 4912 1757
2605 2 2 1 1 2448 6328 2708
2606 2 2 1 1 7038 7094 3260
2607 2 2 1 1 3383 5183 3940
2608 2 2 1 1 4772 4794 3464
2609 2 2 1 1 3736 5614 5607
2610 2 2 1 1 4716 6810 4895
2611 2 2 1 1 1532 6356 1464
2612 2 2 1 1 2732 6327 3156
2613 2 2 1 1 3761 4865 3763
2614 2 2 1 1 5233 6047 5424
2615 2 2 1 1 1149 5317 2368
2616 2 2 1 1 4214 6636 1383
2617 2 2 1 1 2804 5167 3457
2618 2 2 1 1 4317 6587 4290
2619 2 2 1 1 2224 5198 481
2620 2 2 1 1 1525 5913 4926
2621 2 2 1 1 4160 5090 1792
2622 2 2 1 1 5796 5797 1912
2623 2 2 1 1 3072 6548 3856
2624 2 2 1 1 3502 4860 4698
2625 2 2 1 1 4228 5333 5139
2626 2 2 1 1 4916 6551 4915
2627 2 2 1 1 6125 6537 6286
2628 2 2 1 1 4585 4737 4587
2629 2 2 1 1 4662 5595 5432
2630 2 2 1 1 1990 6317 725
2631 2 2 1 1 1875 5298 1670
2632 2 2 1 1 1782 5272 1779
2633 2 2 1 1 2487 5045 2340
2634 2 2 1 1 2557 6074 2559
2635 2 2 1 1 5089 6548 3074
2636 2 2 1 1 1442 5320 1567
2637 2 2 1 1 1469 6285 1547
2638 2 2 1 1 4275 6502 6383
2639 2 2 1 1 4218 6086 5967
2640 2 2 1 1 5321 6538 1537
2641 2 2 1 1 5017 6135 2486
2642 2 2 1 1 4210 5665 4954
2643 2 2 1 1 4972 6794 5631
2644 2 2 1 1 5886 6868 4108
2645 2 2 1 1 4700 5645 4140
2646 2 2 1 1 6257 6992 4321
2647 2 2 1 1 4950 6073 5360
2648 2 2 1 1 150 6300 356
2649 2 2 1 1 160 5946 432
2650 2 2 1 1 7273 7277 323
2651 2 2 1 1 505 5539 507
2652 2 2 1 1 1159 5188 1187
2653 2 2 1 1 1167 6200 1276
2654 2 2 1 1 1276 6199 1325
2655 2 2 1 1 1346 5319 1341
2656 2 2 1 1 1550 4929 1607
2657 2 2 1 1 1901 6374 6288
2658 2 2 1 1 3128 5039 1992
2659 2 2 1 1 1998 5211 2753
2660 2 2 1 1 2015 6017 3625
2661 2 2 1 1 2096 6011 2098
2662 2 2 1 1 3512 6289 2175
2663 2 2 1 1 2194 5325 2493
2664 2 2 1 1 2379 5403 3514
2665 2 2 1 1 2486 6542 5018
2666 2 2 1 1 2546 3464 3123
2667 2 2 1 1 2571 5792 5688
2668 2 2 1 1 2658 4925 2655
2669 2 2 1 1 2843 4927 3653
2670 2 2 1 1 3086 5148 2922
2671 2 2 1 1 5000 5399 2991
2672 2 2 1 1 4086 4091 3112
2673 2 2 1 1 3138 5582 3816
2674 2 2 1 1 5349 5350 3227
2675 2 2 1 1 3433 4769 4118
2676 2 2 1 1 3457 5167 4868
2677 2 2 1 1 4794 6436 3464
2678 2 2 1 1 6149 6723 3637
2679 2 2 1 1 3699 4878 3697
2680 2 2 1 1 3879 5679 4349
2681 2 2 1 1 3886 4967 4966
2682 2 2 1 1 6138 6794 3903
2683 2 2 1 1 5554 6422 4025
2684 2 2 1 1 4194 6385 5928
2685 2 2 1 1 4198 6191 5309
2686 2 2 1 1 5620 6169 4229
2687 2 2 1 1 6134 6640 4295
2688 2 2 1 1 4360 6733 6622
2689 2 2 1 1 4405 5148 5146
2690 2 2 1 1 6856 7264 4614
2691 2 2 1 1 4690 5776 4673
2692 2 2 1 1 4797 6906 5293
2693 2 2 1 1 6288 6374 4833
2694 2 2 1 1 5195 5486 5194
2695 2 2 1 1 5631 6794 5319
2696 2 2 1 1 5328 6401 5329
2697 2 2 1 1 5397 5398 5396
2698 2 2 1 1 5532 5535 5533
2699 2 2 1 1 7408 7410 5851
2700 2 2 1 1 481 5198 483
2701 2 2 1 1 721 5161 719
2702 2 2 1 1 731 6090 728
2703 2 2 1 1 904 5444 937
2704 2 2 1 1 987 5695 989
2705 2 2 1 1 1145 5858 1147
2706 2 2 1 1 1211 5449 1148
2707 2 2 1 1 1290 5109 2099
2708 2 2 1 1 4849 6160 1377
2709 2 2 1 1 1382 5277 1463
2710 2 2 1 1 1531 5552 1582
2711 2 2 1 1 2158 6505 1693
2712 2 2 1 1 4807 6506 1853
2713 2 2 1 1 1993 5210 3127
2714 2 2 1 1 2009 5978 4803
2715 2 2 1 1 5364 6331 2148
2716 2 2 1 1 2148 6503 5364
2717 2 2 1 1 2165 6391 5061
2718 2 2 1 1 2173 5126 5125
2719 2 2 1 1 5125 5955 2173
2720 2 2 1 1 5934 6166 2214
2721 2 2 1 1 2268 5073 3167
2722 2 2 1 1 2330 5883 2326
2723 2 2 1 1 4914 4917 2369
2724 2 2 1 1 3529 6052 2671
2725 2 2 1 1 2738 5075 3263
2726 2 2 1 1 3166 4963 2742
2727 2 2 1 1 3509 4749 2854
2728 2 2 1 1 4164 6232 2990
2729 2 2 1 1 3355 6207 3060
2730 2 2 1 1 3413 6207 4920
2731 2 2 1 1 5439 6056 3612
2732 2 2 1 1 3737 6464 5741
2733 2 2 1 1 3909 6928 6889
2734 2 2 1 1 4969 5527 3950
2735 2 2 1 1 5529 6693 4161
2736 2 2 1 1 4175 6047 5233
2737 2 2 1 1 4211 6796 6348
2738 2 2 1 1 6157 6716 4902
2739 2 2 1 1 4969 6249 5648
2740 2 2 1 1 5030 6051 5358
2741 2 2 1 1 6430 6492 5151
2742 2 2 1 1 5509 6430 5655
2743 2 2 1 1 6094 6338 5608
2744 2 2 1 1 618 5666 616
2745 2 2 1 1 1332 6685 1446
2746 2 2 1 1 1674 5071 1845
2747 2 2 1 1 4988 5163 1940
2748 2 2 1 1 1940 6428 4988
2749 2 2 1 1 3649 5219 2353
2750 2 2 1 1 2454 5957 2452
2751 2 2 1 1 5314 6570 2805
2752 2 2 1 1 2891 5297 5296
2753 2 2 1 1 2922 5148 3097
2754 2 2 1 1 5140 5141 3086
2755 2 2 1 1 3413 4919 3414
2756 2 2 1 1 4810 6063 3525
2757 2 2 1 1 4170 4917 4914
2758 2 2 1 1 5233 5234 4175
2759 2 2 1 1 4208 6063 4810
2760 2 2 1 1 4273 6576 6346
2761 2 2 1 1 6103 6724 5062
2762 2 2 1 1 5267 6382 6275
2763 2 2 1 1 881 6072 2196
2764 2 2 1 1 1354 6025 1239
2765 2 2 1 1 1383 6636 1305
2766 2 2 1 1 1439 6395 1452
2767 2 2 1 1 1942 6093 1642
2768 2 2 1 1 5328 6656 2198
2769 2 2 1 1 5360 6073 2201
2770 2 2 1 1 3516 5020 2849
2771 2 2 1 1 3639 6408 5553
2772 2 2 1 1 4974 6596 5295
2773 2 2 1 1 5004 5023 5006
2774 2 2 1 1 6326 6461 5115
2775 2 2 1 1 5571 6127 5453
2776 2 2 1 1 2129 5301 749
2777 2 2 1 1 1433 5702 5678
2778 2 2 1 1 5748 7060 2129
2779 2 2 1 1 5563 6264 3782
2780 2 2 1 1 6068 6688 4142
2781 2 2 1 1 4765 6610 6177
2782 2 2 1 1 6634 6912 4979
2783 2 2 1 1 5406 6465 5416
2784 2 2 1 1 2830 5295 867
2785 2 2 1 1 1204 6113 2831
2786 2 2 1 1 1425 5449 1211
2787 2 2 1 1 5846 6479 1615
2788 2 2 1 1 3851 5047 2380
2789 2 2 1 1 4714 4744 3482
2790 2 2 1 1 3753 6196 3756
2791 2 2 1 1 6525 6759 3820
2792 2 2 1 1 4158 7160 7077
2793 2 2 1 1 5670 6826 5671
2794 2 2 1 1 6346 6576 606
2795 2 2 1 1 1938 6342 6185
2796 2 2 1 1 5193 6542 2022
2797 2 2 1 1 2660 5618 2659
2798 2 2 1 1 4673 5776 2776
2799 2 2 1 1 4717 6203 2917
2800 2 2 1 1 3041 4965 4857
2801 2 2 1 1 3347 6821 4093
2802 2 2 1 1 6010 6787 4314
2803 2 2 1 1 10 5457 9
2804 2 2 1 1 2226 5558 936
2805 2 2 1 1 1580 5333 1466
2806 2 2 1 1 1758 5254 2203
2807 2 2 1 1 1799 6012 5737
2808 2 2 1 1 3080 4793 4133
2809 2 2 1 1 6692 6935 6808
2810 2 2 1 1 845 6550 6363
2811 2 2 1 1 1537 6538 4972
2812 2 2 1 1 5227 6475 2566
2813 2 2 1 1 6720 6764 3162
2814 2 2 1 1 3676 5706 3171
2815 2 2 1 1 5252 6271 3430
2816 2 2 1 1 6965 6994 3983
2817 2 2 1 1 4575 5022 4577
2818 2 2 1 1 5390 6004 1283
2819 2 2 1 1 4909 4910 1529
2820 2 2 1 1 1952 5963 1648
2821 2 2 1 1 4152 6998 6984
2822 2 2 1 1 4884 5241 1650
2823 2 2 1 1 5045 5351 2340
2824 2 2 1 1 3720 6039 3718
2825 2 2 1 1 4587 4829 4590
2826 2 2 1 1 6365 6706 6144
2827 2 2 1 1 2108 4884 1652
2828 2 2 1 1 2643 4873 4814
2829 2 2 1 1 2741 5355 3164
2830 2 2 1 1 4781 6290 2907
2831 2 2 1 1 3037 4782 3999
2832 2 2 1 1 4106 6397 3268
2833 2 2 1 1 3908 7050 4366
2834 2 2 1 1 5025 6941 3916
2835 2 2 1 1 4321 6918 6257
2836 2 2 1 1 4671 4674 4672
2837 2 2 1 1 438 5588 72
2838 2 2 1 1 7359 7363 2127
2839 2 2 1 1 6776 6824 3725
2840 2 2 1 1 6077 6469 6269
2841 2 2 1 1 672 6249 5026
2842 2 2 1 1 1183 5317 1152
2843 2 2 1 1 1419 5397 1186
2844 2 2 1 1 1341 5319 1340
2845 2 2 1 1 1440 5157 5156
2846 2 2 1 1 6660 6798 1553
2847 2 2 1 1 2753 5211 3506
2848 2 2 1 1 4905 6011 2870
2849 2 2 1 1 3055 5483 5195
2850 2 2 1 1 5101 6518 3591
2851 2 2 1 1 4221 5796 5677
2852 2 2 1 1 507 5539 757
2853 2 2 1 1 1578 5310 2832
2854 2 2 1 1 3188 6283 3978
2855 2 2 1 1 3786 5290 3245
2856 2 2 1 1 3566 5456 3548
2857 2 2 1 1 6246 6493 4271
2858 2 2 1 1 4612 6715 5354
2859 2 2 1 1 5648 6249 672
2860 2 2 1 1 1440 5161 721
2861 2 2 1 1 1673 5467 4886
2862 2 2 1 1 2898 6074 2557
2863 2 2 1 1 2827 6662 2829
2864 2 2 1 1 3711 6170 3672
2865 2 2 1 1 5669 5938 5265
2866 2 2 1 1 5203 5968 1615
2867 2 2 1 1 2609 5140 3086
2868 2 2 1 1 3928 6360 2798
2869 2 2 1 1 3881 6976 6746
2870 2 2 1 1 1254 6143 4999
2871 2 2 1 1 3524 6613 6411
2872 2 2 1 1 7184 7247 3594
2873 2 2 1 1 4163 4823 3803
2874 2 2 1 1 425 7382 7381
2875 2 2 1 1 5154 5155 3461
2876 2 2 1 1 3965 7324 4953
2877 2 2 1 1 4329 7008 6597
2878 2 2 1 1 1433 5678 940
2879 2 2 1 1 1507 5702 1433
2880 2 2 1 1 5677 5796 1912
2881 2 2 1 1 1938 5955 5279
2882 2 2 1 1 2536 5221 3069
2883 2 2 1 1 2864 5436 3515
2884 2 2 1 1 782 5674 780
2885 2 2 1 1 1541 5541 859
2886 2 2 1 1 1112 5854 1111
2887 2 2 1 1 1474 5632 1358
2888 2 2 1 1 2315 6750 2302
2889 2 2 1 1 2524 4982 2346
2890 2 2 1 1 2835 6253 2838
2891 2 2 1 1 5091 6329 3675
2892 2 2 1 1 5273 5274 4165
2893 2 2 1 1 5650 6944 4709
2894 2 2 1 1 1633 5632 1474
2895 2 2 1 1 1688 5633 1760
2896 2 2 1 1 2271 7062 5568
2897 2 2 1 1 5455 5456 3566
2898 2 2 1 1 1357 5162 1311
2899 2 2 1 1 6948 7078 1748
2900 2 2 1 1 2465 6374 1901
2901 2 2 1 1 2371 6173 5113
2902 2 2 1 1 2686 6187 2692
2903 2 2 1 1 4878 4932 3697
2904 2 2 1 1 3802 6537 6125
2905 2 2 1 1 4765 6177 3805
2906 2 2 1 1 4749 6501 4124
2907 2 2 1 1 780 5674 2859
2908 2 2 1 1 1202 4750 1200
2909 2 2 1 1 4404 7399 7396
2910 2 2 1 1 353 5802 175
2911 2 2 1 1 1572 5124 1571
2912 2 2 1 1 2575 4872 1584
2913 2 2 1 1 1943 5274 1854
2914 2 2 1 1 1909 4870 1911
2915 2 2 1 1 2094 5974 2870
2916 2 2 1 1 2261 6709 2260
2917 2 2 1 1 3678 6331 5364
2918 2 2 1 1 4330 6554 3847
2919 2 2 1 1 4147 4716 4715
2920 2 2 1 1 5084 5089 5082
2921 2 2 1 1 2690 4965 2684
2922 2 2 1 1 5197 6350 3076
2923 2 2 1 1 3398 4844 4843
2924 2 2 1 1 3718 6039 5092
2925 2 2 1 1 6529 6546 4286
2926 2 2 1 1 2319 5566 2309
2927 2 2 1 1 2459 7270 4933
2928 2 2 1 1 2677 6220 2698
2929 2 2 1 1 4824 6075 3170
2930 2 2 1 1 7104 7135 3439
2931 2 2 1 1 5881 6764 3649
2932 2 2 1 1 5297 5912 5296
2933 2 2 1 1 1460 5062 1535
2934 2 2 1 1 2715 5196 2983
2935 2 2 1 1 3342 7186 4043
2936 2 2 1 1 4163 5185 4823
2937 2 2 1 1 4297 6637 6609
2938 2 2 1 1 258 6037 257
2939 2 2 1 1 1038 5275 1071
2940 2 2 1 1 2530 4836 1931
2941 2 2 1 1 5351 6648 2313
2942 2 2 1 1 5817 6268 2508
2943 2 2 1 1 6027 6129 4239
2944 2 2 1 1 4750 5100 1200
2945 2 2 1 1 5096 5097 1988
2946 2 2 1 1 3703 7009 6890
2947 2 2 1 1 6773 6880 3865
2948 2 2 1 1 4413 7030 4316
2949 2 2 1 1 5502 6149 5723
2950 2 2 1 1 6443 6521 6480
2951 2 2 1 1 149 5800 148
2952 2 2 1 1 173 5725 172
2953 2 2 1 1 175 5802 174
2954 2 2 1 1 240 6117 239
2955 2 2 1 1 1188 5368 477
2956 2 2 1 1 793 5577 771
2957 2 2 1 1 2887 5695 987
2958 2 2 1 1 1363 5399 1261
2959 2 2 1 1 2545 6403 1964
2960 2 2 1 1 3069 5221 3492
2961 2 2 1 1 3109 3111 3110
2962 2 2 1 1 3922 6403 3124
2963 2 2 1 1 3871 5888 3495
2964 2 2 1 1 3884 4664 3526
2965 2 2 1 1 3571 5938 5669
2966 2 2 1 1 3644 4150 3872
2967 2 2 1 1 5010 5011 5007
2968 2 2 1 1 1426 5271 834
2969 2 2 1 1 1192 5682 5629
2970 2 2 1 1 2270 6302 1246
2971 2 2 1 1 1661 5420 1517
2972 2 2 1 1 1579 5310 1578
2973 2 2 1 1 1750 4912 1752
2974 2 2 1 1 2669 5514 3038
2975 2 2 1 1 6690 7158 3000
2976 2 2 1 1 3862 6808 3272
2977 2 2 1 1 5609 5622 3575
2978 2 2 1 1 3744 6558 6330
2979 2 2 1 1 4155 5098 4157
2980 2 2 1 1 5479 6702 4698
2981 2 2 1 1 5073 6146 5074
2982 2 2 1 1 6559 6896 5232
2983 2 2 1 1 1156 5334 2174
2984 2 2 1 1 5115 6329 3249
2985 2 2 1 1 3519 4932 3517
2986 2 2 1 1 3640 6523 5499
2987 2 2 1 1 4197 6327 6267
2988 2 2 1 1 72 5588 71
2989 2 2 1 1 1919 5842 779
2990 2 2 1 1 974 5813 953
2991 2 2 1 1 1175 6004 1174
2992 2 2 1 1 1445 6295 4954
2993 2 2 1 1 1785 5269 1787
2994 2 2 1 1 2416 4973 2420
2995 2 2 1 1 2462 5110 2661
2996 2 2 1 1 2705 6014 2477
2997 2 2 1 1 2902 6332 5841
2998 2 2 1 1 3481 5567 3483
2999 2 2 1 1 6024 6536 3768
3000 2 2 1 1 6891 6951 5076
3001 2 2 1 1 5409 6320 5724
3002 2 2 1 1 1670 5298 1777
3003 2 2 1 1 2287 6940 2289
3004 2 2 1 1 4434 4828 3350
3005 2 2 1 1 3862 6997 6807
3006 2 2 1 1 6128 6375 4251
3007 2 2 1 1 6390 6519 5543
3008 2 2 1 1 5840 6432 733
3009 2 2 1 1 1787 5269 1790
3010 2 2 1 1 1813 5526 5261
3011 2 2 1 1 1844 6431 2576
3012 2 2 1 1 2941 5375 2999
3013 2 2 1 1 3595 6169 5620
3014 2 2 1 1 5078 5079 4219
3015 2 2 1 1 5709 5711 5710
3016 2 2 1 1 783 5765 2880
3017 2 2 1 1 825 5370 850
3018 2 2 1 1 1440 5712 5157
3019 2 2 1 1 5038 6357 1677
3020 2 2 1 1 1896 5237 1895
3021 2 2 1 1 2121 6090 5215
3022 2 2 1 1 4454 4832 3371
3023 2 2 1 1 4087 4480 4086
3024 2 2 1 1 5170 5171 4244
3025 2 2 1 1 6368 6522 4277
3026 2 2 1 1 5192 6713 6638
3027 2 2 1 1 5563 6166 5934
3028 2 2 1 1 2008 6222 1173
3029 2 2 1 1 1289 6237 1291
3030 2 2 1 1 1486 5418 1484
3031 2 2 1 1 3171 5706 3172
3032 2 2 1 1 3555 5576 5369
3033 2 2 1 1 6924 6947 4351
3034 2 2 1 1 1246 6302 1243
3035 2 2 1 1 1356 5320 1442
3036 2 2 1 1 1744 7019 6999
3037 2 2 1 1 5334 6379 2174
3038 2 2 1 1 2778 7083 5755
3039 2 2 1 1 4932 5317 3517
3040 2 2 1 1 4138 4707 3699
3041 2 2 1 1 4110 4930 4111
3042 2 2 1 1 4247 6615 6571
3043 2 2 1 1 5663 6408 5291
3044 2 2 1 1 5685 6175 605
3045 2 2 1 1 1110 5122 1113
3046 2 2 1 1 1677 6356 1532
3047 2 2 1 1 2895 5963 1952
3048 2 2 1 1 1979 6236 2866
3049 2 2 1 1 2067 6019 2069
3050 2 2 1 1 4986 5041 2092
3051 2 2 1 1 2092 6575 6263
3052 2 2 1 1 6277 6453 2165
3053 2 2 1 1 2170 5355 2741
3054 2 2 1 1 2338 5884 2335
3055 2 2 1 1 2353 5219 2355
3056 2 2 1 1 2364 2555 2553
3057 2 2 1 1 2953 5661 2948
3058 2 2 1 1 5658 5660 2953
3059 2 2 1 1 2969 6261 6082
3060 2 2 1 1 4206 6404 3344
3061 2 2 1 1 3589 5428 5353
3062 2 2 1 1 4321 6992 3731
3063 2 2 1 1 5285 6781 4273
3064 2 2 1 1 6792 6995 4971
3065 2 2 1 1 5544 6920 5543
3066 2 2 1 1 1200 5100 1041
3067 2 2 1 1 1195 6056 5439
3068 2 2 1 1 1475 5465 1635
3069 2 2 1 1 1859 5564 1861
3070 2 2 1 1 5287 5288 3527
3071 2 2 1 1 3859 6787 5159
3072 2 2 1 1 4622 7411 4623
3073 2 2 1 1 4845 4846 4842
3074 2 2 1 1 201 5805 200
3075 2 2 1 1 1226 6697 5099
3076 2 2 1 1 2991 5399 1363
3077 2 2 1 1 5156 5161 1440
3078 2 2 1 1 1550 6395 4929
3079 2 2 1 1 1631 6820 6497
3080 2 2 1 1 5339 5842 1919
3081 2 2 1 1 1944 4927 2843
3082 2 2 1 1 3555 5369 2475
3083 2 2 1 1 2543 6482 4102
3084 2 2 1 1 2683 5490 2687
3085 2 2 1 1 4974 5295 2830
3086 2 2 1 1 6992 7098 3652
3087 2 2 1 1 3829 6855 5401
3088 2 2 1 1 5503 6101 4234
3089 2 2 1 1 6487 6552 4278
3090 2 2 1 1 5002 5015 5008
3091 2 2 1 1 5106 6871 5107
3092 2 2 1 1 5107 6871 6592
3093 2 2 1 1 5492 5823 5123
3094 2 2 1 1 5213 5214 5212
3095 2 2 1 1 5294 6129 6027
3096 2 2 1 1 6059 6556 5708
3097 2 2 1 1 491 492 490
3098 2 2 1 1 493 494 492
3099 2 2 1 1 859 5541 923
3100 2 2 1 1 5315 5316 883
3101 2 2 1 1 1831 5424 1727
3102 2 2 1 1 1789 5090 1788
3103 2 2 1 1 1800 5324 1804
3104 2 2 1 1 2037 5257 2035
3105 2 2 1 1 2142 6503 2148
3106 2 2 1 1 2197 5851 5850
3107 2 2 1 1 2350 5181 2305
3108 2 2 1 1 6152 6173 2371
3109 2 2 1 1 2410 5075 2738
3110 2 2 1 1 5490 6260 2687
3111 2 2 1 1 3037 3051 2705
3112 2 2 1 1 3524 6411 2815
3113 2 2 1 1 4231 5222 3187
3114 2 2 1 1 3576 5507 5506
3115 2 2 1 1 4212 6657 5905
3116 2 2 1 1 4634 4820 4632
3117 2 2 1 1 6305 6706 5697
3118 2 2 1 1 6458 6564 6088
3119 2 2 1 1 2709 6328 2450
3120 2 2 1 1 2521 6696 4840
3121 2 2 1 1 2640 6427 3050
3122 2 2 1 1 5094 6737 5095
3123 2 2 1 1 5377 7363 7359
3124 2 2 1 1 877 5315 878
3125 2 2 1 1 2607 5443 893
3126 2 2 1 1 1714 6026 1726
3127 2 2 1 1 2517 6673 2817
3128 2 2 1 1 3531 6361 3052
3129 2 2 1 1 3482 4744 3480
3130 2 2 1 1 4757 6977 4753
3131 2 2 1 1 5620 6387 6352
3132 2 2 1 1 5721 6005 5719
3133 2 2 1 1 1683 5254 1758
3134 2 2 1 1 1790 5269 2925
3135 2 2 1 1 6589 6691 2158
3136 2 2 1 1 2227 6028 5311
3137 2 2 1 1 2351 5481 3649
3138 2 2 1 1 3523 6662 2827
3139 2 2 1 1 4741 6975 3121
3140 2 2 1 1 6949 6952 4335
3141 2 2 1 1 5158 6231 5159
3142 2 2 1 1 1018 5692 1020
3143 2 2 1 1 1028 5936 3561
3144 2 2 1 1 1801 6012 1799
3145 2 2 1 1 1821 6790 1824
3146 2 2 1 1 6113 6123 2831
3147 2 2 1 1 5720 6230 3592
3148 2 2 1 1 6562 7216 7045
3149 2 2 1 1 406 5709 46
3150 2 2 1 1 854 5371 840
3151 2 2 1 1 945 5686 3599
3152 2 2 1 1 1232 6205 2752
3153 2 2 1 1 1839 6189 2242
3154 2 2 1 1 2862 5436 2864
3155 2 2 1 1 2944 5078 4219
3156 2 2 1 1 3333 4060 3503
3157 2 2 1 1 3525 6063 5109
3158 2 2 1 1 5807 6566 3583
3159 2 2 1 1 4099 4566 4565
3160 2 2 1 1 5464 6218 4169
3161 2 2 1 1 4170 5894 4917
3162 2 2 1 1 5234 6026 4175
3163 2 2 1 1 5717 7001 6987
3164 2 2 1 1 1122 6132 5412
3165 2 2 1 1 2226 6210 6083
3166 2 2 1 1 2299 4956 2987
3167 2 2 1 1 2985 6231 2599
3168 2 2 1 1 2932 5067 4148
3169 2 2 1 1 4758 6349 4137
3170 2 2 1 1 5327 5329 4154
3171 2 2 1 1 4172 6508 5325
3172 2 2 1 1 4219 6116 6086
3173 2 2 1 1 4978 5331 4979
3174 2 2 1 1 5170 5172 5171
3175 2 2 1 1 458 6198 3558
3176 2 2 1 1 1481 5697 1553
3177 2 2 1 1 1692 5096 1701
3178 2 2 1 1 1802 6115 1795
3179 2 2 1 1 2811 4959 2396
3180 2 2 1 1 3426 3824 3124
3181 2 2 1 1 3642 6058 4907
3182 2 2 1 1 3823 5704 5586
3183 2 2 1 1 5483 5484 5195
3184 2 2 1 1 6045 6535 6396
3185 2 2 1 1 1241 5597 1244
3186 2 2 1 1 5426 6317 1990
3187 2 2 1 1 1990 6460 5426
3188 2 2 1 1 3476 6226 2014
3189 2 2 1 1 5238 5837 2251
3190 2 2 1 1 2299 2987 2303
3191 2 2 1 1 3102 3400 3101
3192 2 2 1 1 3556 4192 3559
3193 2 2 1 1 5160 6438 5665
3194 2 2 1 1 5938 5969 5265
3195 2 2 1 1 749 5301 756
3196 2 2 1 1 1197 5690 967
3197 2 2 1 1 1147 5858 3662
3198 2 2 1 1 1382 5464 5277
3199 2 2 1 1 5324 6373 1804
3200 2 2 1 1 5838 6204 2871
3201 2 2 1 1 3245 5290 3244
3202 2 2 1 1 4129 4714 3482
3203 2 2 1 1 4572 4779 4575
3204 2 2 1 1 4754 5353 5119
3205 2 2 1 1 5508 6430 5509
3206 2 2 1 1 405 5725 173
3207 2 2 1 1 434 5672 195
3208 2 2 1 1 503 5494 2125
3209 2 2 1 1 5359 6154 735
3210 2 2 1 1 1607 4929 1920
3211 2 2 1 1 5279 6342 1938
3212 2 2 1 1 2788 3081 2787
3213 2 2 1 1 3271 4959 2811
3214 2 2 1 1 3499 3971 3024
3215 2 2 1 1 3081 4061 3402
3216 2 2 1 1 3674 6329 3712
3217 2 2 1 1 6742 6995 4174
3218 2 2 1 1 1097 5500 1095
3219 2 2 1 1 1429 5037 3258
3220 2 2 1 1 1463 5277 1916
3221 2 2 1 1 2406 7012 1962
3222 2 2 1 1 2397 5428 2082
3223 2 2 1 1 3652 6049 2635
3224 2 2 1 1 7014 7030 3078
3225 2 2 1 1 7157 7207 3889
3226 2 2 1 1 5637 7227 4947
3227 2 2 1 1 5420 5980 5903
3228 2 2 1 1 5779 6917 6182
3229 2 2 1 1 1667 6179 2556
3230 2 2 1 1 4886 6613 1875
3231 2 2 1 1 3273 4280 4279
3232 2 2 1 1 4857 4965 3532
3233 2 2 1 1 733 6318 5840
3234 2 2 1 1 5040 6461 2059
3235 2 2 1 1 2173 5371 5126
3236 2 2 1 1 2718 2807 2514
3237 2 2 1 1 4631 4633 4632
3238 2 2 1 1 758 5664 3549
3239 2 2 1 1 1753 6708 1751
3240 2 2 1 1 3136 6109 4177
3241 2 2 1 1 3297 4373 4372
3242 2 2 1 1 5092 5093 3719
3243 2 2 1 1 4115 4395 4003
3244 2 2 1 1 6569 6584 5922
3245 2 2 1 1 753 5664 758
3246 2 2 1 1 940 5678 865
3247 2 2 1 1 1283 6004 1175
3248 2 2 1 1 2523 5952 1978
3249 2 2 1 1 3861 4042 3048
3250 2 2 1 1 3404 4080 4079
3251 2 2 1 1 5688 5792 3599
3252 2 2 1 1 4966 4967 3908
3253 2 2 1 1 4570 6175 5685
3254 2 2 1 1 1426 6608 5271
3255 2 2 1 1 2365 5566 2319
3256 2 2 1 1 5688 6573 2571
3257 2 2 1 1 4837 4838 2639
3258 2 2 1 1 4937 6328 2709
3259 2 2 1 1 4167 4168 3071
3260 2 2 1 1 3884 7075 4664
3261 2 2 1 1 829 6066 823
3262 2 2 1 1 1127 6845 6837
3263 2 2 1 1 1359 5465 1475
3264 2 2 1 1 1633 6399 5632
3265 2 2 1 1 2094 2095 2022
3266 2 2 1 1 2038 5286 2900
3267 2 2 1 1 2175 6289 2176
3268 2 2 1 1 2565 5212 5211
3269 2 2 1 1 3181 4904 3058
3270 2 2 1 1 3137 5582 3138
3271 2 2 1 1 3305 5698 4232
3272 2 2 1 1 6119 7004 3899
3273 2 2 1 1 6413 6650 4163
3274 2 2 1 1 4218 5967 5966
3275 2 2 1 1 4231 5223 5222
3276 2 2 1 1 5634 5635 4674
3277 2 2 1 1 4756 5119 4764
3278 2 2 1 1 5485 5486 5195
3279 2 2 1 1 6352 6387 5743
3280 2 2 1 1 5878 6679 6614
3281 2 2 1 1 1230 6038 1229
3282 2 2 1 1 1740 6399 1633
3283 2 2 1 1 1906 5924 2248
3284 2 2 1 1 4300 4836 2530
3285 2 2 1 1 3896 5670 3757
3286 2 2 1 1 846 5968 809
3287 2 2 1 1 1406 5866 5701
3288 2 2 1 1 1547 6285 2977
3289 2 2 1 1 1587 5422 1589
3290 2 2 1 1 1657 6163 1659
3291 2 2 1 1 1869 5467 1673
3292 2 2 1 1 2842 5469 1946
3293 2 2 1 1 6241 6526 2179
3294 2 2 1 1 5113 6315 2371
3295 2 2 1 1 2404 2408 2403
3296 2 2 1 1 2449 2510 2451
3297 2 2 1 1 2622 5019 2529
3298 2 2 1 1 6187 6568 2692
3299 2 2 1 1 2777 5129 5128
3300 2 2 1 1 3167 5073 4209
3301 2 2 1 1 3483 5567 4184
3302 2 2 1 1 3628 6156 5984
3303 2 2 1 1 3752 5327 4154
3304 2 2 1 1 5219 6764 6720
3305 2 2 1 1 1937 6654 3195
3306 2 2 1 1 6514 6557 2073
3307 2 2 1 1 3786 5318 5290
3308 2 2 1 1 3154 3517 1183
3309 2 2 1 1 1851 1964 1852
3310 2 2 1 1 1946 5469 1873
3311 2 2 1 1 2408 5312 3528
3312 2 2 1 1 3030 3031 2793
3313 2 2 1 1 3484 6604 4644
3314 2 2 1 1 7210 7262 4387
3315 2 2 1 1 1445 5666 618
3316 2 2 1 1 1169 6551 1285
3317 2 2 1 1 1405 1407 1406
3318 2 2 1 1 1675 5551 1935
3319 2 2 1 1 5601 5979 2055
3320 2 2 1 1 5346 6091 2570
3321 2 2 1 1 4193 5925 3559
3322 2 2 1 1 5797 5798 5675
3323 2 2 1 1 368 5603 14
3324 2 2 1 1 795 5959 802
3325 2 2 1 1 5261 5269 1785
3326 2 2 1 1 5215 5901 2121
3327 2 2 1 1 5224 6786 2756
3328 2 2 1 1 2820 5256 4164
3329 2 2 1 1 5431 6361 3531
3330 2 2 1 1 3886 6959 4967
3331 2 2 1 1 4722 6915 3923
3332 2 2 1 1 4040 4713 4135
3333 2 2 1 1 4959 6752 4277
3334 2 2 1 1 6078 6487 4278
3335 2 2 1 1 6577 6946 4345
3336 2 2 1 1 4633 4634 4632
3337 2 2 1 1 6608 6631 5271
3338 2 2 1 1 11 6009 376
3339 2 2 1 1 56 5388 378
3340 2 2 1 1 5149 5557 808
3341 2 2 1 1 4918 5728 1277
3342 2 2 1 1 4950 5360 1435
3343 2 2 1 1 5021 6899 1504
3344 2 2 1 1 6292 6414 2473
3345 2 2 1 1 2962 5895 2965
3346 2 2 1 1 4166 4167 3071
3347 2 2 1 1 3219 6465 5594
3348 2 2 1 1 6188 6871 5108
3349 2 2 1 1 5559 6046 5560
3350 2 2 1 1 823 6066 1179
3351 2 2 1 1 920 5808 916
3352 2 2 1 1 993 5445 991
3353 2 2 1 1 1342 7050 7007
3354 2 2 1 1 1715 1948 1717
3355 2 2 1 1 1766 5645 5633
3356 2 2 1 1 1848 6933 1932
3357 2 2 1 1 2155 4985 2507
3358 2 2 1 1 3578 6509 5236
3359 2 2 1 1 691 692 690
3360 2 2 1 1 755 5807 748
3361 2 2 1 1 874 5571 5453
3362 2 2 1 1 7214 7373 2474
3363 2 2 1 1 3430 4559 4558
3364 2 2 1 1 4581 4583 4582
3365 2 2 1 1 5594 6465 6245
3366 2 2 1 1 5929 7211 7187
3367 2 2 1 1 361 5646 93
3368 2 2 1 1 3273 4279 3862
3369 2 2 1 1 4195 6650 6413
3370 2 2 1 1 4335 6952 4334
3371 2 2 1 1 4695 4696 4473
3372 2 2 1 1 136 5530 135
3373 2 2 1 1 466 5059 2113
3374 2 2 1 1 499 4992 792
3375 2 2 1 1 635 5824 629
3376 2 2 1 1 756 1001 769
3377 2 2 1 1 1224 6817 1223
3378 2 2 1 1 1270 1271 1268
3379 2 2 1 1 1269 2750 1309
3380 2 2 1 1 1276 6200 6199
3381 2 2 1 1 1420 1421 1326
3382 2 2 1 1 1765 6766 2740
3383 2 2 1 1 1795 6115 1794
3384 2 2 1 1 1996 5211 1998
3385 2 2 1 1 5553 6408 2002
3386 2 2 1 1 2015 2017 2016
3387 2 2 1 1 2381 5403 2379
3388 2 2 1 1 3062 5001 2533
3389 2 2 1 1 3120 4189 2547
3390 2 2 1 1 4672 4673 2776
3391 2 2 1 1 3081 6140 4061
3392 2 2 1 1 3889 4702 3255
3393 2 2 1 1 3320 3569 3319
3394 2 2 1 1 4424 4425 3402
3395 2 2 1 1 3558 4096 4095
3396 2 2 1 1 3644 3872 3645
3397 2 2 1 1 4120 4753 4752
3398 2 2 1 1 451 6117 240
3399 2 2 1 1 511 512 510
3400 2 2 1 1 515 516 514
3401 2 2 1 1 517 518 516
3402 2 2 1 1 560 5681 542
3403 2 2 1 1 561 562 558
3404 2 2 1 1 563 564 562
3405 2 2 1 1 567 5626 5591
3406 2 2 1 1 624 2167 626
3407 2 2 1 1 630 1072 639
3408 2 2 1 1 2369 6237 1289
3409 2 2 1 1 1428 5191 1430
3410 2 2 1 1 5150 6202 1570
3411 2 2 1 1 1995 5210 1993
3412 2 2 1 1 1998 2753 2647
3413 2 2 1 1 2050 4986 2092
3414 2 2 1 1 2056 6215 2058
3415 2 2 1 1 2072 5479 2089
3416 2 2 1 1 2343 6098 2366
3417 2 2 1 1 2405 4370 2406
3418 2 2 1 1 2763 5818 3277
3419 2 2 1 1 2821 6454 6146
3420 2 2 1 1 2861 5823 5492
3421 2 2 1 1 3068 3371 3066
3422 2 2 1 1 4798 5039 3128
3423 2 2 1 1 3721 4212 3280
3424 2 2 1 1 3696 3697 3519
3425 2 2 1 1 3654 5899 5784
3426 2 2 1 1 4659 4705 4101
3427 2 2 1 1 4127 4826 4691
3428 2 2 1 1 4243 6453 6277
3429 2 2 1 1 4293 5311 4253
3430 2 2 1 1 4799 4801 4800
3431 2 2 1 1 4802 4849 4801
3432 2 2 1 1 2863 6230 3182
3433 2 2 1 1 2960 6726 6681
3434 2 2 1 1 3421 4465 4463
3435 2 2 1 1 4611 4612 4100
3436 2 2 1 1 57 5388 56
3437 2 2 1 1 86 6250 85
3438 2 2 1 1 645 5359 735
3439 2 2 1 1 722 5242 720
3440 2 2 1 1 892 893 891
3441 2 2 1 1 1151 5858 1145
3442 2 2 1 1 2345 6097 2339
3443 2 2 1 1 2693 5986 2691
3444 2 2 1 1 2832 6509 2834
3445 2 2 1 1 3350 5430 2882
3446 2 2 1 1 3113 4086 3112
3447 2 2 1 1 3421 4792 4465
3448 2 2 1 1 3560 3884 3526
3449 2 2 1 1 3795 3796 3794
3450 2 2 1 1 3799 5230 3798
3451 2 2 1 1 4678 4679 4676
3452 2 2 1 1 6974 6991 5306
3453 2 2 1 1 1495 1497 1496
3454 2 2 1 1 2038 2900 2040
3455 2 2 1 1 2358 2433 2432
3456 2 2 1 1 2421 4980 2509
3457 2 2 1 1 3876 4850 3015
3458 2 2 1 1 3637 3671 3636
3459 2 2 1 1 4572 4575 4574
3460 2 2 1 1 1355 6554 6455
3461 2 2 1 1 1757 5323 1754
3462 2 2 1 1 2995 6119 3899
3463 2 2 1 1 3710 6274 4931
3464 2 2 1 1 4709 6944 4292
3465 2 2 1 1 5825 6970 6456
3466 2 2 1 1 35 5715 34
3467 2 2 1 1 140 6130 5942
3468 2 2 1 1 209 5598 208
3469 2 2 1 1 211 5759 210
3470 2 2 1 1 303 5605 302
3471 2 2 1 1 948 5743 1513
3472 2 2 1 1 2685 6187 2686
3473 2 2 1 1 3021 3987 3040
3474 2 2 1 1 3069 3373 3070
3475 2 2 1 1 4468 6695 3931
3476 2 2 1 1 2212 6870 4962
3477 2 2 1 1 2674 5103 2457
3478 2 2 1 1 2675 5237 4951
3479 2 2 1 1 4709 6768 2957
3480 2 2 1 1 3029 6508 3975
3481 2 2 1 1 4238 6042 5439
3482 2 2 1 1 116 5493 327
3483 2 2 1 1 120 5940 362
3484 2 2 1 1 124 5941 323
3485 2 2 1 1 135 5530 380
3486 2 2 1 1 148 5800 417
3487 2 2 1 1 156 454 418
3488 2 2 1 1 187 5532 337
3489 2 2 1 1 189 5804 433
3490 2 2 1 1 198 5948 367
3491 2 2 1 1 200 5805 420
3492 2 2 1 1 208 5598 435
3493 2 2 1 1 210 5759 326
3494 2 2 1 1 212 5806 436
3495 2 2 1 1 221 5761 5760
3496 2 2 1 1 226 5763 5762
3497 2 2 1 1 232 5442 358
3498 2 2 1 1 302 5605 341
3499 2 2 1 1 323 7278 7273
3500 2 2 1 1 455 458 457
3501 2 2 1 1 460 5068 457
3502 2 2 1 1 468 5059 466
3503 2 2 1 1 476 1050 474
3504 2 2 1 1 477 5368 479
3505 2 2 1 1 479 2224 481
3506 2 2 1 1 502 619 500
3507 2 2 1 1 503 2125 505
3508 2 2 1 1 511 2126 513
3509 2 2 1 1 520 767 518
3510 2 2 1 1 530 3656 528
3511 2 2 1 1 532 5292 530
3512 2 2 1 1 536 537 535
3513 2 2 1 1 537 5308 2172
3514 2 2 1 1 546 547 545
3515 2 2 1 1 4992 4993 792
3516 2 2 1 1 1032 5095 1030
3517 2 2 1 1 1167 1170 1166
3518 2 2 1 1 1166 5101 3591
3519 2 2 1 1 1171 1281 1170
3520 2 2 1 1 1192 5629 5123
3521 2 2 1 1 5123 5823 1192
3522 2 2 1 1 1217 5187 1218
3523 2 2 1 1 1262 1265 1264
3524 2 2 1 1 1269 1309 1270
3525 2 2 1 1 1281 1361 1360
3526 2 2 1 1 1327 2130 1302
3527 2 2 1 1 1318 5332 1328
3528 2 2 1 1 2015 2016 1363
3529 2 2 1 1 5607 5614 1369
3530 2 2 1 1 1395 6101 1512
3531 2 2 1 1 1411 1877 1876
3532 2 2 1 1 2156 5189 1432
3533 2 2 1 1 1439 1451 1438
3534 2 2 1 1 1438 6304 2851
3535 2 2 1 1 4311 4312 1488
3536 2 2 1 1 1493 6308 1495
3537 2 2 1 1 1592 5310 1579
3538 2 2 1 1 1593 6597 1640
3539 2 2 1 1 1607 1920 1854
3540 2 2 1 1 5468 5821 1612
3541 2 2 1 1 1636 5814 5746
3542 2 2 1 1 1640 1847 1841
3543 2 2 1 1 1922 2485 1846
3544 2 2 1 1 1929 2231 1849
3545 2 2 1 1 1911 1933 1910
3546 2 2 1 1 1941 5189 3511
3547 2 2 1 1 1998 2646 1997
3548 2 2 1 1 2003 5553 2002
3549 2 2 1 1 2004 2865 2568
3550 2 2 1 1 2019 2020 2018
3551 2 2 1 1 2020 2023 2021
3552 2 2 1 1 2022 6542 2020
3553 2 2 1 1 5192 6638 2021
3554 2 2 1 1 2602 5192 2024
3555 2 2 1 1 2025 2027 2026
3556 2 2 1 1 2486 6135 2025
3557 2 2 1 1 2762 5815 2028
3558 2 2 1 1 2097 2490 2095
3559 2 2 1 1 2533 5001 2097
3560 2 2 1 1 2098 3170 2534
3561 2 2 1 1 5299 5300 2126
3562 2 2 1 1 6803 6855 2243
3563 2 2 1 1 2262 2263 2261
3564 2 2 1 1 2264 2265 2263
3565 2 2 1 1 2263 4968 2666
3566 2 2 1 1 2266 2267 2265
3567 2 2 1 1 5951 6762 2272
3568 2 2 1 1 2274 2544 2402
3569 2 2 1 1 2554 6877 2363
3570 2 2 1 1 2520 2789 2485
3571 2 2 1 1 2783 4671 2488
3572 2 2 1 1 3124 6403 2545
3573 2 2 1 1 2565 5213 5212
3574 2 2 1 1 3293 3294 2623
3575 2 2 1 1 2657 4295 3137
3576 2 2 1 1 3138 3326 2658
3577 2 2 1 1 2664 5998 3328
3578 2 2 1 1 2802 5514 2669
3579 2 2 1 1 6234 6689 2722
3580 2 2 1 1 2722 6953 6531
3581 2 2 1 1 2750 6377 3874
3582 2 2 1 1 2764 6991 6974
3583 2 2 1 1 2771 7072 7046
3584 2 2 1 1 2785 2798 2786
3585 2 2 1 1 3081 3402 2787
3586 2 2 1 1 2789 4052 4018
3587 2 2 1 1 3925 3926 2798
3588 2 2 1 1 5926 6454 2821
3589 2 2 1 1 2834 2835 2833
3590 2 2 1 1 2835 2838 2836
3591 2 2 1 1 3579 3580 2837
3592 2 2 1 1 2849 2850 2848
3593 2 2 1 1 2892 6947 6924
3594 2 2 1 1 2900 6493 6246
3595 2 2 1 1 5047 6067 2946
3596 2 2 1 1 3018 5020 4114
3597 2 2 1 1 3094 5483 3056
3598 2 2 1 1 3062 5015 5001
3599 2 2 1 1 5141 5142 3086
3600 2 2 1 1 3352 4408 3094
3601 2 2 1 1 3095 3354 3353
3602 2 2 1 1 3400 4075 3101
3603 2 2 1 1 3824 3922 3124
3604 2 2 1 1 3188 3440 3189
3605 2 2 1 1 3228 3232 3230
3606 2 2 1 1 3232 5252 3230
3607 2 2 1 1 7010 7041 3232
3608 2 2 1 1 3233 3427 3234
3609 2 2 1 1 3428 3429 3234
3610 2 2 1 1 3429 5919 3234
3611 2 2 1 1 4310 4313 3276
3612 2 2 1 1 3276 4646 4642
3613 2 2 1 1 3767 3901 3294
3614 2 2 1 1 3953 5698 3305
3615 2 2 1 1 4615 5466 3322
3616 2 2 1 1 3817 3977 3327
3617 2 2 1 1 3354 4369 4367
3618 2 2 1 1 3354 4767 4369
3619 2 2 1 1 4409 4706 3411
3620 2 2 1 1 4089 4430 3455
3621 2 2 1 1 3465 4039 4017
3622 2 2 1 1 5211 5212 3506
3623 2 2 1 1 3558 6198 5366
3624 2 2 1 1 3579 6141 3582
3625 2 2 1 1 3633 5928 3631
3626 2 2 1 1 5291 6408 3639
3627 2 2 1 1 3826 4556 3828
3628 2 2 1 1 3830 4551 4359
3629 2 2 1 1 6075 6138 3839
3630 2 2 1 1 3904 6538 4767
3631 2 2 1 1 3927 5186 3926
3632 2 2 1 1 3953 7101 7079
3633 2 2 1 1 5629 5630 3956
3634 2 2 1 1 3964 7126 5404
3635 2 2 1 1 4009 5425 4006
3636 2 2 1 1 4606 4607 4027
3637 2 2 1 1 4040 4135 4041
3638 2 2 1 1 4053 6102 4949
3639 2 2 1 1 4649 4650 4136
3640 2 2 1 1 4906 6636 4214
3641 2 2 1 1 4367 7036 7016
3642 2 2 1 1 4408 5484 5483
3643 2 2 1 1 4610 4641 4609
3644 2 2 1 1 5801 6892 4638
3645 2 2 1 1 4651 4652 4650
3646 2 2 1 1 4672 4675 4673
3647 2 2 1 1 4687 5487 4682
3648 2 2 1 1 4824 6011 4905
3649 2 2 1 1 4870 4871 4869
3650 2 2 1 1 6835 7006 4892
3651 2 2 1 1 5002 5004 5003
3652 2 2 1 1 5018 5193 5003
3653 2 2 1 1 5011 5017 5007
3654 2 2 1 1 5013 5014 5012
3655 2 2 1 1 5016 5058 5015
3656 2 2 1 1 5484 5485 5195
3657 2 2 1 1 6447 6602 5213
3658 2 2 1 1 5305 5488 5303
3659 2 2 1 1 5304 5307 5306
3660 2 2 1 1 5746 6683 6343
3661 2 2 1 1 6816 6979 5815
3662 2 2 1 1 34 5715 392
3663 2 2 1 1 486 5680 484
3664 2 2 1 1 508 2459 506
3665 2 2 1 1 523 1364 525
3666 2 2 1 1 534 535 532
3667 2 2 1 1 540 541 539
3668 2 2 1 1 542 543 541
3669 2 2 1 1 554 555 553
3670 2 2 1 1 556 557 555
3671 2 2 1 1 555 6053 587
3672 2 2 1 1 556 5262 561
3673 2 2 1 1 558 559 557
3674 2 2 1 1 561 5378 563
3675 2 2 1 1 563 1644 565
3676 2 2 1 1 566 1646 564
3677 2 2 1 1 568 5263 566
3678 2 2 1 1 567 5591 569
3679 2 2 1 1 575 5489 2879
3680 2 2 1 1 624 626 625
3681 2 2 1 1 626 630 627
3682 2 2 1 1 2117 5024 646
3683 2 2 1 1 2233 5733 651
3684 2 2 1 1 656 658 657
3685 2 2 1 1 660 662 661
3686 2 2 1 1 917 5780 661
3687 2 2 1 1 1195 6042 667
3688 2 2 1 1 670 673 671
3689 2 2 1 1 2371 6315 673
3690 2 2 1 1 686 5521 1435
3691 2 2 1 1 689 5717 693
3692 2 2 1 1 831 833 830
3693 2 2 1 1 831 5627 1426
3694 2 2 1 1 840 5371 2173
3695 2 2 1 1 934 982 933
3696 2 2 1 1 938 5691 934
3697 2 2 1 1 947 5686 945
3698 2 2 1 1 1048 6043 5652
3699 2 2 1 1 1052 1181 1180
3700 2 2 1 1 1084 6519 6390
3701 2 2 1 1 1153 5334 1156
3702 2 2 1 1 1181 1303 1301
3703 2 2 1 1 1187 1215 1186
3704 2 2 1 1 1253 1256 1255
3705 2 2 1 1 1285 1286 1280
3706 2 2 1 1 1285 6551 4916
3707 2 2 1 1 1286 5413 1330
3708 2 2 1 1 1539 1540 1303
3709 2 2 1 1 1398 6159 1378
3710 2 2 1 1 1391 5112 1531
3711 2 2 1 1 1511 1557 1394
3712 2 2 1 1 1402 5773 1400
3713 2 2 1 1 1401 1473 1403
3714 2 2 1 1 1408 5866 1406
3715 2 2 1 1 1407 1509 1409
3716 2 2 1 1 1530 6285 1469
3717 2 2 1 1 1509 1623 1517
3718 2 2 1 1 5420 5421 1517
3719 2 2 1 1 1614 1647 1557
3720 2 2 1 1 1561 1562 1560
3721 2 2 1 1 1562 1564 1563
3722 2 2 1 1 1674 1845 1581
3723 2 2 1 1 1582 5551 1675
3724 2 2 1 1 5719 6005 1601
3725 2 2 1 1 1626 6244 2552
3726 2 2 1 1 5263 5615 1646
3727 2 2 1 1 1681 6288 2192
3728 2 2 1 1 1694 1962 1961
3729 2 2 1 1 1695 5713 2131
3730 2 2 1 1 1696 1698 1697
3731 2 2 1 1 1698 1886 1863
3732 2 2 1 1 1713 1715 1714
3733 2 2 1 1 1727 5424 1723
3734 2 2 1 1 2234 2235 1725
3735 2 2 1 1 1888 3822 2899
3736 2 2 1 1 2405 2406 1962
3737 2 2 1 1 1967 2561 1966
3738 2 2 1 1 1997 5466 1999
3739 2 2 1 1 2055 5979 2057
3740 2 2 1 1 2074 5479 2072
3741 2 2 1 1 2099 6063 5266
3742 2 2 1 1 3694 5592 2101
3743 2 2 1 1 2121 5901 5712
3744 2 2 1 1 2130 5622 5609
3745 2 2 1 1 2139 2140 2138
3746 2 2 1 1 2151 5827 2147
3747 2 2 1 1 5061 6277 2165
3748 2 2 1 1 2738 2739 2225
3749 2 2 1 1 2234 5282 2824
3750 2 2 1 1 2578 2579 2235
3751 2 2 1 1 2266 6146 5073
3752 2 2 1 1 2563 2564 2269
3753 2 2 1 1 2339 6097 2344
3754 2 2 1 1 2375 2763 2374
3755 2 2 1 1 2427 5451 2631
3756 2 2 1 1 2632 2884 2428
3757 2 2 1 1 2775 6102 2520
3758 2 2 1 1 2587 2589 2588
3759 2 2 1 1 2589 2591 2590
3760 2 2 1 1 2624 3566 3548
3761 2 2 1 1 2626 3279 2627
3762 2 2 1 1 2699 7367 7365
3763 2 2 1 1 2729 6975 2730
3764 2 2 1 1 2748 5435 3201
3765 2 2 1 1 5222 5224 2756
3766 2 2 1 1 3415 6102 2775
3767 2 2 1 1 2799 3441 3299
3768 2 2 1 1 3497 4172 2858
3769 2 2 1 1 5674 5675 2859
3770 2 2 1 1 2904 6779 3663
3771 2 2 1 1 2951 5889 3590
3772 2 2 1 1 3550 3612 2952
3773 2 2 1 1 2999 6969 6124
3774 2 2 1 1 3963 6099 3020
3775 2 2 1 1 4397 5749 3036
3776 2 2 1 1 4006 5703 3039
3777 2 2 1 1 3419 4847 3083
3778 2 2 1 1 3084 3453 3420
3779 2 2 1 1 3163 3710 3165
3780 2 2 1 1 3167 4209 4208
3781 2 2 1 1 3201 6311 5561
3782 2 2 1 1 3205 5900 4324
3783 2 2 1 1 3216 5277 4169
3784 2 2 1 1 3236 5512 5504
3785 2 2 1 1 3737 3885 3279
3786 2 2 1 1 3486 6314 3301
3787 2 2 1 1 3967 3968 3303
3788 2 2 1 1 3317 5376 3315
3789 2 2 1 1 3546 3957 3955
3790 2 2 1 1 3567 6078 4278
3791 2 2 1 1 6096 6126 3573
3792 2 2 1 1 5661 5662 3608
3793 2 2 1 1 5820 5828 3646
3794 2 2 1 1 3681 3683 3682
3795 2 2 1 1 3779 6460 3777
3796 2 2 1 1 3778 6166 3780
3797 2 2 1 1 3796 5906 3794
3798 2 2 1 1 3809 6746 5316
3799 2 2 1 1 3913 5871 3911
3800 2 2 1 1 3915 5873 3913
3801 2 2 1 1 5113 6173 3935
3802 2 2 1 1 5593 5783 3957
3803 2 2 1 1 3969 4376 3968
3804 2 2 1 1 3978 6283 5510
3805 2 2 1 1 4007 5514 5513
3806 2 2 1 1 4705 5167 4101
3807 2 2 1 1 4120 5353 4754
3808 2 2 1 1 5724 6320 4187
3809 2 2 1 1 4235 6278 5452
3810 2 2 1 1 6041 6042 4238
3811 2 2 1 1 4238 6079 6041
3812 2 2 1 1 5840 6318 4246
3813 2 2 1 1 4286 6546 5228
3814 2 2 1 1 4798 6583 5039
3815 2 2 1 1 5026 6173 6152
3816 2 2 1 1 5113 6467 6315
3817 2 2 1 1 5621 5622 5127
3818 2 2 1 1 5145 5146 5142
3819 2 2 1 1 5917 6202 5150
3820 2 2 1 1 5150 6384 5917
3821 2 2 1 1 5311 6611 6323
3822 2 2 1 1 5731 6091 5342
3823 2 2 1 1 5342 6174 5731
3824 2 2 1 1 5374 6096 5964
3825 2 2 1 1 5459 5462 5457
3826 2 2 1 1 5608 6485 6094
3827 2 2 1 1 5627 6669 6626
3828 2 2 1 1 6984 6998 5747
3829 2 2 1 1 5871 5872 5870
3830 2 2 1 1 799 806 798
3831 2 2 1 1 874 5453 872
3832 2 2 1 1 887 5649 890
3833 2 2 1 1 893 5443 891
3834 2 2 1 1 895 2607 893
3835 2 2 1 1 2161 5474 919
3836 2 2 1 1 5330 5808 920
3837 2 2 1 1 985 5362 973
3838 2 2 1 1 988 5813 974
3839 2 2 1 1 986 2887 987
3840 2 2 1 1 1055 5445 993
3841 2 2 1 1 1058 1074 1073
3842 2 2 1 1 5296 5912 1060
3843 2 2 1 1 3610 5781 1061
3844 2 2 1 1 2461 6081 1073
3845 2 2 1 1 5439 6042 1195
3846 2 2 1 1 3525 5109 1331
3847 2 2 1 1 1333 1334 1332
3848 2 2 1 1 1349 5110 2462
3849 2 2 1 1 1373 1375 1374
3850 2 2 1 1 1449 5468 1612
3851 2 2 1 1 2977 4287 1663
3852 2 2 1 1 1715 1717 1716
3853 2 2 1 1 4175 6026 1716
3854 2 2 1 1 1948 5747 1717
3855 2 2 1 1 1760 5633 2177
3856 2 2 1 1 1908 6647 4877
3857 2 2 1 1 2170 2741 2216
3858 2 2 1 1 2598 6033 2254
3859 2 2 1 1 2351 2353 2352
3860 2 2 1 1 2422 5470 2903
3861 2 2 1 1 3190 3191 2598
3862 2 2 1 1 5791 6417 2607
3863 2 2 1 1 4838 5581 2639
3864 2 2 1 1 2707 6375 6128
3865 2 2 1 1 5233 5424 2856
3866 2 2 1 1 2967 3209 3208
3867 2 2 1 1 5812 5971 3023
3868 2 2 1 1 3164 6274 3163
3869 2 2 1 1 3180 3192 3179
3870 2 2 1 1 4171 6423 3212
3871 2 2 1 1 3292 3793 3291
3872 2 2 1 1 3414 3438 3437
3873 2 2 1 1 5669 6441 3571
3874 2 2 1 1 6002 6725 3657
3875 2 2 1 1 6383 6502 3658
3876 2 2 1 1 4707 4878 3699
3877 2 2 1 1 4235 5452 3790
3878 2 2 1 1 3795 6110 3797
3879 2 2 1 1 6045 6278 4235
3880 2 2 1 1 4412 7212 7104
3881 2 2 1 1 5356 5357 5355
3882 2 2 1 1 6185 6342 5522
3883 2 2 1 1 7313 7330 5581
3884 2 2 1 1 6811 6973 6346
3885 2 2 1 1 377 454 157
3886 2 2 1 1 433 5532 188
3887 2 2 1 1 1444 5059 468
3888 2 2 1 1 471 472 470
3889 2 2 1 1 499 500 498
3890 2 2 1 1 509 511 510
3891 2 2 1 1 537 2172 535
3892 2 2 1 1 687 5717 689
3893 2 2 1 1 690 5361 688
3894 2 2 1 1 692 798 690
3895 2 2 1 1 692 5644 5389
3896 2 2 1 1 875 1329 877
3897 2 2 1 1 882 6870 2212
3898 2 2 1 1 958 2886 930
3899 2 2 1 1 1199 1200 1041
3900 2 2 1 1 1084 1086 1085
3901 2 2 1 1 2120 5500 1097
3902 2 2 1 1 1119 1121 1118
3903 2 2 1 1 1165 6200 1167
3904 2 2 1 1 1274 5475 2901
3905 2 2 1 1 1315 5478 1510
3906 2 2 1 1 1350 1351 1324
3907 2 2 1 1 1545 5162 1357
3908 2 2 1 1 1484 1485 1390
3909 2 2 1 1 1416 1460 1417
3910 2 2 1 1 5521 5525 1435
3911 2 2 1 1 1460 1535 1461
3912 2 2 1 1 3237 5062 1460
3913 2 2 1 1 1464 6356 5166
3914 2 2 1 1 5653 6192 1516
3915 2 2 1 1 1555 1683 1538
3916 2 2 1 1 1607 1608 1551
3917 2 2 1 1 2010 5422 1587
3918 2 2 1 1 1637 1835 1638
3919 2 2 1 1 1683 1758 1684
3920 2 2 1 1 1691 5096 1692
3921 2 2 1 1 4555 6585 1745
3922 2 2 1 1 2411 3738 1835
3923 2 2 1 1 2047 2048 2046
3924 2 2 1 1 2046 6263 2059
3925 2 2 1 1 6483 6507 2100
3926 2 2 1 1 6064 6398 2231
3927 2 2 1 1 2386 5403 2381
3928 2 2 1 1 2777 5128 2518
3929 2 2 1 1 2565 6447 5213
3930 2 2 1 1 3284 3286 2629
3931 2 2 1 1 2663 5618 2660
3932 2 2 1 1 2783 6136 5634
3933 2 2 1 1 2865 5273 4165
3934 2 2 1 1 6080 6642 2912
3935 2 2 1 1 3286 3746 3287
3936 2 2 1 1 3298 6965 4771
3937 2 2 1 1 3328 5998 4384
3938 2 2 1 1 3414 3437 3436
3939 2 2 1 1 4557 4899 3431
3940 2 2 1 1 4568 4862 3437
3941 2 2 1 1 3600 5848 5745
3942 2 2 1 1 5271 6631 3638
3943 2 2 1 1 3688 5302 4225
3944 2 2 1 1 4288 4289 3738
3945 2 2 1 1 3749 3752 3751
3946 2 2 1 1 3790 6127 5302
3947 2 2 1 1 3835 3836 3834
3948 2 2 1 1 3984 3985 3983
3949 2 2 1 1 4141 4142 4140
3950 2 2 1 1 4247 6571 4248
3951 2 2 1 1 4264 5377 4262
3952 2 2 1 1 4863 6570 5314
3953 2 2 1 1 5204 5968 5203
3954 2 2 1 1 6481 6515 5281
3955 2 2 1 1 5315 6780 5316
3956 2 2 1 1 483 484 482
3957 2 2 1 1 485 486 484
3958 2 2 1 1 540 560 542
3959 2 2 1 1 624 5590 2167
3960 2 2 1 1 685 5569 687
3961 2 2 1 1 2121 5712 726
3962 2 2 1 1 899 5781 900
3963 2 2 1 1 2159 5691 938
3964 2 2 1 1 1041 5100 1036
3965 2 2 1 1 1672 6164 1868
3966 2 2 1 1 1746 1926 1747
3967 2 2 1 1 2079 6019 2067
3968 2 2 1 1 5374 5964 2109
3969 2 2 1 1 2146 6391 2165
3970 2 2 1 1 2268 3167 2563
3971 2 2 1 1 2564 2671 2269
3972 2 2 1 1 2366 5884 2338
3973 2 2 1 1 4352 5075 2410
3974 2 2 1 1 3268 3269 2537
3975 2 2 1 1 2899 6905 5866
3976 2 2 1 1 2928 5927 2926
3977 2 2 1 1 3315 5376 3976
3978 2 2 1 1 4286 5228 3620
3979 2 2 1 1 6142 6151 3690
3980 2 2 1 1 3754 6190 3751
3981 2 2 1 1 3865 5906 3796
3982 2 2 1 1 5437 5873 3915
3983 2 2 1 1 5783 6029 3957
3984 2 2 1 1 6464 6923 5741
3985 2 2 1 1 6020 6466 6324
3986 2 2 1 1 406 5711 5709
3987 2 2 1 1 756 769 768
3988 2 2 1 1 783 2880 796
3989 2 2 1 1 796 5370 825
3990 2 2 1 1 5063 5064 836
3991 2 2 1 1 983 5373 935
3992 2 2 1 1 1003 1004 1002
3993 2 2 1 1 1007 6955 1441
3994 2 2 1 1 1010 5363 1368
3995 2 2 1 1 1017 5936 1028
3996 2 2 1 1 1028 3561 1035
3997 2 2 1 1 1036 2105 1029
3998 2 2 1 1 4745 6113 1415
3999 2 2 1 1 1501 1580 1466
4000 2 2 1 1 1659 6163 1672
4001 2 2 1 1 2744 2745 2008
4002 2 2 1 1 2088 5258 5257
4003 2 2 1 1 4057 6014 3051
4004 2 2 1 1 3510 4717 3053
4005 2 2 1 1 3092 3107 3106
4006 2 2 1 1 4194 5928 3633
4007 2 2 1 1 3756 3951 3896
4008 2 2 1 1 6388 6484 3760
4009 2 2 1 1 4053 4949 4419
4010 2 2 1 1 4155 4157 4156
4011 2 2 1 1 4195 6413 5066
4012 2 2 1 1 6538 6703 4767
4013 2 2 1 1 7344 7358 4817
4014 2 2 1 1 4854 6635 4856
4015 2 2 1 1 5111 5552 5112
4016 2 2 1 1 610 5920 609
4017 2 2 1 1 691 5644 692
4018 2 2 1 1 717 718 716
4019 2 2 1 1 884 6072 881
4020 2 2 1 1 2891 5296 894
4021 2 2 1 1 939 6033 5909
4022 2 2 1 1 1020 1023 1021
4023 2 2 1 1 1023 1025 1024
4024 2 2 1 1 1238 2008 1173
4025 2 2 1 1 5399 6143 1258
4026 2 2 1 1 1466 5333 4908
4027 2 2 1 1 5164 6956 1771
4028 2 2 1 1 2185 5482 2515
4029 2 2 1 1 2567 5287 3527
4030 2 2 1 1 2615 6129 5294
4031 2 2 1 1 3462 3463 3118
4032 2 2 1 1 5435 6311 3201
4033 2 2 1 1 3407 4478 4477
4034 2 2 1 1 3481 3483 3482
4035 2 2 1 1 3897 5567 3481
4036 2 2 1 1 3790 5302 3688
4037 2 2 1 1 6400 6416 3799
4038 2 2 1 1 4141 4306 4142
4039 2 2 1 1 4185 6071 5901
4040 2 2 1 1 6214 6373 4215
4041 2 2 1 1 4314 6825 6010
4042 2 2 1 1 118 5472 408
4043 2 2 1 1 1025 1027 1026
4044 2 2 1 1 1027 1031 1030
4045 2 2 1 1 5449 6155 1148
4046 2 2 1 1 2740 3159 1896
4047 2 2 1 1 2206 6406 6325
4048 2 2 1 1 2362 6635 2364
4049 2 2 1 1 2969 2986 2985
4050 2 2 1 1 6721 6828 3793
4051 2 2 1 1 6555 6895 4220
4052 2 2 1 1 5158 5159 4299
4053 2 2 1 1 4813 6903 4812
4054 2 2 1 1 435 5625 207
4055 2 2 1 1 274 5589 273
4056 2 2 1 1 936 984 983
4057 2 2 1 1 967 5690 965
4058 2 2 1 1 2013 5275 1038
4059 2 2 1 1 1176 1185 1175
4060 2 2 1 1 1650 5241 1569
4061 2 2 1 1 2478 3143 1984
4062 2 2 1 1 2473 5201 5200
4063 2 2 1 1 2716 5817 2508
4064 2 2 1 1 2600 6231 5158
4065 2 2 1 1 3255 4146 3159
4066 2 2 1 1 6996 7137 3306
4067 2 2 1 1 4452 4454 3371
4068 2 2 1 1 3406 3408 3407
4069 2 2 1 1 3870 3871 3495
4070 2 2 1 1 6150 6211 3706
4071 2 2 1 1 4590 4592 4591
4072 2 2 1 1 771 5577 763
4073 2 2 1 1 1038 1071 1070
4074 2 2 1 1 1172 4978 1237
4075 2 2 1 1 1565 1566 1543
4076 2 2 1 1 3576 5506 5278
4077 2 2 1 1 4094 4553 3928
4078 2 2 1 1 6805 6956 4249
4079 2 2 1 1 4268 5377 4264
4080 2 2 1 1 919 5474 952
4081 2 2 1 1 935 5373 2830
4082 2 2 1 1 1033 5268 2013
4083 2 2 1 1 1174 6004 2988
4084 2 2 1 1 1339 1413 1412
4085 2 2 1 1 1598 5559 1597
4086 2 2 1 1 2671 6052 2269
4087 2 2 1 1 2904 3663 2580
4088 2 2 1 1 2955 5740 3772
4089 2 2 1 1 3396 3397 3053
4090 2 2 1 1 3069 3492 3373
4091 2 2 1 1 5786 5900 3205
4092 2 2 1 1 3761 3763 3762
4093 2 2 1 1 3813 6232 5258
4094 2 2 1 1 4588 4737 4585
4095 2 2 1 1 4716 4895 4715
4096 2 2 1 1 4847 5069 4848
4097 2 2 1 1 5144 6953 6689
4098 2 2 1 1 5383 5384 5381
4099 2 2 1 1 6094 6485 5890
4100 2 2 1 1 632 634 629
4101 2 2 1 1 1413 1523 1522
4102 2 2 1 1 1578 2832 1636
4103 2 2 1 1 3229 6539 1682
4104 2 2 1 1 1804 6214 1805
4105 2 2 1 1 1987 4772 2546
4106 2 2 1 1 3402 6136 2787
4107 2 2 1 1 2832 2834 2833
4108 2 2 1 1 2836 5814 2833
4109 2 2 1 1 2849 3018 2850
4110 2 2 1 1 6634 6806 2852
4111 2 2 1 1 2919 6540 5313
4112 2 2 1 1 2988 4173 3864
4113 2 2 1 1 4056 4057 3051
4114 2 2 1 1 3108 3109 3082
4115 2 2 1 1 3126 3301 3300
4116 2 2 1 1 3146 3808 3442
4117 2 2 1 1 3162 6764 6267
4118 2 2 1 1 4202 4203 3192
4119 2 2 1 1 5348 5349 3227
4120 2 2 1 1 3364 4145 4144
4121 2 2 1 1 3581 4437 4436
4122 2 2 1 1 4677 4678 4676
4123 2 2 1 1 6454 6716 5074
4124 2 2 1 1 6251 6686 5117
4125 2 2 1 1 5665 6438 5666
4126 2 2 1 1 6086 6116 6115
4127 2 2 1 1 2201 6057 679
4128 2 2 1 1 1804 6373 6214
4129 2 2 1 1 1836 6189 1839
4130 2 2 1 1 2382 2384 2383
4131 2 2 1 1 2392 2733 2386
4132 2 2 1 1 2641 2642 2469
4133 2 2 1 1 3025 5404 3499
4134 2 2 1 1 3360 6255 3064
4135 2 2 1 1 3564 5275 4990
4136 2 2 1 1 3566 5903 5455
4137 2 2 1 1 3659 6753 3661
4138 2 2 1 1 5794 6027 4239
4139 2 2 1 1 4325 6661 6566
4140 2 2 1 1 37 5523 325
4141 2 2 1 1 85 6250 452
4142 2 2 1 1 455 457 456
4143 2 2 1 1 5026 6152 672
4144 2 2 1 1 724 5712 1440
4145 2 2 1 1 1082 1148 1045
4146 2 2 1 1 1094 1096 1095
4147 2 2 1 1 1129 1130 1128
4148 2 2 1 1 1240 1241 1224
4149 2 2 1 1 1249 5734 1247
4150 2 2 1 1 1262 1264 1263
4151 2 2 1 1 1506 5189 1941
4152 2 2 1 1 1569 5241 1566
4153 2 2 1 1 1868 6164 1958
4154 2 2 1 1 2015 3625 2017
4155 2 2 1 1 2033 2036 2035
4156 2 2 1 1 2040 2042 2041
4157 2 2 1 1 2870 6011 2096
4158 2 2 1 1 2388 6517 2483
4159 2 2 1 1 2540 5505 3667
4160 2 2 1 1 2633 6364 4971
4161 2 2 1 1 2650 3604 3027
4162 2 2 1 1 3001 3002 2704
4163 2 2 1 1 4100 5152 2723
4164 2 2 1 1 2786 2787 2784
4165 2 2 1 1 3580 6253 2837
4166 2 2 1 1 2849 5020 3018
4167 2 2 1 1 3111 3112 3110
4168 2 2 1 1 3130 3545 3129
4169 2 2 1 1 5891 5893 3250
4170 2 2 1 1 5586 5704 3264
4171 2 2 1 1 4088 4434 3350
4172 2 2 1 1 4467 4468 3931
4173 2 2 1 1 4215 6373 4216
4174 2 2 1 1 4232 5698 5498
4175 2 2 1 1 4320 6719 6557
4176 2 2 1 1 4566 4621 4565
4177 2 2 1 1 5652 6043 5477
4178 2 2 1 1 519 521 520
4179 2 2 1 1 2473 5200 969
4180 2 2 1 1 1249 5859 5734
4181 2 2 1 1 1657 1659 1658
4182 2 2 1 1 1954 1955 1869
4183 2 2 1 1 3294 5654 2623
4184 2 2 1 1 2730 3478 3477
4185 2 2 1 1 2869 7170 4013
4186 2 2 1 1 3042 4784 4783
4187 2 2 1 1 3811 5876 3247
4188 2 2 1 1 3399 4316 3296
4189 2 2 1 1 4784 4787 4785
4190 2 2 1 1 4784 4788 4787
4191 2 2 1 1 6690 6800 5121
4192 2 2 1 1 96 5640 444
4193 2 2 1 1 729 6153 706
4194 2 2 1 1 868 6468 2226
4195 2 2 1 1 2978 6058 954
4196 2 2 1 1 5265 5969 976
4197 2 2 1 1 1870 5773 1402
4198 2 2 1 1 1409 5421 1410
4199 2 2 1 1 1623 1661 1517
4200 2 2 1 1 5821 6243 1612
4201 2 2 1 1 1672 1673 1671
4202 2 2 1 1 1721 5282 2234
4203 2 2 1 1 1783 5261 1785
4204 2 2 1 1 2556 2557 1903
4205 2 2 1 1 1955 1957 1956
4206 2 2 1 1 1957 2471 2470
4207 2 2 1 1 1983 6655 2479
4208 2 2 1 1 2806 5826 2090
4209 2 2 1 1 2437 7389 4830
4210 2 2 1 1 2468 6427 2640
4211 2 2 1 1 5434 5786 2620
4212 2 2 1 1 2634 2702 2701
4213 2 2 1 1 2746 5435 2748
4214 2 2 1 1 3660 5602 2898
4215 2 2 1 1 2926 5927 4297
4216 2 2 1 1 3033 5451 5437
4217 2 2 1 1 3216 4169 4104
4218 2 2 1 1 4050 4059 3344
4219 2 2 1 1 3419 5069 4847
4220 2 2 1 1 3533 5602 4983
4221 2 2 1 1 3617 3621 3620
4222 2 2 1 1 5480 6166 3778
4223 2 2 1 1 6247 6722 3850
4224 2 2 1 1 3926 5186 4094
4225 2 2 1 1 4402 5777 4045
4226 2 2 1 1 4499 4520 4065
4227 2 2 1 1 6366 6903 4813
4228 2 2 1 1 5081 5082 5080
4229 2 2 1 1 363 5716 48
4230 2 2 1 1 933 6178 903
4231 2 2 1 1 6910 7005 1309
4232 2 2 1 1 1638 6226 1577
4233 2 2 1 1 1905 5924 1906
4234 2 2 1 1 2472 6404 2454
4235 2 2 1 1 2691 5986 3323
4236 2 2 1 1 4178 5080 2808
4237 2 2 1 1 3472 6489 3145
4238 2 2 1 1 4710 4885 4226
4239 2 2 1 1 6267 6764 5881
4240 2 2 1 1 6402 6419 2228
4241 2 2 1 1 2466 2673 2465
4242 2 2 1 1 2504 2732 2505
4243 2 2 1 1 2504 6327 2732
4244 2 2 1 1 2559 2653 2652
4245 2 2 1 1 2828 3085 2577
4246 2 2 1 1 2578 2994 2579
4247 2 2 1 1 2824 6050 2578
4248 2 2 1 1 3165 3166 2742
4249 2 2 1 1 6801 6840 2879
4250 2 2 1 1 3255 4147 4146
4251 2 2 1 1 3820 3821 3434
4252 2 2 1 1 4156 6196 3755
4253 2 2 1 1 4989 6483 6433
4254 2 2 1 1 5772 6333 5771
4255 2 2 1 1 2512 2513 2365
4256 2 2 1 1 4969 5648 2373
4257 2 2 1 1 2814 3568 3047
4258 2 2 1 1 3049 4952 4694
4259 2 2 1 1 3471 3473 3472
4260 2 2 1 1 4048 6489 3472
4261 2 2 1 1 3474 3475 3473
4262 2 2 1 1 3568 4054 3965
4263 2 2 1 1 5093 5094 3719
4264 2 2 1 1 4063 4517 4511
4265 2 2 1 1 4684 4688 4687
4266 2 2 1 1 5640 7318 5641
4267 2 2 1 1 441 5778 20
4268 2 2 1 1 443 5386 50
4269 2 2 1 1 378 5387 55
4270 2 2 1 1 257 6037 409
4271 2 2 1 1 597 5907 975
4272 2 2 1 1 1938 6185 806
4273 2 2 1 1 1743 5102 1585
4274 2 2 1 1 2192 6288 4833
4275 2 2 1 1 2518 5128 2790
4276 2 2 1 1 2743 5294 4205
4277 2 2 1 1 3285 3905 3284
4278 2 2 1 1 3395 4471 4470
4279 2 2 1 1 3749 5327 3752
4280 2 2 1 1 5111 5529 4161
4281 2 2 1 1 943 5792 941
4282 2 2 1 1 1336 5610 1455
4283 2 2 1 1 1513 5743 2114
4284 2 2 1 1 5318 6728 2132
4285 2 2 1 1 2789 4018 2485
4286 2 2 1 1 2501 3072 2500
4287 2 2 1 1 5260 6541 2538
4288 2 2 1 1 3136 4177 2808
4289 2 2 1 1 3361 4441 4066
4290 2 2 1 1 3423 4429 4428
4291 2 2 1 1 5221 5270 3492
4292 2 2 1 1 4035 6414 3707
4293 2 2 1 1 3760 4198 3761
4294 2 2 1 1 4028 4858 4857
4295 2 2 1 1 4481 4482 4480
4296 2 2 1 1 5331 6806 4979
4297 2 2 1 1 29 6121 28
4298 2 2 1 1 50 5386 49
4299 2 2 1 1 52 5799 51
4300 2 2 1 1 55 5387 54
4301 2 2 1 1 59 5391 58
4302 2 2 1 1 430 5531 5530
4303 2 2 1 1 5640 5641 444
4304 2 2 1 1 818 5962 820
4305 2 2 1 1 866 5495 942
4306 2 2 1 1 962 5264 961
4307 2 2 1 1 5825 6456 1120
4308 2 2 1 1 1132 5447 1130
4309 2 2 1 1 1259 1261 1258
4310 2 2 1 1 1340 2909 1383
4311 2 2 1 1 1347 1384 1346
4312 2 2 1 1 1660 6556 6059
4313 2 2 1 1 1851 6092 1987
4314 2 2 1 1 2157 5564 1859
4315 2 2 1 1 2583 3202 1950
4316 2 2 1 1 1981 5776 1980
4317 2 2 1 1 2059 6461 6114
4318 2 2 1 1 2088 5259 5258
4319 2 2 1 1 2097 5001 2490
4320 2 2 1 1 3511 3512 2175
4321 2 2 1 1 2325 2347 2340
4322 2 2 1 1 2797 5045 2487
4323 2 2 1 1 2489 2783 2488
4324 2 2 1 1 3187 5222 2751
4325 2 2 1 1 2772 3333 2773
4326 2 2 1 1 3578 3579 2837
4327 2 2 1 1 2843 2845 2844
4328 2 2 1 1 2942 5966 2939
4329 2 2 1 1 3062 5016 5015
4330 2 2 1 1 3095 4904 3354
4331 2 2 1 1 3126 3484 3301
4332 2 2 1 1 3372 4452 3371
4333 2 2 1 1 3431 3825 3429
4334 2 2 1 1 3592 5721 5719
4335 2 2 1 1 4928 6899 3653
4336 2 2 1 1 6179 6753 3659
4337 2 2 1 1 3847 6232 3813
4338 2 2 1 1 3826 3827 3825
4339 2 2 1 1 3876 4851 4850
4340 2 2 1 1 4735 6970 3946
4341 2 2 1 1 4107 4567 4109
4342 2 2 1 1 5256 5257 4164
4343 2 2 1 1 5257 5258 4164
4344 2 2 1 1 4905 4906 4214
4345 2 2 1 1 4756 4759 4755
4346 2 2 1 1 5114 6769 6498
4347 2 2 1 1 5223 5358 5224
4348 2 2 1 1 5357 6106 5235
4349 2 2 1 1 6357 6527 6356
4350 2 2 1 1 831 834 833
4351 2 2 1 1 1512 6101 5503
4352 2 2 1 1 5112 5552 1531
4353 2 2 1 1 1784 5587 4294
4354 2 2 1 1 1967 2562 2561
4355 2 2 1 1 2251 5879 5238
4356 2 2 1 1 2264 2266 2265
4357 2 2 1 1 2907 6290 2286
4358 2 2 1 1 2342 2365 2319
4359 2 2 1 1 2560 6864 6270
4360 2 2 1 1 2958 2959 2562
4361 2 2 1 1 2562 6283 3188
4362 2 2 1 1 2791 5314 2805
4363 2 2 1 1 3029 3030 2793
4364 2 2 1 1 3188 3978 3440
4365 2 2 1 1 3256 5247 5246
4366 2 2 1 1 3977 4761 3327
4367 2 2 1 1 3686 4243 3684
4368 2 2 1 1 3735 5614 3736
4369 2 2 1 1 5259 5876 3811
4370 2 2 1 1 6101 6859 4234
4371 2 2 1 1 4572 4574 4573
4372 2 2 1 1 5674 6319 5675
4373 2 2 1 1 670 2371 673
4374 2 2 1 1 5361 5521 688
4375 2 2 1 1 698 699 697
4376 2 2 1 1 704 705 703
4377 2 2 1 1 718 719 716
4378 2 2 1 1 720 721 719
4379 2 2 1 1 924 5385 773
4380 2 2 1 1 807 831 830
4381 2 2 1 1 822 5063 836
4382 2 2 1 1 937 938 934
4383 2 2 1 1 980 981 938
4384 2 2 1 1 1072 5836 5835
4385 2 2 1 1 2197 5850 1083
4386 2 2 1 1 1355 6455 1094
4387 2 2 1 1 1096 1098 1097
4388 2 2 1 1 1335 5930 1227
4389 2 2 1 1 1429 3258 1278
4390 2 2 1 1 1287 1289 1288
4391 2 2 1 1 1339 4978 4977
4392 2 2 1 1 1396 1521 1520
4393 2 2 1 1 1405 1406 1404
4394 2 2 1 1 1517 5421 1409
4395 2 2 1 1 1835 1836 1638
4396 2 2 1 1 1889 1890 1661
4397 2 2 1 1 2427 2428 1890
4398 2 2 1 1 2518 2519 1928
4399 2 2 1 1 2049 2050 2048
4400 2 2 1 1 2051 2052 2050
4401 2 2 1 1 2057 2060 2056
4402 2 2 1 1 2061 2062 2060
4403 2 2 1 1 2063 2064 2062
4404 2 2 1 1 2069 2070 2068
4405 2 2 1 1 2069 6019 2232
4406 2 2 1 1 2075 2076 2074
4407 2 2 1 1 2142 2148 2144
4408 2 2 1 1 2589 5433 2591
4409 2 2 1 1 2627 5434 2596
4410 2 2 1 1 2626 3737 3279
4411 2 2 1 1 2631 5451 3033
4412 2 2 1 1 2632 2885 2884
4413 2 2 1 1 3020 6099 2632
4414 2 2 1 1 4382 5618 2663
4415 2 2 1 1 3039 5703 2668
4416 2 2 1 1 5492 6029 2861
4417 2 2 1 1 2885 3010 3008
4418 2 2 1 1 3302 3303 3010
4419 2 2 1 1 4361 5289 3149
4420 2 2 1 1 3216 4104 4103
4421 2 2 1 1 4430 6682 3455
4422 2 2 1 1 3471 3474 3473
4423 2 2 1 1 3497 6508 4172
4424 2 2 1 1 3550 5439 3612
4425 2 2 1 1 3621 3773 3620
4426 2 2 1 1 5438 6172 3770
4427 2 2 1 1 3774 3775 3773
4428 2 2 1 1 3911 5871 5870
4429 2 2 1 1 3950 5527 4153
4430 2 2 1 1 3967 3969 3968
4431 2 2 1 1 4816 4817 4815
4432 2 2 1 1 5673 5843 5251
4433 2 2 1 1 5451 5873 5437
4434 2 2 1 1 5516 6088 5659
4435 2 2 1 1 5658 5705 5517
4436 2 2 1 1 5898 6070 5932
4437 2 2 1 1 895 5791 2607
4438 2 2 1 1 1370 6178 933
4439 2 2 1 1 994 5911 1058
4440 2 2 1 1 1065 6280 1063
4441 2 2 1 1 1333 1423 1334
4442 2 2 1 1 1618 5653 1516
4443 2 2 1 1 1760 1883 1882
4444 2 2 1 1 1805 6214 1808
4445 2 2 1 1 2557 2558 1903
4446 2 2 1 1 2517 2816 1975
4447 2 2 1 1 3023 5971 2637
4448 2 2 1 1 2645 3026 3025
4449 2 2 1 1 2741 3164 3163
4450 2 2 1 1 3050 3861 3048
4451 2 2 1 1 3676 5707 5706
4452 2 2 1 1 3763 4250 4249
4453 2 2 1 1 49 5386 363
4454 2 2 1 1 51 5799 443
4455 2 2 1 1 58 5391 437
4456 2 2 1 1 683 684 681
4457 2 2 1 1 681 5360 2201
4458 2 2 1 1 689 690 688
4459 2 2 1 1 2251 5837 702
4460 2 2 1 1 6184 6316 703
4461 2 2 1 1 766 2628 2163
4462 2 2 1 1 1143 5447 1132
4463 2 2 1 1 1147 1150 1149
4464 2 2 1 1 2833 5814 1636
4465 2 2 1 1 1850 1930 1929
4466 2 2 1 1 2035 5256 2034
4467 2 2 1 1 3488 5066 2190
4468 2 2 1 1 2244 2482 2481
4469 2 2 1 1 2257 6543 2256
4470 2 2 1 1 2404 2409 2408
4471 2 2 1 1 2540 2541 2409
4472 2 2 1 1 2451 2453 2452
4473 2 2 1 1 2807 6559 2514
4474 2 2 1 1 3411 3863 2794
4475 2 2 1 1 2801 3466 2802
4476 2 2 1 1 6571 6615 2867
4477 2 2 1 1 4182 5067 2927
4478 2 2 1 1 3018 4114 3958
4479 2 2 1 1 3120 4190 4189
4480 2 2 1 1 3297 4819 4373
4481 2 2 1 1 3395 4470 4076
4482 2 2 1 1 3598 6530 3466
4483 2 2 1 1 3492 5270 4457
4484 2 2 1 1 4616 4617 3669
4485 2 2 1 1 3758 6190 3754
4486 2 2 1 1 5582 5583 3816
4487 2 2 1 1 3828 3830 3829
4488 2 2 1 1 3845 4325 3846
4489 2 2 1 1 4173 4174 3864
4490 2 2 1 1 3877 4439 4064
4491 2 2 1 1 4986 6385 4194
4492 2 2 1 1 4824 4905 4214
4493 2 2 1 1 4307 4648 4308
4494 2 2 1 1 4589 4596 4586
4495 2 2 1 1 4671 5634 4674
4496 2 2 1 1 4978 4979 4977
4497 2 2 1 1 5146 5148 5142
4498 2 2 1 1 6147 6633 5344
4499 2 2 1 1 802 5959 2860
4500 2 2 1 1 955 6058 3642
4501 2 2 1 1 1145 1147 1146
4502 2 2 1 1 1397 1399 1398
4503 2 2 1 1 1467 5166 4961
4504 2 2 1 1 1523 1666 1522
4505 2 2 1 1 1626 2552 1738
4506 2 2 1 1 1891 1892 1737
4507 2 2 1 1 2093 6430 5151
4508 2 2 1 1 5877 6238 2160
4509 2 2 1 1 3468 5514 2802
4510 2 2 1 1 4004 4005 3039
4511 2 2 1 1 3397 3510 3053
4512 2 2 1 1 3480 6022 3477
4513 2 2 1 1 3564 4740 4668
4514 2 2 1 1 4286 6601 6529
4515 2 2 1 1 4922 4924 4923
4516 2 2 1 1 5104 5106 5105
4517 2 2 1 1 5475 5652 5477
4518 2 2 1 1 20 5778 19
4519 2 2 1 1 568 5831 5263
4520 2 2 1 1 2860 4403 804
4521 2 2 1 1 5649 6337 890
4522 2 2 1 1 941 5792 1059
4523 2 2 1 1 2014 6226 1837
4524 2 2 1 1 2603 5453 5452
4525 2 2 1 1 2812 5739 3505
4526 2 2 1 1 3032 3083 3031
4527 2 2 1 1 3161 3850 3849
4528 2 2 1 1 3209 3809 3208
4529 2 2 1 1 3483 4129 3482
4530 2 2 1 1 4440 4499 4065
4531 2 2 1 1 4460 4495 4461
4532 2 2 1 1 6325 6406 5707
4533 2 2 1 1 656 5383 658
4534 2 2 1 1 875 5770 1329
4535 2 2 1 1 1318 5612 5332
4536 2 2 1 1 5606 5607 1369
4537 2 2 1 1 1790 2925 2924
4538 2 2 1 1 2477 2478 1984
4539 2 2 1 1 2537 5221 2536
4540 2 2 1 1 3269 5221 2537
4541 2 2 1 1 3663 6108 2580
4542 2 2 1 1 3006 3461 3059
4543 2 2 1 1 3562 3563 3178
4544 2 2 1 1 4961 6527 3523
4545 2 2 1 1 3573 6126 5433
4546 2 2 1 1 5740 5741 3772
4547 2 2 1 1 4362 7034 7025
4548 2 2 1 1 4814 4816 4815
4549 2 2 1 1 7025 7034 5577
4550 2 2 1 1 617 618 616
4551 2 2 1 1 633 3035 2476
4552 2 2 1 1 671 6055 669
4553 2 2 1 1 803 5149 808
4554 2 2 1 1 808 5557 832
4555 2 2 1 1 965 5264 962
4556 2 2 1 1 1294 1333 1332
4557 2 2 1 1 1446 3525 1331
4558 2 2 1 1 6163 6164 1672
4559 2 2 1 1 1859 1860 1734
4560 2 2 1 1 4255 5785 2595
4561 2 2 1 1 2678 5976 3332
4562 2 2 1 1 2737 3180 3179
4563 2 2 1 1 3132 3324 2855
4564 2 2 1 1 2947 5636 3577
4565 2 2 1 1 4146 6903 3159
4566 2 2 1 1 4203 5918 3192
4567 2 2 1 1 3873 4389 3325
4568 2 2 1 1 3369 4065 3367
4569 2 2 1 1 3450 4667 3452
4570 2 2 1 1 3807 3815 3814
4571 2 2 1 1 4058 4099 4098
4572 2 2 1 1 4132 4733 4134
4573 2 2 1 1 78 5393 379
4574 2 2 1 1 5789 6037 258
4575 2 2 1 1 1229 6038 1312
4576 2 2 1 1 1955 1956 1869
4577 2 2 1 1 1986 4897 2761
4578 2 2 1 1 2226 6083 5558
4579 2 2 1 1 2301 2305 2300
4580 2 2 1 1 2673 2858 2465
4581 2 2 1 1 5952 6673 2517
4582 2 2 1 1 2706 3037 2705
4583 2 2 1 1 2803 3119 3117
4584 2 2 1 1 2853 3509 2854
4585 2 2 1 1 3349 5153 2931
4586 2 2 1 1 3084 3419 3083
4587 2 2 1 1 3347 4093 4092
4588 2 2 1 1 4460 4461 3365
4589 2 2 1 1 3385 5183 3383
4590 2 2 1 1 3757 5670 3759
4591 2 2 1 1 6109 6350 4177
4592 2 2 1 1 6452 7293 4385
4593 2 2 1 1 5660 6646 6459
4594 2 2 1 1 1184 1304 1214
4595 2 2 1 1 5284 6177 1337
4596 2 2 1 1 2283 2285 2284
4597 2 2 1 1 2326 5883 2325
4598 2 2 1 1 3090 4300 2530
4599 2 2 1 1 2559 6074 3144
4600 2 2 1 1 3015 4850 3929
4601 2 2 1 1 4072 4445 3490
4602 2 2 1 1 4742 6613 3524
4603 2 2 1 1 3642 4907 3644
4604 2 2 1 1 3897 5568 5567
4605 2 2 1 1 5944 5945 5943
4606 2 2 1 1 91 5973 90
4607 2 2 1 1 121 5940 120
4608 2 2 1 1 125 5941 124
4609 2 2 1 1 141 6130 140
4610 2 2 1 1 144 6444 143
4611 2 2 1 1 153 5801 152
4612 2 2 1 1 159 5367 158
4613 2 2 1 1 188 5532 187
4614 2 2 1 1 190 5804 189
4615 2 2 1 1 195 5672 194
4616 2 2 1 1 199 5948 198
4617 2 2 1 1 207 5625 206
4618 2 2 1 1 213 5806 212
4619 2 2 1 1 233 5442 232
4620 2 2 1 1 467 468 466
4621 2 2 1 1 4993 4994 792
4622 2 2 1 1 858 1615 846
4623 2 2 1 1 1005 1007 1006
4624 2 2 1 1 1007 1009 1008
4625 2 2 1 1 1040 6697 1226
4626 2 2 1 1 1059 2571 1434
4627 2 2 1 1 1102 1104 1103
4628 2 2 1 1 1104 1106 1105
4629 2 2 1 1 1262 1263 1261
4630 2 2 1 1 1876 2560 1362
4631 2 2 1 1 1799 5737 1797
4632 2 2 1 1 1917 3215 3186
4633 2 2 1 1 1920 4927 1944
4634 2 2 1 1 2001 2003 2002
4635 2 2 1 1 2568 6640 6134
4636 2 2 1 1 3321 3322 2646
4637 2 2 1 1 2657 2658 2655
4638 2 2 1 1 2657 6134 4295
4639 2 2 1 1 2712 3055 2711
4640 2 2 1 1 2893 4195 3342
4641 2 2 1 1 3569 5554 4896
4642 2 2 1 1 3849 5116 4201
4643 2 2 1 1 5522 6342 4203
4644 2 2 1 1 4320 6557 6514
4645 2 2 1 1 5005 5018 5003
4646 2 2 1 1 5340 5346 5344
4647 2 2 1 1 5988 5991 5990
4648 2 2 1 1 483 5198 972
4649 2 2 1 1 495 496 494
4650 2 2 1 1 503 504 502
4651 2 2 1 1 512 5992 593
4652 2 2 1 1 519 520 518
4653 2 2 1 1 520 5165 767
4654 2 2 1 1 525 526 524
4655 2 2 1 1 542 544 543
4656 2 2 1 1 546 548 547
4657 2 2 1 1 548 550 549
4658 2 2 1 1 550 552 551
4659 2 2 1 1 587 5684 553
4660 2 2 1 1 2861 5262 554
4661 2 2 1 1 567 568 566
4662 2 2 1 1 651 5733 586
4663 2 2 1 1 631 6104 627
4664 2 2 1 1 643 6015 640
4665 2 2 1 1 728 6090 2121
4666 2 2 1 1 845 6363 847
4667 2 2 1 1 935 2830 867
4668 2 2 1 1 970 2923 922
4669 2 2 1 1 1023 2271 1025
4670 2 2 1 1 1279 4900 1168
4671 2 2 1 1 1247 5734 1297
4672 2 2 1 1 1248 6107 1250
4673 2 2 1 1 5932 6070 1405
4674 2 2 1 1 1441 6955 5136
4675 2 2 1 1 1693 6505 1563
4676 2 2 1 1 1695 1963 1696
4677 2 2 1 1 1890 5980 5420
4678 2 2 1 1 1916 2465 1901
4679 2 2 1 1 3127 3128 1992
4680 2 2 1 1 2038 2040 2039
4681 2 2 1 1 2085 6013 2625
4682 2 2 1 1 2130 5623 5622
4683 2 2 1 1 2131 5713 4889
4684 2 2 1 1 2154 2225 2153
4685 2 2 1 1 2611 5876 2215
4686 2 2 1 1 5827 6028 2227
4687 2 2 1 1 2239 6151 6142
4688 2 2 1 1 2765 5965 2374
4689 2 2 1 1 2483 5816 2384
4690 2 2 1 1 2710 2993 2532
4691 2 2 1 1 2583 6148 3202
4692 2 2 1 1 3329 3497 2858
4693 2 2 1 1 3052 3053 2917
4694 2 2 1 1 3096 3266 2993
4695 2 2 1 1 3026 5845 3654
4696 2 2 1 1 3263 5048 3261
4697 2 2 1 1 3321 6405 3996
4698 2 2 1 1 3571 6441 6148
4699 2 2 1 1 3674 3712 3711
4700 2 2 1 1 3696 3698 3697
4701 2 2 1 1 3698 3700 3699
4702 2 2 1 1 3857 4314 3859
4703 2 2 1 1 4386 5440 3915
4704 2 2 1 1 3933 6843 5766
4705 2 2 1 1 3955 3956 3954
4706 2 2 1 1 4105 4611 4100
4707 2 2 1 1 6445 6612 4293
4708 2 2 1 1 4721 7067 4909
4709 2 2 1 1 4800 6583 4798
4710 2 2 1 1 5126 5621 5127
4711 2 2 1 1 5591 5899 5844
4712 2 2 1 1 5735 5819 5736
4713 2 2 1 1 5847 6474 6172
4714 2 2 1 1 5884 5886 5885
4715 2 2 1 1 5931 6629 6457
4716 2 2 1 1 6598 6651 6162
4717 2 2 1 1 868 2226 936
4718 2 2 1 1 3599 5792 943
4719 2 2 1 1 2186 5813 988
4720 2 2 1 1 990 5628 2430
4721 2 2 1 1 1033 2013 1038
4722 2 2 1 1 1071 5275 1176
4723 2 2 1 1 1814 1815 1812
4724 2 2 1 1 2174 6379 3135
4725 2 2 1 1 4014 4872 2575
4726 2 2 1 1 2912 6536 6023
4727 2 2 1 1 3202 5820 5819
4728 2 2 1 1 3396 4418 4417
4729 2 2 1 1 5723 6149 3632
4730 2 2 1 1 4056 4058 4057
4731 2 2 1 1 4923 7038 6938
4732 2 2 1 1 5811 5971 5812
4733 2 2 1 1 6357 6662 6527
4734 2 2 1 1 30 5758 336
4735 2 2 1 1 38 5523 37
4736 2 2 1 1 259 5789 258
4737 2 2 1 1 649 5024 739
4738 2 2 1 1 725 727 726
4739 2 2 1 1 727 730 728
4740 2 2 1 1 5839 5950 729
4741 2 2 1 1 5336 6090 731
4742 2 2 1 1 751 5841 741
4743 2 2 1 1 1061 5781 899
4744 2 2 1 1 936 5558 984
4745 2 2 1 1 989 5695 992
4746 2 2 1 1 1048 5652 997
4747 2 2 1 1 2116 5857 1133
4748 2 2 1 1 1299 1316 1315
4749 2 2 1 1 2901 5860 1299
4750 2 2 1 1 1366 5548 1319
4751 2 2 1 1 1603 6161 6046
4752 2 2 1 1 3228 3229 1682
4753 2 2 1 1 2235 5868 1725
4754 2 2 1 1 1861 5564 2182
4755 2 2 1 1 2029 6069 3627
4756 2 2 1 1 2053 2055 2054
4757 2 2 1 1 2066 5427 3615
4758 2 2 1 1 2067 2069 2068
4759 2 2 1 1 2176 6289 2258
4760 2 2 1 1 2455 2480 2472
4761 2 2 1 1 3278 5565 2765
4762 2 2 1 1 4177 4178 2808
4763 2 2 1 1 3087 3088 2839
4764 2 2 1 1 2871 6204 2873
4765 2 2 1 1 3263 5049 5048
4766 2 2 1 1 3787 3917 3295
4767 2 2 1 1 3388 3389 3387
4768 2 2 1 1 3388 3390 3389
4769 2 2 1 1 3491 4444 4072
4770 2 2 1 1 4028 4857 3532
4771 2 2 1 1 4281 5969 3606
4772 2 2 1 1 6017 6687 3625
4773 2 2 1 1 3756 3896 3757
4774 2 2 1 1 4406 4407 3863
4775 2 2 1 1 6846 7039 3925
4776 2 2 1 1 4037 6035 6034
4777 2 2 1 1 4069 4562 4199
4778 2 2 1 1 4157 4639 4188
4779 2 2 1 1 5258 6232 4164
4780 2 2 1 1 4251 6375 4252
4781 2 2 1 1 4794 6543 6436
4782 2 2 1 1 5050 5051 5049
4783 2 2 1 1 5516 5658 5517
4784 2 2 1 1 5908 6522 6368
4785 2 2 1 1 28 6121 5757
4786 2 2 1 1 343 5642 102
4787 2 2 1 1 2859 6176 778
4788 2 2 1 1 1037 1039 1032
4789 2 2 1 1 1237 4978 1339
4790 2 2 1 1 1526 6286 1482
4791 2 2 1 1 3855 5096 1691
4792 2 2 1 1 1752 1754 1753
4793 2 2 1 1 1895 1897 1764
4794 2 2 1 1 4887 6281 1824
4795 2 2 1 1 1911 3011 1934
4796 2 2 1 1 2196 6072 5302
4797 2 2 1 1 3184 3185 2213
4798 2 2 1 1 2462 2659 2461
4799 2 2 1 1 3267 3268 2537
4800 2 2 1 1 2684 4965 2682
4801 2 2 1 1 3378 3379 3377
4802 2 2 1 1 4033 5694 5639
4803 2 2 1 1 5790 6128 4251
4804 2 2 1 1 4756 4760 4759
4805 2 2 1 1 5541 6534 5542
4806 2 2 1 1 5937 6062 5639
4807 2 2 1 1 5161 5838 719
4808 2 2 1 1 968 978 977
4809 2 2 1 1 1483 5913 1525
4810 2 2 1 1 1679 6133 1680
4811 2 2 1 1 1844 2576 2185
4812 2 2 1 1 1935 5551 2853
4813 2 2 1 1 2667 3458 1970
4814 2 2 1 1 2479 6655 2778
4815 2 2 1 1 2692 2696 2693
4816 2 2 1 1 3131 3132 2855
4817 2 2 1 1 3156 6327 4197
4818 2 2 1 1 3220 4959 4277
4819 2 2 1 1 6648 6729 3225
4820 2 2 1 1 3485 3486 3301
4821 2 2 1 1 3438 4420 4412
4822 2 2 1 1 3989 4038 3459
4823 2 2 1 1 6960 7106 3991
4824 2 2 1 1 5502 6723 6149
4825 2 2 1 1 7365 7367 5668
4826 2 2 1 1 204 413 203
4827 2 2 1 1 206 360 205
4828 2 2 1 1 214 384 213
4829 2 2 1 1 221 5760 220
4830 2 2 1 1 226 5762 225
4831 2 2 1 1 234 414 233
4832 2 2 1 1 236 374 235
4833 2 2 1 1 239 401 238
4834 2 2 1 1 241 451 240
4835 2 2 1 1 376 6009 5460
4836 2 2 1 1 580 1193 577
4837 2 2 1 1 832 5557 1190
4838 2 2 1 1 1036 5100 2105
4839 2 2 1 1 1391 1530 1469
4840 2 2 1 1 1866 1985 1775
4841 2 2 1 1 1925 6531 1977
4842 2 2 1 1 1983 1984 1927
4843 2 2 1 1 2105 7013 4657
4844 2 2 1 1 2515 4692 3732
4845 2 2 1 1 2553 5888 3125
4846 2 2 1 1 3565 5469 2842
4847 2 2 1 1 5142 5148 3086
4848 2 2 1 1 3406 3409 3408
4849 2 2 1 1 4975 6513 4176
4850 2 2 1 1 5280 6003 4926
4851 2 2 1 1 5172 5173 5171
4852 2 2 1 1 117 5493 116
4853 2 2 1 1 327 5520 5519
4854 2 2 1 1 343 5643 5642
4855 2 2 1 1 586 5733 584
4856 2 2 1 1 592 651 586
4857 2 2 1 1 986 5362 4124
4858 2 2 1 1 1031 5268 1033
4859 2 2 1 1 1237 1238 1173
4860 2 2 1 1 1460 1461 1417
4861 2 2 1 1 1523 6179 1667
4862 2 2 1 1 1899 1900 1665
4863 2 2 1 1 3159 3508 1896
4864 2 2 1 1 1969 1970 1900
4865 2 2 1 1 2468 2469 1904
4866 2 2 1 1 1971 6062 5937
4867 2 2 1 1 1978 2517 1975
4868 2 2 1 1 2431 3587 2186
4869 2 2 1 1 2400 5740 2955
4870 2 2 1 1 2493 2793 2792
4871 2 2 1 1 3659 3660 2898
4872 2 2 1 1 3163 6274 3710
4873 2 2 1 1 4210 4211 3207
4874 2 2 1 1 3281 3721 3280
4875 2 2 1 1 3459 5637 3458
4876 2 2 1 1 3481 3482 3480
4877 2 2 1 1 3494 3496 3495
4878 2 2 1 1 5964 6096 3573
4879 2 2 1 1 3722 3723 3721
4880 2 2 1 1 4350 4351 3723
4881 2 2 1 1 3930 3932 3931
4882 2 2 1 1 4001 4236 4049
4883 2 2 1 1 4033 5639 4032
4884 2 2 1 1 4159 5999 4670
4885 2 2 1 1 4942 4944 4943
4886 2 2 1 1 43 448 42
4887 2 2 1 1 572 573 570
4888 2 2 1 1 822 836 828
4889 2 2 1 1 911 912 910
4890 2 2 1 1 965 5690 5264
4891 2 2 1 1 1059 5792 2571
4892 2 2 1 1 1149 2368 1146
4893 2 2 1 1 2106 2822 1151
4894 2 2 1 1 1154 1183 1152
4895 2 2 1 1 1153 1156 1155
4896 2 2 1 1 1158 5396 1155
4897 2 2 1 1 2174 3133 1160
4898 2 2 1 1 1215 1419 1186
4899 2 2 1 1 1187 1217 1216
4900 2 2 1 1 1218 1221 1220
4901 2 2 1 1 1222 1240 1224
4902 2 2 1 1 1245 1248 1247
4903 2 2 1 1 1297 5734 3283
4904 2 2 1 1 1391 1531 1530
4905 2 2 1 1 1621 5736 1519
4906 2 2 1 1 1695 2131 1963
4907 2 2 1 1 2412 6089 1826
4908 2 2 1 1 1850 1929 1849
4909 2 2 1 1 1983 2477 1984
4910 2 2 1 1 2052 4986 2050
4911 2 2 1 1 2297 6290 6266
4912 2 2 1 1 2763 2765 2374
4913 2 2 1 1 2380 2381 2379
4914 2 2 1 1 2382 2383 2381
4915 2 2 1 1 2384 5816 2383
4916 2 2 1 1 2733 5403 2386
4917 2 2 1 1 2507 3066 3065
4918 2 2 1 1 2512 3489 3075
4919 2 2 1 1 2528 2618 2529
4920 2 2 1 1 2694 4879 2688
4921 2 2 1 1 4981 6963 2733
4922 2 2 1 1 3344 6404 2773
4923 2 2 1 1 2839 3243 2836
4924 2 2 1 1 2896 3173 3171
4925 2 2 1 1 3025 3499 3024
4926 2 2 1 1 3129 5404 3025
4927 2 2 1 1 3096 3412 3266
4928 2 2 1 1 3545 3964 3129
4929 2 2 1 1 5610 5611 3200
4930 2 2 1 1 3244 5290 3734
4931 2 2 1 1 3263 5050 5049
4932 2 2 1 1 3272 6808 3274
4933 2 2 1 1 3273 4890 4280
4934 2 2 1 1 3378 4450 3380
4935 2 2 1 1 3411 4406 3863
4936 2 2 1 1 3465 4040 4039
4937 2 2 1 1 3493 4854 3703
4938 2 2 1 1 3518 3695 3519
4939 2 2 1 1 3588 6350 6109
4940 2 2 1 1 3888 4046 3624
4941 2 2 1 1 3635 4194 3633
4942 2 2 1 1 3634 3637 3636
4943 2 2 1 1 3646 5821 5820
4944 2 2 1 1 3727 4305 4304
4945 2 2 1 1 4279 6997 3862
4946 2 2 1 1 3892 6935 6692
4947 2 2 1 1 4038 7263 7254
4948 2 2 1 1 4423 4427 4073
4949 2 2 1 1 4077 4474 4078
4950 2 2 1 1 4484 4776 4077
4951 2 2 1 1 4618 4619 4190
4952 2 2 1 1 4207 4935 4934
4953 2 2 1 1 4219 6086 4218
4954 2 2 1 1 4302 4485 4301
4955 2 2 1 1 4590 4829 4594
4956 2 2 1 1 4756 4764 4760
4957 2 2 1 1 5342 5346 5340
4958 2 2 1 1 5458 5459 5457
4959 2 2 1 1 26 5756 25
4960 2 2 1 1 73 5788 438
4961 2 2 1 1 569 842 571
4962 2 2 1 1 576 577 575
4963 2 2 1 1 583 584 582
4964 2 2 1 1 583 5832 5394
4965 2 2 1 1 590 5726 588
4966 2 2 1 1 594 5727 590
4967 2 2 1 1 591 2464 595
4968 2 2 1 1 595 5907 597
4969 2 2 1 1 597 975 599
4970 2 2 1 1 609 5920 1917
4971 2 2 1 1 1499 5599 615
4972 2 2 1 1 2956 6015 643
4973 2 2 1 1 695 740 696
4974 2 2 1 1 702 5837 704
4975 2 2 1 1 707 976 705
4976 2 2 1 1 706 6153 708
4977 2 2 1 1 708 2220 710
4978 2 2 1 1 714 717 716
4979 2 2 1 1 718 722 720
4980 2 2 1 1 720 5242 723
4981 2 2 1 1 723 1990 725
4982 2 2 1 1 725 6317 727
4983 2 2 1 1 5837 5839 729
4984 2 2 1 1 734 5336 731
4985 2 2 1 1 736 2029 747
4986 2 2 1 1 761 5385 2902
4987 2 2 1 1 775 5337 777
4988 2 2 1 1 779 5842 781
4989 2 2 1 1 842 2208 2207
4990 2 2 1 1 5249 5265 976
4991 2 2 1 1 1047 1048 997
4992 2 2 1 1 1057 5744 1856
4993 2 2 1 1 1082 5850 1210
4994 2 2 1 1 1090 6552 6487
4995 2 2 1 1 1121 6837 2162
4996 2 2 1 1 1130 2394 1128
4997 2 2 1 1 1135 1138 1137
4998 2 2 1 1 3517 5317 1183
4999 2 2 1 1 1447 6218 1203
5000 2 2 1 1 1228 1336 1335
5001 2 2 1 1 1320 5970 1317
5002 2 2 1 1 1319 5548 1321
5003 2 2 1 1 1351 6242 1324
5004 2 2 1 1 1366 5549 5548
5005 2 2 1 1 1423 1556 1555
5006 2 2 1 1 1455 5610 3200
5007 2 2 1 1 4312 5321 1488
5008 2 2 1 1 1645 5702 1507
5009 2 2 1 1 1519 5736 5468
5010 2 2 1 1 1597 5559 1936
5011 2 2 1 1 1951 1952 1648
5012 2 2 1 1 1704 2460 1702
5013 2 2 1 1 1729 1831 1727
5014 2 2 1 1 1728 1731 1730
5015 2 2 1 1 1733 6048 1730
5016 2 2 1 1 2370 4912 1750
5017 2 2 1 1 2856 5424 1831
5018 2 2 1 1 2700 5616 1833
5019 2 2 1 1 1868 1954 1869
5020 2 2 1 1 1909 1911 1910
5021 2 2 1 1 1916 5277 3216
5022 2 2 1 1 5337 5338 1919
5023 2 2 1 1 1979 2530 1931
5024 2 2 1 1 1934 2803 2550
5025 2 2 1 1 1936 3766 3765
5026 2 2 1 1 1957 6364 2633
5027 2 2 1 1 2748 2749 2011
5028 2 2 1 1 3627 6165 2031
5029 2 2 1 1 2045 5933 2047
5030 2 2 1 1 2048 6263 2046
5031 2 2 1 1 2053 5601 2055
5032 2 2 1 1 2068 5657 2065
5033 2 2 1 1 2066 2079 2067
5034 2 2 1 1 2082 5428 2077
5035 2 2 1 1 2084 2397 2082
5036 2 2 1 1 2083 6013 2085
5037 2 2 1 1 3587 5813 2186
5038 2 2 1 1 2221 5250 5249
5039 2 2 1 1 2278 2280 2279
5040 2 2 1 1 2840 5042 2278
5041 2 2 1 1 2285 2287 2286
5042 2 2 1 1 2306 2311 2308
5043 2 2 1 1 2325 2340 2316
5044 2 2 1 1 2337 2345 2339
5045 2 2 1 1 2358 2432 2356
5046 2 2 1 1 2366 5886 5884
5047 2 2 1 1 2453 2454 2452
5048 2 2 1 1 2504 2505 2503
5049 2 2 1 1 2779 3090 2530
5050 2 2 1 1 2570 6091 5874
5051 2 2 1 1 2600 2896 2895
5052 2 2 1 1 2725 5152 3092
5053 2 2 1 1 3589 4119 2731
5054 2 2 1 1 2764 5818 2763
5055 2 2 1 1 2766 3876 3015
5056 2 2 1 1 2820 2990 2984
5057 2 2 1 1 5264 5436 2862
5058 2 2 1 1 3536 5517 2875
5059 2 2 1 1 5475 5476 2901
5060 2 2 1 1 3592 6230 2905
5061 2 2 1 1 2929 2931 2930
5062 2 2 1 1 2929 2932 2931
5063 2 2 1 1 3097 3098 2947
5064 2 2 1 1 2953 5705 5658
5065 2 2 1 1 3692 3693 2972
5066 2 2 1 1 3604 3605 3027
5067 2 2 1 1 3035 5790 4251
5068 2 2 1 1 3235 3337 3046
5069 2 2 1 1 3413 3414 3061
5070 2 2 1 1 3363 3364 3073
5071 2 2 1 1 3080 4132 3416
5072 2 2 1 1 3080 4133 4132
5073 2 2 1 1 3135 3502 3501
5074 2 2 1 1 3148 4122 3149
5075 2 2 1 1 5508 5509 3152
5076 2 2 1 1 3192 5918 3179
5077 2 2 1 1 3193 4274 4204
5078 2 2 1 1 5561 6434 3201
5079 2 2 1 1 3219 5594 3217
5080 2 2 1 1 3219 6649 5416
5081 2 2 1 1 3254 4139 3253
5082 2 2 1 1 4059 4206 3344
5083 2 2 1 1 3390 3392 3391
5084 2 2 1 1 3404 4081 4080
5085 2 2 1 1 3496 3870 3495
5086 2 2 1 1 4247 4248 3502
5087 2 2 1 1 3697 4932 3519
5088 2 2 1 1 3554 5798 3553
5089 2 2 1 1 3553 5797 5796
5090 2 2 1 1 3601 6156 3628
5091 2 2 1 1 3620 5228 3618
5092 2 2 1 1 3631 4867 3630
5093 2 2 1 1 5845 5899 3654
5094 2 2 1 1 3671 4987 3673
5095 2 2 1 1 3673 4240 3675
5096 2 2 1 1 3711 6575 6170
5097 2 2 1 1 5115 6461 3712
5098 2 2 1 1 3739 6706 6365
5099 2 2 1 1 4198 4865 3761
5100 2 2 1 1 3782 6264 4271
5101 2 2 1 1 4272 5840 3783
5102 2 2 1 1 3792 6607 4340
5103 2 2 1 1 3847 6554 4811
5104 2 2 1 1 5897 5904 3971
5105 2 2 1 1 4217 5601 5480
5106 2 2 1 1 5877 5979 4217
5107 2 2 1 1 5960 6195 4232
5108 2 2 1 1 4724 4725 4250
5109 2 2 1 1 5298 6632 4751
5110 2 2 1 1 5033 5035 5034
5111 2 2 1 1 5901 6071 5157
5112 2 2 1 1 5161 6204 5838
5113 2 2 1 1 5405 5726 5407
5114 2 2 1 1 6008 6723 5501
5115 2 2 1 1 5516 5659 5658
5116 2 2 1 1 5550 5860 5751
5117 2 2 1 1 5560 6506 5561
5118 2 2 1 1 5610 6000 5611
5119 2 2 1 1 6034 6035 5611
5120 2 2 1 1 5848 5862 5745
5121 2 2 1 1 5811 5812 5809
5122 2 2 1 1 444 5985 95
5123 2 2 1 1 605 6175 608
5124 2 2 1 1 614 5283 617
5125 2 2 1 1 617 2707 620
5126 2 2 1 1 756 768 755
5127 2 2 1 1 776 5718 774
5128 2 2 1 1 778 6176 776
5129 2 2 1 1 777 5337 1919
5130 2 2 1 1 5809 5810 932
5131 2 2 1 1 952 5474 985
5132 2 2 1 1 1100 1102 1101
5133 2 2 1 1 1106 1108 1107
5134 2 2 1 1 1114 1116 1115
5135 2 2 1 1 1117 1118 1116
5136 2 2 1 1 1182 1295 1239
5137 2 2 1 1 1190 5557 3993
5138 2 2 1 1 1226 1275 1198
5139 2 2 1 1 1448 1449 1351
5140 2 2 1 1 1358 5632 2960
5141 2 2 1 1 1461 1687 1417
5142 2 2 1 1 1498 6054 3176
5143 2 2 1 1 1510 6458 6018
5144 2 2 1 1 1527 1664 1528
5145 2 2 1 1 1747 5333 1580
5146 2 2 1 1 1659 1672 1671
5147 2 2 1 1 1860 6061 1734
5148 2 2 1 1 1748 5255 5254
5149 2 2 1 1 2164 2458 1831
5150 2 2 1 1 1839 1878 1838
5151 2 2 1 1 1842 1931 1843
5152 2 2 1 1 4117 5915 1864
5153 2 2 1 1 1898 5693 1899
5154 2 2 1 1 2181 2467 1898
5155 2 2 1 1 1935 2853 2250
5156 2 2 1 1 2124 3267 2537
5157 2 2 1 1 2157 6475 5564
5158 2 2 1 1 2635 6049 2458
5159 2 2 1 1 2727 2728 2467
5160 2 2 1 1 2609 2921 2608
5161 2 2 1 1 2725 3091 2726
5162 2 2 1 1 3005 5927 2928
5163 2 2 1 1 5226 5994 2968
5164 2 2 1 1 3997 4016 3036
5165 2 2 1 1 3249 5091 3677
5166 2 2 1 1 3448 3450 3449
5167 2 2 1 1 5794 6183 3530
5168 2 2 1 1 3740 6922 6718
5169 2 2 1 1 3763 4723 4250
5170 2 2 1 1 4184 4658 4657
5171 2 2 1 1 5639 5694 4236
5172 2 2 1 1 4236 5937 5639
5173 2 2 1 1 4803 5978 4805
5174 2 2 1 1 4938 4940 4939
5175 2 2 1 1 369 5801 153
5176 2 2 1 1 5532 5533 337
5177 2 2 1 1 454 455 418
5178 2 2 1 1 459 461 460
5179 2 2 1 1 465 467 466
5180 2 2 1 1 477 478 476
5181 2 2 1 1 507 509 508
5182 2 2 1 1 757 5299 509
5183 2 2 1 1 511 513 512
5184 2 2 1 1 517 519 518
5185 2 2 1 1 535 5292 532
5186 2 2 1 1 534 2239 536
5187 2 2 1 1 536 5303 538
5188 2 2 1 1 544 2426 546
5189 2 2 1 1 547 765 545
5190 2 2 1 1 552 2861 554
5191 2 2 1 1 573 5831 570
5192 2 2 1 1 608 611 610
5193 2 2 1 1 634 635 629
5194 2 2 1 1 633 2476 2475
5195 2 2 1 1 649 739 695
5196 2 2 1 1 723 5242 1990
5197 2 2 1 1 809 5395 789
5198 2 2 1 1 4994 5494 792
5199 2 2 1 1 2237 6066 829
5200 2 2 1 1 837 851 838
5201 2 2 1 1 6756 6888 905
5202 2 2 1 1 908 911 910
5203 2 2 1 1 942 5495 3595
5204 2 2 1 1 1010 1368 1008
5205 2 2 1 1 1012 5363 1010
5206 2 2 1 1 1014 3655 1012
5207 2 2 1 1 1018 1019 1016
5208 2 2 1 1 1052 1180 1051
5209 2 2 1 1 1170 5101 1166
5210 2 2 1 1 1167 1276 1171
5211 2 2 1 1 1281 1360 1170
5212 2 2 1 1 1181 1301 1180
5213 2 2 1 1 1256 1257 1255
5214 2 2 1 1 1265 1266 1264
5215 2 2 1 1 1269 1270 1268
5216 2 2 1 1 1270 1272 1271
5217 2 2 1 1 1276 1325 1277
5218 2 2 1 1 1319 1320 1317
5219 2 2 1 1 1318 1328 1327
5220 2 2 1 1 1325 1420 1326
5221 2 2 1 1 1361 1362 1360
5222 2 2 1 1 1411 1876 1362
5223 2 2 1 1 2016 2991 1363
5224 2 2 1 1 2851 4918 1436
5225 2 2 1 1 1437 1439 1438
5226 2 2 1 1 1746 1747 1580
5227 2 2 1 1 1592 6591 5310
5228 2 2 1 1 4704 5038 1677
5229 2 2 1 1 1828 1842 1829
5230 2 2 1 1 1830 5997 3981
5231 2 2 1 1 2699 2700 1833
5232 2 2 1 1 1959 2228 1860
5233 2 2 1 1 2565 5211 1996
5234 2 2 1 1 2004 2568 2005
5235 2 2 1 1 2007 2657 2655
5236 2 2 1 1 2062 5655 2093
5237 2 2 1 1 2065 5657 2064
5238 2 2 1 1 2076 3589 2731
5239 2 2 1 1 2085 2090 2084
5240 2 2 1 1 2098 2534 2533
5241 2 2 1 1 2140 2141 2138
5242 2 2 1 1 2211 2767 2210
5243 2 2 1 1 2239 5304 5303
5244 2 2 1 1 2264 6146 2266
5245 2 2 1 1 2333 2334 2331
5246 2 2 1 1 2337 2338 2335
5247 2 2 1 1 2383 2386 2381
5248 2 2 1 1 2387 2392 2386
5249 2 2 1 1 2400 2954 2399
5250 2 2 1 1 3982 3983 2413
5251 2 2 1 1 2439 2441 2440
5252 2 2 1 1 2534 2712 2711
5253 2 2 1 1 3264 5704 2616
5254 2 2 1 1 2744 3764 3251
5255 2 2 1 1 3252 3253 2745
5256 2 2 1 1 3174 5435 2746
5257 2 2 1 1 3276 4642 2758
5258 2 2 1 1 2814 2815 2813
5259 2 2 1 1 2979 5704 3823
5260 2 2 1 1 2988 3864 3257
5261 2 2 1 1 3056 5483 3055
5262 2 2 1 1 4408 5483 3094
5263 2 2 1 1 3095 3353 3352
5264 2 2 1 1 3964 5404 3129
5265 2 2 1 1 3138 3327 3326
5266 2 2 1 1 3215 6438 5160
5267 2 2 1 1 3246 3249 3248
5268 2 2 1 1 3274 4333 4332
5269 2 2 1 1 4771 6988 3298
5270 2 2 1 1 3321 3996 3974
5271 2 2 1 1 4024 4615 3322
5272 2 2 1 1 3348 4223 4222
5273 2 2 1 1 3363 4071 3364
5274 2 2 1 1 3401 4084 3400
5275 2 2 1 1 3596 4769 3433
5276 2 2 1 1 3499 5404 5400
5277 2 2 1 1 5212 6624 3506
5278 2 2 1 1 3806 5515 3544
5279 2 2 1 1 3546 3955 3954
5280 2 2 1 1 3578 6141 3579
5281 2 2 1 1 3607 4234 4233
5282 2 2 1 1 3675 6329 3674
5283 2 2 1 1 3714 6150 3706
5284 2 2 1 1 3774 5877 4217
5285 2 2 1 1 3780 6166 5563
5286 2 2 1 1 3803 3804 3802
5287 2 2 1 1 3874 4293 4253
5288 2 2 1 1 3955 5123 3956
5289 2 2 1 1 3986 4379 3985
5290 2 2 1 1 4137 6349 6109
5291 2 2 1 1 4999 5000 4180
5292 2 2 1 1 5304 5306 5305
5293 2 2 1 1 5307 6142 6120
5294 2 2 1 1 6932 6974 5307
5295 2 2 1 1 5310 6591 6509
5296 2 2 1 1 5475 5477 5476
5297 2 2 1 1 5666 6438 6225
5298 2 2 1 1 491 493 492
5299 2 2 1 1 493 495 494
5300 2 2 1 1 505 507 506
5301 2 2 1 1 513 515 514
5302 2 2 1 1 2166 5992 514
5303 2 2 1 1 515 517 516
5304 2 2 1 1 521 523 522
5305 2 2 1 1 523 525 524
5306 2 2 1 1 525 527 526
5307 2 2 1 1 1364 5168 525
5308 2 2 1 1 527 529 528
5309 2 2 1 1 529 531 530
5310 2 2 1 1 531 533 532
5311 2 2 1 1 624 625 533
5312 2 2 1 1 539 5308 537
5313 2 2 1 1 538 5488 540
5314 2 2 1 1 541 1194 539
5315 2 2 1 1 555 587 553
5316 2 2 1 1 554 5262 556
5317 2 2 1 1 557 6053 555
5318 2 2 1 1 556 561 558
5319 2 2 1 1 559 2399 557
5320 2 2 1 1 559 5830 2971
5321 2 2 1 1 561 563 562
5322 2 2 1 1 5779 5830 562
5323 2 2 1 1 563 565 564
5324 2 2 1 1 1646 5779 564
5325 2 2 1 1 1644 5626 565
5326 2 2 1 1 567 569 568
5327 2 2 1 1 577 5489 575
5328 2 2 1 1 584 3570 582
5329 2 2 1 1 5394 6040 589
5330 2 2 1 1 592 5726 5405
5331 2 2 1 1 5666 6225 616
5332 2 2 1 1 617 5283 2707
5333 2 2 1 1 626 627 625
5334 2 2 1 1 627 6104 3690
5335 2 2 1 1 638 641 637
5336 2 2 1 1 652 5405 1422
5337 2 2 1 1 656 657 655
5338 2 2 1 1 657 5606 1369
5339 2 2 1 1 658 5383 835
5340 2 2 1 1 660 661 659
5341 2 2 1 1 662 5379 2373
5342 2 2 1 1 670 671 669
5343 2 2 1 1 669 6055 1195
5344 2 2 1 1 807 5627 831
5345 2 2 1 1 820 822 821
5346 2 2 1 1 835 5381 5380
5347 2 2 1 1 6041 6079 917
5348 2 2 1 1 968 1042 978
5349 2 2 1 1 1020 1021 1019
5350 2 2 1 1 1051 5609 3575
5351 2 2 1 1 1164 5651 1054
5352 2 2 1 1 3733 5782 1252
5353 2 2 1 1 1253 1255 1254
5354 2 2 1 1 1259 6016 5547
5355 2 2 1 1 2136 2906 1260
5356 2 2 1 1 1303 5612 1301
5357 2 2 1 1 1540 2892 1303
5358 2 2 1 1 1557 5729 1394
5359 2 2 1 1 1395 1512 1511
5360 2 2 1 1 1511 5374 1614
5361 2 2 1 1 1559 1885 1561
5362 2 2 1 1 1562 1563 1560
5363 2 2 1 1 1627 2102 1832
5364 2 2 1 1 5465 6429 1635
5365 2 2 1 1 1694 1961 1693
5366 2 2 1 1 1707 5423 1947
5367 2 2 1 1 1715 1716 1714
5368 2 2 1 1 1756 2377 1768
5369 2 2 1 1 1815 1816 1812
5370 2 2 1 1 1899 5693 1971
5371 2 2 1 1 1962 2630 1961
5372 2 2 1 1 1993 3127 1992
5373 2 2 1 1 1999 5210 1995
5374 2 2 1 1 2041 5875 2039
5375 2 2 1 1 2137 6324 2139
5376 2 2 1 1 2139 2154 2153
5377 2 2 1 1 2208 2209 2207
5378 2 2 1 1 2208 5844 2425
5379 2 2 1 1 2248 5924 4034
5380 2 2 1 1 2644 5887 2423
5381 2 2 1 1 2462 2660 2659
5382 2 2 1 1 2470 2814 2813
5383 2 2 1 1 4013 4014 2575
5384 2 2 1 1 2587 2588 2586
5385 2 2 1 1 2589 2590 2588
5386 2 2 1 1 2591 5433 2594
5387 2 2 1 1 2596 5434 2593
5388 2 2 1 1 2626 2627 2596
5389 2 2 1 1 2650 2651 2649
5390 2 2 1 1 2650 5887 3604
5391 2 2 1 1 2651 5891 3250
5392 2 2 1 1 2661 2662 2660
5393 2 2 1 1 2697 3335 2693
5394 2 2 1 1 2736 6181 5730
5395 2 2 1 1 2738 3263 3261
5396 2 2 1 1 3262 3584 2739
5397 2 2 1 1 2768 3297 2767
5398 2 2 1 1 2861 6029 5262
5399 2 2 1 1 2951 3590 3550
5400 2 2 1 1 2954 5905 3614
5401 2 2 1 1 3648 5247 2974
5402 2 2 1 1 2986 3857 2985
5403 2 2 1 1 3857 3859 2985
5404 2 2 1 1 3026 3130 3129
5405 2 2 1 1 3067 3068 3066
5406 2 2 1 1 3130 3546 3545
5407 2 2 1 1 3654 5593 3130
5408 2 2 1 1 3144 3470 3145
5409 2 2 1 1 3842 4963 3166
5410 2 2 1 1 3314 3316 3315
5411 2 2 1 1 3454 3456 3455
5412 2 2 1 1 3939 4028 3532
5413 2 2 1 1 3869 5798 3554
5414 2 2 1 1 3575 5622 5621
5415 2 2 1 1 3591 6878 5651
5416 2 2 1 1 3681 3682 3680
5417 2 2 1 1 4246 5426 3781
5418 2 2 1 1 3798 5230 3866
5419 2 2 1 1 3957 5492 3955
5420 2 2 1 1 4471 4473 4472
5421 2 2 1 1 4797 5293 4799
5422 2 2 1 1 5622 5623 5127
5423 2 2 1 1 5199 6488 6473
5424 2 2 1 1 5405 5407 5406
5425 2 2 1 1 5419 5898 5829
5426 2 2 1 1 5784 5899 5626
5427 2 2 1 1 5740 6248 5741
5428 2 2 1 1 5844 5899 5845
5429 2 2 1 1 33 5752 32
5430 2 2 1 1 408 5493 117
5431 2 2 1 1 120 362 119
5432 2 2 1 1 362 5472 119
5433 2 2 1 1 122 445 121
5434 2 2 1 1 440 5589 274
5435 2 2 1 1 644 5935 636
5436 2 2 1 1 645 648 641
5437 2 2 1 1 641 6023 1914
5438 2 2 1 1 812 2179 844
5439 2 2 1 1 1367 5962 818
5440 2 2 1 1 3640 5499 862
5441 2 2 1 1 936 983 935
5442 2 2 1 1 1092 1355 1094
5443 2 2 1 1 1098 1161 1100
5444 2 2 1 1 1109 5122 1110
5445 2 2 1 1 1233 1235 1234
5446 2 2 1 1 1583 1585 1572
5447 2 2 1 1 1813 7159 5526
5448 2 2 1 1 1815 6831 1817
5449 2 2 1 1 1817 1820 1819
5450 2 2 1 1 2102 2103 1832
5451 2 2 1 1 1834 2190 2189
5452 2 2 1 1 1834 3488 2190
5453 2 2 1 1 1873 2407 1872
5454 2 2 1 1 2915 5924 1905
5455 2 2 1 1 2036 5286 2038
5456 2 2 1 1 2536 2538 2123
5457 2 2 1 1 2245 2611 2215
5458 2 2 1 1 2349 2522 2514
5459 2 2 1 1 2508 6268 2418
5460 2 2 1 1 2434 2435 2433
5461 2 2 1 1 2479 2705 2477
5462 2 2 1 1 2525 2721 2720
5463 2 2 1 1 2969 2985 2599
5464 2 2 1 1 2612 3244 2611
5465 2 2 1 1 2743 3207 3206
5466 2 2 1 1 2781 3366 3365
5467 2 2 1 1 3347 3348 2797
5468 2 2 1 1 3015 3929 3694
5469 2 2 1 1 3052 3396 3053
5470 2 2 1 1 3364 4144 3073
5471 2 2 1 1 3173 4298 3676
5472 2 2 1 1 3361 4066 3362
5473 2 2 1 1 3382 3384 3383
5474 2 2 1 1 3386 3388 3387
5475 2 2 1 1 4444 4493 4072
5476 2 2 1 1 4210 4954 4211
5477 2 2 1 1 5160 5665 4210
5478 2 2 1 1 4262 5377 4267
5479 2 2 1 1 6839 6963 4981
5480 2 2 1 1 5063 5065 5064
5481 2 2 1 1 28 5757 27
5482 2 2 1 1 27 5757 396
5483 2 2 1 1 46 5709 45
5484 2 2 1 1 414 5442 233
5485 2 2 1 1 601 603 602
5486 2 2 1 1 610 6225 5920
5487 2 2 1 1 615 5283 614
5488 2 2 1 1 614 617 616
5489 2 2 1 1 617 620 618
5490 2 2 1 1 1435 5360 684
5491 2 2 1 1 798 5361 690
5492 2 2 1 1 692 5389 799
5493 2 2 1 1 749 755 748
5494 2 2 1 1 5570 6080 813
5495 2 2 1 1 878 883 880
5496 2 2 1 1 886 5909 884
5497 2 2 1 1 885 5649 887
5498 2 2 1 1 894 897 895
5499 2 2 1 1 897 899 898
5500 2 2 1 1 1000 6032 3666
5501 2 2 1 1 1031 1032 1030
5502 2 2 1 1 1063 6280 3610
5503 2 2 1 1 2913 2968 1196
5504 2 2 1 1 2752 6038 1230
5505 2 2 1 1 1284 1352 1283
5506 2 2 1 1 1538 5117 1334
5507 2 2 1 1 1458 1529 1456
5508 2 2 1 1 1498 3176 1864
5509 2 2 1 1 1683 1684 1538
5510 2 2 1 1 1721 1722 1720
5511 2 2 1 1 1858 1859 1734
5512 2 2 1 1 1750 1752 1751
5513 2 2 1 1 1756 1768 1767
5514 2 2 1 1 1763 1764 1759
5515 2 2 1 1 1859 1861 1860
5516 2 2 1 1 1895 2456 1897
5517 2 2 1 1 2192 2193 1925
5518 2 2 1 1 2160 5979 5877
5519 2 2 1 1 2255 6111 3292
5520 2 2 1 1 2303 6491 2310
5521 2 2 1 1 2416 2420 2418
5522 2 2 1 1 2422 2903 2598
5523 2 2 1 1 3291 5470 2422
5524 2 2 1 1 3036 5749 2476
5525 2 2 1 1 3206 3264 2616
5526 2 2 1 1 2719 3052 2917
5527 2 2 1 1 5738 5739 2810
5528 2 2 1 1 2903 3613 3190
5529 2 2 1 1 4258 4259 2916
5530 2 2 1 1 5628 5987 2976
5531 2 2 1 1 3688 4225 3191
5532 2 2 1 1 3220 4277 4276
5533 2 2 1 1 3254 4141 4140
5534 2 2 1 1 3376 3378 3377
5535 2 2 1 1 3567 4278 3725
5536 2 2 1 1 3629 3632 3631
5537 2 2 1 1 3759 4342 4341
5538 2 2 1 1 3795 3797 3796
5539 2 2 1 1 3797 3799 3798
5540 2 2 1 1 4136 4699 4041
5541 2 2 1 1 4044 4402 4045
5542 2 2 1 1 4265 4266 4264
5543 2 2 1 1 4275 6383 6073
5544 2 2 1 1 4680 4689 4679
5545 2 2 1 1 6263 6575 5040
5546 2 2 1 1 365 5768 40
5547 2 2 1 1 115 5519 114
5548 2 2 1 1 119 5472 118
5549 2 2 1 1 685 687 686
5550 2 2 1 1 3549 6186 814
5551 2 2 1 1 2179 5495 844
5552 2 2 1 1 5444 5650 937
5553 2 2 1 1 969 979 954
5554 2 2 1 1 1172 1237 1173
5555 2 2 1 1 1542 3701 1565
5556 2 2 1 1 1568 1951 1648
5557 2 2 1 1 1742 2155 1973
5558 2 2 1 1 1765 1895 1764
5559 2 2 1 1 1818 2934 1816
5560 2 2 1 1 1842 1979 1931
5561 2 2 1 1 1924 2881 2516
5562 2 2 1 1 1951 6261 2969
5563 2 2 1 1 2114 2200 2115
5564 2 2 1 1 2190 2819 2189
5565 2 2 1 1 2192 2194 2193
5566 2 2 1 1 5311 6323 2227
5567 2 2 1 1 2396 4959 3220
5568 2 2 1 1 2869 4013 2575
5569 2 2 1 1 2679 2680 2678
5570 2 2 1 1 2721 3101 2720
5571 2 2 1 1 2936 6690 3000
5572 2 2 1 1 2994 6775 6649
5573 2 2 1 1 3399 4414 4413
5574 2 2 1 1 4131 4630 4130
5575 2 2 1 1 4182 5269 5261
5576 2 2 1 1 40 5768 39
5577 2 2 1 1 599 600 598
5578 2 2 1 1 735 746 738
5579 2 2 1 1 759 5664 753
5580 2 2 1 1 769 5765 768
5581 2 2 1 1 2880 5370 796
5582 2 2 1 1 1004 1884 1002
5583 2 2 1 1 1013 2188 1015
5584 2 2 1 1 1043 1079 1078
5585 2 2 1 1 1071 1176 1175
5586 2 2 1 1 1190 3708 3707
5587 2 2 1 1 1576 1577 1536
5588 2 2 1 1 1924 1976 1814
5589 2 2 1 1 1844 2185 2184
5590 2 2 1 1 2730 3476 2014
5591 2 2 1 1 2495 2714 2496
5592 2 2 1 1 3126 3300 2554
5593 2 2 1 1 3323 3532 2690
5594 2 2 1 1 3103 3160 2818
5595 2 2 1 1 3160 4125 2818
5596 2 2 1 1 3341 3565 2842
5597 2 2 1 1 2940 2941 2939
5598 2 2 1 1 2941 2943 2942
5599 2 2 1 1 2943 2945 2944
5600 2 2 1 1 3493 6635 4854
5601 2 2 1 1 3888 4401 4046
5602 2 2 1 1 3919 4404 4048
5603 2 2 1 1 4069 4199 4070
5604 2 2 1 1 4123 4363 4362
5605 2 2 1 1 4262 4267 4260
5606 2 2 1 1 4571 4779 4572
5607 2 2 1 1 4681 4682 4680
5608 2 2 1 1 5465 6809 6429
5609 2 2 1 1 5988 5990 5989
5610 2 2 1 1 112 393 111
5611 2 2 1 1 763 2128 759
5612 2 2 1 1 786 5959 795
5613 2 2 1 1 795 802 801
5614 2 2 1 1 805 5908 801
5615 2 2 1 1 802 804 803
5616 2 2 1 1 831 1426 834
5617 2 2 1 1 841 3638 855
5618 2 2 1 1 3043 5599 1499
5619 2 2 1 1 1651 1652 1650
5620 2 2 1 1 1739 5995 2914
5621 2 2 1 1 1805 1808 1807
5622 2 2 1 1 1810 2935 1806
5623 2 2 1 1 1808 1811 1809
5624 2 2 1 1 1828 6236 1842
5625 2 2 1 1 3176 4117 1864
5626 2 2 1 1 1917 3186 2913
5627 2 2 1 1 1924 6213 2881
5628 2 2 1 1 2164 2635 2458
5629 2 2 1 1 2683 2685 2684
5630 2 2 1 1 4218 5966 2942
5631 2 2 1 1 3345 3346 3098
5632 2 2 1 1 4123 4361 3149
5633 2 2 1 1 3235 4128 3337
5634 2 2 1 1 4023 4127 4126
5635 2 2 1 1 7335 7343 4397
5636 2 2 1 1 5239 5240 4478
5637 2 2 1 1 656 5417 5383
5638 2 2 1 1 665 6042 6041
5639 2 2 1 1 785 793 771
5640 2 2 1 1 860 5624 854
5641 2 2 1 1 868 935 867
5642 2 2 1 1 2202 5770 873
5643 2 2 1 1 1028 1029 1022
5644 2 2 1 1 1027 1030 1026
5645 2 2 1 1 1035 1036 1029
5646 2 2 1 1 1040 1041 1036
5647 2 2 1 1 1290 2099 1288
5648 2 2 1 1 1294 1331 1292
5649 2 2 1 1 1329 5770 4931
5650 2 2 1 1 1587 1588 1485
5651 2 2 1 1 1573 1583 1572
5652 2 2 1 1 1582 1674 1581
5653 2 2 1 1 1597 1936 1645
5654 2 2 1 1 1602 1603 1600
5655 2 2 1 1 1736 1833 1630
5656 2 2 1 1 1630 5616 1853
5657 2 2 1 1 1705 1706 1704
5658 2 2 1 1 1707 1708 1706
5659 2 2 1 1 1709 1710 1708
5660 2 2 1 1 1711 5867 2372
5661 2 2 1 1 1713 1714 1712
5662 2 2 1 1 1715 5774 1948
5663 2 2 1 1 1722 1724 1723
5664 2 2 1 1 1754 1755 1753
5665 2 2 1 1 1907 2699 1833
5666 2 2 1 1 1880 1922 1846
5667 2 2 1 1 1936 3765 1937
5668 2 2 1 1 2104 2679 2678
5669 2 2 1 1 2349 2514 2348
5670 2 2 1 1 2439 2440 2438
5671 2 2 1 1 2449 2451 2450
5672 2 2 1 1 3330 3555 2475
5673 2 2 1 1 2882 5430 2516
5674 2 2 1 1 2780 6347 2522
5675 2 2 1 1 2675 3307 2674
5676 2 2 1 1 2681 2683 2682
5677 2 2 1 1 2747 5744 5619
5678 2 2 1 1 2789 4053 4052
5679 2 2 1 1 2799 3299 3104
5680 2 2 1 1 2922 2947 2921
5681 2 2 1 1 2939 5966 2937
5682 2 2 1 1 2986 6082 4282
5683 2 2 1 1 3710 5248 3165
5684 2 2 1 1 3736 5958 3204
5685 2 2 1 1 3893 3894 3240
5686 2 2 1 1 3443 3445 3444
5687 2 2 1 1 3479 3480 3477
5688 2 2 1 1 6109 6349 3588
5689 2 2 1 1 3590 6079 4238
5690 2 2 1 1 3708 4035 3707
5691 2 2 1 1 3815 4353 3814
5692 2 2 1 1 3907 3934 3906
5693 2 2 1 1 3937 3941 3936
5694 2 2 1 1 3942 3943 3941
5695 2 2 1 1 3944 3949 3943
5696 2 2 1 1 4270 4327 4285
5697 2 2 1 1 4595 4602 4573
5698 2 2 1 1 4939 6328 4937
5699 2 2 1 1 5206 6829 5035
5700 2 2 1 1 5503 6126 6096
5701 2 2 1 1 113 5647 112
5702 2 2 1 1 4640 7311 429
5703 2 2 1 1 799 2195 807
5704 2 2 1 1 830 1938 806
5705 2 2 1 1 871 873 872
5706 2 2 1 1 1139 1140 1137
5707 2 2 1 1 1153 1154 1152
5708 2 2 1 1 1157 1158 1155
5709 2 2 1 1 1156 2174 1160
5710 2 2 1 1 1162 6279 1428
5711 2 2 1 1 1185 1283 1175
5712 2 2 1 1 6077 6269 1214
5713 2 2 1 1 1297 3282 2270
5714 2 2 1 1 1410 1887 1619
5715 2 2 1 1 1479 1480 1478
5716 2 2 1 1 1479 6305 5697
5717 2 2 1 1 1591 1592 1579
5718 2 2 1 1 1655 1656 1654
5719 2 2 1 1 1703 1704 1702
5720 2 2 1 1 1793 1796 1795
5721 2 2 1 1 1840 3727 1923
5722 2 2 1 1 1879 5785 5750
5723 2 2 1 1 1887 2623 1888
5724 2 2 1 1 1893 2669 2668
5725 2 2 1 1 2019 2022 2020
5726 2 2 1 1 2023 2486 2025
5727 2 2 1 1 2026 2602 2024
5728 2 2 1 1 2027 2795 2531
5729 2 2 1 1 2532 2762 2028
5730 2 2 1 1 2102 5243 2104
5731 2 2 1 1 2147 5827 2145
5732 2 2 1 1 2572 2573 2183
5733 2 2 1 1 2259 2262 2261
5734 2 2 1 1 2289 2291 2290
5735 2 2 1 1 2385 5047 2946
5736 2 2 1 1 2402 2403 2401
5737 2 2 1 1 2404 5505 2540
5738 2 2 1 1 2409 5312 2408
5739 2 2 1 1 2455 2472 2454
5740 2 2 1 1 2517 2817 2816
5741 2 2 1 1 2543 2804 2542
5742 2 2 1 1 3022 3023 2637
5743 2 2 1 1 3370 5196 2715
5744 2 2 1 1 5565 5965 2765
5745 2 2 1 1 2781 3395 3366
5746 2 2 1 1 2788 3082 3081
5747 2 2 1 1 3926 3928 2798
5748 2 2 1 1 2804 3457 2989
5749 2 2 1 1 2845 2847 2846
5750 2 2 1 1 6137 6882 2848
5751 2 2 1 1 2881 4215 2883
5752 2 2 1 1 4215 4216 2883
5753 2 2 1 1 3304 3305 2889
5754 2 2 1 1 3001 3003 3002
5755 2 2 1 1 4005 4006 3039
5756 2 2 1 1 3044 4044 3043
5757 2 2 1 1 3083 4847 3398
5758 2 2 1 1 3156 4197 4196
5759 2 2 1 1 3202 5819 5735
5760 2 2 1 1 3220 4276 3221
5761 2 2 1 1 3221 6085 5491
5762 2 2 1 1 3285 3906 3905
5763 2 2 1 1 3484 3485 3301
5764 2 2 1 1 3589 4120 4119
5765 2 2 1 1 3830 4358 3829
5766 2 2 1 1 4008 4009 4006
5767 2 2 1 1 5737 6012 4224
5768 2 2 1 1 4258 4261 4260
5769 2 2 1 1 4296 5584 5582
5770 2 2 1 1 4649 4651 4650
5771 2 2 1 1 4651 4653 4652
5772 2 2 1 1 4938 4939 4937
5773 2 2 1 1 5545 5546 5544
5774 2 2 1 1 36 5714 35
5775 2 2 1 1 283 423 282
5776 2 2 1 1 285 359 284
5777 2 2 1 1 293 388 292
5778 2 2 1 1 315 373 314
5779 2 2 1 1 677 678 676
5780 2 2 1 1 2163 5921 677
5781 2 2 1 1 5922 6584 682
5782 2 2 1 1 687 689 688
5783 2 2 1 1 689 691 690
5784 2 2 1 1 704 5837 729
5785 2 2 1 1 732 734 731
5786 2 2 1 1 736 6069 2029
5787 2 2 1 1 752 762 761
5788 2 2 1 1 775 5540 5337
5789 2 2 1 1 875 877 876
5790 2 2 1 1 928 1613 926
5791 2 2 1 1 1189 5309 964
5792 2 2 1 1 984 1067 983
5793 2 2 1 1 1067 1172 1068
5794 2 2 1 1 1131 5501 2116
5795 2 2 1 1 1135 5857 1138
5796 2 2 1 1 1144 2106 1151
5797 2 2 1 1 1285 1287 1286
5798 2 2 1 1 1389 1390 1308
5799 2 2 1 1 1401 1402 1400
5800 2 2 1 1 1400 5773 2920
5801 2 2 1 1 1401 5931 1473
5802 2 2 1 1 1403 1404 1402
5803 2 2 1 1 1407 6070 1509
5804 2 2 1 1 5421 5977 1410
5805 2 2 1 1 1493 1494 1491
5806 2 2 1 1 1613 6320 5409
5807 2 2 1 1 2899 5866 1619
5808 2 2 1 1 1663 4394 1662
5809 2 2 1 1 1676 1921 1746
5810 2 2 1 1 1794 4160 1792
5811 2 2 1 1 1800 1804 1801
5812 2 2 1 1 1839 2242 1928
5813 2 2 1 1 1889 5872 2429
5814 2 2 1 1 1906 2248 2247
5815 2 2 1 1 2086 6264 5563
5816 2 2 1 1 2106 2823 2822
5817 2 2 1 1 2118 6392 2252
5818 2 2 1 1 2146 2165 2149
5819 2 2 1 1 2396 3220 2168
5820 2 2 1 1 2234 2578 2235
5821 2 2 1 1 4982 5402 2346
5822 2 2 1 1 2507 3067 3066
5823 2 2 1 1 2551 5432 2806
5824 2 2 1 1 3189 5870 2561
5825 2 2 1 1 2573 2614 2613
5826 2 2 1 1 2614 5704 2979
5827 2 2 1 1 2624 5977 3566
5828 2 2 1 1 2695 6741 3063
5829 2 2 1 1 2759 3219 3217
5830 2 2 1 1 2799 3104 2775
5831 2 2 1 1 3601 3602 2823
5832 2 2 1 1 3169 5233 2856
5833 2 2 1 1 2962 2963 2961
5834 2 2 1 1 2965 5894 2967
5835 2 2 1 1 3010 5787 3948
5836 2 2 1 1 3277 3838 3278
5837 2 2 1 1 3316 6574 3784
5838 2 2 1 1 3358 4063 3360
5839 2 2 1 1 3537 3538 3536
5840 2 2 1 1 5157 6071 3537
5841 2 2 1 1 3538 3540 3539
5842 2 2 1 1 5477 5930 3593
5843 2 2 1 1 3594 5751 5476
5844 2 2 1 1 3618 5228 3664
5845 2 2 1 1 3743 3744 3619
5846 2 2 1 1 3745 3832 3744
5847 2 2 1 1 3833 3834 3832
5848 2 2 1 1 3837 4318 3836
5849 2 2 1 1 3913 5873 5871
5850 2 2 1 1 3935 6173 3937
5851 2 2 1 1 3941 6934 3936
5852 2 2 1 1 3942 6249 3944
5853 2 2 1 1 4185 5901 5215
5854 2 2 1 1 5133 5134 5132
5855 2 2 1 1 5420 5903 5421
5856 2 2 1 1 118 408 117
5857 2 2 1 1 313 424 312
5858 2 2 1 1 318 399 317
5859 2 2 1 1 634 644 636
5860 2 2 1 1 678 680 679
5861 2 2 1 1 680 683 681
5862 2 2 1 1 909 6918 6849
5863 2 2 1 1 942 943 941
5864 2 2 1 1 957 962 961
5865 2 2 1 1 961 5264 2862
5866 2 2 1 1 978 999 998
5867 2 2 1 1 1030 6737 1026
5868 2 2 1 1 1153 1155 1154
5869 2 2 1 1 1187 1216 1215
5870 2 2 1 1 1222 1224 1223
5871 2 2 1 1 1295 1354 1239
5872 2 2 1 1 1311 2908 1275
5873 2 2 1 1 1379 1467 1354
5874 2 2 1 1 1518 1620 1519
5875 2 2 1 1 2415 6144 1554
5876 2 2 1 1 1593 1640 1639
5877 2 2 1 1 1620 1695 1621
5878 2 2 1 1 1640 1841 1840
5879 2 2 1 1 1677 6357 6356
5880 2 2 1 1 1973 1974 1743
5881 2 2 1 1 1787 1790 1789
5882 2 2 1 1 1796 1798 1797
5883 2 2 1 1 1830 2413 2412
5884 2 2 1 1 2231 6398 1849
5885 2 2 1 1 1941 3511 2175
5886 2 2 1 1 1957 2633 2471
5887 2 2 1 1 2020 2021 2018
5888 2 2 1 1 2019 2094 2022
5889 2 2 1 1 2025 2026 2024
5890 2 2 1 1 2043 6114 2245
5891 2 2 1 1 2152 2274 2273
5892 2 2 1 1 2249 7153 6696
5893 2 2 1 1 2274 2402 2401
5894 2 2 1 1 2375 2764 2763
5895 2 2 1 1 3072 3073 2500
5896 2 2 1 1 2989 5312 2542
5897 2 2 1 1 2743 3206 2616
5898 2 2 1 1 2810 2812 2811
5899 2 2 1 1 2825 6260 3522
5900 2 2 1 1 2846 3012 2844
5901 2 2 1 1 3019 3150 2850
5902 2 2 1 1 2908 6871 6188
5903 2 2 1 1 2936 2938 2937
5904 2 2 1 1 3042 4782 3037
5905 2 2 1 1 3037 3999 3051
5906 2 2 1 1 3100 3405 3099
5907 2 2 1 1 3107 3424 3423
5908 2 2 1 1 3431 3826 3825
5909 2 2 1 1 3433 4118 3504
5910 2 2 1 1 3558 5366 4096
5911 2 2 1 1 3671 3672 3636
5912 2 2 1 1 3698 6440 4121
5913 2 2 1 1 4179 4180 3938
5914 2 2 1 1 4427 5972 4073
5915 2 2 1 1 4085 4489 4488
5916 2 2 1 1 4676 4690 4673
5917 2 2 1 1 5006 5007 5005
5918 2 2 1 1 5407 6465 5406
5919 2 2 1 1 30 336 29
5920 2 2 1 1 31 5758 30
5921 2 2 1 1 738 2912 648
5922 2 2 1 1 708 710 709
5923 2 2 1 1 762 774 773
5924 2 2 1 1 768 783 770
5925 2 2 1 1 772 785 771
5926 2 2 1 1 775 776 774
5927 2 2 1 1 784 6483 2100
5928 2 2 1 1 801 5908 800
5929 2 2 1 1 818 819 817
5930 2 2 1 1 837 838 829
5931 2 2 1 1 850 867 848
5932 2 2 1 1 864 905 852
5933 2 2 1 1 982 3521 1371
5934 2 2 1 1 989 990 988
5935 2 2 1 1 995 1055 993
5936 2 2 1 1 1058 1184 1074
5937 2 2 1 1 1349 2461 1073
5938 2 2 1 1 1374 1953 1372
5939 2 2 1 1 1373 2009 1375
5940 2 2 1 1 1413 1522 1412
5941 2 2 1 1 1480 2980 1478
5942 2 2 1 1 1637 1638 1577
5943 2 2 1 1 1673 4886 1671
5944 2 2 1 1 1788 1939 1786
5945 2 2 1 1 1883 2171 2170
5946 2 2 1 1 1887 2624 2623
5947 2 2 1 1 2039 2088 2037
5948 2 2 1 1 2543 4101 2804
5949 2 2 1 1 3338 3339 2604
5950 2 2 1 1 2628 3284 2629
5951 2 2 1 1 2725 3092 3091
5952 2 2 1 1 2896 3171 2897
5953 2 2 1 1 2944 4218 2942
5954 2 2 1 1 4225 6033 3191
5955 2 2 1 1 3206 3768 3264
5956 2 2 1 1 3809 6841 3208
5957 2 2 1 1 3210 3212 3211
5958 2 2 1 1 3392 4763 3994
5959 2 2 1 1 3666 6045 6044
5960 2 2 1 1 3749 3750 3747
5961 2 2 1 1 3776 3778 3777
5962 2 2 1 1 3812 4330 3847
5963 2 2 1 1 3906 4339 3905
5964 2 2 1 1 4914 4915 4171
5965 2 2 1 1 5201 5202 5200
5966 2 2 1 1 5819 5821 5468
5967 2 2 1 1 392 5752 33
5968 2 2 1 1 114 415 113
5969 2 2 1 1 1660 6297 699
5970 2 2 1 1 704 706 705
5971 2 2 1 1 710 712 711
5972 2 2 1 1 712 714 713
5973 2 2 1 1 714 716 715
5974 2 2 1 1 715 5838 2871
5975 2 2 1 1 723 725 724
5976 2 2 1 1 730 732 731
5977 2 2 1 1 741 5336 734
5978 2 2 1 1 737 5408 742
5979 2 2 1 1 761 2902 751
5980 2 2 1 1 752 5540 762
5981 2 2 1 1 766 6467 2628
5982 2 2 1 1 790 5674 782
5983 2 2 1 1 808 827 805
5984 2 2 1 1 845 846 809
5985 2 2 1 1 843 1912 811
5986 2 2 1 1 847 858 846
5987 2 2 1 1 921 954 918
5988 2 2 1 1 925 926 924
5989 2 2 1 1 927 928 926
5990 2 2 1 1 982 1370 933
5991 2 2 1 1 959 996 958
5992 2 2 1 1 958 5199 2886
5993 2 2 1 1 997 1075 996
5994 2 2 1 1 1015 1017 1016
5995 2 2 1 1 1078 1080 1044
5996 2 2 1 1 1047 3600 1049
5997 2 2 1 1 1075 1274 1273
5998 2 2 1 1 1082 1210 1148
5999 2 2 1 1 1099 2120 1097
6000 2 2 1 1 1274 1299 1298
6001 2 2 1 1 1428 1429 1278
6002 2 2 1 1 1286 1330 1280
6003 2 2 1 1 1287 2369 1289
6004 2 2 1 1 1307 1389 1308
6005 2 2 1 1 1319 1321 1320
6006 2 2 1 1 1350 1448 1351
6007 2 2 1 1 1375 1376 1374
6008 2 2 1 1 1520 5347 1397
6009 2 2 1 1 1399 1401 1400
6010 2 2 1 1 1401 1403 1402
6011 2 2 1 1 1403 1405 1404
6012 2 2 1 1 1407 1409 1408
6013 2 2 1 1 1619 5866 1408
6014 2 2 1 1 1509 1517 1409
6015 2 2 1 1 1509 6070 5419
6016 2 2 1 1 1625 2894 1520
6017 2 2 1 1 1533 5278 1573
6018 2 2 1 1 1609 2962 2961
6019 2 2 1 1 1888 2899 1619
6020 2 2 1 1 5424 6047 1723
6021 2 2 1 1 1742 1973 1743
6022 2 2 1 1 1787 1789 1788
6023 2 2 1 1 1856 2746 2011
6024 2 2 1 1 2668 5703 1891
6025 2 2 1 1 2470 2813 1956
6026 2 2 1 1 2749 6001 2011
6027 2 2 1 1 2047 2049 2048
6028 2 2 1 1 2092 6263 2048
6029 2 2 1 1 2055 2057 2056
6030 2 2 1 1 2071 2073 2072
6031 2 2 1 1 2073 2075 2074
6032 2 2 1 1 2102 6372 5243
6033 2 2 1 1 2106 3601 2823
6034 2 2 1 1 5502 5984 2116
6035 2 2 1 1 2130 5729 5623
6036 2 2 1 1 2194 2492 2193
6037 2 2 1 1 2194 2493 2492
6038 2 2 1 1 2215 5876 5875
6039 2 2 1 1 2221 5673 5251
6040 2 2 1 1 3236 5504 2273
6041 2 2 1 1 2294 2296 2295
6042 2 2 1 1 2296 2301 2300
6043 2 2 1 1 2355 5219 2359
6044 2 2 1 1 2576 2827 2577
6045 2 2 1 1 2576 3523 2827
6046 2 2 1 1 2624 3548 3293
6047 2 2 1 1 2679 3597 2681
6048 2 2 1 1 2681 5490 2683
6049 2 2 1 1 2683 2687 2685
6050 2 2 1 1 2691 3323 2690
6051 2 2 1 1 2715 2983 2982
6052 2 2 1 1 2717 3361 2716
6053 2 2 1 1 2732 3136 2808
6054 2 2 1 1 2748 3201 3141
6055 2 2 1 1 2813 6411 5467
6056 2 2 1 1 2874 2876 2872
6057 2 2 1 1 2877 2878 2876
6058 2 2 1 1 2877 5705 2953
6059 2 2 1 1 2881 2883 2882
6060 2 2 1 1 5476 5751 2901
6061 2 2 1 1 2933 6174 5540
6062 2 2 1 1 2949 5828 2950
6063 2 2 1 1 2964 6247 3161
6064 2 2 1 1 2965 5895 5894
6065 2 2 1 1 2979 3823 3726
6066 2 2 1 1 3033 3852 3020
6067 2 2 1 1 3050 6427 5767
6068 2 2 1 1 4122 4123 3149
6069 2 2 1 1 3261 5048 3916
6070 2 2 1 1 3853 5708 3278
6071 2 2 1 1 3302 3966 3303
6072 2 2 1 1 4027 5513 3468
6073 2 2 1 1 3559 6289 3512
6074 2 2 1 1 3695 3696 3519
6075 2 2 1 1 3535 3537 3536
6076 2 2 1 1 3539 5517 3536
6077 2 2 1 1 5156 5157 3537
6078 2 2 1 1 3538 3541 3540
6079 2 2 1 1 5515 5516 3539
6080 2 2 1 1 3544 5515 3540
6081 2 2 1 1 3541 3543 3542
6082 2 2 1 1 3542 5438 3770
6083 2 2 1 1 4185 4186 3543
6084 2 2 1 1 3771 3806 3544
6085 2 2 1 1 3566 5977 5903
6086 2 2 1 1 5476 5477 3593
6087 2 2 1 1 5699 6156 3601
6088 2 2 1 1 3618 3619 3616
6089 2 2 1 1 3664 3743 3619
6090 2 2 1 1 3634 3636 3635
6091 2 2 1 1 6233 6265 3743
6092 2 2 1 1 5560 5561 3766
6093 2 2 1 1 6460 6549 3777
6094 2 2 1 1 3972 4609 3821
6095 2 2 1 1 3852 4380 3963
6096 2 2 1 1 3984 3986 3985
6097 2 2 1 1 4000 4396 3989
6098 2 2 1 1 5215 5216 4186
6099 2 2 1 1 4209 5266 4208
6100 2 2 1 1 4590 4591 4589
6101 2 2 1 1 4724 4726 4725
6102 2 2 1 1 5238 5839 5837
6103 2 2 1 1 5250 5265 5249
6104 2 2 1 1 6158 6778 6617
6105 2 2 1 1 415 5647 113
6106 2 2 1 1 762 775 774
6107 2 2 1 1 786 794 785
6108 2 2 1 1 952 953 920
6109 2 2 1 1 989 991 990
6110 2 2 1 1 1058 1073 995
6111 2 2 1 1 3655 5363 1012
6112 2 2 1 1 6177 6205 1337
6113 2 2 1 1 1373 1374 1372
6114 2 2 1 1 5696 6224 1381
6115 2 2 1 1 1528 5863 5861
6116 2 2 1 1 1741 5496 1552
6117 2 2 1 1 1680 6133 1780
6118 2 2 1 1 2248 3338 2604
6119 2 2 1 1 2284 2297 2282
6120 2 2 1 1 3626 6081 2461
6121 2 2 1 1 2820 2984 2605
6122 2 2 1 1 2609 3086 2922
6123 2 2 1 1 2988 3257 2617
6124 2 2 1 1 2697 4149 3335
6125 2 2 1 1 3002 3336 2704
6126 2 2 1 1 2713 3367 2782
6127 2 2 1 1 2967 5894 3210
6128 2 2 1 1 3358 3360 3064
6129 2 2 1 1 3520 3622 3218
6130 2 2 1 1 3421 3422 3346
6131 2 2 1 1 3376 3377 3375
6132 2 2 1 1 3460 5775 4001
6133 2 2 1 1 3557 5111 4161
6134 2 2 1 1 3609 6417 5791
6135 2 2 1 1 5914 6206 3623
6136 2 2 1 1 3661 4880 3660
6137 2 2 1 1 5917 6384 3687
6138 2 2 1 1 3807 6419 6402
6139 2 2 1 1 3830 4359 4358
6140 2 2 1 1 3837 4319 4318
6141 2 2 1 1 4551 4552 4359
6142 2 2 1 1 4658 7110 5692
6143 2 2 1 1 5542 5545 5544
6144 2 2 1 1 5714 5715 35
6145 2 2 1 1 754 760 759
6146 2 2 1 1 804 5149 803
6147 2 2 1 1 816 817 815
6148 2 2 1 1 820 5962 5063
6149 2 2 1 1 841 855 854
6150 2 2 1 1 5295 6596 849
6151 2 2 1 1 864 906 905
6152 2 2 1 1 5122 6614 1113
6153 2 2 1 1 1296 1381 1344
6154 2 2 1 1 1589 1596 1595
6155 2 2 1 1 3034 5653 1699
6156 2 2 1 1 1773 1774 1772
6157 2 2 1 1 1793 1794 1792
6158 2 2 1 1 1817 1819 1818
6159 2 2 1 1 1945 1946 1873
6160 2 2 1 1 1873 5469 2407
6161 2 2 1 1 2104 2678 2677
6162 2 2 1 1 2280 2281 2279
6163 2 2 1 1 2311 2312 2308
6164 2 2 1 1 2312 2314 2313
6165 2 2 1 1 2318 5497 2312
6166 2 2 1 1 2352 7053 3290
6167 2 2 1 1 2359 2360 2357
6168 2 2 1 1 2445 2511 2447
6169 2 2 1 1 2448 2708 2446
6170 2 2 1 1 2507 3065 2506
6171 2 2 1 1 2881 2882 2516
6172 2 2 1 1 2713 2782 2523
6173 2 2 1 1 3286 3287 2629
6174 2 2 1 1 2641 2643 2642
6175 2 2 1 1 2685 2686 2684
6176 2 2 1 1 2857 3169 2856
6177 2 2 1 1 2927 2928 2926
6178 2 2 1 1 4256 4964 3174
6179 2 2 1 1 3249 6329 5091
6180 2 2 1 1 3430 6271 4559
6181 2 2 1 1 3477 6022 3476
6182 2 2 1 1 3500 4738 4036
6183 2 2 1 1 3650 3730 3651
6184 2 2 1 1 3730 3807 3731
6185 2 2 1 1 4563 5679 3879
6186 2 2 1 1 3941 6971 6934
6187 2 2 1 1 4379 4771 3985
6188 2 2 1 1 4120 4754 4753
6189 2 2 1 1 6798 7004 4181
6190 2 2 1 1 4754 4756 4755
6191 2 2 1 1 4989 5163 4988
6192 2 2 1 1 5522 5525 5521
6193 2 2 1 1 5391 5392 437
6194 2 2 1 1 802 803 801
6195 2 2 1 1 803 805 801
6196 2 2 1 1 1043 1044 979
6197 2 2 1 1 1057 1178 1177
6198 2 2 1 1 1177 6000 1228
6199 2 2 1 1 1856 2011 1178
6200 2 2 1 1 1178 6001 6000
6201 2 2 1 1 6055 6056 1195
6202 2 2 1 1 1205 1296 1208
6203 2 2 1 1 1228 5610 1336
6204 2 2 1 1 1453 2169 1335
6205 2 2 1 1 1336 1455 1454
6206 2 2 1 1 1515 1516 1443
6207 2 2 1 1 1514 2981 1450
6208 2 2 1 1 1455 1735 1527
6209 2 2 1 1 1597 1645 1507
6210 2 2 1 1 1508 1599 1598
6211 2 2 1 1 1617 1618 1516
6212 2 2 1 1 1535 1678 1576
6213 2 2 1 1 1691 1692 1618
6214 2 2 1 1 1936 1937 1645
6215 2 2 1 1 1722 1723 1720
6216 2 2 1 1 1755 2734 1753
6217 2 2 1 1 1774 1972 1776
6218 2 2 1 1 1836 1838 1837
6219 2 2 1 1 1856 5744 2747
6220 2 2 1 1 1945 2213 1946
6221 2 2 1 1 1986 2610 1985
6222 2 2 1 1 2910 2911 2169
6223 2 2 1 1 2200 2751 2222
6224 2 2 1 1 2452 2709 2450
6225 2 2 1 1 2588 5617 2586
6226 2 2 1 1 2714 3370 2715
6227 2 2 1 1 3361 3362 2716
6228 2 2 1 1 2747 5619 3175
6229 2 2 1 1 3240 3592 2905
6230 2 2 1 1 2930 3006 3005
6231 2 2 1 1 3099 3349 2931
6232 2 2 1 1 6050 6869 2994
6233 2 2 1 1 3006 3059 3007
6234 2 2 1 1 3141 3500 3142
6235 2 2 1 1 3217 5594 3520
6236 2 2 1 1 3894 5721 3240
6237 2 2 1 1 4415 5239 3408
6238 2 2 1 1 3452 7161 3451
6239 2 2 1 1 4015 4768 3454
6240 2 2 1 1 3460 4001 4000
6241 2 2 1 1 3533 4983 4751
6242 2 2 1 1 5236 6141 3578
6243 2 2 1 1 3749 3751 3750
6244 2 2 1 1 4585 4587 4586
6245 2 2 1 1 6547 6677 6200
6246 2 2 1 1 21 441 20
6247 2 2 1 1 7297 7366 88
6248 2 2 1 1 109 335 108
6249 2 2 1 1 591 595 594
6250 2 2 1 1 1913 5727 594
6251 2 2 1 1 597 599 598
6252 2 2 1 1 638 2127 645
6253 2 2 1 1 675 766 677
6254 2 2 1 1 756 5301 1001
6255 2 2 1 1 814 6186 816
6256 2 2 1 1 872 5453 2603
6257 2 2 1 1 916 5808 932
6258 2 2 1 1 953 5330 920
6259 2 2 1 1 952 985 973
6260 2 2 1 1 991 5628 990
6261 2 2 1 1 1043 1078 1044
6262 2 2 1 1 1197 6769 5690
6263 2 2 1 1 1204 2831 1202
6264 2 2 1 1 1528 5861 1454
6265 2 2 1 1 1665 5863 1528
6266 2 2 1 1 1664 2181 1898
6267 2 2 1 1 1872 1874 1668
6268 2 2 1 1 1672 1868 1673
6269 2 2 1 1 1688 1760 1689
6270 2 2 1 1 1701 1988 1703
6271 2 2 1 1 1905 1906 1740
6272 2 2 1 1 1815 1817 1816
6273 2 2 1 1 1828 1829 1827
6274 2 2 1 1 1830 3981 2413
6275 2 2 1 1 2458 2856 1831
6276 2 2 1 1 2181 2727 2467
6277 2 2 1 1 2573 2613 2183
6278 2 2 1 1 2190 6413 2819
6279 2 2 1 1 2713 3369 3367
6280 2 2 1 1 4346 4347 2826
6281 2 2 1 1 2829 3089 2828
6282 2 2 1 1 3013 3961 3022
6283 2 2 1 1 3064 6255 4879
6284 2 2 1 1 3131 6341 3448
6285 2 2 1 1 3195 6867 3552
6286 2 2 1 1 3310 4051 4030
6287 2 2 1 1 4031 4032 3311
6288 2 2 1 1 3507 4973 4921
6289 2 2 1 1 3729 4766 4162
6290 2 2 1 1 4038 5638 5637
6291 2 2 1 1 5226 6095 5994
6292 2 2 1 1 5693 6065 6062
6293 2 2 1 1 678 679 676
6294 2 2 1 1 678 5921 682
6295 2 2 1 1 680 681 679
6296 2 2 1 1 687 688 686
6297 2 2 1 1 802 2860 804
6298 2 2 1 1 803 808 805
6299 2 2 1 1 838 2237 829
6300 2 2 1 1 844 5495 866
6301 2 2 1 1 942 944 943
6302 2 2 1 1 945 3599 943
6303 2 2 1 1 957 961 956
6304 2 2 1 1 964 965 962
6305 2 2 1 1 968 977 967
6306 2 2 1 1 1059 1434 1433
6307 2 2 1 1 1077 1231 1230
6308 2 2 1 1 1100 1101 1099
6309 2 2 1 1 1102 5411 2132
6310 2 2 1 1 1104 1105 1103
6311 2 2 1 1 1106 1107 1105
6312 2 2 1 1 1231 1233 1232
6313 2 2 1 1 1387 5036 1314
6314 2 2 1 1 1477 1478 1387
6315 2 2 1 1 1465 1532 1464
6316 2 2 1 1 1589 5422 1744
6317 2 2 1 1 1686 1749 1685
6318 2 2 1 1 1776 1866 1775
6319 2 2 1 1 1866 1986 1985
6320 2 2 1 1 1986 2760 2610
6321 2 2 1 1 2035 5257 5256
6322 2 2 1 1 2046 2059 2044
6323 2 2 1 1 2122 2124 2123
6324 2 2 1 1 2862 2863 2178
6325 2 2 1 1 2280 2282 2281
6326 2 2 1 1 2283 2284 2282
6327 2 2 1 1 2299 2303 2302
6328 2 2 1 1 2305 5181 2300
6329 2 2 1 1 2361 2502 2501
6330 2 2 1 1 2810 2811 2396
6331 2 2 1 1 2419 6144 2415
6332 2 2 1 1 2420 4973 3507
6333 2 2 1 1 2441 2442 2440
6334 2 2 1 1 2676 5077 2442
6335 2 2 1 1 2720 3077 2524
6336 2 2 1 1 2573 6129 2615
6337 2 2 1 1 2614 2979 2613
6338 2 2 1 1 3063 3064 2694
6339 2 2 1 1 3163 3165 2742
6340 2 2 1 1 2790 5128 3355
6341 2 2 1 1 4222 5045 2797
6342 2 2 1 1 2812 2996 2811
6343 2 2 1 1 3049 4694 4693
6344 2 2 1 1 5687 5689 3182
6345 2 2 1 1 3347 4092 3348
6346 2 2 1 1 3492 4456 3373
6347 2 2 1 1 3374 3376 3375
6348 2 2 1 1 3392 3994 3391
6349 2 2 1 1 3446 3447 3445
6350 2 2 1 1 4003 4391 3486
6351 2 2 1 1 4391 6314 3486
6352 2 2 1 1 3507 4921 4284
6353 2 2 1 1 3748 5328 5327
6354 2 2 1 1 3946 4893 3870
6355 2 2 1 1 4113 4433 4112
6356 2 2 1 1 4250 7043 4249
6357 2 2 1 1 4729 4730 4365
6358 2 2 1 1 4579 4580 4578
6359 2 2 1 1 4593 4599 4591
6360 2 2 1 1 5205 5206 5035
6361 2 2 1 1 6000 6001 5611
6362 2 2 1 1 5773 6880 6773
6363 2 2 1 1 5533 5534 337
6364 2 2 1 1 459 460 457
6365 2 2 1 1 461 462 460
6366 2 2 1 1 605 608 607
6367 2 2 1 1 777 1919 779
6368 2 2 1 1 791 811 790
6369 2 2 1 1 844 865 843
6370 2 2 1 1 847 859 858
6371 2 2 1 1 859 923 922
6372 2 2 1 1 2923 5846 922
6373 2 2 1 1 923 971 970
6374 2 2 1 1 942 3595 944
6375 2 2 1 1 946 5743 948
6376 2 2 1 1 948 1513 1450
6377 2 2 1 1 951 956 950
6378 2 2 1 1 999 1076 998
6379 2 2 1 1 1077 1229 1076
6380 2 2 1 1 1229 1282 1076
6381 2 2 1 1 1084 1085 1083
6382 2 2 1 1 1086 1087 1085
6383 2 2 1 1 1092 1093 1091
6384 2 2 1 1 1095 5500 1212
6385 2 2 1 1 1114 1115 1112
6386 2 2 1 1 1116 1120 1115
6387 2 2 1 1 1121 2162 1118
6388 2 2 1 1 1120 2276 2275
6389 2 2 1 1 1125 1127 1123
6390 2 2 1 1 1124 1142 1126
6391 2 2 1 1 1129 5501 1131
6392 2 2 1 1 1231 5027 1233
6393 2 2 1 1 1233 2112 1235
6394 2 2 1 1 1262 5547 1265
6395 2 2 1 1 1272 1305 1271
6396 2 2 1 1 1318 1327 1302
6397 2 2 1 1 1306 1340 1305
6398 2 2 1 1 1328 1394 1327
6399 2 2 1 1 1328 5332 1544
6400 2 2 1 1 1385 1470 1384
6401 2 2 1 1 1430 2156 1432
6402 2 2 1 1 1432 5189 1506
6403 2 2 1 1 1471 1488 1470
6404 2 2 1 1 1475 1635 1634
6405 2 2 1 1 1641 1643 1505
6406 2 2 1 1 1533 1572 1571
6407 2 2 1 1 1742 1743 1585
6408 2 2 1 1 1851 1852 1643
6409 2 2 1 1 1655 6540 2919
6410 2 2 1 1 2114 2115 1762
6411 2 2 1 1 1787 1788 1786
6412 2 2 1 1 1790 1791 1789
6413 2 2 1 1 1805 1807 1806
6414 2 2 1 1 1944 2843 2548
6415 2 2 1 1 2004 5273 2865
6416 2 2 1 1 2568 6134 2005
6417 2 2 1 1 2034 5256 2087
6418 2 2 1 1 2040 2041 2039
6419 2 2 1 1 2042 2043 2041
6420 2 2 1 1 2042 5562 2045
6421 2 2 1 1 2087 2820 2605
6422 2 2 1 1 2096 2097 2095
6423 2 2 1 1 2098 2533 2097
6424 2 2 1 1 2200 2222 2115
6425 2 2 1 1 2119 2396 2168
6426 2 2 1 1 2155 2507 2506
6427 2 2 1 1 2515 3732 2184
6428 2 2 1 1 2751 2756 2222
6429 2 2 1 1 2245 2612 2611
6430 2 2 1 1 2285 2286 2284
6431 2 2 1 1 2287 2288 2286
6432 2 2 1 1 2291 2293 2292
6433 2 2 1 1 2309 5566 2315
6434 2 2 1 1 2321 2322 2320
6435 2 2 1 1 2347 2487 2340
6436 2 2 1 1 2351 3649 2353
6437 2 2 1 1 2378 2380 2379
6438 2 2 1 1 2383 5816 2387
6439 2 2 1 1 2387 3611 2393
6440 2 2 1 1 2443 2444 2442
6441 2 2 1 1 2447 2448 2446
6442 2 2 1 1 2529 2535 2527
6443 2 2 1 1 2534 2711 2533
6444 2 2 1 1 2553 3125 2554
6445 2 2 1 1 3247 5876 2611
6446 2 2 1 1 2692 2693 2691
6447 2 2 1 1 2710 3418 3096
6448 2 2 1 1 2756 6786 6694
6449 2 2 1 1 2757 4310 3276
6450 2 2 1 1 2817 2818 2816
6451 2 2 1 1 2829 4654 3089
6452 2 2 1 1 2865 4165 2998
6453 2 2 1 1 6537 6736 2980
6454 2 2 1 1 3433 3504 2997
6455 2 2 1 1 3172 5706 5093
6456 2 2 1 1 3760 3761 3223
6457 2 2 1 1 3239 3893 3240
6458 2 2 1 1 3246 3248 3245
6459 2 2 1 1 3810 3811 3247
6460 2 2 1 1 3283 5734 4179
6461 2 2 1 1 3320 5291 3569
6462 2 2 1 1 4367 4368 3353
6463 2 2 1 1 4446 4447 3392
6464 2 2 1 1 4378 4663 3401
6465 2 2 1 1 3445 4451 3444
6466 2 2 1 1 3579 3581 3580
6467 2 2 1 1 3672 6170 3636
6468 2 2 1 1 3643 5491 3641
6469 2 2 1 1 3823 4328 3726
6470 2 2 1 1 3742 6463 6370
6471 2 2 1 1 3812 3813 3811
6472 2 2 1 1 4850 4852 3929
6473 2 2 1 1 4081 6563 4082
6474 2 2 1 1 4082 4107 4083
6475 2 2 1 1 4306 6948 6812
6476 2 2 1 1 4322 5114 4323
6477 2 2 1 1 4355 4356 4354
6478 2 2 1 1 4675 4676 4673
6479 2 2 1 1 4905 6641 4906
6480 2 2 1 1 4935 4937 4934
6481 2 2 1 1 5002 5008 5004
6482 2 2 1 1 5141 5143 5142
6483 2 2 1 1 5304 6142 5307
6484 2 2 1 1 5340 5344 5341
6485 2 2 1 1 5346 6147 5344
6486 2 2 1 1 6225 6438 5920
6487 2 2 1 1 2172 5292 535
6488 2 2 1 1 2879 5831 573
6489 2 2 1 1 645 735 648
6490 2 2 1 1 2912 6023 648
6491 2 2 1 1 657 1369 655
6492 2 2 1 1 746 754 753
6493 2 2 1 1 781 782 780
6494 2 2 1 1 834 841 840
6495 2 2 1 1 955 3640 862
6496 2 2 1 1 921 969 954
6497 2 2 1 1 953 5813 5330
6498 2 2 1 1 955 3642 3641
6499 2 2 1 1 1884 5281 1002
6500 2 2 1 1 1046 1084 1083
6501 2 2 1 1 1058 5911 1184
6502 2 2 1 1 1086 1088 1087
6503 2 2 1 1 1131 1132 1130
6504 2 2 1 1 1163 1165 1164
6505 2 2 1 1 1165 1167 1166
6506 2 2 1 1 1301 1302 1180
6507 2 2 1 1 1257 1258 1255
6508 2 2 1 1 1312 1358 1282
6509 2 2 1 1 1327 5729 2130
6510 2 2 1 1 1431 5037 1429
6511 2 2 1 1 1535 1536 1461
6512 2 2 1 1 1906 2246 1740
6513 2 2 1 1 1982 1983 1927
6514 2 2 1 1 2646 5466 1997
6515 2 2 1 1 2141 5429 2138
6516 2 2 1 1 2741 2742 2216
6517 2 2 1 1 2821 6146 2264
6518 2 2 1 1 2266 2268 2267
6519 2 2 1 1 2288 2907 2286
6520 2 2 1 1 2306 2307 2305
6521 2 2 1 1 2320 2342 2319
6522 2 2 1 1 2342 2512 2365
6523 2 2 1 1 2395 4322 3702
6524 2 2 1 1 2521 2775 2520
6525 2 2 1 1 2521 2799 2775
6526 2 2 1 1 2645 3025 3024
6527 2 2 1 1 2683 2684 2682
6528 2 2 1 1 2687 2688 2685
6529 2 2 1 1 5185 6650 2841
6530 2 2 1 1 3256 5244 2975
6531 2 2 1 1 3092 3106 3091
6532 2 2 1 1 3146 3442 3147
6533 2 2 1 1 3242 3313 3312
6534 2 2 1 1 3257 3713 3706
6535 2 2 1 1 3318 3319 3317
6536 2 2 1 1 3340 6926 5916
6537 2 2 1 1 3356 4438 4062
6538 2 2 1 1 3867 3868 3554
6539 2 2 1 1 3678 5364 3584
6540 2 2 1 1 3685 4656 4626
6541 2 2 1 1 3907 5113 3935
6542 2 2 1 1 4575 4576 4574
6543 2 2 1 1 4583 4584 4582
6544 2 2 1 1 5204 6526 6241
6545 2 2 1 1 5336 5841 5216
6546 2 2 1 1 5216 6090 5336
6547 2 2 1 1 521 522 520
6548 2 2 1 1 527 5168 3586
6549 2 2 1 1 529 530 528
6550 2 2 1 1 531 532 530
6551 2 2 1 1 531 5590 624
6552 2 2 1 1 533 534 532
6553 2 2 1 1 536 538 537
6554 2 2 1 1 5303 5488 538
6555 2 2 1 1 563 5378 1644
6556 2 2 1 1 565 566 564
6557 2 2 1 1 566 5263 1646
6558 2 2 1 1 3570 5983 582
6559 2 2 1 1 592 5405 652
6560 2 2 1 1 627 3690 625
6561 2 2 1 1 626 5833 630
6562 2 2 1 1 640 1300 631
6563 2 2 1 1 642 2117 646
6564 2 2 1 1 647 2956 643
6565 2 2 1 1 650 5764 647
6566 2 2 1 1 652 1422 654
6567 2 2 1 1 661 5780 659
6568 2 2 1 1 660 5379 662
6569 2 2 1 1 663 917 661
6570 2 2 1 1 662 2373 664
6571 2 2 1 1 666 672 668
6572 2 2 1 1 669 1195 667
6573 2 2 1 1 702 703 701
6574 2 2 1 1 2195 5627 807
6575 2 2 1 1 820 5063 822
6576 2 2 1 1 856 857 839
6577 2 2 1 1 855 861 860
6578 2 2 1 1 960 5624 860
6579 2 2 1 1 861 870 869
6580 2 2 1 1 869 6032 1000
6581 2 2 1 1 871 5956 2202
6582 2 2 1 1 900 902 901
6583 2 2 1 1 902 904 903
6584 2 2 1 1 2205 5444 902
6585 2 2 1 1 904 934 933
6586 2 2 1 1 934 5691 982
6587 2 2 1 1 949 951 950
6588 2 2 1 1 1450 6273 949
6589 2 2 1 1 1051 3575 960
6590 2 2 1 1 964 5309 966
6591 2 2 1 1 1053 1054 981
6592 2 2 1 1 981 5651 2159
6593 2 2 1 1 999 1077 1076
6594 2 2 1 1 1000 3666 1052
6595 2 2 1 1 1162 1163 1054
6596 2 2 1 1 1168 1881 1065
6597 2 2 1 1 1078 1209 1080
6598 2 2 1 1 2101 5592 1105
6599 2 2 1 1 3591 5651 1164
6600 2 2 1 1 1181 1539 1303
6601 2 2 1 1 1215 6664 2378
6602 2 2 1 1 1233 1234 1232
6603 2 2 1 1 1250 1393 1252
6604 2 2 1 1 1253 1254 1251
6605 2 2 1 1 1289 1291 1290
6606 2 2 1 1 1291 1293 1292
6607 2 2 1 1 1609 2961 1293
6608 2 2 1 1 2892 5612 1303
6609 2 2 1 1 1329 4931 4241
6610 2 2 1 1 1353 1456 1352
6611 2 2 1 1 1359 1475 1474
6612 2 2 1 1 3691 5465 1359
6613 2 2 1 1 1393 5414 3733
6614 2 2 1 1 1395 1511 1394
6615 2 2 1 1 2379 3514 1419
6616 2 2 1 1 5030 5449 1425
6617 2 2 1 1 1483 1524 1482
6618 2 2 1 1 1484 1586 1485
6619 2 2 1 1 1512 5374 1511
6620 2 2 1 1 1511 1614 1557
6621 2 2 1 1 1539 1559 1540
6622 2 2 1 1 1559 1561 1560
6623 2 2 1 1 1563 5865 1560
6624 2 2 1 1 1561 1570 1562
6625 2 2 1 1 1885 5150 1561
6626 2 2 1 1 1586 2010 1587
6627 2 2 1 1 1599 1601 1600
6628 2 2 1 1 1614 1857 1647
6629 2 2 1 1 1833 5616 1630
6630 2 2 1 1 1634 6262 5995
6631 2 2 1 1 1836 1837 1638
6632 2 2 1 1 2736 5730 1647
6633 2 2 1 1 1961 2158 1693
6634 2 2 1 1 1694 2405 1962
6635 2 2 1 1 1705 5423 1707
6636 2 2 1 1 1711 2372 1713
6637 2 2 1 1 1714 1726 1712
6638 2 2 1 1 1724 1727 1723
6639 2 2 1 1 1728 1729 1727
6640 2 2 1 1 1739 2914 1905
6641 2 2 1 1 1754 5323 1756
6642 2 2 1 1 1791 1792 1789
6643 2 2 1 1 2109 2110 1857
6644 2 2 1 1 1915 1967 1966
6645 2 2 1 1 5419 5829 1915
6646 2 2 1 1 1937 3195 3194
6647 2 2 1 1 1947 6957 5867
6648 2 2 1 1 5870 5872 1966
6649 2 2 1 1 2497 2523 1978
6650 2 2 1 1 2047 5933 2086
6651 2 2 1 1 2064 5656 5655
6652 2 2 1 1 2081 2082 2077
6653 2 2 1 1 2083 2084 2082
6654 2 2 1 1 2091 2551 2090
6655 2 2 1 1 2135 2137 2136
6656 2 2 1 1 2150 2151 2147
6657 2 2 1 1 2167 5834 5833
6658 2 2 1 1 2863 3182 2178
6659 2 2 1 1 2335 5884 2334
6660 2 2 1 1 2339 2343 2338
6661 2 2 1 1 2344 2484 2343
6662 2 2 1 1 2358 2434 2433
6663 2 2 1 1 2389 2391 2390
6664 2 2 1 1 2401 6389 3236
6665 2 2 1 1 2631 2632 2428
6666 2 2 1 1 2468 2640 2469
6667 2 2 1 1 2723 2725 2484
6668 2 2 1 1 2522 2718 2514
6669 2 2 1 1 3167 3168 2563
6670 2 2 1 1 2586 5889 2585
6671 2 2 1 1 2587 3573 2589
6672 2 2 1 1 2592 5958 2590
6673 2 2 1 1 2620 3204 2592
6674 2 2 1 1 3196 3197 2597
6675 2 2 1 1 3289 3572 2627
6676 2 2 1 1 3027 3028 2651
6677 2 2 1 1 2790 3355 3060
6678 2 2 1 1 5676 6176 2859
6679 2 2 1 1 2903 5470 3898
6680 2 2 1 1 2951 3550 2952
6681 2 2 1 1 2958 5829 3648
6682 2 2 1 1 2974 2975 2959
6683 2 2 1 1 3016 3692 2972
6684 2 2 1 1 2975 3199 3198
6685 2 2 1 1 3103 3351 3160
6686 2 2 1 1 6310 7303 3140
6687 2 2 1 1 3910 3911 3189
6688 2 2 1 1 3195 3552 3551
6689 2 2 1 1 3292 3794 3793
6690 2 2 1 1 3316 3317 3315
6691 2 2 1 1 3328 4384 4383
6692 2 2 1 1 3414 4919 3438
6693 2 2 1 1 3518 3519 3517
6694 2 2 1 1 3590 4238 3550
6695 2 2 1 1 3552 3554 3553
6696 2 2 1 1 3728 6623 3556
6697 2 2 1 1 5125 5126 3563
6698 2 2 1 1 3572 5786 5434
6699 2 2 1 1 5427 6238 3615
6700 2 2 1 1 3642 3644 3643
6701 2 2 1 1 4074 6171 3647
6702 2 2 1 1 3752 3753 3751
6703 2 2 1 1 3780 3781 3779
6704 2 2 1 1 3782 3783 3781
6705 2 2 1 1 3783 5840 4246
6706 2 2 1 1 4271 4272 3783
6707 2 2 1 1 3788 4334 3787
6708 2 2 1 1 3794 5906 3883
6709 2 2 1 1 3798 3866 3865
6710 2 2 1 1 3868 4825 3869
6711 2 2 1 1 3882 5900 5786
6712 2 2 1 1 3914 3915 3913
6713 2 2 1 1 3944 4969 3950
6714 2 2 1 1 3984 4647 3986
6715 2 2 1 1 5266 6063 4208
6716 2 2 1 1 4271 6493 4272
6717 2 2 1 1 5049 5902 5048
6718 2 2 1 1 5223 5224 5222
6719 2 2 1 1 5364 6503 6208
6720 2 2 1 1 5378 6029 5783
6721 2 2 1 1 5381 5382 5380
6722 2 2 1 1 5406 5416 5415
6723 2 2 1 1 5617 5890 5889
6724 2 2 1 1 5869 6588 6500
6725 2 2 1 1 17 446 16
6726 2 2 1 1 646 647 643
6727 2 2 1 1 674 3658 671
6728 2 2 1 1 746 753 750
6729 2 2 1 1 799 807 806
6730 2 2 1 1 849 1610 1558
6731 2 2 1 1 871 872 870
6732 2 2 1 1 873 874 872
6733 2 2 1 1 885 887 886
6734 2 2 1 1 939 5909 886
6735 2 2 1 1 887 889 888
6736 2 2 1 1 888 6112 2253
6737 2 2 1 1 897 898 895
6738 2 2 1 1 3609 5791 901
6739 2 2 1 1 2254 6033 939
6740 2 2 1 1 1033 1037 1032
6741 2 2 1 1 1038 1070 1037
6742 2 2 1 1 1042 5772 5771
6743 2 2 1 1 1060 5912 1062
6744 2 2 1 1 1063 3610 1061
6745 2 2 1 1 1062 1690 1064
6746 2 2 1 1 1077 1230 1229
6747 2 2 1 1 1126 1129 1128
6748 2 2 1 1 2968 5994 1196
6749 2 2 1 1 1356 1357 1311
6750 2 2 1 1 1442 1443 1357
6751 2 2 1 1 1372 5450 1370
6752 2 2 1 1 1393 7091 5414
6753 2 2 1 1 1610 1688 1611
6754 2 2 1 1 1718 4175 1716
6755 2 2 1 1 1717 5747 1719
6756 2 2 1 1 1721 2234 1725
6757 2 2 1 1 1728 1730 1729
6758 2 2 1 1 1731 1732 1730
6759 2 2 1 1 1788 1989 1939
6760 2 2 1 1 1825 1826 1823
6761 2 2 1 1 1857 5785 1879
6762 2 2 1 1 1864 5915 1865
6763 2 2 1 1 1879 5750 2737
6764 2 2 1 1 1906 2247 2246
6765 2 2 1 1 2155 2506 1973
6766 2 2 1 1 2080 2081 2077
6767 2 2 1 1 2081 2083 2082
6768 2 2 1 1 2625 6105 2091
6769 2 2 1 1 2137 2139 2138
6770 2 2 1 1 2423 2424 2209
6771 2 2 1 1 2248 2604 2247
6772 2 2 1 1 2253 6111 2255
6773 2 2 1 1 2422 2598 2254
6774 2 2 1 1 2424 2649 2648
6775 2 2 1 1 2425 5845 2645
6776 2 2 1 1 2827 2828 2577
6777 2 2 1 1 2903 3190 2598
6778 2 2 1 1 3024 5904 2644
6779 2 2 1 1 2696 2697 2693
6780 2 2 1 1 2721 3102 3101
6781 2 2 1 1 4257 4258 2916
6782 2 2 1 1 2925 2927 2926
6783 2 2 1 1 2995 3739 2982
6784 2 2 1 1 3016 3960 3692
6785 2 2 1 1 3028 5892 5891
6786 2 2 1 1 4044 4045 3043
6787 2 2 1 1 3180 3193 3192
6788 2 2 1 1 3190 3687 3191
6789 2 2 1 1 3244 3734 3247
6790 2 2 1 1 3360 6628 6255
6791 2 2 1 1 3919 4048 3472
6792 2 2 1 1 5687 5688 3599
6793 2 2 1 1 3604 5904 5897
6794 2 2 1 1 3687 3789 3688
6795 2 2 1 1 3734 6580 3810
6796 2 2 1 1 4217 5480 3776
6797 2 2 1 1 3782 4271 3783
6798 2 2 1 1 3789 4235 3790
6799 2 2 1 1 3795 6111 6110
6800 2 2 1 1 3797 3798 3796
6801 2 2 1 1 3843 3845 3844
6802 2 2 1 1 4274 4275 4204
6803 2 2 1 1 4255 6291 6084
6804 2 2 1 1 5338 6174 5342
6805 2 2 1 1 5726 5727 5407
6806 2 2 1 1 8 402 7
6807 2 2 1 1 620 621 618
6808 2 2 1 1 622 623 621
6809 2 2 1 1 628 629 623
6810 2 2 1 1 2475 5369 632
6811 2 2 1 1 685 686 684
6812 2 2 1 1 692 799 798
6813 2 2 1 1 748 3583 743
6814 2 2 1 1 744 2129 749
6815 2 2 1 1 754 759 753
6816 2 2 1 1 788 809 789
6817 2 2 1 1 789 5395 791
6818 2 2 1 1 795 801 800
6819 2 2 1 1 848 849 826
6820 2 2 1 1 875 876 874
6821 2 2 1 1 877 878 876
6822 2 2 1 1 2196 5571 879
6823 2 2 1 1 880 882 881
6824 2 2 1 1 882 885 884
6825 2 2 1 1 2212 5649 885
6826 2 2 1 1 923 970 922
6827 2 2 1 1 1046 1082 1045
6828 2 2 1 1 1095 1212 1093
6829 2 2 1 1 2238 6132 1119
6830 2 2 1 1 1122 1124 1123
6831 2 2 1 1 1154 5396 3153
6832 2 2 1 1 1340 5319 2909
6833 2 2 1 1 1423 1555 1538
6834 2 2 1 1 1636 5746 1496
6835 2 2 1 1 1497 1579 1578
6836 2 2 1 1 1590 1591 1579
6837 2 2 1 1 1627 1832 1628
6838 2 2 1 1 2189 6125 1628
6839 2 2 1 1 1670 1777 1658
6840 2 2 1 1 1861 1959 1860
6841 2 2 1 1 1933 2241 1910
6842 2 2 1 1 4304 5236 1923
6843 2 2 1 1 1930 1981 1980
6844 2 2 1 1 2841 2842 1946
6845 2 2 1 1 1957 2470 1956
6846 2 2 1 1 2243 2244 1981
6847 2 2 1 1 2043 2215 2041
6848 2 2 1 1 2766 3015 2101
6849 2 2 1 1 2104 2677 2103
6850 2 2 1 1 2222 3158 2115
6851 2 2 1 1 2819 3802 2189
6852 2 2 1 1 2259 2260 2257
6853 2 2 1 1 2309 2315 2302
6854 2 2 1 1 2361 2501 2500
6855 2 2 1 1 2420 3507 3177
6856 2 2 1 1 2443 2445 2444
6857 2 2 1 1 2616 5704 2614
6858 2 2 1 1 5638 7240 2648
6859 2 2 1 1 2675 4951 3308
6860 2 2 1 1 2702 3334 2701
6861 2 2 1 1 2769 3295 2768
6862 2 2 1 1 3367 3368 2782
6863 2 2 1 1 2819 3803 3802
6864 2 2 1 1 2835 2836 2833
6865 2 2 1 1 2843 3653 2845
6866 2 2 1 1 2947 3577 2921
6867 2 2 1 1 2926 4297 2924
6868 2 2 1 1 3351 4130 3160
6869 2 2 1 1 3507 4283 3177
6870 2 2 1 1 3240 5721 3592
6871 2 2 1 1 3283 3938 3891
6872 2 2 1 1 3382 3383 3381
6873 2 2 1 1 3456 4089 3455
6874 2 2 1 1 3466 4629 3467
6875 2 2 1 1 3671 3673 3672
6876 2 2 1 1 3727 6064 4305
6877 2 2 1 1 3753 3756 3754
6878 2 2 1 1 4005 4008 4006
6879 2 2 1 1 4111 4113 4112
6880 2 2 1 1 4178 5081 5080
6881 2 2 1 1 5995 6262 4257
6882 2 2 1 1 4922 4923 4284
6883 2 2 1 1 4577 4604 4579
6884 2 2 1 1 4944 4946 4945
6885 2 2 1 1 5081 5083 5082
6886 2 2 1 1 6667 6819 5363
6887 2 2 1 1 11 376 10
6888 2 2 1 1 14 5603 13
6889 2 2 1 1 15 368 14
6890 2 2 1 1 613 6054 1498
6891 2 2 1 1 628 632 629
6892 2 2 1 1 633 2475 632
6893 2 2 1 1 636 638 637
6894 2 2 1 1 768 770 755
6895 2 2 1 1 825 826 797
6896 2 2 1 1 948 949 947
6897 2 2 1 1 1028 1035 1029
6898 2 2 1 1 1035 1040 1036
6899 2 2 1 1 1114 1117 1116
6900 2 2 1 1 1120 2275 1115
6901 2 2 1 1 1295 1379 1354
6902 2 2 1 1 1330 6716 6157
6903 2 2 1 1 1555 1748 1683
6904 2 2 1 1 1679 1680 1575
6905 2 2 1 1 1739 1905 1740
6906 2 2 1 1 1774 1776 1775
6907 2 2 1 1 1794 4831 4160
6908 2 2 1 1 1821 1822 1819
6909 2 2 1 1 2228 6061 1860
6910 2 2 1 1 1986 2761 2760
6911 2 2 1 1 3220 3221 2168
6912 2 2 1 1 2303 2309 2302
6913 2 2 1 1 2317 2326 2325
6914 2 2 1 1 2363 6877 2318
6915 2 2 1 1 2341 2348 2322
6916 2 2 1 1 2476 3330 2475
6917 2 2 1 1 2503 6548 2501
6918 2 2 1 1 2502 2504 2503
6919 2 2 1 1 2615 5294 2743
6920 2 2 1 1 2866 3079 2779
6921 2 2 1 1 2825 3157 2826
6922 2 2 1 1 3157 4346 2826
6923 2 2 1 1 5675 5676 2859
6924 2 2 1 1 2864 3515 3239
6925 2 2 1 1 5517 5705 2875
6926 2 2 1 1 2927 2929 2928
6927 2 2 1 1 2990 3567 2984
6928 2 2 1 1 3999 4056 3051
6929 2 2 1 1 3489 3490 3075
6930 2 2 1 1 3144 3533 3470
6931 2 2 1 1 3408 5239 3407
6932 2 2 1 1 3729 3740 3728
6933 2 2 1 1 3803 4823 3805
6934 2 2 1 1 3906 6943 4339
6935 2 2 1 1 4257 6407 4258
6936 2 2 1 1 7345 7352 4399
6937 2 2 1 1 4683 4684 4682
6938 2 2 1 1 4814 4815 4813
6939 2 2 1 1 5599 5600 5283
6940 2 2 1 1 6 453 5
6941 2 2 1 1 19 349 18
6942 2 2 1 1 638 645 641
6943 2 2 1 1 2127 5359 645
6944 2 2 1 1 809 5968 5395
6945 2 2 1 1 820 821 819
6946 2 2 1 1 844 866 865
6947 2 2 1 1 1001 1003 1002
6948 2 2 1 1 1003 1005 1004
6949 2 2 1 1 1009 1011 1010
6950 2 2 1 1 1023 1024 1021
6951 2 2 1 1 1025 1026 1024
6952 2 2 1 1 6201 6395 1439
6953 2 2 1 1 1467 4961 1502
6954 2 2 1 1 1513 2114 1762
6955 2 2 1 1 1571 4704 1677
6956 2 2 1 1 1733 6252 6048
6957 2 2 1 1 1791 1793 1792
6958 2 2 1 1 1800 1801 1799
6959 2 2 1 1 1884 6825 6732
6960 2 2 1 1 2213 2841 1946
6961 2 2 1 1 2298 5217 2290
6962 2 2 1 1 2325 5883 2347
6963 2 2 1 1 2574 2869 2575
6964 2 2 1 1 5452 6278 2603
6965 2 2 1 1 2678 3332 2677
6966 2 2 1 1 2825 2826 2695
6967 2 2 1 1 2866 3080 3079
6968 2 2 1 1 2883 3078 2882
6969 2 2 1 1 3768 3769 3264
6970 2 2 1 1 3301 6314 3300
6971 2 2 1 1 3487 4003 3486
6972 2 2 1 1 4854 4855 3703
6973 2 2 1 1 3965 4953 4952
6974 2 2 1 1 4107 4109 4083
6975 2 2 1 1 4203 5525 5522
6976 2 2 1 1 4205 5160 4210
6977 2 2 1 1 4261 4263 4262
6978 2 2 1 1 5081 5085 5083
6979 2 2 1 1 5172 5174 5173
6980 2 2 1 1 5176 5180 5175
6981 2 2 1 1 376 5457 10
6982 2 2 1 1 24 344 23
6983 2 2 1 1 96 444 95
6984 2 2 1 1 101 425 100
6985 2 2 1 1 576 579 577
6986 2 2 1 1 583 585 584
6987 2 2 1 1 588 5726 592
6988 2 2 1 1 590 5727 5726
6989 2 2 1 1 591 6040 2464
6990 2 2 1 1 601 5753 2187
6991 2 2 1 1 636 5935 638
6992 2 2 1 1 654 5417 656
6993 2 2 1 1 760 763 759
6994 2 2 1 1 2755 5908 805
6995 2 2 1 1 808 832 827
6996 2 2 1 1 969 5200 1043
6997 2 2 1 1 1413 2569 1523
6998 2 2 1 1 5405 5406 1422
6999 2 2 1 1 1573 1584 1583
7000 2 2 1 1 1680 1778 1575
7001 2 2 1 1 1686 2370 1750
7002 2 2 1 1 1974 1975 1743
7003 2 2 1 1 1751 2735 1749
7004 2 2 1 1 1785 1787 1786
7005 2 2 1 1 1824 1825 1823
7006 2 2 1 1 1825 1827 1826
7007 2 2 1 1 3802 6125 2189
7008 2 2 1 1 2735 6708 5207
7009 2 2 1 1 3333 3343 2773
7010 2 2 1 1 2812 3148 2996
7011 2 2 1 1 4399 5668 3046
7012 2 2 1 1 3379 3900 3377
7013 2 2 1 1 3397 4876 3510
7014 2 2 1 1 3993 4047 3708
7015 2 2 1 1 4154 4703 4155
7016 2 2 1 1 4199 4571 4200
7017 2 2 1 1 5384 5417 5415
7018 2 2 1 1 5727 6245 5407
7019 2 2 1 1 39 5768 442
7020 2 2 1 1 447 5973 91
7021 2 2 1 1 603 604 602
7022 2 2 1 1 602 6095 606
7023 2 2 1 1 827 2755 805
7024 2 2 1 1 1059 1433 940
7025 2 2 1 1 979 2978 954
7026 2 2 1 1 969 1043 979
7027 2 2 1 1 1026 1225 1024
7028 2 2 1 1 1479 5697 1481
7029 2 2 1 1 1481 1483 1482
7030 2 2 1 1 1533 1573 1572
7031 2 2 1 1 2414 2415 1554
7032 2 2 1 1 1701 1702 1700
7033 2 2 1 1 1704 5996 2460
7034 2 2 1 1 1798 1799 1797
7035 2 2 1 1 1911 1934 1933
7036 2 2 1 1 3981 3982 2413
7037 2 2 1 1 2637 5971 2431
7038 2 2 1 1 2782 3054 2523
7039 2 2 1 1 3792 4340 2567
7040 2 2 1 1 2838 3394 3087
7041 2 2 1 1 2913 5794 3530
7042 2 2 1 1 2936 3000 2938
7043 2 2 1 1 5225 5226 2968
7044 2 2 1 1 2969 6082 2986
7045 2 2 1 1 3522 4926 4181
7046 2 2 1 1 3530 6183 5227
7047 2 2 1 1 4014 4984 4872
7048 2 2 1 1 4266 4268 4264
7049 2 2 1 1 4282 6210 4315
7050 2 2 1 1 4665 4666 4407
7051 2 2 1 1 4858 4859 4857
7052 2 2 1 1 4984 4985 4872
7053 2 2 1 1 4924 7094 4923
7054 2 2 1 1 5085 5088 5083
7055 2 2 1 1 87 403 86
7056 2 2 1 1 94 361 93
7057 2 2 1 1 5942 5943 340
7058 2 2 1 1 608 609 607
7059 2 2 1 1 609 1917 1196
7060 2 2 1 1 743 5644 691
7061 2 2 1 1 772 786 785
7062 2 2 1 1 822 823 821
7063 2 2 1 1 857 862 839
7064 2 2 1 1 857 918 862
7065 2 2 1 1 918 955 862
7066 2 2 1 1 866 942 941
7067 2 2 1 1 950 5686 947
7068 2 2 1 1 956 5689 950
7069 2 2 1 1 1080 1081 1044
7070 2 2 1 1 1057 1856 1178
7071 2 2 1 1 1203 1205 1204
7072 2 2 1 1 1228 1335 1227
7073 2 2 1 1 2112 5613 1235
7074 2 2 1 1 1313 1388 1386
7075 2 2 1 1 1336 1453 1335
7076 2 2 1 1 1337 6553 5284
7077 2 2 1 1 1413 4977 2569
7078 2 2 1 1 1503 2230 1468
7079 2 2 1 1 1476 2414 1554
7080 2 2 1 1 1508 1597 1507
7081 2 2 1 1 1662 3224 1546
7082 2 2 1 1 1547 2977 1663
7083 2 2 1 1 1629 1630 1606
7084 2 2 1 1 1657 1658 1656
7085 2 2 1 1 1750 1751 1749
7086 2 2 1 1 1758 2203 1763
7087 2 2 1 1 1768 1769 1767
7088 2 2 1 1 1774 1775 1772
7089 2 2 1 1 4294 5272 1782
7090 2 2 1 1 1805 1806 1801
7091 2 2 1 1 2241 6307 1910
7092 2 2 1 1 2303 2310 2309
7093 2 2 1 1 2355 2356 2354
7094 2 2 1 1 2414 2416 2415
7095 2 2 1 1 2416 2418 2417
7096 2 2 1 1 2421 2509 2508
7097 2 2 1 1 2437 2438 2436
7098 2 2 1 1 2447 2449 2448
7099 2 2 1 1 2509 2717 2716
7100 2 2 1 1 2525 3265 2721
7101 2 2 1 1 2938 2940 2939
7102 2 2 1 1 2941 2999 2943
7103 2 2 1 1 2944 4219 4218
7104 2 2 1 1 2983 2995 2982
7105 2 2 1 1 2983 3009 2995
7106 2 2 1 1 3296 3945 3007
7107 2 2 1 1 3021 3990 3987
7108 2 2 1 1 3299 3393 3104
7109 2 2 1 1 3382 4449 3384
7110 2 2 1 1 3386 3387 3385
7111 2 2 1 1 3500 4807 4738
7112 2 2 1 1 5558 6083 3701
7113 2 2 1 1 4585 4586 4584
7114 2 2 1 1 5723 5984 5502
7115 2 2 1 1 5772 6335 6333
7116 2 2 1 1 916 932 914
7117 2 2 1 1 955 3641 3640
7118 2 2 1 1 973 5362 986
7119 2 2 1 1 987 988 974
7120 2 2 1 1 986 4124 2887
7121 2 2 1 1 992 3574 994
7122 2 2 1 1 1073 6081 995
7123 2 2 1 1 1107 6354 2766
7124 2 2 1 1 1218 5187 1221
7125 2 2 1 1 1412 1414 1338
7126 2 2 1 1 1359 1474 1358
7127 2 2 1 1 1531 1582 1581
7128 2 2 1 1 1898 1899 1665
7129 2 2 1 1 1667 2556 1903
7130 2 2 1 1 1675 1880 1846
7131 2 2 1 1 1768 1770 1769
7132 2 2 1 1 1985 5164 1775
7133 2 2 1 1 1950 5735 1863
7134 2 2 1 1 2770 2889 1963
7135 2 2 1 1 2005 2007 2006
7136 2 2 1 1 2087 5256 2820
7137 2 2 1 1 2088 5875 5259
7138 2 2 1 1 2124 2537 2536
7139 2 2 1 1 2292 2299 2298
7140 2 2 1 1 2320 5232 2342
7141 2 2 1 1 2327 2341 2322
7142 2 2 1 1 2352 3290 2324
7143 2 2 1 1 2329 2330 2326
7144 2 2 1 1 2327 2367 2346
7145 2 2 1 1 2355 2359 2357
7146 2 2 1 1 2375 5960 5498
7147 2 2 1 1 2434 4780 2499
7148 2 2 1 1 2443 5253 2445
7149 2 2 1 1 3571 6148 2583
7150 2 2 1 1 3222 3223 2610
7151 2 2 1 1 2822 5508 3152
7152 2 2 1 1 2941 2942 2939
7153 2 2 1 1 2943 2944 2942
7154 2 2 1 1 3156 4137 3136
7155 2 2 1 1 4137 6109 3136
7156 2 2 1 1 5396 5398 3153
7157 2 2 1 1 3156 4196 4137
7158 2 2 1 1 4139 4176 3253
7159 2 2 1 1 3333 3503 3343
7160 2 2 1 1 3877 4064 3370
7161 2 2 1 1 3458 5637 4947
7162 2 2 1 1 3642 3643 3641
7163 2 2 1 1 3712 6461 5040
7164 2 2 1 1 4031 4033 4032
7165 2 2 1 1 6062 6065 4032
7166 2 2 1 1 4196 4758 4137
7167 2 2 1 1 4579 4581 4580
7168 2 2 1 1 4942 4943 4941
7169 2 2 1 1 5445 5987 5628
7170 2 2 1 1 98 351 97
7171 2 2 1 1 103 343 102
7172 2 2 1 1 116 327 115
7173 2 2 1 1 445 5940 121
7174 2 2 1 1 124 323 123
7175 2 2 1 1 126 416 125
7176 2 2 1 1 416 5941 125
7177 2 2 1 1 128 366 127
7178 2 2 1 1 130 429 129
7179 2 2 1 1 132 329 131
7180 2 2 1 1 135 380 134
7181 2 2 1 1 137 430 136
7182 2 2 1 1 430 5530 136
7183 2 2 1 1 139 340 138
7184 2 2 1 1 140 5942 139
7185 2 2 1 1 142 381 141
7186 2 2 1 1 145 345 144
7187 2 2 1 1 148 417 147
7188 2 2 1 1 417 6511 147
7189 2 2 1 1 150 356 149
7190 2 2 1 1 356 5800 149
7191 2 2 1 1 152 431 151
7192 2 2 1 1 154 369 153
7193 2 2 1 1 156 418 155
7194 2 2 1 1 157 454 156
7195 2 2 1 1 158 377 157
7196 2 2 1 1 160 432 159
7197 2 2 1 1 161 5946 160
7198 2 2 1 1 164 450 163
7199 2 2 1 1 166 400 165
7200 2 2 1 1 169 394 168
7201 2 2 1 1 172 372 171
7202 2 2 1 1 174 405 173
7203 2 2 1 1 176 353 175
7204 2 2 1 1 178 419 177
7205 2 2 1 1 181 348 180
7206 2 2 1 1 184 382 183
7207 2 2 1 1 185 5947 184
7208 2 2 1 1 187 337 186
7209 2 2 1 1 189 433 188
7210 2 2 1 1 191 383 190
7211 2 2 1 1 383 5804 190
7212 2 2 1 1 192 5536 191
7213 2 2 1 1 194 332 193
7214 2 2 1 1 196 434 195
7215 2 2 1 1 197 5537 196
7216 2 2 1 1 198 367 197
7217 2 2 1 1 367 5537 197
7218 2 2 1 1 200 420 199
7219 2 2 1 1 420 5948 199
7220 2 2 1 1 202 324 201
7221 2 2 1 1 324 5805 201
7222 2 2 1 1 208 435 207
7223 2 2 1 1 210 326 209
7224 2 2 1 1 326 5598 209
7225 2 2 1 1 212 436 211
7226 2 2 1 1 436 5759 211
7227 2 2 1 1 384 5806 213
7228 2 2 1 1 217 334 216
7229 2 2 1 1 218 5949 217
7230 2 2 1 1 220 389 219
7231 2 2 1 1 222 5761 221
7232 2 2 1 1 223 342 222
7233 2 2 1 1 225 421 224
7234 2 2 1 1 227 5763 226
7235 2 2 1 1 228 350 227
7236 2 2 1 1 230 422 229
7237 2 2 1 1 232 358 231
7238 2 2 1 1 235 6036 234
7239 2 2 1 1 237 5538 236
7240 2 2 1 1 369 6892 5801
7241 2 2 1 1 455 456 418
7242 2 2 1 1 458 3558 1745
7243 2 2 1 1 469 470 468
7244 2 2 1 1 469 471 470
7245 2 2 1 1 471 473 472
7246 2 2 1 1 473 474 472
7247 2 2 1 1 473 475 474
7248 2 2 1 1 475 476 474
7249 2 2 1 1 475 477 476
7250 2 2 1 1 476 5953 1050
7251 2 2 1 1 707 5249 976
7252 2 2 1 1 715 2871 824
7253 2 2 1 1 730 731 728
7254 2 2 1 1 747 5408 737
7255 2 2 1 1 2030 3689 747
7256 2 2 1 1 2902 5841 751
7257 2 2 1 1 764 6076 1427
7258 2 2 1 1 783 784 770
7259 2 2 1 1 777 778 776
7260 2 2 1 1 786 795 794
7261 2 2 1 1 912 5910 915
7262 2 2 1 1 923 2888 971
7263 2 2 1 1 996 5199 958
7264 2 2 1 1 1011 1013 1012
7265 2 2 1 1 1017 1028 1022
7266 2 2 1 1 1206 5852 1087
7267 2 2 1 1 1113 1114 1112
7268 2 2 1 1 1124 5412 1142
7269 2 2 1 1 1133 1134 1132
7270 2 2 1 1 2867 5858 1151
7271 2 2 1 1 3134 6594 1160
7272 2 2 1 1 1281 3547 1361
7273 2 2 1 1 1295 1380 1379
7274 2 2 1 1 1339 4977 1413
7275 2 2 1 1 1411 6602 6447
7276 2 2 1 1 2757 2758 1420
7277 2 2 1 1 2758 6496 1420
7278 2 2 1 1 1438 2851 1436
7279 2 2 1 1 1452 1549 1548
7280 2 2 1 1 1477 1479 1478
7281 2 2 1 1 1548 5951 2272
7282 2 2 1 1 1550 1551 1549
7283 2 2 1 1 1631 5951 1549
7284 2 2 1 1 1550 1607 1551
7285 2 2 1 1 1551 6420 1631
7286 2 2 1 1 1583 1742 1585
7287 2 2 1 1 1854 1855 1608
7288 2 2 1 1 4290 4291 1761
7289 2 2 1 1 1783 1784 1782
7290 2 2 1 1 1788 5090 1989
7291 2 2 1 1 1793 1795 1794
7292 2 2 1 1 1793 6609 1796
7293 2 2 1 1 1920 1943 1854
7294 2 2 1 1 1855 2001 2000
7295 2 2 1 1 1855 5273 2001
7296 2 2 1 1 1920 4929 4927
7297 2 2 1 1 1936 5559 3766
7298 2 2 1 1 1944 2547 1943
7299 2 2 1 1 1998 2647 2646
7300 2 2 1 1 2002 3709 2000
7301 2 2 1 1 2001 2004 2003
7302 2 2 1 1 2654 2656 2006
7303 2 2 1 1 2746 2748 2011
7304 2 2 1 1 2042 2044 2043
7305 2 2 1 1 2087 2199 2078
7306 2 2 1 1 2084 5826 2397
7307 2 2 1 1 2162 6837 4893
7308 2 2 1 1 2221 5251 5250
7309 2 2 1 1 2621 5868 2235
7310 2 2 1 1 2310 2319 2309
7311 2 2 1 1 2772 2773 2472
7312 2 2 1 1 3704 6219 2613
7313 2 2 1 1 2615 2616 2614
7314 2 2 1 1 2992 3259 2621
7315 2 2 1 1 3650 3651 2635
7316 2 2 1 1 3040 3639 2656
7317 2 2 1 1 2657 3137 2658
7318 2 2 1 1 2662 2663 2660
7319 2 2 1 1 2664 3328 2663
7320 2 2 1 1 3064 4879 2694
7321 2 2 1 1 2703 3306 3001
7322 2 2 1 1 2712 3056 3055
7323 2 2 1 1 2748 3141 2749
7324 2 2 1 1 2873 2875 2874
7325 2 2 1 1 2874 5705 2877
7326 2 2 1 1 2945 5078 2944
7327 2 2 1 1 3987 4025 3040
7328 2 2 1 1 3052 6361 3396
7329 2 2 1 1 3057 3058 3056
7330 2 2 1 1 3058 3094 3056
7331 2 2 1 1 3084 3420 3419
7332 2 2 1 1 4296 5582 3137
7333 2 2 1 1 3331 3888 3624
7334 2 2 1 1 3553 5798 5797
7335 2 2 1 1 3628 3629 3602
7336 2 2 1 1 3629 3631 3630
7337 2 2 1 1 3730 3731 3651
7338 2 2 1 1 3689 5731 5408
7339 2 2 1 1 5561 6311 3766
7340 2 2 1 1 3824 3998 3922
7341 2 2 1 1 3833 5950 5839
7342 2 2 1 1 4712 6563 4081
7343 2 2 1 1 4230 5203 4231
7344 2 2 1 1 4263 4265 4264
7345 2 2 1 1 4587 4589 4586
7346 2 2 1 1 4593 4600 4599
7347 2 2 1 1 19 5778 349
7348 2 2 1 1 85 452 84
7349 2 2 1 1 327 5519 115
7350 2 2 1 1 479 480 478
7351 2 2 1 1 479 481 480
7352 2 2 1 1 479 5368 2224
7353 2 2 1 1 481 482 480
7354 2 2 1 1 481 483 482
7355 2 2 1 1 483 485 484
7356 2 2 1 1 485 487 486
7357 2 2 1 1 487 488 486
7358 2 2 1 1 487 489 488
7359 2 2 1 1 489 490 488
7360 2 2 1 1 489 491 490
7361 2 2 1 1 853 5070 493
7362 2 2 1 1 497 498 496
7363 2 2 1 1 497 499 498
7364 2 2 1 1 499 501 500
7365 2 2 1 1 501 502 500
7366 2 2 1 1 501 503 502
7367 2 2 1 1 503 505 504
7368 2 2 1 1 509 510 508
7369 2 2 1 1 527 528 526
7370 2 2 1 1 1194 5308 539
7371 2 2 1 1 542 5681 544
7372 2 2 1 1 548 1192 550
7373 2 2 1 1 551 2180 549
7374 2 2 1 1 553 5684 551
7375 2 2 1 1 556 558 557
7376 2 2 1 1 641 1914 637
7377 2 2 1 1 832 856 839
7378 2 2 1 1 6257 6918 913
7379 2 2 1 1 977 1197 967
7380 2 2 1 1 1021 6406 2206
7381 2 2 1 1 1157 1159 1158
7382 2 2 1 1 1159 1187 1186
7383 2 2 1 1 1217 1218 1216
7384 2 2 1 1 1218 1220 1219
7385 2 2 1 1 1231 1232 1230
7386 2 2 1 1 1297 3283 3282
7387 2 2 1 1 1467 1468 1354
7388 2 2 1 1 1382 1462 1381
7389 2 2 1 1 1382 1463 1462
7390 2 2 1 1 1534 1681 1552
7391 2 2 1 1 1622 5713 1620
7392 2 2 1 1 1697 5736 1621
7393 2 2 1 1 1696 6195 1698
7394 2 2 1 1 1863 5735 1697
7395 2 2 1 1 1698 5960 1886
7396 2 2 1 1 2608 5496 1741
7397 2 2 1 1 1752 1757 1754
7398 2 2 1 1 1783 1785 1784
7399 2 2 1 1 1842 1843 1829
7400 2 2 1 1 1949 1950 1863
7401 2 2 1 1 1992 5039 1876
7402 2 2 1 1 1877 1994 1993
7403 2 2 1 1 1886 2375 2374
7404 2 2 1 1 2582 2583 1950
7405 2 2 1 1 2131 2770 1963
7406 2 2 1 1 1994 1996 1995
7407 2 2 1 1 2122 2123 2010
7408 2 2 1 1 5782 6020 2135
7409 2 2 1 1 2154 2410 2225
7410 2 2 1 1 6491 6863 2321
7411 2 2 1 1 3238 4352 2410
7412 2 2 1 1 2564 2809 2672
7413 2 2 1 1 3203 3571 2583
7414 2 2 1 1 2753 2754 2647
7415 2 2 1 1 2672 3275 2671
7416 2 2 1 1 3275 3529 2671
7417 2 2 1 1 3332 6220 2677
7418 2 2 1 1 2687 2689 2688
7419 2 2 1 1 2689 2695 2694
7420 2 2 1 1 2695 3063 2694
7421 2 2 1 1 2753 3241 2754
7422 2 2 1 1 3241 3242 2754
7423 2 2 1 1 2755 6523 6522
7424 2 2 1 1 2809 4159 2890
7425 2 2 1 1 2814 3047 2815
7426 2 2 1 1 2840 5043 5042
7427 2 2 1 1 3097 4405 3345
7428 2 2 1 1 3127 4796 3128
7429 2 2 1 1 4796 4797 3128
7430 2 2 1 1 3135 4247 3502
7431 2 2 1 1 3138 3816 3327
7432 2 2 1 1 3275 4827 4026
7433 2 2 1 1 4020 4021 3309
7434 2 2 1 1 3319 4896 3979
7435 2 2 1 1 3816 3817 3327
7436 2 2 1 1 3409 3435 3408
7437 2 2 1 1 3438 3439 3437
7438 2 2 1 1 3443 3446 3445
7439 2 2 1 1 4661 4662 3693
7440 2 2 1 1 3698 3699 3697
7441 2 2 1 1 3700 4138 3699
7442 2 2 1 1 3715 4775 3716
7443 2 2 1 1 3807 3814 3731
7444 2 2 1 1 6516 6580 3734
7445 2 2 1 1 4077 4078 3875
7446 2 2 1 1 4021 4023 4022
7447 2 2 1 1 4265 4269 4266
7448 2 2 1 1 4797 4799 4798
7449 2 2 1 1 7096 7136 4912
7450 2 2 1 1 5608 6338 5607
7451 2 2 1 1 6426 6435 5614
7452 2 2 1 1 13 449 12
7453 2 2 1 1 442 5523 38
7454 2 2 1 1 648 6023 641
7455 2 2 1 1 706 708 707
7456 2 2 1 1 863 864 852
7457 2 2 1 1 912 913 910
7458 2 2 1 1 1172 1173 1068
7459 2 2 1 1 1111 6354 1108
7460 2 2 1 1 2822 2867 1151
7461 2 2 1 1 3133 3134 1160
7462 2 2 1 1 1176 3564 1213
7463 2 2 1 1 1191 2211 2210
7464 2 2 1 1 1448 1518 1449
7465 2 2 1 1 1467 1502 1468
7466 2 2 1 1 1627 1628 1526
7467 2 2 1 1 1655 2919 1657
7468 2 2 1 1 1902 1904 1666
7469 2 2 1 1 1769 2204 1767
7470 2 2 1 1 1804 1805 1801
7471 2 2 1 1 2031 2032 2030
7472 2 2 1 1 2033 2034 2032
7473 2 2 1 1 2119 2810 2396
7474 2 2 1 1 2161 6893 5474
7475 2 2 1 1 2247 5916 2395
7476 2 2 1 1 2582 5965 3603
7477 2 2 1 1 3048 4873 2641
7478 2 2 1 1 2689 2694 2688
7479 2 2 1 1 3311 6065 2728
7480 2 2 1 1 3297 3298 2767
7481 2 2 1 1 3172 3724 2897
7482 2 2 1 1 2925 4182 2927
7483 2 2 1 1 5632 6726 2960
7484 2 2 1 1 3065 4338 4337
7485 2 2 1 1 3100 3406 3405
7486 2 2 1 1 6476 6477 3715
7487 2 2 1 1 4289 6386 3738
7488 2 2 1 1 37 325 36
7489 2 2 1 1 41 365 40
7490 2 2 1 1 45 322 44
7491 2 2 1 1 47 406 46
7492 2 2 1 1 47 5716 406
7493 2 2 1 1 49 363 48
7494 2 2 1 1 60 339 59
7495 2 2 1 1 67 5822 66
7496 2 2 1 1 66 5822 347
7497 2 2 1 1 69 407 68
7498 2 2 1 1 75 371 74
7499 2 2 1 1 79 5393 78
7500 2 2 1 1 251 370 250
7501 2 2 1 1 257 409 256
7502 2 2 1 1 266 338 265
7503 2 2 1 1 277 364 276
7504 2 2 1 1 279 410 278
7505 2 2 1 1 281 321 280
7506 2 2 1 1 287 427 286
7507 2 2 1 1 289 328 288
7508 2 2 1 1 291 428 290
7509 2 2 1 1 296 333 295
7510 2 2 1 1 299 390 298
7511 2 2 1 1 302 341 301
7512 2 2 1 1 304 411 303
7513 2 2 1 1 307 352 306
7514 2 2 1 1 309 412 308
7515 2 2 1 1 311 357 310
7516 2 2 1 1 5768 5769 442
7517 2 2 1 1 824 5673 713
7518 2 2 1 1 732 736 734
7519 2 2 1 1 736 747 737
7520 2 2 1 1 742 2933 752
7521 2 2 1 1 2029 2030 747
7522 2 2 1 1 760 764 763
7523 2 2 1 1 773 5385 761
7524 2 2 1 1 764 772 771
7525 2 2 1 1 775 777 776
7526 2 2 1 1 814 815 813
7527 2 2 1 1 2872 5843 824
7528 2 2 1 1 859 922 858
7529 2 2 1 1 924 5409 5385
7530 2 2 1 1 931 958 930
7531 2 2 1 1 959 5848 1047
7532 2 2 1 1 971 1045 970
7533 2 2 1 1 1067 1068 983
7534 2 2 1 1 1085 2197 1083
7535 2 2 1 1 1089 1206 1087
7536 2 2 1 1 1110 1113 1112
7537 2 2 1 1 1124 1126 1125
7538 2 2 1 1 1129 1131 1130
7539 2 2 1 1 1131 1133 1132
7540 2 2 1 1 1133 1135 1134
7541 2 2 1 1 1135 1137 1136
7542 2 2 1 1 1138 1139 1137
7543 2 2 1 1 1210 1307 1211
7544 2 2 1 1 1316 1319 1317
7545 2 2 1 1 1616 5970 1320
7546 2 2 1 1 1321 1323 1322
7547 2 2 1 1 5548 5929 1321
7548 2 2 1 1 1323 1350 1324
7549 2 2 1 1 1513 1514 1450
7550 2 2 1 1 1502 1574 1503
7551 2 2 1 1 1574 1575 1503
7552 2 2 1 1 1762 3155 1514
7553 2 2 1 1 1628 6125 1526
7554 2 2 1 1 1547 1662 1546
7555 2 2 1 1 1574 1679 1575
7556 2 2 1 1 1584 5573 1583
7557 2 2 1 1 1635 1669 1668
7558 2 2 1 1 1659 1670 1658
7559 2 2 1 1 1784 4294 1782
7560 2 2 1 1 1811 6213 1924
7561 2 2 1 1 1848 1850 1849
7562 2 2 1 1 3992 5864 1970
7563 2 2 1 1 2042 2045 2044
7564 2 2 1 1 2045 2047 2046
7565 2 2 1 1 5928 6385 2058
7566 2 2 1 1 2064 5657 5656
7567 2 2 1 1 2420 3177 2421
7568 2 2 1 1 2497 2713 2523
7569 2 2 1 1 2759 2992 2621
7570 2 2 1 1 2686 2690 2684
7571 2 2 1 1 2829 4655 4654
7572 2 2 1 1 2948 2949 2878
7573 2 2 1 1 2914 4257 2916
7574 2 2 1 1 3608 3646 2949
7575 2 2 1 1 3739 6365 2982
7576 2 2 1 1 3217 3218 2992
7577 2 2 1 1 3122 3426 3124
7578 2 2 1 1 3465 4017 3123
7579 2 2 1 1 3606 5938 3203
7580 2 2 1 1 3230 3231 3229
7581 2 2 1 1 3460 3989 3459
7582 2 2 1 1 3520 5594 5285
7583 2 2 1 1 3526 4810 3525
7584 2 2 1 1 5243 6003 3597
7585 2 2 1 1 3603 5565 3741
7586 2 2 1 1 3610 6836 5781
7587 2 2 1 1 3632 3634 3633
7588 2 2 1 1 3673 3675 3674
7589 2 2 1 1 3756 6196 3951
7590 2 2 1 1 3759 4344 4342
7591 2 2 1 1 3806 6088 5515
7592 2 2 1 1 4320 6462 3834
7593 2 2 1 1 3835 3837 3836
7594 2 2 1 1 3951 5136 3896
7595 2 2 1 1 4069 4070 4068
7596 2 2 1 1 4191 4618 4190
7597 2 2 1 1 6084 6291 4274
7598 2 2 1 1 5670 5671 4344
7599 2 2 1 1 5267 6740 6382
7600 2 2 1 1 5477 6043 5930
7601 2 2 1 1 325 5714 36
7602 2 2 1 1 331 5799 52
7603 2 2 1 1 339 5391 59
7604 2 2 1 1 411 5605 303
7605 2 2 1 1 787 924 773
7606 2 2 1 1 907 908 906
7607 2 2 1 1 919 920 916
7608 2 2 1 1 929 930 928
7609 2 2 1 1 1174 2988 2617
7610 2 2 1 1 1443 1545 1357
7611 2 2 1 1 1442 1567 1515
7612 2 2 1 1 1516 6192 1443
7613 2 2 1 1 1664 1665 1528
7614 2 2 1 1 1615 6479 5203
7615 2 2 1 1 1617 2198 1691
7616 2 2 1 1 1671 1875 1670
7617 2 2 1 1 1675 1846 1674
7618 2 2 1 1 1754 1756 1755
7619 2 2 1 1 1781 1783 1782
7620 2 2 1 1 1899 1969 1900
7621 2 2 1 1 2118 2252 1939
7622 2 2 1 1 1969 2667 1970
7623 2 2 1 1 2816 5102 1975
7624 2 2 1 1 2395 3702 2246
7625 2 2 1 1 2367 2524 2346
7626 2 2 1 1 2430 2636 2431
7627 2 2 1 1 2502 2503 2501
7628 2 2 1 1 3117 3118 2550
7629 2 2 1 1 2556 2898 2557
7630 2 2 1 1 3340 5916 2604
7631 2 2 1 1 2667 3459 3458
7632 2 2 1 1 2727 5667 3116
7633 2 2 1 1 3060 3061 2791
7634 2 2 1 1 5286 6493 2900
7635 2 2 1 1 2932 3099 2931
7636 2 2 1 1 3078 4088 3350
7637 2 2 1 1 3448 3449 3132
7638 2 2 1 1 3339 3819 3818
7639 2 2 1 1 3366 4460 3365
7640 2 2 1 1 3819 4877 4220
7641 2 2 1 1 3873 4390 4389
7642 2 2 1 1 4001 5937 4236
7643 2 2 1 1 4200 6823 4070
7644 2 2 1 1 4169 5104 4104
7645 2 2 1 1 4853 4974 4176
7646 2 2 1 1 5079 6116 4219
7647 2 2 1 1 32 5752 426
7648 2 2 1 1 7223 7230 472
7649 2 2 1 1 7042 7068 587
7650 2 2 1 1 816 6186 1367
7651 2 2 1 1 908 910 909
7652 2 2 1 1 912 914 913
7653 2 2 1 1 915 5910 2161
7654 2 2 1 1 946 947 945
7655 2 2 1 1 1313 1314 1236
7656 2 2 1 1 1386 1387 1314
7657 2 2 1 1 1476 1477 1387
7658 2 2 1 1 1844 2184 1679
7659 2 2 1 1 1680 1779 1778
7660 2 2 1 1 1680 1780 1779
7661 2 2 1 1 1827 5997 1830
7662 2 2 1 1 2914 2915 1905
7663 2 2 1 1 2314 2317 2316
7664 2 2 1 1 2495 2496 2419
7665 2 2 1 1 2493 2792 2492
7666 2 2 1 1 2509 3146 2717
7667 2 2 1 1 2520 6102 2789
7668 2 2 1 1 3706 6211 2617
7669 2 2 1 1 2679 2681 2680
7670 2 2 1 1 2682 3041 2680
7671 2 2 1 1 2743 4205 3207
7672 2 2 1 1 2853 3557 3509
7673 2 2 1 1 2893 3342 3341
7674 2 2 1 1 5987 5989 2976
7675 2 2 1 1 3148 3149 2996
7676 2 2 1 1 4276 6085 3221
7677 2 2 1 1 3343 4050 3344
7678 2 2 1 1 3387 3970 3385
7679 2 2 1 1 3533 4751 3470
7680 2 2 1 1 3635 6170 5041
7681 2 2 1 1 3713 6476 3715
7682 2 2 1 1 3716 3717 3714
7683 2 2 1 1 4167 4459 4168
7684 2 2 1 1 4594 4613 4592
7685 2 2 1 1 5068 7200 6301
7686 2 2 1 1 5942 5944 5943
7687 2 2 1 1 45 5709 322
7688 2 2 1 1 106 391 105
7689 2 2 1 1 575 2879 573
7690 2 2 1 1 758 813 750
7691 2 2 1 1 857 921 918
7692 2 2 1 1 866 941 940
7693 2 2 1 1 951 957 956
7694 2 2 1 1 963 1189 964
7695 2 2 1 1 1483 1525 1524
7696 2 2 1 1 1601 6005 1602
7697 2 2 1 1 1765 2740 1896
7698 2 2 1 1 1770 1773 1772
7699 2 2 1 1 1780 1781 1779
7700 2 2 1 1 1811 1924 1814
7701 2 2 1 1 2407 5072 1872
7702 2 2 1 1 1974 1978 1975
7703 2 2 1 1 1979 2866 2779
7704 2 2 1 1 2007 2654 2006
7705 2 2 1 1 2185 2515 2184
7706 2 2 1 1 2411 6002 4288
7707 2 2 1 1 2932 4148 3100
7708 2 2 1 1 2937 4224 2935
7709 2 2 1 1 3346 3657 3098
7710 2 2 1 1 3251 3887 3252
7711 2 2 1 1 3374 4455 3376
7712 2 2 1 1 3994 4948 3391
7713 2 2 1 1 3439 4568 3437
7714 2 2 1 1 3438 4919 4420
7715 2 2 1 1 3473 3919 3472
7716 2 2 1 1 3926 4094 3928
7717 2 2 1 1 3990 4392 3987
7718 2 2 1 1 4205 6439 5160
7719 2 2 1 1 4891 4892 4280
7720 2 2 1 1 6001 6034 5611
7721 2 2 1 1 32 426 31
7722 2 2 1 1 569 571 570
7723 2 2 1 1 571 5982 572
7724 2 2 1 1 572 578 574
7725 2 2 1 1 579 1500 581
7726 2 2 1 1 582 5983 580
7727 2 2 1 1 581 5832 583
7728 2 2 1 1 583 5394 585
7729 2 2 1 1 585 589 588
7730 2 2 1 1 589 591 590
7731 2 2 1 1 595 597 596
7732 2 2 1 1 2464 5907 595
7733 2 2 1 1 599 601 600
7734 2 2 1 1 975 5753 599
7735 2 2 1 1 652 653 651
7736 2 2 1 1 659 5780 5606
7737 2 2 1 1 987 989 988
7738 2 2 1 1 994 995 993
7739 2 2 1 1 1027 1034 1031
7740 2 2 1 1 1034 5372 5268
7741 2 2 1 1 1074 1349 1073
7742 2 2 1 1 1184 2133 1304
7743 2 2 1 1 1344 1415 1208
7744 2 2 1 1 1304 1391 1348
7745 2 2 1 1 1380 1465 1464
7746 2 2 1 1 1416 1417 1415
7747 2 2 1 1 5415 5417 1422
7748 2 2 1 1 1534 6288 1681
7749 2 2 1 1 1573 2574 1584
7750 2 2 1 1 1739 1740 1633
7751 2 2 1 1 6321 6500 1724
7752 2 2 1 1 1732 1734 1733
7753 2 2 1 1 1781 1782 1779
7754 2 2 1 1 1865 5915 3045
7755 2 2 1 1 2182 3665 2572
7756 2 2 1 1 2559 3144 2653
7757 2 2 1 1 2681 2682 2680
7758 2 2 1 1 3335 5986 2693
7759 2 2 1 1 2955 3280 2954
7760 2 2 1 1 2986 4282 3858
7761 2 2 1 1 3006 3007 3005
7762 2 2 1 1 3046 5668 3044
7763 2 2 1 1 3275 4011 3529
7764 2 2 1 1 3661 4882 4880
7765 2 2 1 1 4026 4821 4011
7766 2 2 1 1 4723 4724 4250
7767 2 2 1 1 5174 5176 5175
7768 2 2 1 1 27 396 26
7769 2 2 1 1 133 7357 7124
7770 2 2 1 1 139 5942 340
7771 2 2 1 1 152 5801 431
7772 2 2 1 1 154 6287 369
7773 2 2 1 1 172 5725 372
7774 2 2 1 1 174 5802 405
7775 2 2 1 1 184 5947 382
7776 2 2 1 1 191 5536 383
7777 2 2 1 1 194 5672 332
7778 2 2 1 1 196 5537 434
7779 2 2 1 1 206 5625 360
7780 2 2 1 1 217 5949 334
7781 2 2 1 1 220 5760 389
7782 2 2 1 1 225 5762 421
7783 2 2 1 1 234 6036 414
7784 2 2 1 1 236 5538 374
7785 2 2 1 1 239 6117 401
7786 2 2 1 1 380 7332 7108
7787 2 2 1 1 454 6198 455
7788 2 2 1 1 458 1745 459
7789 2 2 1 1 459 6585 461
7790 2 2 1 1 462 2973 460
7791 2 2 1 1 463 1487 465
7792 2 2 1 1 466 2113 464
7793 2 2 1 1 470 1444 468
7794 2 2 1 1 469 1345 471
7795 2 2 1 1 475 1188 477
7796 2 2 1 1 480 2223 478
7797 2 2 1 1 495 2191 497
7798 2 2 1 1 499 792 501
7799 2 2 1 1 504 6452 502
7800 2 2 1 1 507 757 509
7801 2 2 1 1 509 5299 511
7802 2 2 1 1 512 593 510
7803 2 2 1 1 517 694 519
7804 2 2 1 1 526 1365 524
7805 2 2 1 1 548 549 547
7806 2 2 1 1 547 5683 765
7807 2 2 1 1 548 5682 1192
7808 2 2 1 1 551 5684 2180
7809 2 2 1 1 552 5823 2861
7810 2 2 1 1 559 2400 2399
7811 2 2 1 1 570 5831 568
7812 2 2 1 1 574 575 573
7813 2 2 1 1 832 839 827
7814 2 2 1 1 834 840 833
7815 2 2 1 1 841 854 840
7816 2 2 1 1 841 5271 3638
7817 2 2 1 1 1190 3707 856
7818 2 2 1 1 2210 5473 863
7819 2 2 1 1 866 940 865
7820 2 2 1 1 941 1059 940
7821 2 2 1 1 946 948 947
7822 2 2 1 1 949 950 947
7823 2 2 1 1 963 3791 1189
7824 2 2 1 1 966 967 965
7825 2 2 1 1 5969 6184 976
7826 2 2 1 1 978 998 977
7827 2 2 1 1 1098 1099 1097
7828 2 2 1 1 1108 6354 1107
7829 2 2 1 1 1107 2766 2101
7830 2 2 1 1 1111 6369 6354
7831 2 2 1 1 1154 3153 1183
7832 2 2 1 1 1156 1160 1157
7833 2 2 1 1 1165 1166 1164
7834 2 2 1 1 1302 5609 1180
7835 2 2 1 1 3153 3154 1183
7836 2 2 1 1 1308 1425 1211
7837 2 2 1 1 1241 1244 1243
7838 2 2 1 1 1297 2270 1246
7839 2 2 1 1 1257 6016 1259
7840 2 2 1 1 1259 5547 1262
7841 2 2 1 1 1263 1363 1261
7842 2 2 1 1 1266 1269 1268
7843 2 2 1 1 1301 5612 1318
7844 2 2 1 1 1340 1383 1305
7845 2 2 1 1 1306 1342 1341
7846 2 2 1 1 2750 3800 1309
7847 2 2 1 1 1312 3691 1359
7848 2 2 1 1 1325 2757 1420
7849 2 2 1 1 1421 1436 1326
7850 2 2 1 1 1394 5729 1327
7851 2 2 1 1 1328 1544 1395
7852 2 2 1 1 1343 1392 1347
7853 2 2 1 1 1361 1411 1362
7854 2 2 1 1 1470 1537 1384
7855 2 2 1 1 2378 2379 1419
7856 2 2 1 1 1428 1430 1429
7857 2 2 1 1 1430 1432 1431
7858 2 2 1 1 1432 1506 1505
7859 2 2 1 1 1434 1508 1507
7860 2 2 1 1 1437 1438 1436
7861 2 2 1 1 1519 5468 1449
7862 2 2 1 1 1452 1548 1451
7863 2 2 1 1 1471 1490 1489
7864 2 2 1 1 1490 1492 1491
7865 2 2 1 1 1578 1636 1496
7866 2 2 1 1 1497 1590 1579
7867 2 2 1 1 1506 1642 1641
7868 2 2 1 1 1518 1622 1620
7869 2 2 1 1 1549 5951 1548
7870 2 2 1 1 1551 1631 1549
7871 2 2 1 1 1589 1595 1588
7872 2 2 1 1 1590 1682 1591
7873 2 2 1 1 1590 3227 1682
7874 2 2 1 1 1591 6539 1593
7875 2 2 1 1 1639 6591 1592
7876 2 2 1 1 1855 2000 1608
7877 2 2 1 1 1620 5713 1695
7878 2 2 1 1 1696 1697 1621
7879 2 2 1 1 2832 2833 1636
7880 2 2 1 1 1840 1923 1639
7881 2 2 1 1 3227 3228 1682
7882 2 2 1 1 1698 1863 1697
7883 2 2 1 1 1698 6195 5960
7884 2 2 1 1 1705 1707 1706
7885 2 2 1 1 3558 4095 1745
7886 2 2 1 1 1770 1771 1769
7887 2 2 1 1 1838 2012 1837
7888 2 2 1 1 1848 1932 1850
7889 2 2 1 1 1851 1987 1964
7890 2 2 1 1 1886 1949 1863
7891 2 2 1 1 1911 4870 3011
7892 2 2 1 1 1920 1944 1943
7893 2 2 1 1 3727 4304 1923
7894 2 2 1 1 1930 2243 1981
7895 2 2 1 1 1934 2550 1933
7896 2 2 1 1 2175 2176 1942
7897 2 2 1 1 1944 2548 2547
7898 2 2 1 1 1949 2582 1950
7899 2 2 1 1 2374 5965 1949
7900 2 2 1 1 3202 5735 1950
7901 2 2 1 1 1987 2546 2545
7902 2 2 1 1 2001 2002 2000
7903 2 2 1 1 2001 5273 2004
7904 2 2 1 1 2002 6408 3709
7905 2 2 1 1 2005 2006 2003
7906 2 2 1 1 2007 6134 2657
7907 2 2 1 1 2019 5974 2094
7908 2 2 1 1 2023 2025 2024
7909 2 2 1 1 2027 2531 2028
7910 2 2 1 1 2039 5875 2088
7911 2 2 1 1 2551 2806 2090
7912 2 2 1 1 2111 2587 2586
7913 2 2 1 1 2131 2771 2770
7914 2 2 1 1 2136 5429 2906
7915 2 2 1 1 2146 2149 2147
7916 2 2 1 1 2176 2257 2256
7917 2 2 1 1 2192 4833 2194
7918 2 2 1 1 2492 2722 2193
7919 2 2 1 1 2239 6142 5304
7920 2 2 1 1 2244 2539 2482
7921 2 2 1 1 2258 2259 2257
7922 2 2 1 1 2258 6289 5925
7923 2 2 1 1 5925 6450 2258
7924 2 2 1 1 2259 2261 2260
7925 2 2 1 1 2268 2269 2267
7926 2 2 1 1 2272 4317 4290
7927 2 2 1 1 2401 3236 2273
7928 2 2 1 1 2276 2278 2277
7929 2 2 1 1 2280 2283 2282
7930 2 2 1 1 2284 6290 2297
7931 2 2 1 1 2287 2289 2288
7932 2 2 1 1 2289 2290 2288
7933 2 2 1 1 2291 2292 2290
7934 2 2 1 1 2294 2868 2296
7935 2 2 1 1 2300 2304 2295
7936 2 2 1 1 2311 2362 2318
7937 2 2 1 1 2317 2325 2316
7938 2 2 1 1 2341 2349 2348
7939 2 2 1 1 3225 3226 2350
7940 2 2 1 1 2353 2354 2352
7941 2 2 1 1 2362 2364 2363
7942 2 2 1 1 2513 3588 2365
7943 2 2 1 1 2375 5498 2764
7944 2 2 1 1 2383 2387 2386
7945 2 2 1 1 2388 2483 2384
7946 2 2 1 1 2385 2946 2389
7947 2 2 1 1 2526 2794 2390
7948 2 2 1 1 2391 2528 2527
7949 2 2 1 1 2400 2955 2954
7950 2 2 1 1 2403 6389 2401
7951 2 2 1 1 2402 5505 2404
7952 2 2 1 1 2408 3288 2403
7953 2 2 1 1 2404 2540 2409
7954 2 2 1 1 2542 5312 2409
7955 2 2 1 1 4018 5071 2485
7956 2 2 1 1 2774 2796 2487
7957 2 2 1 1 5001 5002 2490
7958 2 2 1 1 3075 3076 2513
7959 2 2 1 1 2531 2710 2532
7960 2 2 1 1 2795 6339 2531
7961 2 2 1 1 2711 3062 2533
7962 2 2 1 1 2540 3114 2541
7963 2 2 1 1 2541 6482 2543
7964 2 2 1 1 2804 2989 2542
7965 2 2 1 1 2543 4102 4101
7966 2 2 1 1 2546 3123 3122
7967 2 2 1 1 2843 2844 2548
7968 2 2 1 1 2803 3117 2550
7969 2 2 1 1 2562 3188 2561
7970 2 2 1 1 2582 3203 2583
7971 2 2 1 1 2618 3272 2622
7972 2 2 1 1 4332 5019 2622
7973 2 2 1 1 2638 3017 3016
7974 2 2 1 1 2645 3024 2644
7975 2 2 1 1 2645 5845 3026
7976 2 2 1 1 2647 3321 2646
7977 2 2 1 1 2654 3021 2656
7978 2 2 1 1 3639 5553 2656
7979 2 2 1 1 2662 2664 2663
7980 2 2 1 1 3139 3140 2664
7981 2 2 1 1 2669 3038 2668
7982 2 2 1 1 2710 3096 2993
7983 2 2 1 1 3055 5194 2711
7984 2 2 1 1 2712 3057 3056
7985 2 2 1 1 3362 5817 2716
7986 2 2 1 1 2753 3506 3241
7987 2 2 1 1 2757 3276 2758
7988 2 2 1 1 3277 3278 2765
7989 2 2 1 1 2774 3403 2796
7990 2 2 1 1 3104 3415 2775
7991 2 2 1 1 4841 4842 2792
7992 2 2 1 1 2796 3347 2797
7993 2 2 1 1 2801 3598 3466
7994 2 2 1 1 2822 3152 2867
7995 2 2 1 1 2834 6509 3578
7996 2 2 1 1 2837 6253 2835
7997 2 2 1 1 3243 5814 2836
7998 2 2 1 1 2838 3087 2839
7999 2 2 1 1 2847 2848 2846
8000 2 2 1 1 3018 3019 2850
8001 2 2 1 1 2851 5076 4918
8002 2 2 1 1 2865 2998 2997
8003 2 2 1 1 3305 4232 2889
8004 2 2 1 1 2922 3097 2947
8005 2 2 1 1 2948 3608 2949
8006 2 2 1 1 4957 4958 2987
8007 2 2 1 1 3457 3886 2989
8008 2 2 1 1 2991 6713 5000
8009 2 2 1 1 2995 3899 3739
8010 2 2 1 1 2998 3596 3433
8011 2 2 1 1 3019 3151 3150
8012 2 2 1 1 3958 6139 3019
8013 2 2 1 1 3083 3398 3031
8014 2 2 1 1 3057 3181 3058
8015 2 2 1 1 3058 4904 3095
8016 2 2 1 1 3087 3417 3088
8017 2 2 1 1 3093 4073 3647
8018 2 2 1 1 3097 3345 3098
8019 2 2 1 1 3107 4110 3424
8020 2 2 1 1 3109 3425 3111
8021 2 2 1 1 3112 5118 3110
8022 2 2 1 1 3667 3668 3114
8023 2 2 1 1 3117 3462 3118
8024 2 2 1 1 3120 4191 4190
8025 2 2 1 1 3122 6856 3426
8026 2 2 1 1 3464 3465 3123
8027 2 2 1 1 3135 3501 3133
8028 2 2 1 1 3154 3518 3517
8029 2 2 1 1 3839 3903 3181
8030 2 2 1 1 3202 6148 5820
8031 2 2 1 1 3203 5938 3571
8032 2 2 1 1 3228 3230 3229
8033 2 2 1 1 3230 3233 3231
8034 2 2 1 1 3241 6587 6504
8035 2 2 1 1 3256 5246 5245
8036 2 2 1 1 3268 3270 3269
8037 2 2 1 1 3528 3895 3288
8038 2 2 1 1 3304 3991 3952
8039 2 2 1 1 3319 3979 3317
8040 2 2 1 1 3569 4896 3319
8041 2 2 1 1 3321 3974 3322
8042 2 2 1 1 3380 3381 3379
8043 2 2 1 1 3383 3940 3381
8044 2 2 1 1 3390 4446 3392
8045 2 2 1 1 4061 4424 3402
8046 2 2 1 1 3412 4077 3875
8047 2 2 1 1 3421 4463 3422
8048 2 2 1 1 3430 4558 3427
8049 2 2 1 1 3428 4557 3431
8050 2 2 1 1 3463 4563 3879
8051 2 2 1 1 3466 6530 4629
8052 2 2 1 1 3499 4371 3971
8053 2 2 1 1 3502 4698 3501
8054 2 2 1 1 4248 4860 3502
8055 2 2 1 1 3513 3729 3728
8056 2 2 1 1 3534 5352 3518
8057 2 2 1 1 3535 5156 3537
8058 2 2 1 1 5636 6724 3577
8059 2 2 1 1 3581 4436 3580
8060 2 2 1 1 3603 5965 5565
8061 2 2 1 1 5228 5229 3664
8062 2 2 1 1 3668 4616 3669
8063 2 2 1 1 3683 3685 3684
8064 2 2 1 1 4243 6277 3684
8065 2 2 1 1 3685 4626 3686
8066 2 2 1 1 6120 6142 3690
8067 2 2 1 1 4143 4661 3693
8068 2 2 1 1 3710 5722 5248
8069 2 2 1 1 3716 3720 3718
8070 2 2 1 1 3718 3719 3717
8071 2 2 1 1 3727 6398 6064
8072 2 2 1 1 3763 4249 3762
8073 2 2 1 1 3829 5401 3827
8074 2 2 1 1 3874 6445 4293
8075 2 2 1 1 3908 4366 3895
8076 2 2 1 1 3903 4972 3904
8077 2 2 1 1 3947 4735 3946
8078 2 2 1 1 3955 5492 5123
8079 2 2 1 1 3962 4381 3961
8080 2 2 1 1 6892 7200 3995
8081 2 2 1 1 4007 4385 4004
8082 2 2 1 1 4023 4126 4022
8083 2 2 1 1 4040 4041 4039
8084 2 2 1 1 4040 6436 4713
8085 2 2 1 1 4053 4411 4052
8086 2 2 1 1 4095 4605 4555
8087 2 2 1 1 6482 6593 4102
8088 2 2 1 1 4179 4999 4180
8089 2 2 1 1 6713 6813 4180
8090 2 2 1 1 6544 6850 4191
8091 2 2 1 1 4901 4902 4193
8092 2 2 1 1 4193 5926 5925
8093 2 2 1 1 4213 4824 4214
8094 2 2 1 1 5677 5678 4221
8095 2 2 1 1 4281 6184 5969
8096 2 2 1 1 4921 4922 4284
8097 2 2 1 1 5400 7140 4371
8098 2 2 1 1 4406 4422 4407
8099 2 2 1 1 4416 4432 4431
8100 2 2 1 1 4471 4695 4473
8101 2 2 1 1 4481 4608 4483
8102 2 2 1 1 4551 4564 4552
8103 2 2 1 1 4675 4677 4676
8104 2 2 1 1 4681 4683 4682
8105 2 2 1 1 4683 4685 4684
8106 2 2 1 1 4993 4995 4994
8107 2 2 1 1 5004 5006 5005
8108 2 2 1 1 5008 5023 5004
8109 2 2 1 1 5006 5009 5007
8110 2 2 1 1 5010 5013 5012
8111 2 2 1 1 5143 5145 5142
8112 2 2 1 1 5145 5147 5146
8113 2 2 1 1 5175 5177 5173
8114 2 2 1 1 6509 6591 5236
8115 2 2 1 1 6598 6704 5245
8116 2 2 1 1 5347 6629 5931
8117 2 2 1 1 5367 6672 5366
8118 2 2 1 1 5736 5819 5468
8119 2 2 1 1 5542 5544 5543
8120 2 2 1 1 6730 6820 5663
8121 2 2 1 1 5820 6148 5828
8122 2 2 1 1 6882 7239 5945
8123 2 2 1 1 6200 6677 6199
8124 2 2 1 1 90 375 89
8125 2 2 1 1 92 447 91
8126 2 2 1 1 93 5646 92
8127 2 2 1 1 484 810 482
8128 2 2 1 1 483 972 485
8129 2 2 1 1 488 2134 486
8130 2 2 1 1 487 2219 489
8131 2 2 1 1 492 745 490
8132 2 2 1 1 491 853 493
8133 2 2 1 1 496 2463 494
8134 2 2 1 1 514 5992 512
8135 2 2 1 1 516 2166 514
8136 2 2 1 1 519 6276 521
8137 2 2 1 1 522 5165 520
8138 2 2 1 1 525 5168 527
8139 2 2 1 1 527 3586 529
8140 2 2 1 1 531 624 533
8141 2 2 1 1 534 6151 2239
8142 2 2 1 1 538 539 537
8143 2 2 1 1 540 5488 560
8144 2 2 1 1 544 545 543
8145 2 2 1 1 544 5681 2426
8146 2 2 1 1 550 551 549
8147 2 2 1 1 552 553 551
8148 2 2 1 1 564 5779 562
8149 2 2 1 1 565 5626 567
8150 2 2 1 1 572 5982 578
8151 2 2 1 1 579 580 577
8152 2 2 1 1 581 582 580
8153 2 2 1 1 580 5983 1193
8154 2 2 1 1 585 586 584
8155 2 2 1 1 585 5394 589
8156 2 2 1 1 588 592 586
8157 2 2 1 1 589 6040 591
8158 2 2 1 1 592 652 651
8159 2 2 1 1 596 1913 594
8160 2 2 1 1 599 5753 601
8161 2 2 1 1 603 605 604
8162 2 2 1 1 2187 5685 603
8163 2 2 1 1 3690 6151 625
8164 2 2 1 1 2167 5833 626
8165 2 2 1 1 630 639 631
8166 2 2 1 1 1300 6104 631
8167 2 2 1 1 639 642 640
8168 2 2 1 1 1072 5835 639
8169 2 2 1 1 642 646 643
8170 2 2 1 1 646 649 647
8171 2 2 1 1 649 695 650
8172 2 2 1 1 697 5764 650
8173 2 2 1 1 652 654 653
8174 2 2 1 1 654 656 655
8175 2 2 1 1 1422 5417 654
8176 2 2 1 1 1369 6435 655
8177 2 2 1 1 658 660 659
8178 2 2 1 1 835 5379 660
8179 2 2 1 1 662 664 663
8180 2 2 1 1 664 666 665
8181 2 2 1 1 2373 5648 664
8182 2 2 1 1 666 668 667
8183 2 2 1 1 668 670 669
8184 2 2 1 1 672 6152 668
8185 2 2 1 1 701 1660 699
8186 2 2 1 1 700 2251 702
8187 2 2 1 1 704 729 706
8188 2 2 1 1 711 2221 709
8189 2 2 1 1 715 824 713
8190 2 2 1 1 719 5838 716
8191 2 2 1 1 724 1440 721
8192 2 2 1 1 6529 6601 722
8193 2 2 1 1 728 2121 726
8194 2 2 1 1 5950 6153 729
8195 2 2 1 1 730 733 732
8196 2 2 1 1 737 741 734
8197 2 2 1 1 742 751 741
8198 2 2 1 1 741 5841 5336
8199 2 2 1 1 3689 5408 747
8200 2 2 1 1 752 761 751
8201 2 2 1 1 762 773 761
8202 2 2 1 1 762 5540 775
8203 2 2 1 1 780 2859 778
8204 2 2 1 1 789 790 782
8205 2 2 1 1 788 845 809
8206 2 2 1 1 812 843 811
8207 2 2 1 1 835 5383 5381
8208 2 2 1 1 5591 5844 842
8209 2 2 1 1 845 847 846
8210 2 2 1 1 855 860 854
8211 2 2 1 1 854 5624 5371
8212 2 2 1 1 861 869 860
8213 2 2 1 1 861 5956 871
8214 2 2 1 1 869 1000 960
8215 2 2 1 1 871 2202 873
8216 2 2 1 1 873 5770 875
8217 2 2 1 1 900 901 898
8218 2 2 1 1 900 5781 2205
8219 2 2 1 1 902 903 901
8220 2 2 1 1 904 933 903
8221 2 2 1 1 919 952 920
8222 2 2 1 1 925 927 926
8223 2 2 1 1 2218 5410 925
8224 2 2 1 1 1613 5409 926
8225 2 2 1 1 927 929 928
8226 2 2 1 1 2886 5847 930
8227 2 2 1 1 931 959 958
8228 2 2 1 1 981 2159 938
8229 2 2 1 1 959 997 996
8230 2 2 1 1 3575 5624 960
8231 2 2 1 1 961 2862 2178
8232 2 2 1 1 2888 6519 971
8233 2 2 1 1 1054 5651 981
8234 2 2 1 1 984 1542 1069
8235 2 2 1 1 1273 5199 996
8236 2 2 1 1 997 5652 1075
8237 2 2 1 1 1000 1052 1051
8238 2 2 1 1 1148 6155 1045
8239 2 2 1 1 1047 5848 3600
8240 2 2 1 1 1049 1056 1048
8241 2 2 1 1 1163 1164 1054
8242 2 2 1 1 1057 1177 1056
8243 2 2 1 1 1690 5849 1064
8244 2 2 1 1 1881 6280 1065
8245 2 2 1 1 1066 1169 1168
8246 2 2 1 1 1075 5475 1274
8247 2 2 1 1 1088 1089 1087
8248 2 2 1 1 1090 1091 1089
8249 2 2 1 1 1096 1097 1095
8250 2 2 1 1 1099 5853 2120
8251 2 2 1 1 1110 1111 1108
8252 2 2 1 1 1116 5825 1120
8253 2 2 1 1 1130 5447 2394
8254 2 2 1 1 1131 2116 1133
8255 2 2 1 1 1134 1143 1132
8256 2 2 1 1 1133 5857 1135
8257 2 2 1 1 1138 6156 5699
8258 2 2 1 1 1139 1144 1141
8259 2 2 1 1 1139 5699 1144
8260 2 2 1 1 1144 1151 1145
8261 2 2 1 1 1147 1149 1146
8262 2 2 1 1 1147 3662 1150
8263 2 2 1 1 1162 1428 1278
8264 2 2 1 1 1169 1280 1279
8265 2 2 1 1 1178 6000 1177
8266 2 2 1 1 1177 1228 1227
8267 2 2 1 1 2011 6001 1178
8268 2 2 1 1 1210 4055 1307
8269 2 2 1 1 5930 6043 1227
8270 2 2 1 1 1232 2752 1230
8271 2 2 1 1 1236 1337 1234
8272 2 2 1 1 1235 5613 1313
8273 2 2 1 1 1237 1338 1238
8274 2 2 1 1 1248 1250 1249
8275 2 2 1 1 1250 1252 1251
8276 2 2 1 1 1252 5782 1253
8277 2 2 1 1 1393 3733 1252
8278 2 2 1 1 1256 1260 1257
8279 2 2 1 1 2135 2136 1260
8280 2 2 1 1 1274 2901 1299
8281 2 2 1 1 1279 6157 4901
8282 2 2 1 1 1287 1288 1286
8283 2 2 1 1 1291 1292 1290
8284 2 2 1 1 1291 6237 1609
8285 2 2 1 1 1293 1294 1292
8286 2 2 1 1 1315 1510 1298
8287 2 2 1 1 1299 5860 1316
8288 2 2 1 1 1317 5478 1315
8289 2 2 1 1 1316 1366 1319
8290 2 2 1 1 1322 1616 1320
8291 2 2 1 1 1321 5929 1323
8292 2 2 1 1 1323 1624 1350
8293 2 2 1 1 2169 5930 1335
8294 2 2 1 1 1336 1454 1453
8295 2 2 1 1 1391 1469 1348
8296 2 2 1 1 1449 1612 1351
8297 2 2 1 1 1456 1457 1352
8298 2 2 1 1 1376 6158 1374
8299 2 2 1 1 1375 1377 1376
8300 2 2 1 1 1377 1396 1378
8301 2 2 1 1 1462 5696 1381
8302 2 2 1 1 1396 1520 1397
8303 2 2 1 1 1397 5347 1399
8304 2 2 1 1 1399 5931 1401
8305 2 2 1 1 1404 1870 1402
8306 2 2 1 1 1406 5701 1404
8307 2 2 1 1 1410 1619 1408
8308 2 2 1 1 5406 5415 1422
8309 2 2 1 1 5665 5666 1445
8310 2 2 1 1 2981 6273 1450
8311 2 2 1 1 1453 5861 2910
8312 2 2 1 1 1455 1527 1454
8313 2 2 1 1 1534 1552 1462
8314 2 2 1 1 1463 1916 1901
8315 2 2 1 1 1469 1547 1546
8316 2 2 1 1 1492 1594 1493
8317 2 2 1 1 1508 1598 1597
8318 2 2 1 1 5478 6458 1510
8319 2 2 1 1 1513 1762 1514
8320 2 2 1 1 1521 1625 1520
8321 2 2 1 1 1559 1560 1540
8322 2 2 1 1 1540 5865 2892
8323 2 2 1 1 1681 1741 1552
8324 2 2 1 1 1559 6396 1885
8325 2 2 1 1 1564 1694 1693
8326 2 2 1 1 1909 1910 1594
8327 2 2 1 1 1599 1600 1598
8328 2 2 1 1 1598 6046 5559
8329 2 2 1 1 1601 1602 1600
8330 2 2 1 1 1602 1604 1603
8331 2 2 1 1 1604 1629 1606
8332 2 2 1 1 1609 5895 2962
8333 2 2 1 1 1612 6243 6242
8334 2 2 1 1 1614 5374 2109
8335 2 2 1 1 1887 1888 1619
8336 2 2 1 1 1623 1871 1661
8337 2 2 1 1 1626 1737 1625
8338 2 2 1 1 1625 6162 2894
8339 2 2 1 1 1629 1736 1630
8340 2 2 1 1 5378 5783 1644
8341 2 2 1 1 1644 5784 5626
8342 2 2 1 1 1937 3194 1645
8343 2 2 1 1 1857 1879 1647
8344 2 2 1 1 1890 5420 1661
8345 2 2 1 1 1675 1935 1880
8346 2 2 1 1 1684 6251 5117
8347 2 2 1 1 1703 1705 1704
8348 2 2 1 1 1707 1709 1708
8349 2 2 1 1 1709 1711 1710
8350 2 2 1 1 1711 1713 1712
8351 2 2 1 1 2372 5774 1713
8352 2 2 1 1 1719 1721 1720
8353 2 2 1 1 1723 6047 1720
8354 2 2 1 1 1731 6180 1732
8355 2 2 1 1 1736 1907 1833
8356 2 2 1 1 1738 1891 1737
8357 2 2 1 1 1925 1977 1741
8358 2 2 1 1 1785 1786 1784
8359 2 2 1 1 1856 2747 2746
8360 2 2 1 1 2110 5785 1857
8361 2 2 1 1 1871 5872 1889
8362 2 2 1 1 1877 1993 1992
8363 2 2 1 1 1887 5977 2624
8364 2 2 1 1 2623 5654 1888
8365 2 2 1 1 1889 2429 2427
8366 2 2 1 1 2428 5980 1890
8367 2 2 1 1 1891 5703 1892
8368 2 2 1 1 1893 2668 1891
8369 2 2 1 1 1893 5322 2801
8370 2 2 1 1 1908 2474 1907
8371 2 2 1 1 1916 2466 2465
8372 2 2 1 1 1935 2250 2249
8373 2 2 1 1 1951 2599 1952
8374 2 2 1 1 2599 2600 1952
8375 2 2 1 1 1967 5829 2958
8376 2 2 1 1 1977 2609 2608
8377 2 2 1 1 1994 1995 1993
8378 2 2 1 1 1996 1997 1995
8379 2 2 1 1 2029 2031 2030
8380 2 2 1 1 2031 2033 2032
8381 2 2 1 1 2033 2035 2034
8382 2 2 1 1 2036 2037 2035
8383 2 2 1 1 2038 2039 2037
8384 2 2 1 1 2215 5875 2041
8385 2 2 1 1 2044 6114 2043
8386 2 2 1 1 2043 2245 2215
8387 2 2 1 1 2047 2086 2049
8388 2 2 1 1 2050 2092 2048
8389 2 2 1 1 2051 2214 2053
8390 2 2 1 1 2056 2058 2054
8391 2 2 1 1 2060 6215 2056
8392 2 2 1 1 2057 2160 2061
8393 2 2 1 1 2062 2093 2060
8394 2 2 1 1 2061 5427 2063
8395 2 2 1 1 2064 5655 2062
8396 2 2 1 1 2063 2066 2065
8397 2 2 1 1 2069 2232 2071
8398 2 2 1 1 2072 2089 2070
8399 2 2 1 1 2076 2731 2074
8400 2 2 1 1 2199 2570 2078
8401 2 2 1 1 3615 3616 2079
8402 2 2 1 1 2081 2601 2083
8403 2 2 1 1 2090 5826 2084
8404 2 2 1 1 5655 6430 2093
8405 2 2 1 1 5266 5413 2099
8406 2 2 1 1 2106 5699 3601
8407 2 2 1 1 2109 5964 2111
8408 2 2 1 1 2585 2595 2110
8409 2 2 1 1 2116 5984 5857
8410 2 2 1 1 5555 5556 2134
8411 2 2 1 1 2140 2142 2141
8412 2 2 1 1 2142 2144 2143
8413 2 2 1 1 2144 2146 2145
8414 2 2 1 1 2148 6391 2144
8415 2 2 1 1 2273 5504 2151
8416 2 2 1 1 2154 3238 2410
8417 2 2 1 1 2164 3650 2635
8418 2 2 1 1 2166 5993 5992
8419 2 2 1 1 2911 3593 2169
8420 2 2 1 1 3182 5689 2178
8421 2 2 1 1 2606 6147 2199
8422 2 2 1 1 2208 2423 2209
8423 2 2 1 1 2217 3792 2567
8424 2 2 1 1 2853 2854 2250
8425 2 2 1 1 2277 3742 2275
8426 2 2 1 1 2276 2840 2278
8427 2 2 1 1 2286 6290 2284
8428 2 2 1 1 2307 2350 2305
8429 2 2 1 1 2310 2320 2319
8430 2 2 1 1 2311 2318 2312
8431 2 2 1 1 2312 5497 2314
8432 2 2 1 1 2317 6227 2328
8433 2 2 1 1 2327 2346 2341
8434 2 2 1 1 2333 2336 2335
8435 2 2 1 1 2336 6282 2337
8436 2 2 1 1 2343 2366 2338
8437 2 2 1 1 2344 2724 2723
8438 2 2 1 1 2347 2774 2487
8439 2 2 1 1 2359 2361 2360
8440 2 2 1 1 4917 6237 2369
8441 2 2 1 1 3614 6053 2399
8442 2 2 1 1 2971 5740 2400
8443 2 2 1 1 2423 5887 2424
8444 2 2 1 1 2425 2644 2423
8445 2 2 1 1 2424 2650 2649
8446 2 2 1 1 2445 2446 2444
8447 2 2 1 1 2451 2452 2450
8448 2 2 1 1 3216 4103 2466
8449 2 2 1 1 2725 2726 2484
8450 2 2 1 1 2493 3029 2793
8451 2 2 1 1 2714 2715 2496
8452 2 2 1 1 2972 5432 2551
8453 2 2 1 1 2959 6283 2562
8454 2 2 1 1 2564 2672 2671
8455 2 2 1 1 2579 2759 2621
8456 2 2 1 1 2994 6649 2579
8457 2 2 1 1 2581 2904 2580
8458 2 2 1 1 5617 5889 2586
8459 2 2 1 1 2970 5617 2588
8460 2 2 1 1 3573 5433 2589
8461 2 2 1 1 2591 2593 2592
8462 2 2 1 1 3204 5958 2592
8463 2 2 1 1 2594 2596 2593
8464 2 2 1 1 2593 5434 2620
8465 2 2 1 1 2594 5433 3196
8466 2 2 1 1 2951 2952 2595
8467 2 2 1 1 2597 2626 2596
8468 2 2 1 1 3197 6464 2597
8469 2 2 1 1 2603 6278 6032
8470 2 2 1 1 2609 2922 2921
8471 2 2 1 1 2612 3245 3244
8472 2 2 1 1 2620 5786 3205
8473 2 2 1 1 3259 5868 2621
8474 2 2 1 1 3274 4332 2622
8475 2 2 1 1 3572 5434 2627
8476 2 2 1 1 2631 3033 3020
8477 2 2 1 1 2641 4873 2643
8478 2 2 1 1 2644 5904 5887
8479 2 2 1 1 2650 3027 2651
8480 2 2 1 1 2667 3460 3459
8481 2 2 1 1 2809 2890 2672
8482 2 2 1 1 2673 3432 3329
8483 2 2 1 1 3091 3093 2726
8484 2 2 1 1 3261 3262 2739
8485 2 2 1 1 2747 3175 3174
8486 2 2 1 1 3141 3142 2749
8487 2 2 1 1 3242 3312 2754
8488 2 2 1 1 2759 3217 2992
8489 2 2 1 1 2793 4841 2792
8490 2 2 1 1 3467 3468 2802
8491 2 2 1 1 2823 5508 2822
8492 2 2 1 1 2853 5551 3557
8493 2 2 1 1 2854 3131 2855
8494 2 2 1 1 3324 5365 2855
8495 2 2 1 1 2862 2864 2863
8496 2 2 1 1 2864 3239 2905
8497 2 2 1 1 2866 4793 3080
8498 2 2 1 1 2873 2874 2872
8499 2 2 1 1 2874 2877 2876
8500 2 2 1 1 2877 2948 2878
8501 2 2 1 1 2885 3008 2884
8502 2 2 1 1 2885 6099 3302
8503 2 2 1 1 2886 6474 5847
8504 2 2 1 1 4159 4670 2890
8505 2 2 1 1 2910 4245 3014
8506 2 2 1 1 2955 3281 3280
8507 2 2 1 1 2958 3648 2974
8508 2 2 1 1 2975 3198 2959
8509 2 2 1 1 2963 5267 2961
8510 2 2 1 1 2962 2965 2964
8511 2 2 1 1 3161 3848 2963
8512 2 2 1 1 2965 2967 2966
8513 2 2 1 1 3214 6247 2966
8514 2 2 1 1 6182 6248 2971
8515 2 2 1 1 2974 5247 3256
8516 2 2 1 1 5989 6336 2976
8517 2 2 1 1 2990 4811 3567
8518 2 2 1 1 3010 3948 3008
8519 2 2 1 1 3026 3654 3130
8520 2 2 1 1 3029 3975 3030
8521 2 2 1 1 3033 4002 3852
8522 2 2 1 1 3038 4004 3039
8523 2 2 1 1 3045 3046 3044
8524 2 2 1 1 3044 5668 4044
8525 2 2 1 1 3045 5915 4097
8526 2 2 1 1 4797 4798 3128
8527 2 2 1 1 3130 5593 3546
8528 2 2 1 1 3500 4036 3142
8529 2 2 1 1 3161 6247 3850
8530 2 2 1 1 3165 5248 3840
8531 2 2 1 1 3841 3842 3166
8532 2 2 1 1 4964 5435 3174
8533 2 2 1 1 3176 4569 4117
8534 2 2 1 1 3179 5918 3562
8535 2 2 1 1 3183 5620 4229
8536 2 2 1 1 4230 4231 3187
8537 2 2 1 1 3911 5870 3189
8538 2 2 1 1 3195 3551 3194
8539 2 2 1 1 3196 6126 3607
8540 2 2 1 1 3603 3606 3203
8541 2 2 1 1 3735 3736 3204
8542 2 2 1 1 3217 3520 3218
8543 2 2 1 1 6324 6466 3238
8544 2 2 1 1 3249 3677 3248
8545 2 2 1 1 3275 4026 4011
8546 2 2 1 1 3277 5818 3918
8547 2 2 1 1 3838 3853 3278
8548 2 2 1 1 3278 5708 5565
8549 2 2 1 1 4212 5905 3280
8550 2 2 1 1 3281 3722 3721
8551 2 2 1 1 3285 3907 3906
8552 2 2 1 1 3289 3921 3831
8553 2 2 1 1 3302 5896 3966
8554 2 2 1 1 4021 4022 3309
8555 2 2 1 1 3315 3976 3313
8556 2 2 1 1 3316 3784 3318
8557 2 2 1 1 3330 4400 3555
8558 2 2 1 1 3345 3421 3346
8559 2 2 1 1 3378 3380 3379
8560 2 2 1 1 3432 4388 4387
8561 2 2 1 1 3440 4331 3910
8562 2 2 1 1 3453 4015 3454
8563 2 2 1 1 4038 5637 3459
8564 2 2 1 1 3460 4000 3989
8565 2 2 1 1 3469 4027 3468
8566 2 2 1 1 3499 5400 4371
8567 2 2 1 1 3538 3539 3536
8568 2 2 1 1 3538 6071 3541
8569 2 2 1 1 3540 5515 3539
8570 2 2 1 1 3542 3544 3540
8571 2 2 1 1 3541 4185 3543
8572 2 2 1 1 3770 3771 3544
8573 2 2 1 1 4238 5439 3550
8574 2 2 1 1 3552 3553 3551
8575 2 2 1 1 3551 5796 4221
8576 2 2 1 1 3868 3869 3554
8577 2 2 1 1 3557 5552 5111
8578 2 2 1 1 4192 4193 3559
8579 2 2 1 1 3562 5279 5125
8580 2 2 1 1 5126 5127 3563
8581 2 2 1 1 3882 5786 3572
8582 2 2 1 1 3585 3679 3678
8583 2 2 1 1 3594 5476 3593
8584 2 2 1 1 5686 5687 3599
8585 2 2 1 1 5619 5744 3600
8586 2 2 1 1 3600 5745 5619
8587 2 2 1 1 3629 3630 3602
8588 2 2 1 1 3741 4281 3606
8589 2 2 1 1 3607 5503 4234
8590 2 2 1 1 3617 3618 3616
8591 2 2 1 1 3618 3664 3619
8592 2 2 1 1 3773 4286 3620
8593 2 2 1 1 3621 5877 3774
8594 2 2 1 1 3628 5984 5723
8595 2 2 1 1 3648 6272 5247
8596 2 2 1 1 3654 5784 5593
8597 2 2 1 1 3664 6233 3743
8598 2 2 1 1 3679 3681 3680
8599 2 2 1 1 3909 6844 3683
8600 2 2 1 1 3698 4121 3700
8601 2 2 1 1 3712 5040 3711
8602 2 2 1 1 3722 4350 3723
8603 2 2 1 1 3740 6718 3728
8604 2 2 1 1 3729 4162 3740
8605 2 2 1 1 3733 6020 5782
8606 2 2 1 1 5559 5560 3766
8607 2 2 1 1 6172 6474 3770
8608 2 2 1 1 3771 6018 3806
8609 2 2 1 1 3774 4217 3776
8610 2 2 1 1 3777 6549 3775
8611 2 2 1 1 3776 5480 3778
8612 2 2 1 1 3780 5563 3782
8613 2 2 1 1 3783 4246 3781
8614 2 2 1 1 3794 3883 3793
8615 2 2 1 1 3798 3865 3796
8616 2 2 1 1 3801 6560 3800
8617 2 2 1 1 4253 5512 3801
8618 2 2 1 1 3815 4354 4353
8619 2 2 1 1 3837 5879 4319
8620 2 2 1 1 3843 3844 3842
8621 2 2 1 1 3850 6722 5356
8622 2 2 1 1 3853 6059 5708
8623 2 2 1 1 3885 6917 6866
8624 2 2 1 1 3907 3935 3934
8625 2 2 1 1 3912 4708 3914
8626 2 2 1 1 3935 3937 3936
8627 2 2 1 1 3937 3942 3941
8628 2 2 1 1 3942 3944 3943
8629 2 2 1 1 5026 6249 3942
8630 2 2 1 1 3944 3950 3949
8631 2 2 1 1 3950 4153 4152
8632 2 2 1 1 3957 6029 5492
8633 2 2 1 1 4026 4827 4826
8634 2 2 1 1 4053 4419 4411
8635 2 2 1 1 4711 4712 4081
8636 2 2 1 1 4082 4108 4107
8637 2 2 1 1 4102 4660 4659
8638 2 2 1 1 4120 4752 4119
8639 2 2 1 1 4185 5215 4186
8640 2 2 1 1 4187 6332 5724
8641 2 2 1 1 4197 4781 4196
8642 2 2 1 1 4207 4934 4206
8643 2 2 1 1 4931 6274 4241
8644 2 2 1 1 5861 5863 4245
8645 2 2 1 1 4246 6317 5426
8646 2 2 1 1 5311 6028 4253
8647 2 2 1 1 4253 6028 5512
8648 2 2 1 1 4339 6943 5423
8649 2 2 1 1 4357 5511 5510
8650 2 2 1 1 4755 4757 4753
8651 2 2 1 1 4754 5119 4756
8652 2 2 1 1 4799 4800 4798
8653 2 2 1 1 4799 5293 4802
8654 2 2 1 1 4801 4803 4800
8655 2 2 1 1 4803 4805 4804
8656 2 2 1 1 4805 5137 4806
8657 2 2 1 1 5052 5902 5049
8658 2 2 1 1 5054 6884 5052
8659 2 2 1 1 5371 5621 5126
8660 2 2 1 1 5129 5130 5128
8661 2 2 1 1 5395 5968 5204
8662 2 2 1 1 5215 6090 5216
8663 2 2 1 1 5229 6528 6394
8664 2 2 1 1 5250 5669 5265
8665 2 2 1 1 5262 6029 5378
8666 2 2 1 1 5337 6174 5338
8667 2 2 1 1 5338 5340 5339
8668 2 2 1 1 5343 5842 5339
8669 2 2 1 1 5383 5417 5384
8670 2 2 1 1 6775 6869 5384
8671 2 2 1 1 5419 6070 5898
8672 2 2 1 1 5903 5977 5421
8673 2 2 1 1 5444 6944 5650
8674 2 2 1 1 5903 5980 5455
8675 2 2 1 1 5504 6028 5827
8676 2 2 1 1 5515 6088 5516
8677 2 2 1 1 5626 5899 5591
8678 2 2 1 1 5606 5780 5608
8679 2 2 1 1 5730 6181 5623
8680 2 2 1 1 5659 6646 5660
8681 2 2 1 1 6148 6441 5828
8682 2 2 1 1 5983 6735 6731
8683 2 2 1 1 6473 6488 6018
8684 2 2 1 1 602 606 600
8685 2 2 1 1 601 2187 603
8686 2 2 1 1 604 6095 602
8687 2 2 1 1 603 5685 605
8688 2 2 1 1 611 613 612
8689 2 2 1 1 613 615 614
8690 2 2 1 1 615 5599 5283
8691 2 2 1 1 620 6128 622
8692 2 2 1 1 3658 6055 671
8693 2 2 1 1 673 675 674
8694 2 2 1 1 675 677 676
8695 2 2 1 1 774 787 773
8696 2 2 1 1 788 789 782
8697 2 2 1 1 787 925 924
8698 2 2 1 1 791 812 811
8699 2 2 1 1 799 5389 2195
8700 2 2 1 1 807 830 806
8701 2 2 1 1 830 5955 1938
8702 2 2 1 1 847 1541 859
8703 2 2 1 1 870 6032 869
8704 2 2 1 1 872 2603 870
8705 2 2 1 1 887 888 886
8706 2 2 1 1 889 6112 888
8707 2 2 1 1 888 2253 939
8708 2 2 1 1 891 896 889
8709 2 2 1 1 892 2891 894
8710 2 2 1 1 897 1060 899
8711 2 2 1 1 903 6178 3609
8712 2 2 1 1 912 915 914
8713 2 2 1 1 915 919 916
8714 2 2 1 1 1472 5862 929
8715 2 2 1 1 952 973 953
8716 2 2 1 1 964 966 965
8717 2 2 1 1 973 986 974
8718 2 2 1 1 982 1371 1370
8719 2 2 1 1 990 2186 988
8720 2 2 1 1 989 992 991
8721 2 2 1 1 5445 5628 991
8722 2 2 1 1 992 994 993
8723 2 2 1 1 994 1058 995
8724 2 2 1 1 3574 5911 994
8725 2 2 1 1 3666 6044 1052
8726 2 2 1 1 1055 5446 5445
8727 2 2 1 1 1060 1062 1061
8728 2 2 1 1 1062 1064 1063
8729 2 2 1 1 1064 1066 1065
8730 2 2 1 1 1184 1214 1074
8731 2 2 1 1 1124 1125 1123
8732 2 2 1 1 1184 5911 2133
8733 2 2 1 1 1296 1344 1208
8734 2 2 1 1 1304 1348 1214
8735 2 2 1 1 1310 1311 1275
8736 2 2 1 1 1294 1332 1331
8737 2 2 1 1 1329 4241 2107
8738 2 2 1 1 1423 1538 1334
8739 2 2 1 1 1381 6224 1344
8740 2 2 1 1 5450 6178 1370
8741 2 2 1 1 1371 1373 1372
8742 2 2 1 1 1953 5450 1372
8743 2 2 1 1 1446 3560 3526
8744 2 2 1 1 1502 1503 1468
8745 2 2 1 1 1481 1482 1480
8746 2 2 1 1 1864 1865 1499
8747 2 2 1 1 1735 5914 1527
8748 2 2 1 1 1610 1611 1558
8749 2 2 1 1 1688 1689 1611
8750 2 2 1 1 1699 5653 1618
8751 2 2 1 1 1664 1898 1665
8752 2 2 1 1 1900 5863 1665
8753 2 2 1 1 1669 1873 1872
8754 2 2 1 1 1760 1882 1689
8755 2 2 1 1 1968 3034 1699
8756 2 2 1 1 1701 1703 1702
8757 2 2 1 1 2460 6627 1702
8758 2 2 1 1 1717 1719 1718
8759 2 2 1 1 1721 1725 1722
8760 2 2 1 1 1732 1858 1734
8761 2 2 1 1 1975 5102 1743
8762 2 2 1 1 1797 5737 1802
8763 2 2 1 1 1858 2157 1859
8764 2 2 1 1 1865 3044 3043
8765 2 2 1 1 1879 2737 2736
8766 2 2 1 1 1883 2170 1882
8767 2 2 1 1 2457 2580 1897
8768 2 2 1 1 1899 1971 1969
8769 2 2 1 1 1970 5864 1900
8770 2 2 1 1 2558 5574 1903
8771 2 2 1 1 1916 3216 2466
8772 2 2 1 1 1969 5775 2667
8773 2 2 1 1 3458 3992 1970
8774 2 2 1 1 5693 6062 1971
8775 2 2 1 1 1971 5937 5775
8776 2 2 1 1 2036 2038 2037
8777 2 2 1 1 2045 2046 2044
8778 2 2 1 1 5109 6063 2099
8779 2 2 1 1 2137 2138 2136
8780 2 2 1 1 2217 2566 2157
8781 2 2 1 1 2628 2629 2163
8782 2 2 1 1 2171 5355 2170
8783 2 2 1 1 2181 5914 3623
8784 2 2 1 1 2182 2572 2183
8785 2 2 1 1 2430 2431 2186
8786 2 2 1 1 2228 6419 6061
8787 2 2 1 1 2245 6326 2612
8788 2 2 1 1 2247 2395 2246
8789 2 2 1 1 2604 5916 2247
8790 2 2 1 1 2248 4034 3338
8791 2 2 1 1 2253 2255 2254
8792 2 2 1 1 2255 3291 2422
8793 2 2 1 1 2355 2357 2356
8794 2 2 1 1 2385 2388 2384
8795 2 2 1 1 2430 5628 2976
8796 2 2 1 1 2636 2637 2431
8797 2 2 1 1 2431 5971 3587
8798 2 2 1 1 2456 2675 2674
8799 2 2 1 1 2458 2857 2856
8800 2 2 1 1 2659 3626 2461
8801 2 2 1 1 3035 3036 2476
8802 2 2 1 1 2476 5749 3330
8803 2 2 1 1 2567 3527 2566
8804 2 2 1 1 4340 5287 2567
8805 2 2 1 1 3665 4239 2572
8806 2 2 1 1 3339 3340 2604
8807 2 2 1 1 2607 6416 5443
8808 2 2 1 1 3651 3652 2635
8809 2 2 1 1 3013 3022 2637
8810 2 2 1 1 2661 5454 2662
8811 2 2 1 1 5110 6470 2661
8812 2 2 1 1 2675 3308 3307
8813 2 2 1 1 2686 2691 2690
8814 2 2 1 1 5283 5600 2707
8815 2 2 1 1 3116 3310 2728
8816 2 2 1 1 2737 3179 3178
8817 2 2 1 1 2741 3163 2742
8818 2 2 1 1 2751 5222 2756
8819 2 2 1 1 2790 3060 2791
8820 2 2 1 1 2817 6673 3410
8821 2 2 1 1 2857 4374 3169
8822 2 2 1 1 2903 3898 3613
8823 2 2 1 1 2913 3530 2968
8824 2 2 1 1 3186 5794 2913
8825 2 2 1 1 3961 3980 3022
8826 2 2 1 1 3023 7132 5812
8827 2 2 1 1 3971 5904 3024
8828 2 2 1 1 3026 3129 3025
8829 2 2 1 1 4045 5599 3043
8830 2 2 1 1 3060 3413 3061
8831 2 2 1 1 3093 4423 4073
8832 2 2 1 1 3131 3448 3132
8833 2 2 1 1 4749 6341 3131
8834 2 2 1 1 3176 4570 4569
8835 2 2 1 1 3563 6181 3178
8836 2 2 1 1 3687 3688 3191
8837 2 2 1 1 3193 4202 3192
8838 2 2 1 1 3193 6084 4274
8839 2 2 1 1 3210 3211 3209
8840 2 2 1 1 3210 5894 4170
8841 2 2 1 1 3212 3213 3211
8842 2 2 1 1 3212 6423 3213
8843 2 2 1 1 3213 3923 3881
8844 2 2 1 1 3292 6111 3795
8845 2 2 1 1 3310 4030 3311
8846 2 2 1 1 4032 6065 3311
8847 2 2 1 1 3422 6100 3346
8848 2 2 1 1 3438 4412 3439
8849 2 2 1 1 3450 3452 3451
8850 2 2 1 1 3520 4273 3622
8851 2 2 1 1 3530 5227 5225
8852 2 2 1 1 3587 5811 5330
8853 2 2 1 1 5330 5813 3587
8854 2 2 1 1 3650 6252 3730
8855 2 2 1 1 3789 3790 3688
8856 2 2 1 1 5874 6091 3689
8857 2 2 1 1 3797 6400 3799
8858 2 2 1 1 3845 3846 3844
8859 2 2 1 1 3849 3890 3848
8860 2 2 1 1 3861 4398 4042
8861 2 2 1 1 3924 4722 3923
8862 2 2 1 1 3932 4467 3931
8863 2 2 1 1 4001 4049 4000
8864 2 2 1 1 5639 6062 4032
8865 2 2 1 1 4236 4237 4049
8866 2 2 1 1 5104 5105 4104
8867 2 2 1 1 4202 5525 4203
8868 2 2 1 1 4204 4950 4202
8869 2 2 1 1 4207 4936 4935
8870 2 2 1 1 4235 6535 6045
8871 2 2 1 1 5412 6132 4240
8872 2 2 1 1 4241 5235 4242
8873 2 2 1 1 5750 5785 4255
8874 2 2 1 1 4255 6084 5750
8875 2 2 1 1 6054 6175 4570
8876 2 2 1 1 4590 4594 4592
8877 2 2 1 1 5894 5895 4917
8878 2 2 1 1 5028 5031 5029
8879 2 2 1 1 5031 5033 5032
8880 2 2 1 1 6746 6976 5316
8881 2 2 1 1 5446 5987 5445
8882 2 2 1 1 5988 5989 5987
8883 2 2 1 1 6045 6396 6044
8884 2 2 1 1 6056 6502 6393
8885 2 2 1 1 39 442 38
8886 2 2 1 1 437 5388 57
8887 2 2 1 1 5802 5803 405
8888 2 2 1 1 458 459 457
8889 2 2 1 1 461 463 462
8890 2 2 1 1 463 465 464
8891 2 2 1 1 609 1196 607
8892 2 2 1 1 621 1445 618
8893 2 2 1 1 629 5824 623
8894 2 2 1 1 628 633 632
8895 2 2 1 1 636 637 635
8896 2 2 1 1 646 5024 649
8897 2 2 1 1 679 6057 676
8898 2 2 1 1 677 5921 678
8899 2 2 1 1 766 2163 677
8900 2 2 1 1 678 682 680
8901 2 2 1 1 681 2201 679
8902 2 2 1 1 684 5360 681
8903 2 2 1 1 5921 5922 682
8904 2 2 1 1 686 1435 684
8905 2 2 1 1 688 5521 686
8906 2 2 1 1 689 693 691
8907 2 2 1 1 693 744 743
8908 2 2 1 1 700 6621 2251
8909 2 2 1 1 3583 5644 743
8910 2 2 1 1 744 749 748
8911 2 2 1 1 784 2100 770
8912 2 2 1 1 783 796 784
8913 2 2 1 1 823 1179 821
8914 2 2 1 1 849 1558 826
8915 2 2 1 1 828 837 829
8916 2 2 1 1 834 5271 841
8917 2 2 1 1 851 863 852
8918 2 2 1 1 905 5923 852
8919 2 2 1 1 1191 2210 863
8920 2 2 1 1 864 907 906
8921 2 2 1 1 876 5571 874
8922 2 2 1 1 878 879 876
8923 2 2 1 1 880 881 879
8924 2 2 1 1 885 886 884
8925 2 2 1 1 911 5910 912
8926 2 2 1 1 1007 1441 1009
8927 2 2 1 1 1011 5572 1013
8928 2 2 1 1 1166 3591 1164
8929 2 2 1 1 1917 2913 1196
8930 2 2 1 1 1201 1202 1200
8931 2 2 1 1 1203 1204 1202
8932 2 2 1 1 1205 1208 1204
8933 2 2 1 1 1229 1312 1282
8934 2 2 1 1 1241 1243 1242
8935 2 2 1 1 1248 1249 1247
8936 2 2 1 1 1257 1259 1258
8937 2 2 1 1 1259 1262 1261
8938 2 2 1 1 1263 6017 2015
8939 2 2 1 1 1266 1268 1267
8940 2 2 1 1 1272 1306 1305
8941 2 2 1 1 1281 5728 3547
8942 2 2 1 1 1301 1318 1302
8943 2 2 1 1 1306 1341 1340
8944 2 2 1 1 1310 1356 1311
8945 2 2 1 1 1312 1359 1358
8946 2 2 1 1 1325 6199 2757
8947 2 2 1 1 1328 1395 1394
8948 2 2 1 1 1342 1343 1341
8949 2 2 1 1 1343 1347 1346
8950 2 2 1 1 1344 1416 1415
8951 2 2 1 1 1347 1385 1384
8952 2 2 1 1 1356 1442 1357
8953 2 2 1 1 1380 1464 1379
8954 2 2 1 1 1385 1471 1470
8955 2 2 1 1 1544 6101 1395
8956 2 2 1 1 1432 1505 1431
8957 2 2 1 1 1442 1515 1443
8958 2 2 1 1 1471 1489 1488
8959 2 2 1 1 1475 1634 1632
8960 2 2 1 1 1506 1641 1505
8961 2 2 1 1 1515 1617 1516
8962 2 2 1 1 1567 6401 1515
8963 2 2 1 1 1533 1571 1532
8964 2 2 1 1 1576 1637 1577
8965 2 2 1 1 1678 6258 1576
8966 2 2 1 1 1617 1691 1618
8967 2 2 1 1 1641 1851 1643
8968 2 2 1 1 2240 6303 1643
8969 2 2 1 1 2198 3855 1691
8970 2 2 1 1 1692 1701 1700
8971 2 2 1 1 1897 6108 1764
8972 2 2 1 1 1824 6281 1825
8973 2 2 1 1 1825 1828 1827
8974 2 2 1 1 1830 2412 1826
8975 2 2 1 1 2376 5997 1829
8976 2 2 1 1 1861 2182 1960
8977 2 2 1 1 1877 1992 1876
8978 2 2 1 1 1876 5039 2560
8979 2 2 1 1 1917 5920 3215
8980 2 2 1 1 2242 2518 1928
8981 2 2 1 1 1967 2958 2562
8982 2 2 1 1 1977 5140 2609
8983 2 2 1 1 2491 3902 1982
8984 2 2 1 1 1996 1998 1997
8985 2 2 1 1 2057 5979 2160
8986 2 2 1 1 2109 2111 2110
8987 2 2 1 1 2111 2586 2585
8988 2 2 1 1 2144 2145 2143
8989 2 2 1 1 2146 2147 2145
8990 2 2 1 1 2150 2152 2151
8991 2 2 1 1 2163 6259 5921
8992 2 2 1 1 2613 6219 2183
8993 2 2 1 1 2576 2577 2185
8994 2 2 1 1 2198 6401 5328
8995 2 2 1 1 2201 6383 6057
8996 2 2 1 1 2208 2425 2423
8997 2 2 1 1 2262 2821 2264
8998 2 2 1 1 2267 2670 2265
8999 2 2 1 1 2344 6097 2724
9000 2 2 1 1 2382 2385 2384
9001 2 2 1 1 2391 2527 2526
9002 2 2 1 1 2435 2437 2436
9003 2 2 1 1 2462 2661 2660
9004 2 2 1 1 5002 5003 2490
9005 2 2 1 1 2518 2790 2519
9006 2 2 1 1 2528 2529 2527
9007 2 2 1 1 3188 3189 2561
9008 2 2 1 1 2865 2997 2568
9009 2 2 1 1 2573 2615 2614
9010 2 2 1 1 2979 3704 2613
9011 2 2 1 1 3272 3274 2622
9012 2 2 1 1 3322 5466 2646
9013 2 2 1 1 2662 3139 2664
9014 2 2 1 1 3328 4382 2663
9015 2 2 1 1 2686 2692 2691
9016 2 2 1 1 2744 3251 2745
9017 2 2 1 1 5751 5860 2901
9018 2 2 1 1 5724 6332 2902
9019 2 2 1 1 2974 3256 2975
9020 2 2 1 1 2975 5244 3199
9021 2 2 1 1 2979 3726 3704
9022 2 2 1 1 3886 4966 2989
9023 2 2 1 1 2998 3433 2997
9024 2 2 1 1 3948 5456 3008
9025 2 2 1 1 3057 3839 3181
9026 2 2 1 1 3184 4254 3185
9027 2 2 1 1 4229 4230 3187
9028 2 2 1 1 5160 6439 3215
9029 2 2 1 1 3254 4140 4139
9030 2 2 1 1 3256 5245 5244
9031 2 2 1 1 3316 3318 3317
9032 2 2 1 1 3352 4421 4408
9033 2 2 1 1 3354 4367 3353
9034 2 2 1 1 3396 4417 3397
9035 2 2 1 1 4110 4111 3424
9036 2 2 1 1 3428 3431 3429
9037 2 2 1 1 3522 5280 4926
9038 2 2 1 1 3579 3582 3581
9039 2 2 1 1 3585 3678 3584
9040 2 2 1 1 4073 4074 3647
9041 2 2 1 1 3683 3684 3682
9042 2 2 1 1 3685 3686 3684
9043 2 2 1 1 3686 4244 4243
9044 2 2 1 1 3726 3854 3704
9045 2 2 1 1 6122 6219 3704
9046 2 2 1 1 3814 4321 3731
9047 2 2 1 1 3746 3748 3747
9048 2 2 1 1 3748 5327 3749
9049 2 2 1 1 3778 3780 3779
9050 2 2 1 1 4353 6849 3814
9051 2 2 1 1 3815 4355 4354
9052 2 2 1 1 3826 3828 3827
9053 2 2 1 1 3846 4989 4988
9054 2 2 1 1 3867 3933 3868
9055 2 2 1 1 3930 3931 3902
9056 2 2 1 1 4063 4511 4443
9057 2 2 1 1 4142 6688 4700
9058 2 2 1 1 4306 7078 6948
9059 2 2 1 1 4343 6584 6569
9060 2 2 1 1 4363 4364 4362
9061 2 2 1 1 4577 4579 4578
9062 2 2 1 1 4989 6433 5163
9063 2 2 1 1 5004 5005 5003
9064 2 2 1 1 5009 5010 5007
9065 2 2 1 1 6827 6945 5097
9066 2 2 1 1 5722 6755 5248
9067 2 2 1 1 6027 6439 5294
9068 2 2 1 1 5361 5522 5521
9069 2 2 1 1 6259 6344 5922
9070 2 2 1 1 71 5588 355
9071 2 2 1 1 346 5789 259
9072 2 2 1 1 533 6151 534
9073 2 2 1 1 565 567 566
9074 2 2 1 1 614 616 612
9075 2 2 1 1 613 1498 615
9076 2 2 1 1 630 631 627
9077 2 2 1 1 630 5833 1072
9078 2 2 1 1 639 640 631
9079 2 2 1 1 642 643 640
9080 2 2 1 1 640 6015 1300
9081 2 2 1 1 649 650 647
9082 2 2 1 1 695 696 650
9083 2 2 1 1 654 655 653
9084 2 2 1 1 658 659 657
9085 2 2 1 1 662 663 661
9086 2 2 1 1 664 665 663
9087 2 2 1 1 666 667 665
9088 2 2 1 1 666 5648 672
9089 2 2 1 1 668 669 667
9090 2 2 1 1 683 2236 685
9091 2 2 1 1 696 698 697
9092 2 2 1 1 702 704 703
9093 2 2 1 1 2221 5249 709
9094 2 2 1 1 718 720 719
9095 2 2 1 1 720 723 721
9096 2 2 1 1 749 756 755
9097 2 2 1 1 818 820 819
9098 2 2 1 1 822 828 823
9099 2 2 1 1 840 2173 833
9100 2 2 1 1 869 960 860
9101 2 2 1 1 900 2205 902
9102 2 2 1 1 903 3609 901
9103 2 2 1 1 904 937 934
9104 2 2 1 1 937 980 938
9105 2 2 1 1 961 2178 956
9106 2 2 1 1 1000 1051 960
9107 2 2 1 1 980 1053 981
9108 2 2 1 1 1040 1226 1198
9109 2 2 1 1 1053 1162 1054
9110 2 2 1 1 1066 1168 1065
9111 2 2 1 1 1083 5850 1082
9112 2 2 1 1 1162 1278 1163
9113 2 2 1 1 1169 1279 1168
9114 2 2 1 1 1168 4900 1881
9115 2 2 1 1 1190 3993 3708
9116 2 2 1 1 1226 1310 1275
9117 2 2 1 1 1238 2744 2008
9118 2 2 1 1 1250 1251 1249
9119 2 2 1 1 1250 6107 1393
9120 2 2 1 1 1252 1253 1251
9121 2 2 1 1 1291 1609 1293
9122 2 2 1 1 2130 5609 1302
9123 2 2 1 1 6242 6298 1324
9124 2 2 1 1 1389 1484 1390
9125 2 2 1 1 1479 1481 1480
9126 2 2 1 1 1553 5913 1483
9127 2 2 1 1 1560 5865 1540
9128 2 2 1 1 1647 5730 1557
9129 2 2 1 1 1561 5150 1570
9130 2 2 1 1 1564 1693 1563
9131 2 2 1 1 1676 1746 1580
9132 2 2 1 1 1599 3705 1601
9133 2 2 1 1 1604 1606 1603
9134 2 2 1 1 1614 2109 1857
9135 2 2 1 1 1635 1668 1634
9136 2 2 1 1 5783 5784 1644
9137 2 2 1 1 1653 1654 1652
9138 2 2 1 1 1871 1889 1661
9139 2 2 1 1 1748 5254 1683
9140 2 2 1 1 1711 1712 1710
9141 2 2 1 1 1719 1720 1718
9142 2 2 1 1 1725 6321 1722
9143 2 2 1 1 1724 1728 1727
9144 2 2 1 1 1758 1763 1759
9145 2 2 1 1 1763 1765 1764
9146 2 2 1 1 6086 6115 1802
9147 2 2 1 1 1826 6089 1823
9148 2 2 1 1 1839 1928 1878
9149 2 2 1 1 1845 7361 7289
9150 2 2 1 1 1966 5872 1871
9151 2 2 1 1 1889 2427 1890
9152 2 2 1 1 1915 5829 1967
9153 2 2 1 1 1926 1982 1927
9154 2 2 1 1 1945 3184 2213
9155 2 2 1 1 1989 2119 2118
9156 2 2 1 1 2049 2051 2050
9157 2 2 1 1 2057 2061 2060
9158 2 2 1 1 2061 2063 2062
9159 2 2 1 1 2160 5427 2061
9160 2 2 1 1 2063 2065 2064
9161 2 2 1 1 2069 2071 2070
9162 2 2 1 1 2731 5479 2074
9163 2 2 1 1 2677 2698 2103
9164 2 2 1 1 2595 5785 2110
9165 2 2 1 1 2138 5429 2136
9166 2 2 1 1 2142 2143 2141
9167 2 2 1 1 2333 2335 2334
9168 2 2 1 1 2336 2337 2335
9169 2 2 1 1 2337 2339 2338
9170 2 2 1 1 2339 2344 2343
9171 2 2 1 1 2344 2723 2484
9172 2 2 1 1 2416 2417 2415
9173 2 2 1 1 2417 2495 2419
9174 2 2 1 1 2429 5451 2427
9175 2 2 1 1 2429 5872 5871
9176 2 2 1 1 2441 2443 2442
9177 2 2 1 1 2585 5889 2951
9178 2 2 1 1 2591 2592 2590
9179 2 2 1 1 2590 5958 2970
9180 2 2 1 1 2593 2620 2592
9181 2 2 1 1 2594 3196 2597
9182 2 2 1 1 2952 4255 2595
9183 2 2 1 1 2615 2743 2616
9184 2 2 1 1 2620 3205 3204
9185 2 2 1 1 3279 3289 2627
9186 2 2 1 1 2631 3020 2632
9187 2 2 1 1 2689 2825 2695
9188 2 2 1 1 2724 4100 2723
9189 2 2 1 1 2723 5152 2725
9190 2 2 1 1 3093 3647 2726
9191 2 2 1 1 2825 3522 3157
9192 2 2 1 1 2885 3302 3010
9193 2 2 1 1 2958 2974 2959
9194 2 2 1 1 3035 4251 3997
9195 2 2 1 1 3414 3436 3061
9196 2 2 1 1 3167 4208 3168
9197 2 2 1 1 3179 3562 3178
9198 2 2 1 1 3551 4221 3194
9199 2 2 1 1 3196 3607 3197
9200 2 2 1 1 4357 5510 3198
9201 2 2 1 1 3205 4324 3735
9202 2 2 1 1 3252 3254 3253
9203 2 2 1 1 3289 3831 3572
9204 2 2 1 1 3292 3795 3794
9205 2 2 1 1 3297 4372 3298
9206 2 2 1 1 3808 4701 3442
9207 2 2 1 1 4951 5237 3508
9208 2 2 1 1 3553 5796 3551
9209 2 2 1 1 3552 3867 3554
9210 2 2 1 1 5621 5624 3575
9211 2 2 1 1 5889 5890 3590
9212 2 2 1 1 3621 3774 3773
9213 2 2 1 1 3679 3680 3678
9214 2 2 1 1 3752 3755 3753
9215 2 2 1 1 3774 3776 3775
9216 2 2 1 1 3780 3782 3781
9217 2 2 1 1 6018 6458 3806
9218 2 2 1 1 3868 5766 4825
9219 2 2 1 1 3912 3914 3913
9220 2 2 1 1 3914 4386 3915
9221 2 2 1 1 3915 5440 5437
9222 2 2 1 1 3935 3936 3934
9223 2 2 1 1 3950 4152 3949
9224 2 2 1 1 3951 7015 6194
9225 2 2 1 1 5896 6099 3963
9226 2 2 1 1 4102 4659 4101
9227 2 2 1 1 4258 4260 4259
9228 2 2 1 1 4261 4262 4260
9229 2 2 1 1 4270 4285 4269
9230 2 2 1 1 7062 7110 4658
9231 2 2 1 1 4799 4802 4801
9232 2 2 1 1 4803 4804 4800
9233 2 2 1 1 5051 5053 5052
9234 2 2 1 1 6120 6932 5307
9235 2 2 1 1 5328 5329 5327
9236 2 2 1 1 5606 5608 5607
9237 2 2 1 1 5984 6156 5857
9238 2 2 1 1 97 5640 96
9239 2 2 1 1 102 5642 101
9240 2 2 1 1 638 5935 2127
9241 2 2 1 1 735 738 648
9242 2 2 1 1 768 5765 783
9243 2 2 1 1 1001 1002 769
9244 2 2 1 1 817 1418 815
9245 2 2 1 1 1418 5570 815
9246 2 2 1 1 816 818 817
9247 2 2 1 1 816 1367 818
9248 2 2 1 1 825 850 848
9249 2 2 1 1 1005 1006 1004
9250 2 2 1 1 1007 1008 1006
9251 2 2 1 1 1009 1010 1008
9252 2 2 1 1 1011 1012 1010
9253 2 2 1 1 1011 6193 5572
9254 2 2 1 1 1013 1014 1012
9255 2 2 1 1 1013 5572 2188
9256 2 2 1 1 1015 1016 1014
9257 2 2 1 1 1014 6223 3655
9258 2 2 1 1 1017 1018 1016
9259 2 2 1 1 1017 1022 1018
9260 2 2 1 1 1018 1020 1019
9261 2 2 1 1 1022 5692 1018
9262 2 2 1 1 1086 1424 1088
9263 2 2 1 1 1100 5411 1102
9264 2 2 1 1 2368 6197 1146
9265 2 2 1 1 4972 5631 1537
9266 2 2 1 1 1837 6226 1638
9267 2 2 1 1 1669 1872 1668
9268 2 2 1 1 1765 1896 1895
9269 2 2 1 1 1821 1824 1823
9270 2 2 1 1 1836 1839 1838
9271 2 2 1 1 2012 2014 1837
9272 2 2 1 1 1862 6921 6540
9273 2 2 1 1 2729 2730 2014
9274 2 2 1 1 2030 5874 3689
9275 2 2 1 1 2040 5562 2042
9276 2 2 1 1 2328 2329 2326
9277 2 2 1 1 2367 2525 2524
9278 2 2 1 1 6826 6955 2398
9279 2 2 1 1 2478 4710 4226
9280 2 2 1 1 2715 2982 2496
9281 2 2 1 1 3065 4337 2506
9282 2 2 1 1 2509 2716 2508
9283 2 2 1 1 2634 2703 2702
9284 2 2 1 1 2730 3477 3476
9285 2 2 1 1 3251 3252 2745
9286 2 2 1 1 2769 3788 3787
9287 2 2 1 1 2893 3341 2842
9288 2 2 1 1 2854 4749 3131
9289 2 2 1 1 4254 4765 3185
9290 2 2 1 1 4205 4210 3207
9291 2 2 1 1 4176 6513 3253
9292 2 2 1 1 3769 5586 3264
9293 2 2 1 1 3351 4131 4130
9294 2 2 1 1 3900 4728 3377
9295 2 2 1 1 3407 5239 4478
9296 2 2 1 1 3446 7393 4835
9297 2 2 1 1 3478 3479 3477
9298 2 2 1 1 3479 3481 3480
9299 2 2 1 1 3483 4183 4129
9300 2 2 1 1 3508 6366 4951
9301 2 2 1 1 3757 3758 3754
9302 2 2 1 1 4154 4155 3755
9303 2 2 1 1 3759 4341 3758
9304 2 2 1 1 3759 5670 4344
9305 2 2 1 1 4087 4481 4480
9306 2 2 1 1 4703 5098 4155
9307 2 2 1 1 4157 4188 4158
9308 2 2 1 1 4974 4975 4176
9309 2 2 1 1 4263 4264 4262
9310 2 2 1 1 4341 6875 4343
9311 2 2 1 1 4481 4483 4482
9312 2 2 1 1 4787 4789 4785
9313 2 2 1 1 4837 4839 4838
9314 2 2 1 1 6694 6786 5034
9315 2 2 1 1 5340 5341 5339
9316 2 2 1 1 5344 5345 5341
9317 2 2 1 1 6643 6699 5586
9318 2 2 1 1 6348 6796 6024
9319 2 2 1 1 6572 7207 7157
9320 2 2 1 1 34 392 33
9321 2 2 1 1 611 612 610
9322 2 2 1 1 613 614 612
9323 2 2 1 1 620 622 621
9324 2 2 1 1 2707 6128 620
9325 2 2 1 1 622 628 623
9326 2 2 1 1 633 5790 3035
9327 2 2 1 1 673 674 671
9328 2 2 1 1 675 676 674
9329 2 2 1 1 746 750 738
9330 2 2 1 1 744 748 743
9331 2 2 1 1 806 6185 798
9332 2 2 1 1 814 816 815
9333 2 2 1 1 849 6596 1610
9334 2 2 1 1 850 868 867
9335 2 2 1 1 861 871 870
9336 2 2 1 1 873 875 874
9337 2 2 1 1 1329 2107 877
9338 2 2 1 1 881 2196 879
9339 2 2 1 1 882 2212 885
9340 2 2 1 1 888 939 886
9341 2 2 1 1 887 890 889
9342 2 2 1 1 896 6112 889
9343 2 2 1 1 890 892 891
9344 2 2 1 1 892 894 893
9345 2 2 1 1 1060 1061 899
9346 2 2 1 1 2253 2254 939
9347 2 2 1 1 1042 5771 978
9348 2 2 1 1 1021 2206 1019
9349 2 2 1 1 1062 1063 1061
9350 2 2 1 1 1064 1065 1063
9351 2 2 1 1 1235 1236 1234
9352 2 2 1 1 1294 6275 1333
9353 2 2 1 1 1313 5613 1388
9354 2 2 1 1 1332 1446 1331
9355 2 2 1 1 1459 1466 1458
9356 2 2 1 1 1481 1553 1483
9357 2 2 1 1 1865 3043 1499
9358 2 2 1 1 1610 1766 1688
9359 2 2 1 1 1879 2736 1647
9360 2 2 1 1 1758 1759 1684
9361 2 2 1 1 1692 1700 1699
9362 2 2 1 1 1717 1718 1716
9363 2 2 1 1 1776 1867 1866
9364 2 2 1 1 1931 2639 1843
9365 2 2 1 1 1861 1960 1959
9366 2 2 1 1 1922 2520 2485
9367 2 2 1 1 1954 2584 1955
9368 2 2 1 1 2182 2183 1960
9369 2 2 1 1 1973 6421 1974
9370 2 2 1 1 4241 4242 2107
9371 2 2 1 1 2135 6020 2137
9372 2 2 1 1 2255 2422 2254
9373 2 2 1 1 2276 2277 2275
9374 2 2 1 1 2278 2279 2277
9375 2 2 1 1 2306 2308 2307
9376 2 2 1 1 2349 2780 2522
9377 2 2 1 1 2456 2674 2457
9378 2 2 1 1 2512 3075 2513
9379 2 2 1 1 3191 6033 2598
9380 2 2 1 1 2696 3071 2697
9381 2 2 1 1 2737 3178 2736
9382 2 2 1 1 2737 5750 3180
9383 2 2 1 1 2800 3820 3434
9384 2 2 1 1 4016 4397 3036
9385 2 2 1 1 3427 3428 3234
9386 2 2 1 1 3342 4043 3341
9387 2 2 1 1 3435 4415 3408
9388 2 2 1 1 4867 5151 3630
9389 2 2 1 1 3652 7098 7057
9390 2 2 1 1 6110 6400 3797
9391 2 2 1 1 3799 5231 5230
9392 2 2 1 1 3820 3860 3821
9393 2 2 1 1 3860 3973 3972
9394 2 2 1 1 3879 4349 4348
9395 2 2 1 1 4045 5777 5600
9396 2 2 1 1 4315 6515 6481
9397 2 2 1 1 4357 7179 5993
9398 2 2 1 1 4829 4830 4594
9399 2 2 1 1 4817 6437 4815
9400 2 2 1 1 336 6121 29
9401 2 2 1 1 48 5716 47
9402 2 2 1 1 51 443 50
9403 2 2 1 1 53 331 52
9404 2 2 1 1 56 378 55
9405 2 2 1 1 58 437 57
9406 2 2 1 1 63 386 62
9407 2 2 1 1 66 347 65
9408 2 2 1 1 71 355 70
9409 2 2 1 1 73 438 72
9410 2 2 1 1 78 379 77
9411 2 2 1 1 245 397 244
9412 2 2 1 1 248 395 247
9413 2 2 1 1 253 404 252
9414 2 2 1 1 255 354 254
9415 2 2 1 1 260 346 259
9416 2 2 1 1 263 385 262
9417 2 2 1 1 268 439 267
9418 2 2 1 1 270 387 269
9419 2 2 1 1 273 330 272
9420 2 2 1 1 275 440 274
9421 2 2 1 1 683 685 684
9422 2 2 1 1 2236 5569 685
9423 2 2 1 1 5569 5717 687
9424 2 2 1 1 753 758 750
9425 2 2 1 1 754 2918 760
9426 2 2 1 1 758 814 813
9427 2 2 1 1 825 848 826
9428 2 2 1 1 3638 5956 855
9429 2 2 1 1 868 936 935
9430 2 2 1 1 1068 5373 983
9431 2 2 1 1 2206 6223 1019
9432 2 2 1 1 1034 5268 1031
9433 2 2 1 1 1284 1353 1352
9434 2 2 1 1 1469 1546 1348
9435 2 2 1 1 1465 1533 1532
9436 2 2 1 1 1586 1587 1485
9437 2 2 1 1 1574 1844 1679
9438 2 2 1 1 1587 1589 1588
9439 2 2 1 1 3705 5719 1601
9440 2 2 1 1 1668 6262 1634
9441 2 2 1 1 5868 6321 1725
9442 2 2 1 1 1924 2516 1976
9443 2 2 1 1 1984 5139 1927
9444 2 2 1 1 5423 6943 1947
9445 2 2 1 1 1983 2479 2477
9446 2 2 1 1 2226 6468 6210
9447 2 2 1 1 5497 6227 2314
9448 2 2 1 1 2600 5158 2896
9449 2 2 1 1 3183 3187 2751
9450 2 2 1 1 2841 2893 2842
9451 2 2 1 1 2923 6876 6652
9452 2 2 1 1 2964 3161 2963
9453 2 2 1 1 3208 3214 2966
9454 2 2 1 1 2986 3858 3857
9455 2 2 1 1 3173 4299 4298
9456 2 2 1 1 3564 4990 4740
9457 2 2 1 1 3929 4019 3694
9458 2 2 1 1 4282 4315 3858
9459 2 2 1 1 3939 4029 4028
9460 2 2 1 1 3949 6967 3943
9461 2 2 1 1 4438 4492 4062
9462 2 2 1 1 4079 4476 4475
9463 2 2 1 1 6083 6210 4282
9464 2 2 1 1 6210 6663 4315
9465 2 2 1 1 4592 4593 4591
9466 2 2 1 1 4784 4785 4783
9467 2 2 1 1 5963 6521 6443
9468 2 2 1 1 6293 6681 6229
9469 2 2 1 1 81 398 80
9470 2 2 1 1 273 5589 330
9471 2 2 1 1 601 602 600
9472 2 2 1 1 764 771 763
9473 2 2 1 1 764 1427 772
9474 2 2 1 1 796 825 797
9475 2 2 1 1 921 2473 969
9476 2 2 1 1 5808 5809 932
9477 2 2 1 1 1003 2398 1005
9478 2 2 1 1 1031 1033 1032
9479 2 2 1 1 1039 5095 1032
9480 2 2 1 1 5524 6008 1142
9481 2 2 1 1 1176 1213 1185
9482 2 2 1 1 1176 5275 3564
9483 2 2 1 1 1185 1284 1283
9484 2 2 1 1 1353 1458 1456
9485 2 2 1 1 1441 6194 6193
9486 2 2 1 1 1566 2852 1543
9487 2 2 1 1 1649 1650 1569
9488 2 2 1 1 1832 1834 1628
9489 2 2 1 1 1811 1814 1812
9490 2 2 1 1 2516 2719 1976
9491 2 2 1 1 2434 2499 2435
9492 2 2 1 1 2479 2706 2705
9493 2 2 1 1 3171 3172 2897
9494 2 2 1 1 2938 2939 2937
9495 2 2 1 1 2999 6124 2943
9496 2 2 1 1 3161 3849 3848
9497 2 2 1 1 3432 4624 4388
9498 2 2 1 1 6032 6278 3666
9499 2 2 1 1 3701 6083 6082
9500 2 2 1 1 3830 4866 4551
9501 2 2 1 1 3850 5116 3849
9502 2 2 1 1 3849 4201 3890
9503 2 2 1 1 7065 7336 3973
9504 2 2 1 1 4236 5694 4237
9505 2 2 1 1 4356 6853 4354
9506 2 2 1 1 4363 4729 4365
9507 2 2 1 1 5136 6955 6826
9508 2 2 1 1 5330 5811 5808
9509 2 2 1 1 5524 6723 6008
9510 2 2 1 1 396 5756 26
9511 2 2 1 1 426 5758 31
9512 2 2 1 1 795 800 794
9513 2 2 1 1 832 1190 856
9514 2 2 1 1 984 1069 1067
9515 2 2 1 1 1033 1038 1037
9516 2 2 1 1 1039 6211 6150
9517 2 2 1 1 1542 1543 1069
9518 2 2 1 1 1174 2617 1070
9519 2 2 1 1 2617 6211 1070
9520 2 2 1 1 1071 1175 1174
9521 2 2 1 1 1235 1313 1236
9522 2 2 1 1 1237 1339 1338
9523 2 2 1 1 1313 1386 1314
9524 2 2 1 1 1457 5390 1352
9525 2 2 1 1 1386 1476 1387
9526 2 2 1 1 1434 1507 1433
9527 2 2 1 1 1568 1569 1566
9528 2 2 1 1 1568 6261 1951
9529 2 2 1 1 1648 1649 1569
9530 2 2 1 1 1827 1830 1826
9531 2 2 1 1 1951 2969 2599
9532 2 2 1 1 2600 2895 1952
9533 2 2 1 1 3140 5998 2664
9534 2 2 1 1 3051 6014 2705
9535 2 2 1 1 2896 2897 2895
9536 2 2 1 1 2895 6521 5963
9537 2 2 1 1 2936 2937 2935
9538 2 2 1 1 2937 5966 4224
9539 2 2 1 1 3042 4783 4782
9540 2 2 1 1 3176 6054 4570
9541 2 2 1 1 3386 4448 3388
9542 2 2 1 1 6082 6261 3701
9543 2 2 1 1 3746 6656 3748
9544 2 2 1 1 3753 3754 3751
9545 2 2 1 1 3982 3984 3983
9546 2 2 1 1 4147 4715 4146
9547 2 2 1 1 4227 4721 4228
9548 2 2 1 1 4265 4270 4269
9549 2 2 1 1 5570 6642 6080
9550 2 2 1 1 374 6036 235
9551 2 2 1 1 800 4326 794
9552 2 2 1 1 948 1450 949
9553 2 2 1 1 1013 1015 1014
9554 2 2 1 1 1056 6043 1048
9555 2 2 1 1 1049 5744 1057
9556 2 2 1 1 1177 1227 1056
9557 2 2 1 1 1228 6000 5610
9558 2 2 1 1 1380 3576 1465
9559 2 2 1 1 1453 2910 2169
9560 2 2 1 1 1455 3200 1735
9561 2 2 1 1 1512 6096 5374
9562 2 2 1 1 1566 5241 2852
9563 2 2 1 1 1586 2122 2010
9564 2 2 1 1 1596 1685 1595
9565 2 2 1 1 1649 1651 1650
9566 2 2 1 1 2184 6133 1679
9567 2 2 1 1 1681 1925 1741
9568 2 2 1 1 1681 2192 1925
9569 2 2 1 1 1752 1753 1751
9570 2 2 1 1 1756 1767 1755
9571 2 2 1 1 1797 1802 1795
9572 2 2 1 1 1820 1821 1819
9573 2 2 1 1 1821 1823 1822
9574 2 2 1 1 2579 2621 2235
9575 2 2 1 1 2296 2300 2295
9576 2 2 1 1 2299 2302 2298
9577 2 2 1 1 2420 2421 2418
9578 2 2 1 1 2732 2808 2505
9579 2 2 1 1 2714 3877 3370
9580 2 2 1 1 3146 3147 2717
9581 2 2 1 1 2719 3531 3052
9582 2 2 1 1 2747 3174 2746
9583 2 2 1 1 2760 3260 3222
9584 2 2 1 1 3239 3240 2905
9585 2 2 1 1 2910 3014 2911
9586 2 2 1 1 3848 5267 2963
9587 2 2 1 1 3009 6119 2995
9588 2 2 1 1 3013 3962 3961
9589 2 2 1 1 4036 4037 3142
9590 2 2 1 1 3443 3444 3147
9591 2 2 1 1 3165 3840 3166
9592 2 2 1 1 3175 4256 3174
9593 2 2 1 1 5433 6126 3196
9594 2 2 1 1 3384 3386 3385
9595 2 2 1 1 3485 3487 3486
9596 2 2 1 1 3588 6349 5566
9597 2 2 1 1 3713 3715 3714
9598 2 2 1 1 3716 3718 3717
9599 2 2 1 1 3894 6006 5721
9600 2 2 1 1 3940 7136 7096
9601 2 2 1 1 5966 5967 4224
9602 2 2 1 1 5863 5864 4245
9603 2 2 1 1 4695 4697 4696
9604 2 2 1 1 4814 4818 4816
9605 2 2 1 1 114 5519 415
9606 2 2 1 1 675 6315 766
9607 2 2 1 1 708 709 707
9608 2 2 1 1 723 724 721
9609 2 2 1 1 5309 6191 966
9610 2 2 1 1 1043 5200 1079
9611 2 2 1 1 1080 1182 1081
9612 2 2 1 1 1182 1239 1081
9613 2 2 1 1 1218 1219 1216
9614 2 2 1 1 1222 1223 1220
9615 2 2 1 1 1346 5631 5319
9616 2 2 1 1 1389 1486 1484
9617 2 2 1 1 1518 1519 1449
9618 2 2 1 1 1527 1528 1454
9619 2 2 1 1 1463 1534 1462
9620 2 2 1 1 1463 1901 1534
9621 2 2 1 1 1524 1526 1482
9622 2 2 1 1 1506 1941 1642
9623 2 2 1 1 1620 1621 1519
9624 2 2 1 1 1571 1677 1532
9625 2 2 1 1 5496 5696 1552
9626 2 2 1 1 1689 1940 1611
9627 2 2 1 1 1695 1696 1621
9628 2 2 1 1 1632 1739 1633
9629 2 2 1 1 1651 1653 1652
9630 2 2 1 1 1862 6540 1653
9631 2 2 1 1 1664 5914 2181
9632 2 2 1 1 1760 2177 1883
9633 2 2 1 1 1770 1772 1771
9634 2 2 1 1 1806 6012 1801
9635 2 2 1 1 5967 6086 1802
9636 2 2 1 1 1964 1965 1852
9637 2 2 1 1 2170 2216 1882
9638 2 2 1 1 1886 2374 1949
9639 2 2 1 1 2580 6108 1897
9640 2 2 1 1 2467 5693 1898
9641 2 2 1 1 1949 5965 2582
9642 2 2 1 1 1971 5775 1969
9643 2 2 1 1 1974 2497 1978
9644 2 2 1 1 1994 2565 1996
9645 2 2 1 1 2131 4889 2771
9646 2 2 1 1 2152 2273 2151
9647 2 2 1 1 2181 3623 2727
9648 2 2 1 1 2182 5564 3665
9649 2 2 1 1 5066 6413 2190
9650 2 2 1 1 2262 2264 2263
9651 2 2 1 1 2274 2401 2273
9652 2 2 1 1 2281 2324 2279
9653 2 2 1 1 2281 5481 2351
9654 2 2 1 1 2292 2298 2290
9655 2 2 1 1 2987 6491 2303
9656 2 2 1 1 2312 2313 2308
9657 2 2 1 1 2310 2321 2320
9658 2 2 1 1 2314 2316 2313
9659 2 2 1 1 2351 2352 2324
9660 2 2 1 1 2417 2419 2415
9661 2 2 1 1 2449 2450 2448
9662 2 2 1 1 2480 2772 2472
9663 2 2 1 1 5039 6583 2560
9664 2 2 1 1 3085 5482 2577
9665 2 2 1 1 3257 3706 2617
9666 2 2 1 1 2719 5430 3531
9667 2 2 1 1 3310 3311 2728
9668 2 2 1 1 2763 3277 2765
9669 2 2 1 1 2785 2786 2784
9670 2 2 1 1 2810 5739 2812
9671 2 2 1 1 2996 3271 2811
9672 2 2 1 1 2812 3505 3148
9673 2 2 1 1 3150 6137 2850
9674 2 2 1 1 2857 4375 4374
9675 2 2 1 1 2983 3356 3009
9676 2 2 1 1 6638 6713 2991
9677 2 2 1 1 3266 6804 2993
9678 2 2 1 1 3019 6139 3151
9679 2 2 1 1 3055 5195 5194
9680 2 2 1 1 3057 6359 3839
9681 2 2 1 1 3522 4181 3157
9682 2 2 1 1 4030 4031 3311
9683 2 2 1 1 3457 3959 3886
9684 2 2 1 1 3603 3741 3606
9685 2 2 1 1 5491 6085 3641
9686 2 2 1 1 3661 4883 4882
9687 2 2 1 1 3713 3714 3706
9688 2 2 1 1 3715 3716 3714
9689 2 2 1 1 3752 4154 3755
9690 2 2 1 1 3756 3757 3754
9691 2 2 1 1 3767 4360 3901
9692 2 2 1 1 3778 3779 3777
9693 2 2 1 1 3817 4638 3995
9694 2 2 1 1 3825 6486 4336
9695 2 2 1 1 3851 6067 5047
9696 2 2 1 1 3899 6798 6660
9697 2 2 1 1 4281 6316 6184
9698 2 2 1 1 4302 4486 4485
9699 2 2 1 1 4745 6123 6113
9700 2 2 1 1 5496 6645 5696
9701 2 2 1 1 5820 5821 5819
9702 2 2 1 1 637 6727 635
9703 2 2 1 1 639 5835 642
9704 2 2 1 1 706 707 705
9705 2 2 1 1 712 713 711
9706 2 2 1 1 714 715 713
9707 2 2 1 1 716 5838 715
9708 2 2 1 1 725 726 724
9709 2 2 1 1 727 728 726
9710 2 2 1 1 736 737 734
9711 2 2 1 1 737 742 741
9712 2 2 1 1 742 752 751
9713 2 2 1 1 959 1047 997
9714 2 2 1 1 1075 1273 996
9715 2 2 1 1 1047 1049 1048
9716 2 2 1 1 1049 1057 1056
9717 2 2 1 1 3600 5744 1049
9718 2 2 1 1 1227 6043 1056
9719 2 2 1 1 1071 1174 1070
9720 2 2 1 1 1110 1112 1111
9721 2 2 1 1 1126 1128 1125
9722 2 2 1 1 1210 1211 1148
9723 2 2 1 1 1169 1285 1280
9724 2 2 1 1 1274 1298 1273
9725 2 2 1 1 1296 1382 1381
9726 2 2 1 1 1299 1315 1298
9727 2 2 1 1 1316 1317 1315
9728 2 2 1 1 1317 5970 5478
9729 2 2 1 1 1321 1322 1320
9730 2 2 1 1 1323 1324 1322
9731 2 2 1 1 1322 6298 1616
9732 2 2 1 1 1323 5929 1624
9733 2 2 1 1 1339 1412 1338
9734 2 2 1 1 1366 5550 5549
9735 2 2 1 1 1378 6159 1376
9736 2 2 1 1 1397 1398 1378
9737 2 2 1 1 1404 5701 1870
9738 2 2 1 1 1409 1410 1408
9739 2 2 1 1 1475 1632 1474
9740 2 2 1 1 1521 1626 1625
9741 2 2 1 1 1603 6046 1600
9742 2 2 1 1 1623 1915 1871
9743 2 2 1 1 1653 1655 1654
9744 2 2 1 1 1796 1797 1795
9745 2 2 1 1 1888 5654 3822
9746 2 2 1 1 1989 2118 1939
9747 2 2 1 1 2630 6589 1961
9748 2 2 1 1 2029 3627 2031
9749 2 2 1 1 2051 5934 2214
9750 2 2 1 1 2055 2056 2054
9751 2 2 1 1 2063 5427 2066
9752 2 2 1 1 2067 2068 2065
9753 2 2 1 1 2071 2072 2070
9754 2 2 1 1 2073 2074 2072
9755 2 2 1 1 2119 2168 2118
9756 2 2 1 1 2119 5738 2810
9757 2 2 1 1 2140 6503 2142
9758 2 2 1 1 2145 2227 2143
9759 2 2 1 1 6331 6391 2148
9760 2 2 1 1 6208 6503 2153
9761 2 2 1 1 5480 5601 2214
9762 2 2 1 1 2214 6166 5480
9763 2 2 1 1 2220 6265 6233
9764 2 2 1 1 2337 6282 2345
9765 2 2 1 1 2667 5775 3460
9766 2 2 1 1 3584 6208 2739
9767 2 2 1 1 2740 3889 3255
9768 2 2 1 1 2800 3434 3121
9769 2 2 1 1 2820 4164 2990
9770 2 2 1 1 2871 2873 2872
9771 2 2 1 1 2910 5861 4245
9772 2 2 1 1 2911 3594 3593
9773 2 2 1 1 3567 3725 2984
9774 2 2 1 1 3033 5437 4002
9775 2 2 1 1 3063 3358 3064
9776 2 2 1 1 3449 6410 3132
9777 2 2 1 1 3169 5234 5233
9778 2 2 1 1 3734 3810 3247
9779 2 2 1 1 3259 5869 5868
9780 2 2 1 1 3746 3747 3287
9781 2 2 1 1 3432 4387 3329
9782 2 2 1 1 3401 4085 4084
9783 2 2 1 1 5513 5514 3468
9784 2 2 1 1 5516 5517 3539
9785 2 2 1 1 3541 6071 4185
9786 2 2 1 1 3542 3770 3544
9787 2 2 1 1 4186 4187 3543
9788 2 2 1 1 3615 3617 3616
9789 2 2 1 1 3634 3635 3633
9790 2 2 1 1 3682 5061 3680
9791 2 2 1 1 3733 6466 6020
9792 2 2 1 1 5565 5708 3741
9793 2 2 1 1 3776 3777 3775
9794 2 2 1 1 4058 4098 4057
9795 2 2 1 1 4239 6183 5794
9796 2 2 1 1 4416 4431 4415
9797 2 2 1 1 5685 6927 4570
9798 2 2 1 1 4804 6583 4800
9799 2 2 1 1 5712 5901 5157
9800 2 2 1 1 5341 5343 5339
9801 2 2 1 1 828 829 823
9802 2 2 1 1 1198 1199 1041
9803 2 2 1 1 1150 1153 1152
9804 2 2 1 1 1156 1157 1155
9805 2 2 1 1 1221 1222 1220
9806 2 2 1 1 1523 1667 1666
9807 2 2 1 1 1582 5552 5551
9808 2 2 1 1 1591 1593 1592
9809 2 2 1 1 1655 1657 1656
9810 2 2 1 1 1926 1927 1747
9811 2 2 1 1 1798 1800 1799
9812 2 2 1 1 1803 5324 1800
9813 2 2 1 1 1808 6213 1811
9814 2 2 1 1 1847 1848 1841
9815 2 2 1 1 2176 2256 1942
9816 2 2 1 1 1987 2545 1964
9817 2 2 1 1 2719 2917 1976
9818 2 2 1 1 2023 2024 2021
9819 2 2 1 1 2027 2028 2026
9820 2 2 1 1 2531 2532 2028
9821 2 2 1 1 6449 6763 2241
9822 2 2 1 1 2544 5505 2402
9823 2 2 1 1 2541 2543 2542
9824 2 2 1 1 2546 3122 2545
9825 2 2 1 1 2556 6179 3659
9826 2 2 1 1 2703 2704 2702
9827 2 2 1 1 2770 3304 2889
9828 2 2 1 1 2841 6650 2893
9829 2 2 1 1 2847 3516 2849
9830 2 2 1 1 2850 6137 2848
9831 2 2 1 1 3078 3350 2882
9832 2 2 1 1 4232 6195 2889
9833 2 2 1 1 2940 5375 2941
9834 2 2 1 1 3109 3110 3082
9835 2 2 1 1 3151 4307 3150
9836 2 2 1 1 3412 3875 3266
9837 2 2 1 1 3304 3952 3305
9838 2 2 1 1 3457 4868 3959
9839 2 2 1 1 5280 5490 3597
9840 2 2 1 1 3641 6085 3640
9841 2 2 1 1 3644 3645 3643
9842 2 2 1 1 4880 4881 3660
9843 2 2 1 1 3817 3995 3977
9844 2 2 1 1 4638 6892 3995
9845 2 2 1 1 4061 4426 4424
9846 2 2 1 1 4733 4734 4134
9847 2 2 1 1 6132 6412 4240
9848 2 2 1 1 4652 4976 4650
9849 2 2 1 1 4669 7384 4652
9850 2 2 1 1 5065 6964 5064
9851 2 2 1 1 6834 7084 5272
9852 2 2 1 1 6381 6476 5326
9853 2 2 1 1 676 6057 674
9854 2 2 1 1 976 6184 705
9855 2 2 1 1 774 5718 787
9856 2 2 1 1 851 852 838
9857 2 2 1 1 851 1191 863
9858 2 2 1 1 858 5846 1615
9859 2 2 1 1 908 909 906
9860 2 2 1 1 915 916 914
9861 2 2 1 1 915 2161 919
9862 2 2 1 1 951 6217 957
9863 2 2 1 1 999 6021 1077
9864 2 2 1 1 5029 5030 1425
9865 2 2 1 1 1524 1627 1526
9866 2 2 1 1 1527 5914 1664
9867 2 2 1 1 1623 5419 1915
9868 2 2 1 1 1667 1903 1902
9869 2 2 1 1 1868 1869 1673
9870 2 2 1 1 1991 6239 1676
9871 2 2 1 1 1790 2924 1791
9872 2 2 1 1 1812 5120 1809
9873 2 2 1 1 1900 5864 5863
9874 2 2 1 1 6023 6024 1914
9875 2 2 1 1 3226 3498 2350
9876 2 2 1 1 2402 2404 2403
9877 2 2 1 1 2421 2508 2418
9878 2 2 1 1 3077 4982 2524
9879 2 2 1 1 2727 3116 2728
9880 2 2 1 1 3623 5667 2727
9881 2 2 1 1 6228 6634 2852
9882 2 2 1 1 2881 6213 4215
9883 2 2 1 1 2967 3210 3209
9884 2 2 1 1 4428 6644 3106
9885 2 2 1 1 3328 4383 4382
9886 2 2 1 1 3339 3818 3340
9887 2 2 1 1 3356 4062 3357
9888 2 2 1 1 3458 4947 3992
9889 2 2 1 1 3507 4284 4283
9890 2 2 1 1 3513 3728 3556
9891 2 2 1 1 3520 5285 4273
9892 2 2 1 1 3854 6122 3704
9893 2 2 1 1 3819 4220 3818
9894 2 2 1 1 5775 5937 4001
9895 2 2 1 1 4008 4010 4009
9896 2 2 1 1 4230 5204 5203
9897 2 2 1 1 5921 6259 5922
9898 2 2 1 1 90 5973 375
9899 2 2 1 1 101 5642 425
9900 2 2 1 1 112 5647 393
9901 2 2 1 1 5994 6095 604
9902 2 2 1 1 733 6069 732
9903 2 2 1 1 781 788 782
9904 2 2 1 1 923 5541 2888
9905 2 2 1 1 931 5862 5848
9906 2 2 1 1 1139 1141 1140
9907 2 2 1 1 1144 1145 1141
9908 2 2 1 1 1366 5860 5550
9909 2 2 1 1 1377 1378 1376
9910 2 2 1 1 1376 6159 6158
9911 2 2 1 1 1396 1397 1378
9912 2 2 1 1 5347 5931 1399
9913 2 2 1 1 1410 5977 1887
9914 2 2 1 1 1459 1501 1466
9915 2 2 1 1 1492 1493 1491
9916 2 2 1 1 1493 1495 1494
9917 2 2 1 1 1521 6244 1626
9918 2 2 1 1 6160 6244 1521
9919 2 2 1 1 1737 6162 1625
9920 2 2 1 1 1637 2411 1835
9921 2 2 1 1 1777 5335 1658
9922 2 2 1 1 1659 1671 1670
9923 2 2 1 1 1781 1813 1783
9924 2 2 1 1 1885 6384 5150
9925 2 2 1 1 1893 2801 2669
9926 2 2 1 1 5338 5339 1919
9927 2 2 1 1 2034 2087 2078
9928 2 2 1 1 5562 5933 2045
9929 2 2 1 1 2087 2605 2199
9930 2 2 1 1 2102 2104 2103
9931 2 2 1 1 5504 5827 2151
9932 2 2 1 1 2211 2768 2767
9933 2 2 1 1 2234 2824 2578
9934 2 2 1 1 2884 5980 2428
9935 2 2 1 1 2445 2447 2446
9936 2 2 1 1 2633 2634 2471
9937 2 2 1 1 2559 2652 2558
9938 2 2 1 1 2578 6050 2994
9939 2 2 1 1 3038 3039 2668
9940 2 2 1 1 5471 6358 2701
9941 2 2 1 1 2873 3535 2875
9942 2 2 1 1 5429 6611 2906
9943 2 2 1 1 2919 6600 6163
9944 2 2 1 1 2925 2926 2924
9945 2 2 1 1 3144 6074 3533
9946 2 2 1 1 3277 3918 3838
9947 2 2 1 1 3968 5787 3303
9948 2 2 1 1 3537 6071 3538
9949 2 2 1 1 3589 5353 4120
9950 2 2 1 1 3601 3628 3602
9951 2 2 1 1 3615 6238 3617
9952 2 2 1 1 5898 6272 3648
9953 2 2 1 1 3682 6277 5061
9954 2 2 1 1 3743 3745 3744
9955 2 2 1 1 3745 3833 3832
9956 2 2 1 1 3803 3805 3804
9957 2 2 1 1 3833 3835 3834
9958 2 2 1 1 3945 6972 6958
9959 2 2 1 1 3969 7068 4377
9960 2 2 1 1 4131 4631 4630
9961 2 2 1 1 5074 6717 4209
9962 2 2 1 1 4363 4365 4364
9963 2 2 1 1 4587 4590 4589
9964 2 2 1 1 5129 5132 5130
9965 2 2 1 1 5574 6700 6427
9966 2 2 1 1 5369 5576 644
9967 2 2 1 1 787 5718 2218
9968 2 2 1 1 856 6292 857
9969 2 2 1 1 973 974 953
9970 2 2 1 1 982 5691 3521
9971 2 2 1 1 992 993 991
9972 2 2 1 1 1349 2462 2461
9973 2 2 1 1 1371 1372 1370
9974 2 2 1 1 1596 1686 1685
9975 2 2 1 1 2556 3659 2898
9976 2 2 1 1 2570 6147 5346
9977 2 2 1 1 2628 3285 3284
9978 2 2 1 1 2819 4163 3803
9979 2 2 1 1 2914 5995 4257
9980 2 2 1 1 3210 4170 3212
9981 2 2 1 1 3351 4466 4131
9982 2 2 1 1 3406 3407 3405
9983 2 2 1 1 3663 6251 6108
9984 2 2 1 1 4170 4914 4171
9985 2 2 1 1 5808 5811 5809
9986 2 2 1 1 665 6041 663
9987 2 2 1 1 664 5648 666
9988 2 2 1 1 667 6042 665
9989 2 2 1 1 2173 5955 833
9990 2 2 1 1 1180 5609 1051
9991 2 2 1 1 1052 6044 1181
9992 2 2 1 1 1582 1675 1674
9993 2 2 1 1 1602 1605 1604
9994 2 2 1 1 1630 1853 1606
9995 2 2 1 1 1667 1902 1666
9996 2 2 1 1 1708 1894 1706
9997 2 2 1 1 1707 1947 1709
9998 2 2 1 1 1713 5774 1715
9999 2 2 1 1 1719 5282 1721
10000 2 2 1 1 1736 1908 1907
10001 2 2 1 1 1798 1803 1800
10002 2 2 1 1 1935 2249 1880
10003 2 2 1 1 2111 2585 2110
10004 2 2 1 1 2111 5964 2587
10005 2 2 1 1 2577 5482 2185
10006 2 2 1 1 2233 6620 5733
10007 2 2 1 1 2242 2777 2518
10008 2 2 1 1 2353 2355 2354
10009 2 2 1 1 2361 2500 2360
10010 2 2 1 1 2457 2581 2580
10011 2 2 1 1 2557 2559 2558
10012 2 2 1 1 2585 2951 2595
10013 2 2 1 1 2590 2970 2588
10014 2 2 1 1 2591 2594 2593
10015 2 2 1 1 2594 2597 2596
10016 2 2 1 1 2971 6248 5740
10017 2 2 1 1 3840 3841 3166
10018 2 2 1 1 3607 4233 3197
10019 2 2 1 1 3205 3735 3204
10020 2 2 1 1 3287 6344 6259
10021 2 2 1 1 3323 3939 3532
10022 2 2 1 1 3380 3382 3381
10023 2 2 1 1 3557 4161 3509
10024 2 2 1 1 3831 3882 3572
10025 2 2 1 1 5890 6079 3590
10026 2 2 1 1 3748 3749 3747
10027 2 2 1 1 3788 4345 4335
10028 2 2 1 1 3845 6668 4325
10029 2 2 1 1 3923 4962 3881
10030 2 2 1 1 3937 5026 3942
10031 2 2 1 1 5302 6072 4225
10032 2 2 1 1 5771 6021 999
10033 2 2 1 1 4999 5859 1254
10034 2 2 1 1 2574 2575 1584
10035 2 2 1 1 1685 1918 1595
10036 2 2 1 1 1902 2468 1904
10037 2 2 1 1 1979 2779 2530
10038 2 2 1 1 2437 2439 2438
10039 2 2 1 1 3144 3145 2653
10040 2 2 1 1 2696 4166 3071
10041 2 2 1 1 3049 3524 2815
10042 2 2 1 1 2929 2930 2928
10043 2 2 1 1 3049 4693 3524
10044 2 2 1 1 3059 3399 3296
10045 2 2 1 1 3463 3878 3118
10046 2 2 1 1 3470 3471 3145
10047 2 2 1 1 3267 4106 3268
10048 2 2 1 1 3270 4067 3269
10049 2 2 1 1 3483 4184 4183
10050 2 2 1 1 4693 4742 3524
10051 2 2 1 1 3610 6922 6836
10052 2 2 1 1 4046 5767 3624
10053 2 2 1 1 3972 4610 4609
10054 2 2 1 1 4574 4595 4573
10055 2 2 1 1 842 2207 571
10056 2 2 1 1 622 6128 5790
10057 2 2 1 1 673 6315 675
10058 2 2 1 1 878 880 879
10059 2 2 1 1 6010 6825 1006
10060 2 2 1 1 1358 2960 1282
10061 2 2 1 1 1766 5633 1688
10062 2 2 1 1 1764 6108 1759
10063 2 2 1 1 2183 6219 1960
10064 2 2 1 1 2512 6896 3489
10065 2 2 1 1 2636 3013 2637
10066 2 2 1 1 2800 3121 2729
10067 2 2 1 1 3178 6181 2736
10068 2 2 1 1 3035 3997 3036
10069 2 2 1 1 3045 4097 3235
10070 2 2 1 1 5750 6084 3180
10071 2 2 1 1 3658 6502 6055
10072 2 2 1 1 4954 4955 4211
10073 2 2 1 1 4721 4908 4228
10074 2 2 1 1 5361 6185 5522
10075 2 2 1 1 634 636 635
10076 2 2 1 1 754 6154 2918
10077 2 2 1 1 758 3549 814
10078 2 2 1 1 796 797 784
10079 2 2 1 1 865 5678 5677
10080 2 2 1 1 968 6191 1042
10081 2 2 1 1 1102 1103 1101
10082 2 2 1 1 1150 1152 1149
10083 2 2 1 1 1308 5028 1425
10084 2 2 1 1 5614 6435 1369
10085 2 2 1 1 1522 6810 6345
10086 2 2 1 1 1807 1810 1806
10087 2 2 1 1 6203 6831 1815
10088 2 2 1 1 1817 1818 1816
10089 2 2 1 1 2301 5882 2306
10090 2 2 1 1 2313 6648 2308
10091 2 2 1 1 2317 2328 2326
10092 2 2 1 1 3588 5566 2365
10093 2 2 1 1 2526 3105 2794
10094 2 2 1 1 3334 5471 2701
10095 2 2 1 1 2827 2829 2828
10096 2 2 1 1 2962 2964 2963
10097 2 2 1 1 2965 2966 2964
10098 2 2 1 1 2967 3208 2966
10099 2 2 1 1 3102 4378 3401
10100 2 2 1 1 3442 3443 3147
10101 2 2 1 1 3270 4068 4067
10102 2 2 1 1 3283 3891 3282
10103 2 2 1 1 3395 4076 3366
10104 2 2 1 1 3435 4416 4415
10105 2 2 1 1 3487 4115 4003
10106 2 2 1 1 6182 6917 3885
10107 2 2 1 1 4177 5197 4178
10108 2 2 1 1 6599 6729 4222
10109 2 2 1 1 4322 6883 5575
10110 2 2 1 1 5207 5209 5208
10111 2 2 1 1 74 5788 73
10112 2 2 1 1 381 6130 141
10113 2 2 1 1 345 6444 144
10114 2 2 1 1 433 5535 5532
10115 2 2 1 1 463 464 462
10116 2 2 1 1 1196 5994 607
10117 2 2 1 1 608 610 609
10118 2 2 1 1 708 6153 2220
10119 2 2 1 1 971 1046 1045
10120 2 2 1 1 1046 1083 1082
10121 2 2 1 1 1085 5852 2197
10122 2 2 1 1 1094 1095 1093
10123 2 2 1 1 1117 2238 1119
10124 2 2 1 1 5855 5856 1127
10125 2 2 1 1 1129 6008 5501
10126 2 2 1 1 1360 5101 1170
10127 2 2 1 1 1210 5850 4055
10128 2 2 1 1 1307 1308 1211
10129 2 2 1 1 2571 6212 1434
10130 2 2 1 1 1439 1452 1451
10131 2 2 1 1 1607 1854 1608
10132 2 2 1 1 1960 6219 2619
10133 2 2 1 1 5563 5934 2086
10134 2 2 1 1 6114 6326 2245
10135 2 2 1 1 2314 6227 2317
10136 2 2 1 1 2362 2363 2318
10137 2 2 1 1 2321 2327 2322
10138 2 2 1 1 2329 2332 2331
10139 2 2 1 1 2364 2553 2363
10140 2 2 1 1 2391 2526 2390
10141 2 2 1 1 2653 3331 2652
10142 2 2 1 1 3137 3138 2658
10143 2 2 1 1 2786 2788 2787
10144 2 2 1 1 2798 6360 2786
10145 2 2 1 1 3061 5314 2791
10146 2 2 1 1 2823 6492 5508
10147 2 2 1 1 5542 5543 2888
10148 2 2 1 1 2932 3100 3099
10149 2 2 1 1 3530 5225 2968
10150 2 2 1 1 3337 4399 3046
10151 2 2 1 1 3095 3352 3094
10152 2 2 1 1 3471 3472 3145
10153 2 2 1 1 3154 3534 3518
10154 2 2 1 1 3515 5575 3239
10155 2 2 1 1 3974 4024 3322
10156 2 2 1 1 3484 4643 3485
10157 2 2 1 1 3535 6204 5156
10158 2 2 1 1 3619 6330 3616
10159 2 2 1 1 3637 5524 3671
10160 2 2 1 1 3646 6243 5821
10161 2 2 1 1 3674 3711 3672
10162 2 2 1 1 5091 5878 3677
10163 2 2 1 1 3835 5839 5238
10164 2 2 1 1 6377 6445 3874
10165 2 2 1 1 5850 5851 4055
10166 2 2 1 1 4199 4200 4070
10167 2 2 1 1 5000 6713 4180
10168 2 2 1 1 4217 5979 5601
10169 2 2 1 1 4246 6318 6317
10170 2 2 1 1 5031 5032 5029
10171 2 2 1 1 5141 5144 5143
10172 2 2 1 1 5304 5305 5303
10173 2 2 1 1 5478 6564 6458
10174 2 2 1 1 513 514 512
10175 2 2 1 1 530 5292 3656
10176 2 2 1 1 544 546 545
10177 2 2 1 1 2426 5682 546
10178 2 2 1 1 1192 5823 550
10179 2 2 1 1 776 6176 5718
10180 2 2 1 1 789 791 790
10181 2 2 1 1 812 844 843
10182 2 2 1 1 922 5846 858
10183 2 2 1 1 963 964 962
10184 2 2 1 1 966 968 967
10185 2 2 1 1 1239 3785 1081
10186 2 2 1 1 1090 1092 1091
10187 2 2 1 1 1098 1100 1099
10188 2 2 1 1 1161 5411 1100
10189 2 2 1 1 1167 1171 1170
10190 2 2 1 1 1276 1277 1171
10191 2 2 1 1 1325 1326 1277
10192 2 2 1 1 1810 2936 2935
10193 2 2 1 1 2425 2645 2644
10194 2 2 1 1 3244 3247 2611
10195 2 2 1 1 2703 3001 2704
10196 2 2 1 1 2752 6678 6038
10197 2 2 1 1 4125 4903 2818
10198 2 2 1 1 5162 6592 2908
10199 2 2 1 1 3059 3296 3007
10200 2 2 1 1 3356 3357 3009
10201 2 2 1 1 3063 3359 3358
10202 2 2 1 1 3080 3416 3079
10203 2 2 1 1 3453 4747 4015
10204 2 2 1 1 3673 3674 3672
10205 2 2 1 1 4319 7134 4318
10206 2 2 1 1 4604 4888 4579
10207 2 2 1 1 5056 6937 5057
10208 2 2 1 1 6457 6629 5246
10209 2 2 1 1 477 479 478
10210 2 2 1 1 507 508 506
10211 2 2 1 1 534 536 535
10212 2 2 1 1 538 540 539
10213 2 2 1 1 540 542 541
10214 2 2 1 1 2180 5683 549
10215 2 2 1 1 552 554 553
10216 2 2 1 1 554 556 555
10217 2 2 1 1 559 2971 2400
10218 2 2 1 1 569 5591 842
10219 2 2 1 1 571 572 570
10220 2 2 1 1 2207 5982 571
10221 2 2 1 1 572 574 573
10222 2 2 1 1 574 576 575
10223 2 2 1 1 579 581 580
10224 2 2 1 1 581 583 582
10225 2 2 1 1 1500 5832 581
10226 2 2 1 1 585 588 586
10227 2 2 1 1 589 590 588
10228 2 2 1 1 591 594 590
10229 2 2 1 1 595 596 594
10230 2 2 1 1 597 598 596
10231 2 2 1 1 658 835 660
10232 2 2 1 1 842 5844 2208
10233 2 2 1 1 1102 2132 1104
10234 2 2 1 1 1107 2101 1105
10235 2 2 1 1 1106 1109 1108
10236 2 2 1 1 3564 4668 1213
10237 2 2 1 1 1244 1245 1243
10238 2 2 1 1 1245 1247 1246
10239 2 2 1 1 1669 1945 1873
10240 2 2 1 1 1729 2164 1831
10241 2 2 1 1 1732 1733 1730
10242 2 2 1 1 1808 1809 1807
10243 2 2 1 1 1865 3045 3044
10244 2 2 1 1 6396 6535 1885
10245 2 2 1 1 1997 1999 1995
10246 2 2 1 1 2424 2648 2209
10247 2 2 1 1 2410 2738 2225
10248 2 2 1 1 2385 2389 2388
10249 2 2 1 1 2387 5816 3611
10250 2 2 1 1 2954 3614 2399
10251 2 2 1 1 2424 5887 2650
10252 2 2 1 1 5844 5845 2425
10253 2 2 1 1 2491 3930 3902
10254 2 2 1 1 2640 3048 2641
10255 2 2 1 1 2651 3250 2649
10256 2 2 1 1 3028 5891 2651
10257 2 2 1 1 2781 3365 2718
10258 2 2 1 1 2738 3261 2739
10259 2 2 1 1 2914 2916 2915
10260 2 2 1 1 5830 6182 2971
10261 2 2 1 1 3045 3235 3046
10262 2 2 1 1 3068 3372 3371
10263 2 2 1 1 6783 6865 3175
10264 2 2 1 1 3248 3786 3245
10265 2 2 1 1 3261 3916 3262
10266 2 2 1 1 3362 6838 5817
10267 2 2 1 1 3604 5897 3605
10268 2 2 1 1 6048 6252 3650
10269 2 2 1 1 4351 4809 3723
10270 2 2 1 1 3805 5284 3804
10271 2 2 1 1 3841 3843 3842
10272 2 2 1 1 4251 4252 3997
10273 2 2 1 1 4248 4861 4860
10274 2 2 1 1 6407 6590 4261
10275 2 2 1 1 6590 6799 4263
10276 2 2 1 1 6493 6674 4272
10277 2 2 1 1 5030 6876 5449
10278 2 2 1 1 5055 5056 5054
10279 2 2 1 1 7095 7162 5182
10280 2 2 1 1 5288 6973 6811
10281 2 2 1 1 5593 5784 5783
10282 2 2 1 1 5729 5730 5623
10283 2 2 1 1 7290 7299 6040
10284 2 2 1 1 647 5764 2956
10285 2 2 1 1 698 700 699
10286 2 2 1 1 700 702 701
10287 2 2 1 1 894 895 893
10288 2 2 1 1 944 946 945
10289 2 2 1 1 1040 1198 1041
10290 2 2 1 1 1198 6188 1199
10291 2 2 1 1 1446 3526 3525
10292 2 2 1 1 1498 1864 1499
10293 2 2 1 1 1825 6281 1828
10294 2 2 1 1 1829 5997 1827
10295 2 2 1 1 1858 2217 2157
10296 2 2 1 1 2456 2457 1897
10297 2 2 1 1 1968 3873 3325
10298 2 2 1 1 2051 2053 2052
10299 2 2 1 1 2214 5601 2053
10300 2 2 1 1 2066 2067 2065
10301 2 2 1 1 2075 2077 2076
10302 2 2 1 1 2083 2085 2084
10303 2 2 1 1 2601 6013 2083
10304 2 2 1 1 2085 2091 2090
10305 2 2 1 1 2200 3183 2751
10306 2 2 1 1 2217 2567 2566
10307 2 2 1 1 2255 3292 3291
10308 2 2 1 1 2332 2333 2331
10309 2 2 1 1 2607 6417 6416
10310 2 2 1 1 2638 3016 2972
10311 2 2 1 1 2819 6413 4163
10312 2 2 1 1 3000 6409 2938
10313 2 2 1 1 2943 6124 2945
10314 2 2 1 1 3193 4204 4202
10315 2 2 1 1 3246 5115 3249
10316 2 2 1 1 3637 6723 5524
10317 2 2 1 1 3871 6847 5888
10318 2 2 1 1 4045 5600 5599
10319 2 2 1 1 4163 6650 5185
10320 2 2 1 1 4204 6073 4950
10321 2 2 1 1 6732 6825 4314
10322 2 2 1 1 5462 5463 402
10323 2 2 1 1 605 607 604
10324 2 2 1 1 763 5577 2128
10325 2 2 1 1 777 779 778
10326 2 2 1 1 1087 5852 1085
10327 2 2 1 1 1088 6552 1090
10328 2 2 1 1 1119 1122 1121
10329 2 2 1 1 1353 1459 1458
10330 2 2 1 1 1590 5348 3227
10331 2 2 1 1 1960 2619 1959
10332 2 2 1 1 2240 6873 6639
10333 2 2 1 1 2291 2294 2293
10334 2 2 1 1 2301 2306 2305
10335 2 2 1 1 2329 2331 2330
10336 2 2 1 1 2453 2455 2454
10337 2 2 1 1 2505 3074 2503
10338 2 2 1 1 2838 2839 2836
10339 2 2 1 1 3030 3032 3031
10340 2 2 1 1 3038 5514 4007
10341 2 2 1 1 3369 4440 4065
10342 2 2 1 1 3384 3385 3383
10343 2 2 1 1 3423 5795 4429
10344 2 2 1 1 5620 6352 3595
10345 2 2 1 1 4155 4156 3755
10346 2 2 1 1 4039 4640 4017
10347 2 2 1 1 4123 4362 4361
10348 2 2 1 1 4142 4700 4140
10349 2 2 1 1 342 5761 222
10350 2 2 1 1 350 5763 227
10351 2 2 1 1 1015 5936 1017
10352 2 2 1 1 2105 6533 1029
10353 2 2 1 1 1501 1676 1580
10354 2 2 1 1 1738 5322 1893
10355 2 2 1 1 2246 6399 1740
10356 2 2 1 1 1742 5573 2155
10357 2 2 1 1 1813 5261 1783
10358 2 2 1 1 2283 6313 2285
10359 2 2 1 1 2285 2323 2287
10360 2 2 1 1 3587 5971 5811
10361 2 2 1 1 5662 6243 3608
10362 2 2 1 1 4322 4323 3702
10363 2 2 1 1 4162 4292 3740
10364 2 2 1 1 4887 6791 4133
10365 2 2 1 1 5060 6423 4171
10366 2 2 1 1 4914 4916 4915
10367 2 2 1 1 1834 2189 1628
10368 2 2 1 1 5743 6387 2114
10369 2 2 1 1 2211 2769 2768
10370 2 2 1 1 2281 2351 2324
10371 2 2 1 1 2553 2554 2363
10372 2 2 1 1 2364 3493 2555
10373 2 2 1 1 2536 3069 2538
10374 2 2 1 1 3145 6489 2653
10375 2 2 1 1 2673 3329 2858
10376 2 2 1 1 2774 3404 3403
10377 2 2 1 1 2817 3410 3103
10378 2 2 1 1 4037 6034 3142
10379 2 2 1 1 3307 4020 3309
10380 2 2 1 1 3451 4393 3449
10381 2 2 1 1 3493 3703 3494
10382 2 2 1 1 6056 6393 3612
10383 2 2 1 1 4940 4942 4941
10384 2 2 1 1 95 5985 94
10385 2 2 1 1 653 2233 651
10386 2 2 1 1 659 5606 657
10387 2 2 1 1 1476 1554 1477
10388 2 2 1 1 1501 1991 1676
10389 2 2 1 1 1635 6429 1669
10390 2 2 1 1 2012 2800 2729
10391 2 2 1 1 2124 2536 2123
10392 2 2 1 1 3307 3309 2674
10393 2 2 1 1 3047 3049 2815
10394 2 2 1 1 3032 3084 3083
10395 2 2 1 1 3222 3760 3223
10396 2 2 1 1 3270 4069 4068
10397 2 2 1 1 4132 4134 3416
10398 2 2 1 1 4011 4012 3529
10399 2 2 1 1 3562 5918 5279
10400 2 2 1 1 3659 3661 3660
10401 2 2 1 1 4150 4913 3872
10402 2 2 1 1 4183 4645 4129
10403 2 2 1 1 4261 6590 4263
10404 2 2 1 1 5824 6727 4955
10405 2 2 1 1 1055 6216 5446
10406 2 2 1 1 1700 1968 1699
10407 2 2 1 1 1818 3880 2934
10408 2 2 1 1 2171 5356 5355
10409 2 2 1 1 2430 2976 2636
10410 2 2 1 1 2640 2641 2469
10411 2 2 1 1 3493 3494 2555
10412 2 2 1 1 2755 6522 5908
10413 2 2 1 1 3343 3344 2773
10414 2 2 1 1 3183 4229 3187
10415 2 2 1 1 3237 6103 5062
10416 2 2 1 1 3665 6183 4239
10417 2 2 1 1 6082 6083 4282
10418 2 2 1 1 6433 6483 797
10419 2 2 1 1 827 5499 2755
10420 2 2 1 1 2107 5315 877
10421 2 2 1 1 1199 1201 1200
10422 2 2 1 1 1201 1203 1202
10423 2 2 1 1 1454 5861 1453
10424 2 2 1 1 1602 6005 1605
10425 2 2 1 1 1692 1699 1618
10426 2 2 1 1 1756 5323 2377
10427 2 2 1 1 1770 6296 1773
10428 2 2 1 1 2935 6012 1806
10429 2 2 1 1 1930 6803 2243
10430 2 2 1 1 3593 5930 2169
10431 2 2 1 1 2294 2295 2293
10432 2 2 1 1 2435 2436 2433
10433 2 2 1 1 3223 6795 2610
10434 2 2 1 1 3111 3113 3112
10435 2 2 1 1 3231 4329 3229
10436 2 2 1 1 3233 3430 3427
10437 2 2 1 1 3258 6677 6547
10438 2 2 1 1 3372 4453 4452
10439 2 2 1 1 3390 3391 3389
10440 2 2 1 1 3391 3988 3389
10441 2 2 1 1 3742 6369 5854
10442 2 2 1 1 4341 4343 3758
10443 2 2 1 1 6777 6852 3786
10444 2 2 1 1 4061 4435 4426
10445 2 2 1 1 4135 4649 4136
10446 2 2 1 1 4139 4853 4176
10447 2 2 1 1 4157 4158 4156
10448 2 2 1 1 2128 5664 759
10449 2 2 1 1 1109 1110 1108
10450 2 2 1 1 2831 4750 1202
10451 2 2 1 1 1215 2378 1419
10452 2 2 1 1 1247 1297 1246
10453 2 2 1 1 1310 2229 1356
10454 2 2 1 1 5735 5736 1697
10455 2 2 1 1 1828 6281 6236
10456 2 2 1 1 2854 2855 2250
10457 2 2 1 1 2389 2390 2388
10458 2 2 1 1 2728 6065 2467
10459 2 2 1 1 2790 2791 2519
10460 2 2 1 1 3072 3363 3073
10461 2 2 1 1 5491 6392 3221
10462 2 2 1 1 5767 6700 3624
10463 2 2 1 1 6368 6752 4326
10464 2 2 1 1 4754 4755 4753
10465 2 2 1 1 5250 6299 5669
10466 2 2 1 1 143 6770 142
10467 2 2 1 1 151 6300 150
10468 2 2 1 1 2113 6353 464
10469 2 2 1 1 467 469 468
10470 2 2 1 1 2125 5539 505
10471 2 2 1 1 696 697 650
10472 2 2 1 1 710 711 709
10473 2 2 1 1 711 5673 2221
10474 2 2 1 1 2933 5540 752
10475 2 2 1 1 944 945 943
10476 2 2 1 1 1092 1094 1093
10477 2 2 1 1 1430 5191 2156
10478 2 2 1 1 1548 1761 1451
10479 2 2 1 1 1452 1550 1549
10480 2 2 1 1 1606 6161 1603
10481 2 2 1 1 1974 6421 2497
10482 2 2 1 1 2005 6134 2007
10483 2 2 1 1 2032 5874 2030
10484 2 2 1 1 2199 6147 2570
10485 2 2 1 1 2605 2606 2199
10486 2 2 1 1 2366 6171 5886
10487 2 2 1 1 2378 3851 2380
10488 2 2 1 1 2393 3115 2392
10489 2 2 1 1 2440 2665 2438
10490 2 2 1 1 2548 3120 2547
10491 2 2 1 1 3021 3040 2656
10492 2 2 1 1 2785 3925 2798
10493 2 2 1 1 3646 5828 2949
10494 2 2 1 1 3058 3095 3094
10495 2 2 1 1 4295 4296 3137
10496 2 2 1 1 3224 6469 6077
10497 2 2 1 1 3241 6504 3242
10498 2 2 1 1 3318 3320 3319
10499 2 2 1 1 3450 3451 3449
10500 2 2 1 1 3511 3513 3512
10501 2 2 1 1 3565 6872 5469
10502 2 2 1 1 4972 6538 3904
10503 2 2 1 1 4446 4513 4447
10504 2 2 1 1 4577 4578 4576
10505 2 2 1 1 5051 5052 5049
10506 2 2 1 1 5053 5054 5052
10507 2 2 1 1 5338 5342 5340
10508 2 2 1 1 6330 6558 6019
10509 2 2 1 1 403 6250 86
10510 2 2 1 1 2134 5680 486
10511 2 2 1 1 495 497 496
10512 2 2 1 1 546 5682 548
10513 2 2 1 1 549 5683 547
10514 2 2 1 1 550 5823 552
10515 2 2 1 1 5262 5378 561
10516 2 2 1 1 1416 3237 1460
10517 2 2 1 1 1552 5696 1462
10518 2 2 1 1 1977 2608 1741
10519 2 2 1 1 1808 6214 6213
10520 2 2 1 1 1843 2376 1829
10521 2 2 1 1 6719 6772 2080
10522 2 2 1 1 2252 6911 6833
10523 2 2 1 1 2411 4288 3738
10524 2 2 1 1 2760 3222 2610
10525 2 2 1 1 2612 3246 3245
10526 2 2 1 1 2750 3801 3800
10527 2 2 1 1 2867 6615 5858
10528 2 2 1 1 3097 5148 4405
10529 2 2 1 1 3242 3314 3313
10530 2 2 1 1 3979 5376 3317
10531 2 2 1 1 3562 5125 3563
10532 2 2 1 1 3643 6911 5491
10533 2 2 1 1 3874 4253 3801
10534 2 2 1 1 3812 3847 3813
10535 2 2 1 1 4788 4790 4787
10536 2 2 1 1 5053 5055 5054
10537 2 2 1 1 608 6175 611
10538 2 2 1 1 612 6225 610
10539 2 2 1 1 611 6054 613
10540 2 2 1 1 621 6295 1445
10541 2 2 1 1 986 987 974
10542 2 2 1 1 1282 6293 1076
10543 2 2 1 1 1103 1207 1101
10544 2 2 1 1 1632 1633 1474
10545 2 2 1 1 1656 6376 1654
10546 2 2 1 1 1732 6180 1858
10547 2 2 1 1 1926 2491 1982
10548 2 2 1 1 3396 6361 4418
10549 2 2 1 1 3905 6993 6945
10550 2 2 1 1 6002 6100 4288
10551 2 2 1 1 6468 6663 6210
10552 2 2 1 1 2918 6076 760
10553 2 2 1 1 4326 6030 794
10554 2 2 1 1 928 5847 1613
10555 2 2 1 1 1024 6406 1021
10556 2 2 1 1 1117 1119 1118
10557 2 2 1 1 1201 1447 1203
10558 2 2 1 1 1203 6218 1205
10559 2 2 1 1 1612 6242 1351
10560 2 2 1 1 1706 5996 1704
10561 2 2 1 1 1964 6403 1965
10562 2 2 1 1 1968 3325 3034
10563 2 2 1 1 2059 6114 2044
10564 2 2 1 1 3616 6330 2079
10565 2 2 1 1 2124 6322 3267
10566 2 2 1 1 2516 5430 2719
10567 2 2 1 1 2612 6326 3246
10568 2 2 1 1 2633 4970 2634
10569 2 2 1 1 3331 3624 2652
10570 2 2 1 1 3142 6034 2749
10571 2 2 1 1 2864 2905 2863
10572 2 2 1 1 5385 5724 2902
10573 2 2 1 1 2934 6793 5121
10574 2 2 1 1 3965 4952 3047
10575 2 2 1 1 4227 4228 3143
10576 2 2 1 1 3233 3234 3231
10577 2 2 1 1 5229 6233 3664
10578 2 2 1 1 5238 5879 3837
10579 2 2 1 1 4186 6332 4187
10580 2 2 1 1 6393 6502 4275
10581 2 2 1 1 4344 5748 4342
10582 2 2 1 1 4581 4582 4580
10583 2 2 1 1 4697 4718 4696
10584 2 2 1 1 4793 6281 4887
10585 2 2 1 1 5032 6051 5029
10586 2 2 1 1 990 2430 2186
10587 2 2 1 1 1443 6192 1545
10588 2 2 1 1 1531 1581 1530
10589 2 2 1 1 1542 1565 1543
10590 2 2 1 1 1565 1568 1566
10591 2 2 1 1 1648 5963 1649
10592 2 2 1 1 1686 1750 1749
10593 2 2 1 1 2633 4971 4970
10594 2 2 1 1 5543 6519 2888
10595 2 2 1 1 3214 6722 6247
10596 2 2 1 1 3515 6769 5114
10597 2 2 1 1 5446 5988 5987
10598 2 2 1 1 2012 2729 2014
10599 2 2 1 1 2444 2676 2442
10600 2 2 1 1 4372 6965 3298
10601 2 2 1 1 4934 5957 4206
10602 2 2 1 1 6607 6761 4340
10603 2 2 1 1 1348 6077 1214
10604 2 2 1 1 1589 1744 1596
10605 2 2 1 1 1651 1862 1653
10606 2 2 1 1 1654 2108 1652
10607 2 2 1 1 5310 6509 2832
10608 2 2 1 1 3510 6791 4894
10609 2 2 1 1 5067 5526 4148
10610 2 2 1 1 4198 6484 6191
10611 2 2 1 1 4258 6407 4261
10612 2 2 1 1 4288 6415 4289
10613 2 2 1 1 4416 4620 4432
10614 2 2 1 1 5281 6515 5765
10615 2 2 1 1 921 6292 2473
10616 2 2 1 1 949 6273 951
10617 2 2 1 1 1719 5747 5282
10618 2 2 1 1 1734 6061 1733
10619 2 2 1 1 1819 6494 1818
10620 2 2 1 1 2478 4226 3143
10621 2 2 1 1 2608 6745 5496
10622 2 2 1 1 4463 4464 3422
10623 2 2 1 1 3496 3946 3870
10624 2 2 1 1 3676 6325 5707
10625 2 2 1 1 3815 6402 4355
10626 2 2 1 1 6626 6669 3843
10627 2 2 1 1 4070 4458 4068
10628 2 2 1 1 5771 6333 6021
10629 2 2 1 1 12 6009 11
10630 2 2 1 1 376 5460 5458
10631 2 2 1 1 705 6184 703
10632 2 2 1 1 735 6154 746
10633 2 2 1 1 1150 5334 1153
10634 2 2 1 1 1155 5396 1154
10635 2 2 1 1 1390 5028 1308
10636 2 2 1 1 5028 5029 1425
10637 2 2 1 1 1495 1496 1494
10638 2 2 1 1 1497 1578 1496
10639 2 2 1 1 1848 1849 1841
10640 2 2 1 1 1886 5960 2375
10641 2 2 1 1 1930 1980 1929
10642 2 2 1 1 2889 6195 1963
10643 2 2 1 1 2244 2481 1981
10644 2 2 1 1 2071 6514 2073
10645 2 2 1 1 2085 2625 2091
10646 2 2 1 1 2176 2258 2257
10647 2 2 1 1 5884 5885 2334
10648 2 2 1 1 2357 2358 2356
10649 2 2 1 1 2378 6664 3851
10650 2 2 1 1 2387 2393 2392
10651 2 2 1 1 2408 3528 3288
10652 2 2 1 1 2541 2542 2409
10653 2 2 1 1 2479 2778 2706
10654 2 2 1 1 2482 2488 2481
10655 2 2 1 1 2531 6339 2710
10656 2 2 1 1 3069 3070 2538
10657 2 2 1 1 2801 2802 2669
10658 2 2 1 1 3105 3411 2794
10659 2 2 1 1 3466 3467 2802
10660 2 2 1 1 3653 7040 2845
10661 2 2 1 1 2847 2849 2848
10662 2 2 1 1 3018 3958 3019
10663 2 2 1 1 3038 4007 4004
10664 2 2 1 1 3107 3423 3106
10665 2 2 1 1 3423 4428 3106
10666 2 2 1 1 3146 4980 3808
10667 2 2 1 1 4307 4308 3150
10668 2 2 1 1 3199 7179 4357
10669 2 2 1 1 3273 3862 3272
10670 2 2 1 1 3891 3892 3282
10671 2 2 1 1 3412 4484 4077
10672 2 2 1 1 3489 3491 3490
10673 2 2 1 1 3489 4773 3491
10674 2 2 1 1 3491 4072 3490
10675 2 2 1 1 3528 3908 3895
10676 2 2 1 1 3632 6149 3634
10677 2 2 1 1 3662 6379 5334
10678 2 2 1 1 3667 3670 3668
10679 2 2 1 1 3760 6484 4198
10680 2 2 1 1 3828 3829 3827
10681 2 2 1 1 6898 6939 3875
10682 2 2 1 1 4114 4309 3958
10683 2 2 1 1 4868 4869 3959
10684 2 2 1 1 4010 6802 4009
10685 2 2 1 1 4488 4490 4084
10686 2 2 1 1 4173 6004 5390
10687 2 2 1 1 7025 7049 4361
10688 2 2 1 1 5251 6299 5250
10689 2 2 1 1 6161 6506 5560
10690 2 2 1 1 5942 6130 5944
10691 2 2 1 1 6389 6684 6560
10692 2 2 1 1 693 743 691
10693 2 2 1 1 703 6316 701
10694 2 2 1 1 709 5249 707
10695 2 2 1 1 713 5673 711
10696 2 2 1 1 732 6069 736
10697 2 2 1 1 742 5408 2933
10698 2 2 1 1 2871 2872 824
10699 2 2 1 1 824 5843 5673
10700 2 2 1 1 926 5409 924
10701 2 2 1 1 931 5848 959
10702 2 2 1 1 950 5689 5686
10703 2 2 1 1 1077 6021 1231
10704 2 2 1 1 1092 6487 1355
10705 2 2 1 1 1138 5699 1139
10706 2 2 1 1 5857 6156 1138
10707 2 2 1 1 1145 1146 1141
10708 2 2 1 1 2906 6016 1260
10709 2 2 1 1 1324 6298 1322
10710 2 2 1 1 1334 6685 1332
10711 2 2 1 1 1399 1400 1398
10712 2 2 1 1 1492 1909 1594
10713 2 2 1 1 5503 6096 1512
10714 2 2 1 1 1599 6212 3705
10715 2 2 1 1 1605 6555 1604
10716 2 2 1 1 1853 6161 1606
10717 2 2 1 1 1624 7181 7163
10718 2 2 1 1 1626 1738 1737
10719 2 2 1 1 1722 6321 1724
10720 2 2 1 1 1724 6500 1728
10721 2 2 1 1 1738 1893 1891
10722 2 2 1 1 2552 5322 1738
10723 2 2 1 1 1913 6245 5727
10724 2 2 1 1 2075 2080 2077
10725 2 2 1 1 2079 6330 6019
10726 2 2 1 1 2091 6105 2638
10727 2 2 1 1 5501 5502 2116
10728 2 2 1 1 2179 6526 6169
10729 2 2 1 1 2321 6863 2327
10730 2 2 1 1 2484 6098 2343
10731 2 2 1 1 6098 6171 2366
10732 2 2 1 1 2976 6336 2636
10733 2 2 1 1 2724 4105 4100
10734 2 2 1 1 2749 6034 6001
10735 2 2 1 1 2769 3787 3295
10736 2 2 1 1 2801 5322 3598
10737 2 2 1 1 4347 6741 2826
10738 2 2 1 1 2876 5843 2872
10739 2 2 1 1 2873 6204 3535
10740 2 2 1 1 2875 5705 2874
10741 2 2 1 1 2878 6168 2876
10742 2 2 1 1 2877 2953 2948
10743 2 2 1 1 2950 6168 2878
10744 2 2 1 1 2930 3005 2928
10745 2 2 1 1 2966 6247 2964
10746 2 2 1 1 3416 4090 3079
10747 2 2 1 1 3090 4301 4300
10748 2 2 1 1 5611 6035 3200
10749 2 2 1 1 3239 5575 3893
10750 2 2 1 1 3267 6322 4554
10751 2 2 1 1 3467 3469 3468
10752 2 2 1 1 3469 4606 4027
10753 2 2 1 1 3487 4116 4115
10754 2 2 1 1 3500 6434 4807
10755 2 2 1 1 3541 3542 3540
10756 2 2 1 1 4187 5438 3543
10757 2 2 1 1 5925 6289 3559
10758 2 2 1 1 5495 6169 3595
10759 2 2 1 1 3606 5969 5938
10760 2 2 1 1 3608 6243 3646
10761 2 2 1 1 3744 6330 3619
10762 2 2 1 1 3629 5723 3632
10763 2 2 1 1 3632 3633 3631
10764 2 2 1 1 3695 4625 3696
10765 2 2 1 1 3743 6265 3745
10766 2 2 1 1 3832 6558 3744
10767 2 2 1 1 3745 5950 3833
10768 2 2 1 1 3781 5426 3779
10769 2 2 1 1 3833 5839 3835
10770 2 2 1 1 3836 4320 3834
10771 2 2 1 1 3835 5238 3837
10772 2 2 1 1 5575 6883 3893
10773 2 2 1 1 4203 6342 5918
10774 2 2 1 1 5678 5702 4221
10775 2 2 1 1 4489 4516 4488
10776 2 2 1 1 4726 4727 4725
10777 2 2 1 1 4861 5961 4860
10778 2 2 1 1 4940 4941 4939
10779 2 2 1 1 4944 4945 4943
10780 2 2 1 1 5036 6736 6553
10781 2 2 1 1 5204 6241 5395
10782 2 2 1 1 5841 6332 5216
10783 2 2 1 1 5843 6168 5251
10784 2 2 1 1 5875 5876 5259
10785 2 2 1 1 5540 6174 5337
10786 2 2 1 1 5345 6362 5341
10787 2 2 1 1 5409 5724 5385
10788 2 2 1 1 6245 6465 5407
10789 2 2 1 1 5411 6580 6516
10790 2 2 1 1 6088 6564 5659
10791 2 2 1 1 5660 6459 5661
10792 2 2 1 1 6242 6243 5662
10793 2 2 1 1 351 5640 97
10794 2 2 1 1 1498 1499 615
10795 2 2 1 1 927 1472 929
10796 2 2 1 1 929 931 930
10797 2 2 1 1 2178 5689 956
10798 2 2 1 1 1208 6113 1204
10799 2 2 1 1 1811 1812 1809
10800 2 2 1 1 5072 6590 1874
10801 2 2 1 1 2217 6180 3792
10802 2 2 1 1 2467 6065 5693
10803 2 2 1 1 2634 2701 2471
10804 2 2 1 1 2662 5454 3139
10805 2 2 1 1 2766 4303 3876
10806 2 2 1 1 3173 3676 3171
10807 2 2 1 1 4170 4171 3212
10808 2 2 1 1 3213 3924 3923
10809 2 2 1 1 3269 5270 5221
10810 2 2 1 1 4063 4443 3360
10811 2 2 1 1 4393 6410 3449
10812 2 2 1 1 5913 6798 4181
10813 2 2 1 1 5694 7299 4237
10814 2 2 1 1 4252 6375 5777
10815 2 2 1 1 6681 6726 4323
10816 2 2 1 1 6236 6281 4793
10817 2 2 1 1 4836 7113 4837
10818 2 2 1 1 6183 6475 5227
10819 2 2 1 1 5453 6127 5452
10820 2 2 1 1 6176 6209 5718
10821 2 2 1 1 2191 4992 497
10822 2 2 1 1 694 6276 519
10823 2 2 1 1 607 5994 604
10824 2 2 1 1 623 6295 621
10825 2 2 1 1 634 5369 644
10826 2 2 1 1 6659 6671 819
10827 2 2 1 1 957 963 962
10828 2 2 1 1 1355 6487 6078
10829 2 2 1 1 6078 6554 1355
10830 2 2 1 1 1430 1431 1429
10831 2 2 1 1 1490 1491 1489
10832 2 2 1 1 6125 6286 1526
10833 2 2 1 1 1676 6239 1921
10834 2 2 1 1 2619 6471 1959
10835 2 2 1 1 2094 2096 2095
10836 2 2 1 1 2096 2098 2097
10837 2 2 1 1 2141 6323 5429
10838 2 2 1 1 2149 2150 2147
10839 2 2 1 1 2263 2666 2261
10840 2 2 1 1 2618 2622 2529
10841 2 2 1 1 2619 6219 6122
10842 2 2 1 1 3287 6259 2629
10843 2 2 1 1 2710 6339 3418
10844 2 2 1 1 2783 5634 4671
10845 2 2 1 1 2788 6360 3108
10846 2 2 1 1 2817 3103 2818
10847 2 2 1 1 2834 3578 2837
10848 2 2 1 1 3668 3669 3114
10849 2 2 1 1 3440 3910 3189
10850 2 2 1 1 3267 4554 4106
10851 2 2 1 1 4062 4442 3357
10852 2 2 1 1 4436 4822 3580
10853 2 2 1 1 3807 6402 3815
10854 2 2 1 1 4441 4491 4066
10855 2 2 1 1 4177 6350 5197
10856 2 2 1 1 5498 5960 4232
10857 2 2 1 1 4290 6624 4291
10858 2 2 1 1 5458 5461 5459
10859 2 2 1 1 2463 5732 494
10860 2 2 1 1 3586 5590 529
10861 2 2 1 1 663 6041 917
10862 2 2 1 1 670 6152 2371
10863 2 2 1 1 1179 6659 821
10864 2 2 1 1 833 5955 830
10865 2 2 1 1 855 5956 861
10866 2 2 1 1 901 5791 898
10867 2 2 1 1 1144 5699 2106
10868 2 2 1 1 6567 6659 1179
10869 2 2 1 1 1181 6044 1539
10870 2 2 1 1 1260 6016 1257
10871 2 2 1 1 2920 6159 1398
10872 2 2 1 1 1874 6262 1668
10873 2 2 1 1 1718 6047 4175
10874 2 2 1 1 1922 2521 2520
10875 2 2 1 1 2561 5870 1966
10876 2 2 1 1 2091 2638 2551
10877 2 2 1 1 5041 6575 2092
10878 2 2 1 1 2195 6669 5627
10879 2 2 1 1 6073 6383 2201
10880 2 2 1 1 2427 2631 2428
10881 2 2 1 1 5871 5873 2429
10882 2 2 1 1 2587 5964 3573
10883 2 2 1 1 2626 6464 3737
10884 2 2 1 1 2632 6099 2885
10885 2 2 1 1 2682 4965 3041
10886 2 2 1 1 3008 5455 2884
10887 2 2 1 1 3612 6291 2952
10888 2 2 1 1 3198 6283 2959
10889 2 2 1 1 2970 6338 6094
10890 2 2 1 1 3454 3455 3420
10891 2 2 1 1 5127 6181 3563
10892 2 2 1 1 3663 6779 6686
10893 2 2 1 1 3735 6426 5614
10894 2 2 1 1 3751 6190 3750
10895 2 2 1 1 3841 6626 3843
10896 2 2 1 1 4315 6481 3858
10897 2 2 1 1 3910 3912 3911
10898 2 2 1 1 3937 6173 5026
10899 2 2 1 1 3944 6249 4969
10900 2 2 1 1 4572 4573 4200
10901 2 2 1 1 6649 6775 5416
10902 2 2 1 1 5512 6028 5504
10903 2 2 1 1 5780 6485 5608
10904 2 2 1 1 5659 5660 5658
10905 2 2 1 1 5662 6459 6298
10906 2 2 1 1 5890 6485 6079
10907 2 2 1 1 738 6080 2912
10908 2 2 1 1 836 6472 828
10909 2 2 1 1 1115 5854 1112
10910 2 2 1 1 1822 6494 1819
10911 2 2 1 1 2152 7235 7070
10912 2 2 1 1 2493 5325 3029
10913 2 2 1 1 2740 3255 3159
10914 2 2 1 1 6527 6662 3523
10915 2 2 1 1 3757 3759 3758
10916 2 2 1 1 3788 4335 4334
10917 2 2 1 1 4571 4572 4200
10918 2 2 1 1 4422 4665 4407
10919 2 2 1 1 5063 5962 5065
10920 2 2 1 1 5824 6295 623
10921 2 2 1 1 674 6057 3658
10922 2 2 1 1 1558 6433 826
10923 2 2 1 1 879 5571 876
10924 2 2 1 1 1062 5912 1690
10925 2 2 1 1 1312 6038 3691
10926 2 2 1 1 1627 6372 2102
10927 2 2 1 1 1868 1958 1954
10928 2 2 1 1 2506 6421 1973
10929 2 2 1 1 2253 6112 6111
10930 2 2 1 1 2453 2494 2455
10931 2 2 1 1 3597 5490 2681
10932 2 2 1 1 4172 6374 2858
10933 2 2 1 1 3180 6084 3193
10934 2 2 1 1 3463 3879 3878
10935 2 2 1 1 6178 6418 3609
10936 2 2 1 1 3613 6202 5917
10937 2 2 1 1 3665 6475 6183
10938 2 2 1 1 3666 6278 6045
10939 2 2 1 1 3687 6384 3789
10940 2 2 1 1 5452 6127 3790
10941 2 2 1 1 3804 6537 3802
10942 2 2 1 1 3846 4988 3844
10943 2 2 1 1 4771 6965 3985
10944 2 2 1 1 371 5788 74
10945 2 2 1 1 746 6154 754
10946 2 2 1 1 760 6076 764
10947 2 2 1 1 1205 5464 1296
10948 2 2 1 1 1565 6261 1568
10949 2 2 1 1 1709 5867 1711
10950 2 2 1 1 1720 6047 1718
10951 2 2 1 1 6443 6480 1862
10952 2 2 1 1 4895 6810 1904
10953 2 2 1 1 2395 6883 4322
10954 2 2 1 1 5958 6338 2970
10955 2 2 1 1 3492 4457 4456
10956 2 2 1 1 3705 5720 5719
10957 2 2 1 1 3943 6971 3941
10958 2 2 1 1 4082 4083 4080
10959 2 2 1 1 4715 4812 4146
10960 2 2 1 1 5167 7028 4868
10961 2 2 1 1 4983 5602 4881
10962 2 2 1 1 1002 5281 769
10963 2 2 1 1 2300 5181 2304
10964 2 2 1 1 4842 6234 2792
10965 2 2 1 1 3088 6451 2839
10966 2 2 1 1 4958 6491 2987
10967 2 2 1 1 3708 5518 4035
10968 2 2 1 1 7003 7032 4365
10969 2 2 1 1 4678 4680 4679
10970 2 2 1 1 5093 6701 5094
10971 2 2 1 1 857 6292 921
10972 2 2 1 1 2826 6741 2695
10973 2 2 1 1 2696 6568 4166
10974 2 2 1 1 3068 4637 3372
10975 2 2 1 1 5131 6207 3355
10976 2 2 1 1 3404 4079 3403
10977 2 2 1 1 3479 3897 3481
10978 2 2 1 1 3484 4644 4643
10979 2 2 1 1 3715 6477 4775
10980 2 2 1 1 4292 6922 3740
10981 2 2 1 1 6553 6736 5284
10982 2 2 1 1 3595 6352 944
10983 2 2 1 1 1539 6396 1559
10984 2 2 1 1 2509 4980 3146
10985 2 2 1 1 2789 6102 4053
10986 2 2 1 1 2950 6299 6168
10987 2 2 1 1 3072 3856 3363
10988 2 2 1 1 3766 6311 3765
10989 2 2 1 1 4153 6087 4152
10990 2 2 1 1 5216 6332 4186
10991 2 2 1 1 5366 6198 377
10992 2 2 1 1 381 6131 6130
10993 2 2 1 1 502 6452 619
10994 2 2 1 1 2603 6032 870
10995 2 2 1 1 1241 1242 1224
10996 2 2 1 1 1245 1246 1243
10997 2 2 1 1 1263 2015 1363
10998 2 2 1 1 1266 1267 1264
10999 2 2 1 1 1343 1346 1341
11000 2 2 1 1 1489 4311 1488
11001 2 2 1 1 5163 6433 1558
11002 2 2 1 1 1564 6622 1694
11003 2 2 1 1 1593 1639 1592
11004 2 2 1 1 1640 1840 1639
11005 2 2 1 1 1941 2175 1942
11006 2 2 1 1 3709 6420 2000
11007 2 2 1 1 2656 5553 2006
11008 2 2 1 1 2017 2019 2018
11009 2 2 1 1 2540 3667 3114
11010 2 2 1 1 2618 3273 3272
11011 2 2 1 1 2711 5194 3062
11012 2 2 1 1 2750 3874 3801
11013 2 2 1 1 4642 4770 2758
11014 2 2 1 1 2998 6309 3596
11015 2 2 1 1 3132 6410 3324
11016 2 2 1 1 3293 3767 3294
11017 2 2 1 1 3952 3953 3305
11018 2 2 1 1 3353 6734 3352
11019 2 2 1 1 3513 3556 3512
11020 2 2 1 1 5326 6476 3713
11021 2 2 1 1 6560 6684 3800
11022 2 2 1 1 3933 5766 3868
11023 2 2 1 1 6213 6214 4215
11024 2 2 1 1 4410 4462 4409
11025 2 2 1 1 5122 6852 6777
11026 2 2 1 1 5245 6704 5244
11027 2 2 1 1 632 5369 634
11028 2 2 1 1 668 6152 670
11029 2 2 1 1 682 5975 680
11030 2 2 1 1 700 701 699
11031 2 2 1 1 779 780 778
11032 2 2 1 1 838 5923 2237
11033 2 2 1 1 899 900 898
11034 2 2 1 1 917 6485 5780
11035 2 2 1 1 1045 6155 970
11036 2 2 1 1 984 5558 1542
11037 2 2 1 1 1019 6223 1016
11038 2 2 1 1 1064 5849 1066
11039 2 2 1 1 1088 1090 1089
11040 2 2 1 1 1122 1123 1121
11041 2 2 1 1 1253 5782 1256
11042 2 2 1 1 1256 2135 1260
11043 2 2 1 1 1407 1408 1406
11044 2 2 1 1 2894 5347 1520
11045 2 2 1 1 1730 6048 1729
11046 2 2 1 1 1959 6471 2228
11047 2 2 1 1 2053 2054 2052
11048 2 2 1 1 2066 3615 2079
11049 2 2 1 1 2117 5025 5024
11050 2 2 1 1 6020 6324 2137
11051 2 2 1 1 2144 6391 2146
11052 2 2 1 1 2629 6259 2163
11053 2 2 1 1 2638 2972 2551
11054 2 2 1 1 2624 3293 2623
11055 2 2 1 1 2970 6094 5617
11056 2 2 1 1 3852 3963 3020
11057 2 2 1 1 3302 6099 5896
11058 2 2 1 1 3966 3967 3303
11059 2 2 1 1 3585 3920 3679
11060 2 2 1 1 3607 6126 5503
11061 2 2 1 1 3621 6238 5877
11062 2 2 1 1 3681 3909 3683
11063 2 2 1 1 6104 6120 3690
11064 2 2 1 1 3912 3913 3911
11065 2 2 1 1 3969 4377 4376
11066 2 2 1 1 4192 4901 4193
11067 2 2 1 1 4989 6507 6483
11068 2 2 1 1 5242 6549 6460
11069 2 2 1 1 6394 6528 712
11070 2 2 1 1 979 6524 2978
11071 2 2 1 1 6539 6597 1593
11072 2 2 1 1 5411 6516 2132
11073 2 2 1 1 2259 6450 2262
11074 2 2 1 1 2532 6712 2762
11075 2 2 1 1 4879 6187 2688
11076 2 2 1 1 3988 6595 3389
11077 2 2 1 1 3925 3927 3926
11078 2 2 1 1 779 781 780
11079 2 2 1 1 890 891 889
11080 2 2 1 1 891 5443 896
11081 2 2 1 1 1076 6293 998
11082 2 2 1 1 1016 6223 1014
11083 2 2 1 1 6081 6216 1055
11084 2 2 1 1 1127 6837 1123
11085 2 2 1 1 2216 6060 1882
11086 2 2 1 1 1892 6598 6162
11087 2 2 1 1 3810 6738 3812
11088 2 2 1 1 2220 6394 710
11089 2 2 1 1 1070 6211 1037
11090 2 2 1 1 1510 6488 1298
11091 2 2 1 1 5627 6626 1426
11092 2 2 1 1 3701 6261 1565
11093 2 2 1 1 2458 6049 2857
11094 2 2 1 1 2522 2781 2718
11095 2 2 1 1 2732 3156 3136
11096 2 2 1 1 2925 5269 4182
11097 2 2 1 1 2950 6441 6299
11098 2 2 1 1 3389 6595 3387
11099 2 2 1 1 3630 6492 3602
11100 2 2 1 1 3647 6171 6098
11101 2 2 1 1 3689 6091 5731
11102 2 2 1 1 5425 5703 4006
11103 2 2 1 1 4471 4472 4470
11104 2 2 1 1 13 5603 449
11105 2 2 1 1 995 6081 1055
11106 2 2 1 1 1374 6158 1953
11107 2 2 1 1 1446 6685 3560
11108 2 2 1 1 1824 6790 4887
11109 2 2 1 1 3568 3965 3047
11110 2 2 1 1 4273 6346 3622
11111 2 2 1 1 3932 4469 4467
11112 2 2 1 1 4069 6397 4562
11113 2 2 1 1 4110 6715 4930
11114 2 2 1 1 6411 6613 4886
11115 2 2 1 1 1441 6193 1009
11116 2 2 1 1 2188 5936 1015
11117 2 2 1 1 1763 6766 1765
11118 2 2 1 1 1794 6115 4831
11119 2 2 1 1 2988 6004 4173
11120 2 2 1 1 3373 3374 3070
11121 2 2 1 1 3090 6751 4302
11122 2 2 1 1 3399 4413 4316
11123 2 2 1 1 3597 6003 5280
11124 2 2 1 1 3973 6749 6570
11125 2 2 1 1 4413 7031 7030
11126 2 2 1 1 5623 6181 5127
11127 2 2 1 1 966 6191 968
11128 2 2 1 1 1583 5573 1742
11129 2 2 1 1 1928 6145 1878
11130 2 2 1 1 3125 3126 2554
11131 2 2 1 1 4956 4957 2987
11132 2 2 1 1 3090 4302 4301
11133 2 2 1 1 6456 6970 4735
11134 2 2 1 1 5467 6411 4886
11135 2 2 1 1 2206 6380 6223
11136 2 2 1 1 2805 6749 6145
11137 2 2 1 1 3186 6027 5794
11138 2 2 1 1 3970 5183 3385
11139 2 2 1 1 4702 6785 4147
11140 2 2 1 1 6291 6393 4274
11141 2 2 1 1 4583 4585 4584
11142 2 2 1 1 4883 6912 6634
11143 2 2 1 1 865 5677 843
11144 2 2 1 1 1159 1186 1158
11145 2 2 1 1 6018 6488 1510
11146 2 2 1 1 6059 6297 1660
11147 2 2 1 1 1963 6195 1696
11148 2 2 1 1 2249 6696 1880
11149 2 2 1 1 2007 2655 2654
11150 2 2 1 1 2289 6940 5880
11151 2 2 1 1 2454 6404 5957
11152 2 2 1 1 2502 3162 2504
11153 2 2 1 1 3348 4222 2797
11154 2 2 1 1 3105 4409 3411
11155 2 2 1 1 3761 3762 3223
11156 2 2 1 1 4079 4475 3403
11157 2 2 1 1 3510 4894 4717
11158 2 2 1 1 5151 6492 3630
11159 2 2 1 1 3728 6718 6623
11160 2 2 1 1 6940 7009 4855
11161 2 2 1 1 7099 7100 5209
11162 2 2 1 1 5345 6633 5545
11163 2 2 1 1 5661 6459 5662
11164 2 2 1 1 465 466 464
11165 2 2 1 1 511 5299 2126
11166 2 2 1 1 606 6576 600
11167 2 2 1 1 812 6241 2179
11168 2 2 1 1 843 5677 1912
11169 2 2 1 1 957 6217 963
11170 2 2 1 1 998 6293 6229
11171 2 2 1 1 1119 6132 1122
11172 2 2 1 1 1421 1437 1436
11173 2 2 1 1 1421 1504 1437
11174 2 2 1 1 1482 6286 1480
11175 2 2 1 1 5697 6660 1553
11176 2 2 1 1 4095 4555 1745
11177 2 2 1 1 2272 4290 1761
11178 2 2 1 1 1858 6180 2217
11179 2 2 1 1 2004 2005 2003
11180 2 2 1 1 2034 2078 2032
11181 2 2 1 1 5027 6334 2112
11182 2 2 1 1 2380 2382 2381
11183 2 2 1 1 2439 2498 2441
11184 2 2 1 1 2791 2805 2519
11185 2 2 1 1 3494 3495 2555
11186 2 2 1 1 3725 6824 2984
11187 2 2 1 1 3374 3375 3070
11188 2 2 1 1 3105 4410 4409
11189 2 2 1 1 3903 3904 3181
11190 2 2 1 1 3246 6326 5115
11191 2 2 1 1 4111 4112 3424
11192 2 2 1 1 3634 6149 3637
11193 2 2 1 1 3649 6764 5219
11194 2 2 1 1 4298 6325 3676
11195 2 2 1 1 3719 6367 3717
11196 2 2 1 1 6039 6480 3724
11197 2 2 1 1 5001 5015 5002
11198 2 2 1 1 5192 6813 6713
11199 2 2 1 1 5721 6006 6005
11200 2 2 1 1 2239 5303 536
11201 2 2 1 1 714 6528 717
11202 2 2 1 1 1912 6319 811
11203 2 2 1 1 930 5847 928
11204 2 2 1 1 963 6217 3791
11205 2 2 1 1 1075 5652 5475
11206 2 2 1 1 1135 1136 1134
11207 2 2 1 1 1273 6488 5199
11208 2 2 1 1 2960 6293 1282
11209 2 2 1 1 1316 5860 1366
11210 2 2 1 1 1878 6525 1838
11211 2 2 1 1 1913 6781 5285
11212 2 2 1 1 2900 5562 2040
11213 2 2 1 1 2077 5428 2076
11214 2 2 1 1 3015 3694 2101
11215 2 2 1 1 2268 2563 2269
11216 2 2 1 1 2525 2720 2524
11217 2 2 1 1 3535 3536 2875
11218 2 2 1 1 3183 6387 5620
11219 2 2 1 1 3448 6340 3450
11220 2 2 1 1 6908 7018 3561
11221 2 2 1 1 4047 5518 3708
11222 2 2 1 1 3810 3812 3811
11223 2 2 1 1 5123 5629 3956
11224 2 2 1 1 6336 6562 3962
11225 2 2 1 1 7093 7234 4708
11226 2 2 1 1 6776 6920 5544
11227 2 2 1 1 5662 6298 6242
11228 2 2 1 1 6814 7162 7095
11229 2 2 1 1 376 5458 5457
11230 2 2 1 1 480 5954 2223
11231 2 2 1 1 505 506 504
11232 2 2 1 1 523 524 522
11233 2 2 1 1 569 570 568
11234 2 2 1 1 1193 5489 577
11235 2 2 1 1 835 5380 5379
11236 2 2 1 1 3707 6292 856
11237 2 2 1 1 929 5862 931
11238 2 2 1 1 978 5771 999
11239 2 2 1 1 1104 6728 1106
11240 2 2 1 1 6044 6396 1539
11241 2 2 1 1 1632 5995 1739
11242 2 2 1 1 1735 6206 5914
11243 2 2 1 1 5718 6209 2218
11244 2 2 1 1 4758 6750 2315
11245 2 2 1 1 3280 5905 2954
11246 2 2 1 1 2955 3772 3281
11247 2 2 1 1 3314 3315 3313
11248 2 2 1 1 3546 3954 3545
11249 2 2 1 1 3546 5593 3957
11250 2 2 1 1 3692 4143 3693
11251 2 2 1 1 4125 5939 5038
11252 2 2 1 1 4575 4577 4576
11253 2 2 1 1 5371 5624 5621
11254 2 2 1 1 6216 7168 7122
11255 2 2 1 1 852 5923 838
11256 2 2 1 1 1600 6046 1598
11257 2 2 1 1 1669 6429 1945
11258 2 2 1 1 1927 5139 1747
11259 2 2 1 1 3860 3972 3821
11260 2 2 1 1 4229 6526 4230
11261 2 2 1 1 6262 6407 4257
11262 2 2 1 1 5045 6729 5351
11263 2 2 1 1 5156 6204 5161
11264 2 2 1 1 5288 6811 5226
11265 2 2 1 1 5341 6362 5343
11266 2 2 1 1 791 6241 812
11267 2 2 1 1 6110 6112 896
11268 2 2 1 1 1090 6487 1092
11269 2 2 1 1 1113 6679 1114
11270 2 2 1 1 1684 5117 1538
11271 2 2 1 1 2570 5874 2078
11272 2 2 1 1 6639 6848 2240
11273 2 2 1 1 4811 6078 3567
11274 2 2 1 1 3583 6661 5644
11275 2 2 1 1 4074 6868 6171
11276 2 2 1 1 4583 4588 4585
11277 2 2 1 1 6446 6636 4906
11278 2 2 1 1 4935 4938 4937
11279 2 2 1 1 5083 5084 5082
11280 2 2 1 1 2394 5855 1128
11281 2 2 1 1 5707 6406 1225
11282 2 2 1 1 5600 6375 2707
11283 2 2 1 1 4211 6348 3207
11284 2 2 1 1 5607 6338 3736
11285 2 2 1 1 5114 6498 4323
11286 2 2 1 1 7100 7178 4727
11287 2 2 1 1 5174 5175 5173
11288 2 2 1 1 5676 6209 6176
11289 2 2 1 1 815 5570 813
11290 2 2 1 1 3496 3947 3946
11291 2 2 1 1 3768 6348 6024
11292 2 2 1 1 4439 4494 4064
11293 2 2 1 1 4908 5333 4228
11294 2 2 1 1 4298 6380 6325
11295 2 2 1 1 4684 4687 4682
11296 2 2 1 1 6191 6484 1042
11297 2 2 1 1 1416 6224 3237
11298 2 2 1 1 4081 4082 4080
11299 2 2 1 1 1640 6597 1847
11300 2 2 1 1 1841 6398 1840
11301 2 2 1 1 2993 6712 2532
11302 2 2 1 1 2834 2837 2835
11303 2 2 1 1 5118 6140 3110
11304 2 2 1 1 3215 6439 3186
11305 2 2 1 1 5436 6769 3515
11306 2 2 1 1 4822 6253 3580
11307 2 2 1 1 3938 6979 3891
11308 2 2 1 1 5694 7306 7299
11309 2 2 1 1 730 6318 733
11310 2 2 1 1 925 5410 927
11311 2 2 1 1 1490 7082 1492
11312 2 2 1 1 1609 6237 5895
11313 2 2 1 1 1736 6647 1908
11314 2 2 1 1 1892 6162 1737
11315 2 2 1 1 4900 6623 1881
11316 2 2 1 1 1892 5703 5425
11317 2 2 1 1 3162 6327 2504
11318 2 2 1 1 4337 6421 2506
11319 2 2 1 1 3122 3124 2545
11320 2 2 1 1 2779 6751 3090
11321 2 2 1 1 5828 6441 2950
11322 2 2 1 1 3184 6809 4254
11323 2 2 1 1 5510 6283 3198
11324 2 2 1 1 5551 5552 3557
11325 2 2 1 1 4343 6190 3758
11326 2 2 1 1 3772 6923 6561
11327 2 2 1 1 5015 5058 5008
11328 2 2 1 1 5228 6546 5229
11329 2 2 1 1 5932 6272 5898
11330 2 2 1 1 819 6671 817
11331 2 2 1 1 1418 6699 6643
11332 2 2 1 1 1568 1648 1569
11333 2 2 1 1 1918 6312 1595
11334 2 2 1 1 4239 6129 2572
11335 2 2 1 1 4718 4720 4719
11336 2 2 1 1 6287 6301 369
11337 2 2 1 1 785 6030 793
11338 2 2 1 1 5395 6241 791
11339 2 2 1 1 864 5473 907
11340 2 2 1 1 1269 6377 2750
11341 2 2 1 1 1434 6212 1508
11342 2 2 1 1 1451 6304 1438
11343 2 2 1 1 1515 6401 1617
11344 2 2 1 1 1634 5995 1632
11345 2 2 1 1 1989 5738 2119
11346 2 2 1 1 2006 5553 2003
11347 2 2 1 1 2638 6105 3017
11348 2 2 1 1 2866 6236 4793
11349 2 2 1 1 3062 5194 5016
11350 2 2 1 1 5887 5904 3604
11351 2 2 1 1 6580 6738 3810
11352 2 2 1 1 5450 6418 6178
11353 2 2 1 1 810 5954 482
11354 2 2 1 1 1256 5782 2135
11355 2 2 1 1 1480 6286 2980
11356 2 2 1 1 1595 6312 1588
11357 2 2 1 1 2238 6679 5878
11358 2 2 1 1 2418 6268 2417
11359 2 2 1 1 2647 6405 3321
11360 2 2 1 1 6581 6916 3369
11361 2 2 1 1 3717 6150 3714
11362 2 2 1 1 7140 7163 4371
11363 2 2 1 1 5543 6920 6390
11364 2 2 1 1 6564 6646 5659
11365 2 2 1 1 1427 6235 772
11366 2 2 1 1 4278 6552 6499
11367 2 2 1 1 4631 4632 4630
11368 2 2 1 1 5373 6222 4975
11369 2 2 1 1 611 6175 6054
11370 2 2 1 1 927 5410 1472
11371 2 2 1 1 1084 6390 1086
11372 2 2 1 1 1778 7056 1575
11373 2 2 1 1 1576 6258 1637
11374 2 2 1 1 1786 5587 1784
11375 2 2 1 1 2033 6165 2036
11376 2 2 1 1 2058 6385 2054
11377 2 2 1 1 2114 6387 2200
11378 2 2 1 1 2759 6649 3219
11379 2 2 1 1 4224 6012 2935
11380 2 2 1 1 3067 4985 4984
11381 2 2 1 1 3628 5723 3629
11382 2 2 1 1 3863 6545 6517
11383 2 2 1 1 4890 4891 4280
11384 2 2 1 1 5345 6534 6362
11385 2 2 1 1 6059 6619 6297
11386 2 2 1 1 5709 5710 322
11387 2 2 1 1 7079 7101 560
11388 2 2 1 1 1617 6401 2198
11389 2 2 1 1 1796 6637 1798
11390 2 2 1 1 7034 7055 2128
11391 2 2 1 1 4771 7139 6988
11392 2 2 1 1 946 6352 5743
11393 2 2 1 1 1231 6021 5027
11394 2 2 1 1 5090 5738 1989
11395 2 2 1 1 5282 6998 2824
11396 2 2 1 1 5564 6475 3665
11397 2 2 1 1 2688 6187 2685
11398 2 2 1 1 2857 6049 4375
11399 2 2 1 1 3747 6344 3287
11400 2 2 1 1 3407 4477 3405
11401 2 2 1 1 4234 6859 6606
11402 2 2 1 1 4351 6947 4809
11403 2 2 1 1 4481 6351 4608
11404 2 2 1 1 4680 5487 4689
11405 2 2 1 1 6337 6915 4722
11406 2 2 1 1 6130 6131 5944
11407 2 2 1 1 653 6435 2233
11408 2 2 1 1 1729 6048 2164
11409 2 2 1 1 3047 4952 3049
11410 2 2 1 1 4356 6860 6853
11411 2 2 1 1 145 6510 345
11412 2 2 1 1 146 6511 6510
11413 2 2 1 1 185 6512 5947
11414 2 2 1 1 5534 6512 337
11415 2 2 1 1 456 6287 418
11416 2 2 1 1 5068 6301 456
11417 2 2 1 1 497 4992 499
11418 2 2 1 1 1042 6484 5772
11419 2 2 1 1 1277 5728 1171
11420 2 2 1 1 1264 6017 1263
11421 2 2 1 1 1267 6017 1264
11422 2 2 1 1 1265 6377 1266
11423 2 2 1 1 5547 6445 1265
11424 2 2 1 1 1265 6445 6377
11425 2 2 1 1 1266 6377 1269
11426 2 2 1 1 1271 6446 1268
11427 2 2 1 1 1305 6636 1271
11428 2 2 1 1 3258 6547 1278
11429 2 2 1 1 3547 6602 1361
11430 2 2 1 1 2909 4213 1383
11431 2 2 1 1 1491 6343 1489
11432 2 2 1 1 1496 5746 1494
11433 2 2 1 1 1495 5348 1497
11434 2 2 1 1 1497 5348 1590
11435 2 2 1 1 1509 5419 1623
11436 2 2 1 1 1548 2272 1761
11437 2 2 1 1 1608 6420 1551
11438 2 2 1 1 1941 1942 1642
11439 2 2 1 1 1852 2240 1643
11440 2 2 1 1 1849 6398 1841
11441 2 2 1 1 1933 6449 2241
11442 2 2 1 1 1994 6447 2565
11443 2 2 1 1 2017 2018 2016
11444 2 2 1 1 2016 6638 2991
11445 2 2 1 1 2094 2870 2096
11446 2 2 1 1 2168 6392 2118
11447 2 2 1 1 2149 2549 2150
11448 2 2 1 1 2149 6453 2549
11449 2 2 1 1 2174 3135 3133
11450 2 2 1 1 5956 6755 2202
11451 2 2 1 1 2262 6450 2821
11452 2 2 1 1 2270 6807 6302
11453 2 2 1 1 5181 5182 2304
11454 2 2 1 1 2858 6374 2465
11455 2 2 1 1 2488 2776 2481
11456 2 2 1 1 2489 2785 2784
11457 2 2 1 1 4189 6858 2547
11458 2 2 1 1 2548 6544 3120
11459 2 2 1 1 2582 3603 3203
11460 2 2 1 1 2786 6360 2788
11461 2 2 1 1 2788 3108 3082
11462 2 2 1 1 2845 2846 2844
11463 2 2 1 1 3008 5456 5455
11464 2 2 1 1 4308 6137 3150
11465 2 2 1 1 4329 6539 3229
11466 2 2 1 1 3283 4179 3938
11467 2 2 1 1 3320 5663 5291
11468 2 2 1 1 4368 6734 3353
11469 2 2 1 1 3426 4614 4151
11470 2 2 1 1 3825 4336 3429
11471 2 2 1 1 3978 7142 3440
11472 2 2 1 1 3514 6963 5398
11473 2 2 1 1 3673 4987 4240
11474 2 2 1 1 5708 6556 3741
11475 2 2 1 1 4010 7252 7179
11476 2 2 1 1 4135 4136 4041
11477 2 2 1 1 4094 4560 4553
11478 2 2 1 1 6169 6526 4229
11479 2 2 1 1 6587 6624 4290
11480 2 2 1 1 5214 6891 4291
11481 2 2 1 1 4295 6818 4296
11482 2 2 1 1 4296 5585 5584
11483 2 2 1 1 4313 6639 4646
11484 2 2 1 1 4317 6574 6504
11485 2 2 1 1 4366 7005 6910
11486 2 2 1 1 4653 4669 4652
11487 2 2 1 1 4678 4681 4680
11488 2 2 1 1 4826 4827 4691
11489 2 2 1 1 4927 4929 4928
11490 2 2 1 1 6201 6899 4928
11491 2 2 1 1 5245 6651 6598
11492 2 2 1 1 6818 7021 5585
11493 2 2 1 1 5629 6960 5630
11494 2 2 1 1 5836 6931 5835
11495 2 2 1 1 482 5954 480
11496 2 2 1 1 541 6919 1194
11497 2 2 1 1 562 5830 558
11498 2 2 1 1 584 5733 3570
11499 2 2 1 1 600 6576 598
11500 2 2 1 1 710 6394 712
11501 2 2 1 1 712 6528 714
11502 2 2 1 1 718 6529 722
11503 2 2 1 1 722 6549 5242
11504 2 2 1 1 727 6318 730
11505 2 2 1 1 781 6550 788
11506 2 2 1 1 6079 6485 917
11507 2 2 1 1 937 5650 980
11508 2 2 1 1 951 6273 6217
11509 2 2 1 1 980 2957 1053
11510 2 2 1 1 980 5650 2957
11511 2 2 1 1 5849 6551 1066
11512 2 2 1 1 1118 5825 1116
11513 2 2 1 1 6675 6676 1136
11514 2 2 1 1 1298 6488 1273
11515 2 2 1 1 1289 1290 1288
11516 2 2 1 1 1293 6275 1294
11517 2 2 1 1 2961 6275 1293
11518 2 2 1 1 1400 2920 1398
11519 2 2 1 1 1403 5932 1405
11520 2 2 1 1 1405 6070 1407
11521 2 2 1 1 1473 6272 5932
11522 2 2 1 1 1541 6534 5541
11523 2 2 1 1 1547 1663 1662
11524 2 2 1 1 1557 5730 5729
11525 2 2 1 1 6298 6459 1616
11526 2 2 1 1 1894 5996 1706
11527 2 2 1 1 1947 5867 1709
11528 2 2 1 1 1728 6500 1731
11529 2 2 1 1 1915 1966 1871
11530 2 2 1 1 6943 6957 1947
11531 2 2 1 1 1954 6381 2584
11532 2 2 1 1 5242 6460 1990
11533 2 2 1 1 2078 5874 2032
11534 2 2 1 1 2036 6165 5286
11535 2 2 1 1 2080 6772 2081
11536 2 2 1 1 6557 6719 2080
11537 2 2 1 1 5933 6264 2086
11538 2 2 1 1 5418 6322 2122
11539 2 2 1 1 2139 6324 2154
11540 2 2 1 1 2153 6503 2140
11541 2 2 1 1 2143 6323 2141
11542 2 2 1 1 2227 6323 2143
11543 2 2 1 1 2165 6453 2149
11544 2 2 1 1 2225 6208 2153
11545 2 2 1 1 2164 6048 3650
11546 2 2 1 1 2200 6387 3183
11547 2 2 1 1 6153 6265 2220
11548 2 2 1 1 2233 6435 6426
11549 2 2 1 1 6426 6620 2233
11550 2 2 1 1 2267 6052 2670
11551 2 2 1 1 2307 3225 2350
11552 2 2 1 1 2429 5873 5451
11553 2 2 1 1 2466 6788 2673
11554 2 2 1 1 3168 6167 2563
11555 2 2 1 1 2754 6405 2647
11556 2 2 1 1 2733 6963 5403
11557 2 2 1 1 2949 2950 2878
11558 2 2 1 1 5455 5980 2884
11559 2 2 1 1 5541 5542 2888
11560 2 2 1 1 5773 6773 2920
11561 2 2 1 1 3303 5787 3010
11562 2 2 1 1 3013 6336 3962
11563 2 2 1 1 3125 6604 3126
11564 2 2 1 1 4233 6923 3197
11565 2 2 1 1 3199 4357 3198
11566 2 2 1 1 3224 7262 7210
11567 2 2 1 1 6389 6560 3236
11568 2 2 1 1 3262 3585 3584
11569 2 2 1 1 3772 6561 3281
11570 2 2 1 1 3294 6887 5654
11571 2 2 1 1 3556 3559 3512
11572 2 2 1 1 5364 6208 3584
11573 2 2 1 1 3612 6393 6291
11574 2 2 1 1 3617 3620 3618
11575 2 2 1 1 3617 6238 3621
11576 2 2 1 1 5829 5898 3648
11577 2 2 1 1 3680 6331 3678
11578 2 2 1 1 3679 6928 3681
11579 2 2 1 1 3684 6277 3682
11580 2 2 1 1 4809 6691 3723
11581 2 2 1 1 4324 6426 3735
11582 2 2 1 1 3736 6338 5958
11583 2 2 1 1 3745 6265 5950
11584 2 2 1 1 3771 6473 6018
11585 2 2 1 1 3806 6458 6088
11586 2 2 1 1 3834 6462 3832
11587 2 2 1 1 3865 6880 5906
11588 2 2 1 1 6617 6778 3866
11589 2 2 1 1 6967 6971 3943
11590 2 2 1 1 5437 5440 4002
11591 2 2 1 1 4002 7222 7141
11592 2 2 1 1 4005 4933 4008
11593 2 2 1 1 4033 7306 5694
11594 2 2 1 1 4085 4488 4084
11595 2 2 1 1 4127 4691 4126
11596 2 2 1 1 4162 4709 4292
11597 2 2 1 1 4915 5060 4171
11598 2 2 1 1 5073 5074 4209
11599 2 2 1 1 6589 6657 4212
11600 2 2 1 1 5033 5034 5032
11601 2 2 1 1 5229 6394 6233
11602 2 2 1 1 5247 6457 5246
11603 2 2 1 1 6016 6612 5547
11604 2 2 1 1 5562 6246 5933
11605 2 2 1 1 6299 6441 5669
11606 2 2 1 1 6297 6619 5764
11607 2 2 1 1 5779 6182 5830
11608 2 2 1 1 5834 6889 5833
11609 2 2 1 1 5869 6321 5868
11610 2 2 1 1 5869 6500 6321
11611 2 2 1 1 5990 6562 5989
11612 2 2 1 1 622 5790 628
11613 2 2 1 1 628 5790 633
11614 2 2 1 1 787 2218 925
11615 2 2 1 1 890 6337 892
11616 2 2 1 1 894 5296 897
11617 2 2 1 1 898 5791 895
11618 2 2 1 1 1205 6218 5464
11619 2 2 1 1 1296 5464 1382
11620 2 2 1 1 3224 6077 1546
11621 2 2 1 1 1610 6596 1766
11622 2 2 1 1 1651 6443 1862
11623 2 2 1 1 1689 6060 1940
11624 2 2 1 1 1988 6983 1703
11625 2 2 1 1 6061 6252 1733
11626 2 2 1 1 6108 6251 1759
11627 2 2 1 1 1885 6535 6384
11628 2 2 1 1 6617 6618 1953
11629 2 2 1 1 2411 6258 6002
11630 2 2 1 1 2572 6129 2573
11631 2 2 1 1 2952 6291 4255
11632 2 2 1 1 3022 6630 3023
11633 2 2 1 1 3139 6310 3140
11634 2 2 1 1 3613 5917 3190
11635 2 2 1 1 3209 6746 3809
11636 2 2 1 1 3338 7343 7335
11637 2 2 1 1 3609 6418 6417
11638 2 2 1 1 3626 6216 6081
11639 2 2 1 1 3799 6416 5231
11640 2 2 1 1 3848 6740 5267
11641 2 2 1 1 4747 4748 4015
11642 2 2 1 1 4275 6073 4204
11643 2 2 1 1 5909 6033 4225
11644 2 2 1 1 6269 6469 5110
11645 2 2 1 1 5343 6550 5842
11646 2 2 1 1 5649 6915 6337
11647 2 2 1 1 5812 7121 5809
11648 2 2 1 1 7085 7231 5991
11649 2 2 1 1 6111 6112 6110
11650 2 2 1 1 5493 7319 327
11651 2 2 1 1 616 6225 612
11652 2 2 1 1 683 5975 2236
11653 2 2 1 1 797 6483 784
11654 2 2 1 1 826 6433 797
11655 2 2 1 1 798 6185 5361
11656 2 2 1 1 863 5473 864
11657 2 2 1 1 882 884 881
11658 2 2 1 1 6256 6257 913
11659 2 2 1 1 1081 6524 1044
11660 2 2 1 1 1360 6270 5101
11661 2 2 1 1 1535 1576 1536
11662 2 2 1 1 1835 6189 1836
11663 2 2 1 1 2210 6988 5473
11664 2 2 1 1 2426 6960 5682
11665 2 2 1 1 2482 2489 2488
11666 2 2 1 1 3170 6359 2534
11667 2 2 1 1 3436 5314 3061
11668 2 2 1 1 3750 6344 3747
11669 2 2 1 1 4325 6507 3846
11670 2 2 1 1 4201 6068 3890
11671 2 2 1 1 4490 6822 4084
11672 2 2 1 1 4225 6072 5909
11673 2 2 1 1 4325 6668 6661
11674 2 2 1 1 4382 7259 5618
11675 2 2 1 1 6893 7118 4647
11676 2 2 1 1 5106 5107 5105
11677 2 2 1 1 6168 6299 5251
11678 2 2 1 1 642 5835 2117
11679 2 2 1 1 680 5975 683
11680 2 2 1 1 970 6155 2923
11681 2 2 1 1 2229 5320 1356
11682 2 2 1 1 1388 6378 1386
11683 2 2 1 1 1961 6589 2158
11684 2 2 1 1 2145 5827 2227
11685 2 2 1 1 2167 6861 5834
11686 2 2 1 1 2739 6208 2225
11687 2 2 1 1 2796 2797 2487
11688 2 2 1 1 2636 6336 3013
11689 2 2 1 1 2713 6581 3369
11690 2 2 1 1 3312 6405 2754
11691 2 2 1 1 2876 6168 5843
11692 2 2 1 1 2900 6246 5562
11693 2 2 1 1 5408 5731 2933
11694 2 2 1 1 6286 6537 2980
11695 2 2 1 1 3887 6658 3252
11696 2 2 1 1 3898 6986 3613
11697 2 2 1 1 3721 6691 4212
11698 2 2 1 1 4328 6567 3726
11699 2 2 1 1 4248 6739 4861
11700 2 2 1 1 4805 4806 4804
11701 2 2 1 1 5438 6320 6172
11702 2 2 1 1 5617 6094 5890
11703 2 2 1 1 5950 6265 6153
11704 2 2 1 1 811 6319 790
11705 2 2 1 1 1003 6705 2398
11706 2 2 1 1 1029 6533 1022
11707 2 2 1 1 1035 6697 1040
11708 2 2 1 1 1094 6455 1096
11709 2 2 1 1 1832 5580 1834
11710 2 2 1 1 1982 6655 1983
11711 2 2 1 1 5765 6515 2880
11712 2 2 1 1 2893 6650 4195
11713 2 2 1 1 2912 6642 6536
11714 2 2 1 1 5936 6908 3561
11715 2 2 1 1 6196 7015 3951
11716 2 2 1 1 4184 4657 4183
11717 2 2 1 1 4784 5755 4788
11718 2 2 1 1 7002 7146 4819
11719 2 2 1 1 5019 6939 6898
11720 2 2 1 1 5370 6468 850
11721 2 2 1 1 1173 6222 1068
11722 2 2 1 1 5139 5333 1747
11723 2 2 1 1 7119 7235 2549
11724 2 2 1 1 2740 6766 3889
11725 2 2 1 1 3190 5917 3687
11726 2 2 1 1 3213 3881 3211
11727 2 2 1 1 3793 6828 3291
11728 2 2 1 1 3789 6535 4235
11729 2 2 1 1 4274 6393 4275
11730 2 2 1 1 4956 6490 4957
11731 2 2 1 1 1225 6406 1024
11732 2 2 1 1 1037 6211 1039
11733 2 2 1 1 1225 6737 6701
11734 2 2 1 1 6325 6380 2206
11735 2 2 1 1 2282 5481 2281
11736 2 2 1 1 2800 6525 3820
11737 2 2 1 1 2897 6521 2895
11738 2 2 1 1 2904 6797 6779
11739 2 2 1 1 3859 6231 2985
11740 2 2 1 1 4815 6366 4813
11741 2 2 1 1 6255 6568 4879
11742 2 2 1 1 1009 6193 1011
11743 2 2 1 1 1956 5467 1869
11744 2 2 1 1 1955 6364 1957
11745 2 2 1 1 2706 3042 3037
11746 2 2 1 1 5241 6228 2852
11747 2 2 1 1 3879 4348 3878
11748 2 2 1 1 4353 6888 6756
11749 2 2 1 1 4760 6355 4759
11750 2 2 1 1 5706 6701 5093
11751 2 2 1 1 5777 6375 5600
11752 2 2 1 1 1542 5558 3701
11753 2 2 1 1 6981 7027 1570
11754 2 2 1 1 5963 6443 1649
11755 2 2 1 1 2179 6169 5495
11756 2 2 1 1 4226 4227 3143
11757 2 2 1 1 3372 6913 4453
11758 2 2 1 1 3718 5092 3719
11759 2 2 1 1 3898 6985 6887
11760 2 2 1 1 1485 5754 1390
11761 2 2 1 1 1686 6306 2370
11762 2 2 1 1 2031 6165 2033
11763 2 2 1 1 2122 6322 2124
11764 2 2 1 1 6233 6394 2220
11765 2 2 1 1 3201 6434 3141
11766 2 2 1 1 3141 6434 3500
11767 2 2 1 1 3543 5438 3542
11768 2 2 1 1 3836 6719 4320
11769 2 2 1 1 4763 4834 3994
11770 2 2 1 1 4187 6320 5438
11771 2 2 1 1 4224 5967 5737
11772 2 2 1 1 337 6512 186
11773 2 2 1 1 1159 6594 5188
11774 2 2 1 1 2569 6179 1523
11775 2 2 1 1 2252 5587 1939
11776 2 2 1 1 6929 7119 2549
11777 2 2 1 1 2712 6359 3057
11778 2 2 1 1 3980 6630 3022
11779 2 2 1 1 3109 7287 3425
11780 2 2 1 1 5289 6680 3271
11781 2 2 1 1 3769 6643 5586
11782 2 2 1 1 5235 6106 4242
11783 2 2 1 1 4328 6671 6659
11784 2 2 1 1 4882 6228 4884
11785 2 2 1 1 5264 5690 5436
11786 2 2 1 1 6055 6502 6056
11787 2 2 1 1 488 5555 2134
11788 2 2 1 1 492 5732 745
11789 2 2 1 1 2399 6053 557
11790 2 2 1 1 558 5830 559
11791 2 2 1 1 655 6435 653
11792 2 2 1 1 1958 6477 6476
11793 2 2 1 1 2139 2153 2140
11794 2 2 1 1 2154 6324 3238
11795 2 2 1 1 3003 3004 3002
11796 2 2 1 1 6085 6523 3640
11797 2 2 1 1 4334 6748 3787
11798 2 2 1 1 6743 6860 4356
11799 2 2 1 1 5061 6391 6331
11800 2 2 1 1 5547 6612 6445
11801 2 2 1 1 6880 6904 5906
11802 2 2 1 1 5941 7278 323
11803 2 2 1 1 1239 6025 3785
11804 2 2 1 1 5335 6376 1656
11805 2 2 1 1 2919 6163 1657
11806 2 2 1 1 6579 6792 2584
11807 2 2 1 1 2909 6794 6138
11808 2 2 1 1 4099 4565 4098
11809 2 2 1 1 6866 6917 5615
11810 2 2 1 1 892 6337 2891
11811 2 2 1 1 896 6400 6110
11812 2 2 1 1 1884 6481 5281
11813 2 2 1 1 6158 6617 1953
11814 2 2 1 1 2117 6931 5025
11815 2 2 1 1 3288 6389 2403
11816 2 2 1 1 2894 6629 5347
11817 2 2 1 1 5231 6618 5230
11818 2 2 1 1 5246 6651 5245
11819 2 2 1 1 6258 6725 6002
11820 2 2 1 1 94 5985 361
11821 2 2 1 1 2162 5825 1118
11822 2 2 1 1 3662 5334 1150
11823 2 2 1 1 1280 6157 1279
11824 2 2 1 1 1473 5932 1403
11825 2 2 1 1 1823 6089 1822
11826 2 2 1 1 2813 5467 1956
11827 2 2 1 1 2574 5506 2869
11828 2 2 1 1 2640 3050 3048
11829 2 2 1 1 5509 6739 3152
11830 2 2 1 1 3381 6605 3379
11831 2 2 1 1 4376 6832 3968
11832 2 2 1 1 828 6472 837
11833 2 2 1 1 1553 6798 5913
11834 2 2 1 1 2619 6565 6471
11835 2 2 1 1 6610 6678 2752
11836 2 2 1 1 3113 4087 4086
11837 2 2 1 1 3448 6341 6340
11838 2 2 1 1 6285 7271 4748
11839 2 2 1 1 5129 5133 5132
11840 2 2 1 1 92 5646 447
11841 2 2 1 1 5281 5765 769
11842 2 2 1 1 2228 6471 6402
11843 2 2 1 1 786 6235 5959
11844 2 2 1 1 3331 6495 3888
11845 2 2 1 1 3823 6699 4328
11846 2 2 1 1 4328 6659 6567
11847 2 2 1 1 1585 5124 1572
11848 2 2 1 1 1945 6429 3184
11849 2 2 1 1 2260 6543 2257
11850 2 2 1 1 4180 6813 3938
11851 2 2 1 1 1141 6197 1140
11852 2 2 1 1 1415 6113 1208
11853 2 2 1 1 1243 6302 1242
11854 2 2 1 1 1649 6443 1651
11855 2 2 1 1 2734 6708 1753
11856 2 2 1 1 5425 6598 1892
11857 2 2 1 1 2364 6635 3493
11858 2 2 1 1 2781 6347 3395
11859 2 2 1 1 5199 6473 2886
11860 2 2 1 1 3182 6653 5687
11861 2 2 1 1 3453 3454 3420
11862 2 2 1 1 4222 6729 5045
11863 2 2 1 1 4725 7191 7043
11864 2 2 1 1 4898 6980 4897
11865 2 2 1 1 944 6352 946
11866 2 2 1 1 2000 6420 1608
11867 2 2 1 1 2356 7020 2354
11868 2 2 1 1 2785 6846 3925
11869 2 2 1 1 2923 6652 5846
11870 2 2 1 1 7147 7148 3312
11871 2 2 1 1 3426 6856 4614
11872 2 2 1 1 3726 6567 3854
11873 2 2 1 1 4330 6760 6455
11874 2 2 1 1 4762 5138 4925
11875 2 2 1 1 4811 6554 6078
11876 2 2 1 1 4902 6716 6454
11877 2 2 1 1 5029 6051 5030
11878 2 2 1 1 5035 6829 5034
11879 2 2 1 1 6479 6652 5223
11880 2 2 1 1 6229 6681 6498
11881 2 2 1 1 6005 6006 1605
11882 2 2 1 1 5847 6172 1613
11883 2 2 1 1 3295 7002 4819
11884 2 2 1 1 4254 6610 4765
11885 2 2 1 1 5970 6646 6564
11886 2 2 1 1 4287 7109 1663
11887 2 2 1 1 3750 6569 6344
11888 2 2 1 1 4410 6989 4462
11889 2 2 1 1 1508 6212 1599
11890 2 2 1 1 2076 5428 3589
11891 2 2 1 1 5810 6256 932
11892 2 2 1 1 1344 6224 1416
11893 2 2 1 1 1910 6307 1594
11894 2 2 1 1 7020 7053 2354
11895 2 2 1 1 2777 7064 5129
11896 2 2 1 1 3218 6761 2992
11897 2 2 1 1 3622 6973 6950
11898 2 2 1 1 5615 6840 3921
11899 2 2 1 1 3921 6866 5615
11900 2 2 1 1 4059 4207 4206
11901 2 2 1 1 4369 7036 4367
11902 2 2 1 1 4906 6687 6446
11903 2 2 1 1 5072 6799 6590
11904 2 2 1 1 5989 6562 6336
11905 2 2 1 1 5737 5967 1802
11906 2 2 1 1 2522 6347 2781
11907 2 2 1 1 3574 6693 5529
11908 2 2 1 1 3878 6763 6449
11909 2 2 1 1 5962 6744 5065
11910 2 2 1 1 5117 6685 1334
11911 2 2 1 1 5686 5689 5687
11912 2 2 1 1 3007 6747 3005
11913 2 2 1 1 4022 5103 3309
11914 2 2 1 1 3940 6605 3381
11915 2 2 1 1 4201 6688 6068
11916 2 2 1 1 5927 6914 4297
11917 2 2 1 1 4308 7272 7239
11918 2 2 1 1 6987 7001 5748
11919 2 2 1 1 954 6058 918
11920 2 2 1 1 1044 6524 979
11921 2 2 1 1 1268 6446 1267
11922 2 2 1 1 1546 6077 1348
11923 2 2 1 1 1362 6270 1360
11924 2 2 1 1 1411 6447 1877
11925 2 2 1 1 5102 5124 1585
11926 2 2 1 1 2156 5190 5189
11927 2 2 1 1 6335 6388 3260
11928 2 2 1 1 5010 5012 5011
11929 2 2 1 1 6266 6267 5881
11930 2 2 1 1 701 6316 1660
11931 2 2 1 1 813 6080 750
11932 2 2 1 1 788 6550 845
11933 2 2 1 1 1330 6157 1280
11934 2 2 1 1 1476 6378 2414
11935 2 2 1 1 3647 6098 2726
11936 2 2 1 1 5764 6619 2956
11937 2 2 1 1 3289 6866 3921
11938 2 2 1 1 3720 6921 6039
11939 2 2 1 1 4102 6593 4660
11940 2 2 1 1 4276 6523 6085
11941 2 2 1 1 5263 6840 5615
11942 2 2 1 1 2348 6559 5232
11943 2 2 1 1 5219 6720 2359
11944 2 2 1 1 2938 6409 2940
11945 2 2 1 1 5223 6652 5358
11946 2 2 1 1 146 6510 145
11947 2 2 1 1 147 6511 146
11948 2 2 1 1 377 6198 454
11949 2 2 1 1 2973 5068 460
11950 2 2 1 1 897 5296 1060
11951 2 2 1 1 6145 6759 1878
11952 2 2 1 1 1953 6618 5450
11953 2 2 1 1 2745 6513 2008
11954 2 2 1 1 2272 6762 4317
11955 2 2 1 1 6545 6978 2483
11956 2 2 1 1 2714 6118 3877
11957 2 2 1 1 5267 6275 2961
11958 2 2 1 1 3251 6572 3887
11959 2 2 1 1 3426 4151 3824
11960 2 2 1 1 6703 6909 4369
11961 2 2 1 1 5909 6072 884
11962 2 2 1 1 1818 6494 3880
11963 2 2 1 1 1877 6447 1994
11964 2 2 1 1 2269 6052 2267
11965 2 2 1 1 2564 6167 2809
11966 2 2 1 1 3000 6748 6409
11967 2 2 1 1 3677 6777 3248
11968 2 2 1 1 4692 4731 3732
11969 2 2 1 1 3742 6370 6369
11970 2 2 1 1 6115 6116 4831
11971 2 2 1 1 5895 6237 4917
11972 2 2 1 1 6272 6457 5247
11973 2 2 1 1 1238 6478 2744
11974 2 2 1 1 1588 5754 1485
11975 2 2 1 1 1654 6376 2108
11976 2 2 1 1 2204 6448 1767
11977 2 2 1 1 6223 6380 3655
11978 2 2 1 1 6317 6318 727
11979 2 2 1 1 1046 6519 1084
11980 2 2 1 1 1514 6771 2981
11981 2 2 1 1 2550 6449 1933
11982 2 2 1 1 3896 6826 5670
11983 2 2 1 1 5443 6416 6400
11984 2 2 1 1 2597 6464 2626
11985 2 2 1 1 4221 5702 3194
11986 2 2 1 1 3266 6939 6804
11987 2 2 1 1 3281 6561 3722
11988 2 2 1 1 4730 7003 4365
11989 2 2 1 1 4718 4719 4696
11990 2 2 1 1 5415 6775 5384
11991 2 2 1 1 750 6080 738
11992 2 2 1 1 851 6946 1191
11993 2 2 1 1 918 6058 955
11994 2 2 1 1 5034 6786 5032
11995 2 2 1 1 992 5695 3574
11996 2 2 1 1 2297 5481 2282
11997 2 2 1 1 2306 5882 2311
11998 2 2 1 1 2406 7086 6832
11999 2 2 1 1 2879 6840 5831
12000 2 2 1 1 3100 7074 3406
12001 2 2 1 1 3627 6674 6165
12002 2 2 1 1 5957 6404 4206
12003 2 2 1 1 6271 7288 4559
12004 2 2 1 1 3738 6189 1835
12005 2 2 1 1 5733 6620 3570
12006 2 2 1 1 4299 6667 4298
12007 2 2 1 1 1368 6010 1008
12008 2 2 1 1 1146 6197 1141
12009 2 2 1 1 1223 7006 1220
12010 2 2 1 1 1361 6602 1411
12011 2 2 1 1 6316 6556 1660
12012 2 2 1 1 2297 6266 5881
12013 2 2 1 1 2997 6640 2568
12014 2 2 1 1 2721 6814 3102
12015 2 2 1 1 3135 6379 4247
12016 2 2 1 1 5619 6783 3175
12017 2 2 1 1 3186 6439 6027
12018 2 2 1 1 3352 6734 4421
12019 2 2 1 1 5858 6615 3662
12020 2 2 1 1 3903 6794 4972
12021 2 2 1 1 4197 6266 4781
12022 2 2 1 1 6890 7009 5044
12023 2 2 1 1 699 6297 697
12024 2 2 1 1 6528 6546 717
12025 2 2 1 1 1086 6390 1424
12026 2 2 1 1 1486 7105 5418
12027 2 2 1 1 6172 6320 1613
12028 2 2 1 1 6500 6588 1731
12029 2 2 1 1 2054 6385 2052
12030 2 2 1 1 5389 6668 2195
12031 2 2 1 1 2222 6694 3158
12032 2 2 1 1 2334 6371 2331
12033 2 2 1 1 2498 6710 2441
12034 2 2 1 1 2606 6824 5546
12035 2 2 1 1 2731 6702 5479
12036 2 2 1 1 3602 6492 2823
12037 2 2 1 1 3308 6625 3307
12038 2 2 1 1 5897 7187 3605
12039 2 2 1 1 3775 6601 3773
12040 2 2 1 1 5286 6674 6493
12041 2 2 1 1 5970 6564 5478
12042 2 2 1 1 5720 6653 6230
12043 2 2 1 1 5869 6607 6588
12044 2 2 1 1 6061 6419 6252
12045 2 2 1 1 625 6151 533
12046 2 2 1 1 6095 6811 606
12047 2 2 1 1 1161 6760 6738
12048 2 2 1 1 1473 6457 6272
12049 2 2 1 1 2563 6167 2564
12050 2 2 1 1 3818 6925 3340
12051 2 2 1 1 3730 6419 3807
12052 2 2 1 1 6423 6424 3924
12053 2 2 1 1 5940 7323 362
12054 2 2 1 1 1745 6585 459
12055 2 2 1 1 862 5499 839
12056 2 2 1 1 909 6756 906
12057 2 2 1 1 1008 6010 1006
12058 2 2 1 1 1349 6269 5110
12059 2 2 1 1 4213 4214 1383
12060 2 2 1 1 6459 6646 1616
12061 2 2 1 1 2018 6638 2016
12062 2 2 1 1 3054 5952 2523
12063 2 2 1 1 6122 6565 2619
12064 2 2 1 1 4336 5919 3429
12065 2 2 1 1 6567 6698 3854
12066 2 2 1 1 4902 5926 4193
12067 2 2 1 1 6849 6918 4321
12068 2 2 1 1 4355 6565 4356
12069 2 2 1 1 6402 6471 4355
12070 2 2 1 1 4637 6990 6913
12071 2 2 1 1 6266 6290 4781
12072 2 2 1 1 6417 6418 5231
12073 2 2 1 1 5636 6725 6724
12074 2 2 1 1 1288 5413 1286
12075 2 2 1 1 1563 6505 5865
12076 2 2 1 1 3194 5702 1645
12077 2 2 1 1 2093 6215 2060
12078 2 2 1 1 2405 6733 4370
12079 2 2 1 1 2726 6098 2484
12080 2 2 1 1 2892 6924 5612
12081 2 2 1 1 6162 6651 2894
12082 2 2 1 1 2906 6612 6016
12083 2 2 1 1 3570 6735 5983
12084 2 2 1 1 3585 6941 3920
12085 2 2 1 1 6057 6383 3658
12086 2 2 1 1 4328 6699 6671
12087 2 2 1 1 4879 6568 6187
12088 2 2 1 1 6170 6575 5041
12089 2 2 1 1 5055 6670 5056
12090 2 2 1 1 1161 6580 5411
12091 2 2 1 1 2610 6795 1985
12092 2 2 1 1 3158 6879 2115
12093 2 2 1 1 2311 5882 2362
12094 2 2 1 1 3102 6814 4378
12095 2 2 1 1 3206 6348 3768
12096 2 2 1 1 5116 6666 4201
12097 2 2 1 1 5842 6550 781
12098 2 2 1 1 5920 6438 3215
12099 2 2 1 1 4270 6789 4327
12100 2 2 1 1 4730 6969 6744
12101 2 2 1 1 7255 7275 5180
12102 2 2 1 1 6344 6569 5922
12103 2 2 1 1 6576 6781 598
12104 2 2 1 1 850 6468 868
12105 2 2 1 1 3470 6632 3471
12106 2 2 1 1 3509 6501 4749
12107 2 2 1 1 6087 6998 4152
12108 2 2 1 1 5370 6663 6468
12109 2 2 1 1 1039 6367 5095
12110 2 2 1 1 1596 6306 1686
12111 2 2 1 1 7151 7156 1726
12112 2 2 1 1 2128 7055 5664
12113 2 2 1 1 2883 7014 3078
12114 2 2 1 1 3805 6177 5284
12115 2 2 1 1 6756 6849 4353
12116 2 2 1 1 6118 6268 5817
12117 2 2 1 1 772 6235 786
12118 2 2 1 1 794 6030 785
12119 2 2 1 1 2391 6007 2528
12120 2 2 1 1 3021 6586 3990
12121 2 2 1 1 697 6297 5764
12122 2 2 1 1 1604 6555 1629
12123 2 2 1 1 1658 5335 1656
12124 2 2 1 1 1853 6506 6161
12125 2 2 1 1 2500 5046 2360
12126 2 2 1 1 2956 6774 6015
12127 2 2 1 1 3102 3401 3400
12128 2 2 1 1 4278 6499 3725
12129 2 2 1 1 4271 6264 6246
12130 2 2 1 1 4361 7049 5289
12131 2 2 1 1 1484 5418 1586
12132 2 2 1 1 1637 6258 2411
12133 2 2 1 1 3508 5237 1896
12134 2 2 1 1 2489 2784 2783
12135 2 2 1 1 2766 6354 4303
12136 2 2 1 1 3764 6572 3251
12137 2 2 1 1 4762 4925 3326
12138 2 2 1 1 3843 6669 3845
12139 2 2 1 1 4138 6675 4707
12140 2 2 1 1 6373 6958 4216
12141 2 2 1 1 817 6671 1418
12142 2 2 1 1 1653 6540 1655
12143 2 2 1 1 6252 6419 3730
12144 2 2 1 1 4390 7085 5991
12145 2 2 1 1 4401 7354 7107
12146 2 2 1 1 4884 6228 5241
12147 2 2 1 1 5230 6618 6617
12148 2 2 1 1 836 6851 6472
12149 2 2 1 1 1840 6398 3727
12150 2 2 1 1 5586 6699 3823
12151 2 2 1 1 6640 6818 4295
12152 2 2 1 1 5671 7060 4344
12153 2 2 1 1 6139 7185 7177
12154 2 2 1 1 1744 6306 1596
12155 2 2 1 1 1817 6831 1820
12156 2 2 1 1 2242 6386 2777
12157 2 2 1 1 3768 6536 3769
12158 2 2 1 1 6471 6565 4355
12159 2 2 1 1 1026 6737 1225
12160 2 2 1 1 1948 6984 5747
12161 2 2 1 1 6164 6477 1958
12162 2 2 1 1 2525 6862 3265
12163 2 2 1 1 2579 6649 2759
12164 2 2 1 1 3622 6950 3218
12165 2 2 1 1 4464 6415 3422
12166 2 2 1 1 6549 6601 3775
12167 2 2 1 1 6958 7081 3945
12168 2 2 1 1 4346 7035 4347
12169 2 2 1 1 596 6781 1913
12170 2 2 1 1 1389 6442 1486
12171 2 2 1 1 2310 6491 2321
12172 2 2 1 1 3213 6423 3924
12173 2 2 1 1 3703 6890 3494
12174 2 2 1 1 377 5367 5366
12175 2 2 1 1 2527 6711 2526
12176 2 2 1 1 4617 6593 3669
12177 2 2 1 1 3788 6577 4345
12178 2 2 1 1 6051 6786 5224
12179 2 2 1 1 5244 6802 3199
12180 2 2 1 1 3450 6340 4667
12181 2 2 1 1 3741 6556 4281
12182 2 2 1 1 4048 6495 6489
12183 2 2 1 1 4341 6885 6875
12184 2 2 1 1 2081 6772 2601
12185 2 2 1 1 2538 6541 2123
12186 2 2 1 1 3236 6560 5512
12187 2 2 1 1 3257 5326 3713
12188 2 2 1 1 3786 6852 5318
12189 2 2 1 1 4272 6432 5840
12190 2 2 1 1 4398 7300 7123
12191 2 2 1 1 4910 7137 4911
12192 2 2 1 1 790 6319 5674
12193 2 2 1 1 977 6229 1197
12194 2 2 1 1 1103 5592 1207
12195 2 2 1 1 1431 6303 5037
12196 2 2 1 1 6362 6534 1541
12197 2 2 1 1 1958 6381 1954
12198 2 2 1 1 3742 5854 2275
12199 2 2 1 1 2492 6234 2722
12200 2 2 1 1 3724 6521 2897
12201 2 2 1 1 4083 6765 4080
12202 2 2 1 1 4230 6526 5204
12203 2 2 1 1 7007 7050 4967
12204 2 2 1 1 6270 6518 5101
12205 2 2 1 1 5107 7321 5105
12206 2 2 1 1 5687 6653 5688
12207 2 2 1 1 1914 6727 637
12208 2 2 1 1 717 6546 6529
12209 2 2 1 1 2052 6385 4986
12210 2 2 1 1 3063 6741 3359
12211 2 2 1 1 3890 6740 3848
12212 2 2 1 1 7333 7366 4786
12213 2 2 1 1 5546 6824 6776
12214 2 2 1 1 5062 6724 1678
12215 2 2 1 1 1874 6407 6262
12216 2 2 1 1 2946 6007 2389
12217 2 2 1 1 2829 6662 4655
12218 2 2 1 1 7364 7390 3475
12219 2 2 1 1 4272 6674 6432
12220 2 2 1 1 6701 6737 5094
12221 2 2 1 1 1477 6305 1479
12222 2 2 1 1 3005 6747 5927
12223 2 2 1 1 6654 6867 3195
12224 2 2 1 1 3762 6795 3223
12225 2 2 1 1 3864 5326 3257
12226 2 2 1 1 5290 6516 3734
12227 2 2 1 1 4256 6654 4964
12228 2 2 1 1 6416 6417 5231
12229 2 2 1 1 6246 6264 5933
12230 2 2 1 1 3785 6524 1081
12231 2 2 1 1 1629 6647 1736
12232 2 2 1 1 1874 6590 6407
12233 2 2 1 1 2756 6694 2222
12234 2 2 1 1 3983 6994 2413
12235 2 2 1 1 2839 6451 3243
12236 2 2 1 1 5814 6683 5746
12237 2 2 1 1 1577 6226 4808
12238 2 2 1 1 5276 7135 2491
12239 2 2 1 1 3118 6449 2550
12240 2 2 1 1 2605 6824 2606
12241 2 2 1 1 4197 6267 6266
12242 2 2 1 1 6498 6681 4323
12243 2 2 1 1 2323 6940 2287
12244 2 2 1 1 6721 6905 2899
12245 2 2 1 1 3645 6834 6833
12246 2 2 1 1 4311 6842 4312
12247 2 2 1 1 839 5499 827
12248 2 2 1 1 3732 6133 2184
12249 2 2 1 1 6588 6607 3792
12250 2 2 1 1 3982 7161 3984
12251 2 2 1 1 6966 7338 4607
12252 2 2 1 1 5166 6527 4961
12253 2 2 1 1 6257 7098 6992
12254 2 2 1 1 431 6300 151
12255 2 2 1 1 971 6519 1046
12256 2 2 1 1 1278 6547 1163
12257 2 2 1 1 1171 5728 1281
12258 2 2 1 1 1306 6707 1342
12259 2 2 1 1 1769 6805 2204
12260 2 2 1 1 4118 7021 3504
12261 2 2 1 1 4213 6075 4824
12262 2 2 1 1 4277 6522 4276
12263 2 2 1 1 5171 7119 6929
12264 2 2 1 1 1066 6551 1169
12265 2 2 1 1 2075 6557 2080
12266 2 2 1 1 3290 6942 6370
12267 2 2 1 1 2757 6199 4310
12268 2 2 1 1 6384 6535 3789
12269 2 2 1 1 4070 6823 4458
12270 2 2 1 1 5038 5939 4655
12271 2 2 1 1 745 5555 490
12272 2 2 1 1 2202 6755 5722
12273 2 2 1 1 2982 6365 2496
12274 2 2 1 1 3152 6571 2867
12275 2 2 1 1 4637 6913 3372
12276 2 2 1 1 3771 6474 6473
12277 2 2 1 1 3907 6467 5113
12278 2 2 1 1 4324 6620 6426
12279 2 2 1 1 5229 6546 6528
12280 2 2 1 1 6165 6674 5286
12281 2 2 1 1 6731 6735 5900
12282 2 2 1 1 6104 6830 6120
12283 2 2 1 1 2419 6365 6144
12284 2 2 1 1 5040 6575 3711
12285 2 2 1 1 1160 6594 1157
12286 2 2 1 1 2086 5934 2049
12287 2 2 1 1 2717 6578 3361
12288 2 2 1 1 3964 7092 4889
12289 2 2 1 1 449 6009 12
12290 2 2 1 1 1901 6288 1534
12291 2 2 1 1 4082 6563 4108
12292 2 2 1 1 910 6918 909
12293 2 2 1 1 5983 6731 1193
12294 2 2 1 1 1216 6664 1215
12295 2 2 1 1 1768 6296 1770
12296 2 2 1 1 5574 6427 2468
12297 2 2 1 1 6938 7038 2761
12298 2 2 1 1 6561 6923 4233
12299 2 2 1 1 4312 6703 5321
12300 2 2 1 1 4337 6916 6581
12301 2 2 1 1 6837 6845 4893
12302 2 2 1 1 914 6256 913
12303 2 2 1 1 1214 6269 1074
12304 2 2 1 1 1424 6552 1088
12305 2 2 1 1 1236 6553 1337
12306 2 2 1 1 3662 6615 6379
12307 2 2 1 1 3840 6608 3841
12308 2 2 1 1 3858 6732 3857
12309 2 2 1 1 4955 6796 4211
12310 2 2 1 1 158 5367 377
12311 2 2 1 1 1123 6837 1121
12312 2 2 1 1 1125 5855 1127
12313 2 2 1 1 1157 6594 1159
12314 2 2 1 1 1165 6547 6200
12315 2 2 1 1 1219 6664 1216
12316 2 2 1 1 6817 6897 1223
12317 2 2 1 1 1258 6143 1255
12318 2 2 1 1 6446 6687 1267
12319 2 2 1 1 1272 6707 1306
12320 2 2 1 1 2560 6270 1362
12321 2 2 1 1 1385 7051 1471
12322 2 2 1 1 1386 6378 1476
12323 2 2 1 1 5766 6843 1472
12324 2 2 1 1 6420 6820 1631
12325 2 2 1 1 1642 6093 6092
12326 2 2 1 1 1755 6448 2734
12327 2 2 1 1 1939 5587 1786
12328 2 2 1 1 1850 6803 1930
12329 2 2 1 1 2792 6234 2492
12330 2 2 1 1 2534 6359 2712
12331 2 2 1 1 2539 7039 6846
12332 2 2 1 1 5974 6641 2870
12333 2 2 1 1 4165 6309 2998
12334 2 2 1 1 3106 6644 3091
12335 2 2 1 1 3878 6449 3118
12336 2 2 1 1 4283 6284 3177
12337 2 2 1 1 3242 6504 3314
12338 2 2 1 1 3288 6684 6389
12339 2 2 1 1 6504 6574 3314
12340 2 2 1 1 3506 6624 6587
12341 2 2 1 1 5076 6951 3547
12342 2 2 1 1 3596 6874 4769
12343 2 2 1 1 3636 6170 3635
12344 2 2 1 1 3670 7255 5180
12345 2 2 1 1 3770 6474 3771
12346 2 2 1 1 6574 6762 3784
12347 2 2 1 1 4348 6763 3878
12348 2 2 1 1 3921 6840 6801
12349 2 2 1 1 5787 7086 3948
12350 2 2 1 1 4087 6351 4481
12351 2 2 1 1 5354 6715 4110
12352 2 2 1 1 4619 6857 4190
12353 2 2 1 1 4892 6897 4280
12354 2 2 1 1 4304 6141 5236
12355 2 2 1 1 6683 6842 4311
12356 2 2 1 1 6767 6848 4313
12357 2 2 1 1 4320 6514 6462
12358 2 2 1 1 6983 6993 4339
12359 2 2 1 1 4385 7293 7283
12360 2 2 1 1 4871 7082 7051
12361 2 2 1 1 5349 6308 6307
12362 2 2 1 1 5745 6843 6783
12363 2 2 1 1 6333 6335 6334
12364 2 2 1 1 403 7366 7333
12365 2 2 1 1 494 5732 492
12366 2 2 1 1 529 5590 531
12367 2 2 1 1 717 6529 718
12368 2 2 1 1 1068 6222 5373
12369 2 2 1 1 1128 5855 1125
12370 2 2 1 1 6499 6552 1424
12371 2 2 1 1 1426 6626 6608
12372 2 2 1 1 5931 6457 1473
12373 2 2 1 1 6006 6895 1605
12374 2 2 1 1 1616 6646 5970
12375 2 2 1 1 6555 6647 1629
12376 2 2 1 1 1646 6917 5779
12377 2 2 1 1 1762 6879 3155
12378 2 2 1 1 2073 6557 2075
12379 2 2 1 1 6453 6929 2549
12380 2 2 1 1 2628 6467 3285
12381 2 2 1 1 3309 5103 2674
12382 2 2 1 1 2824 6998 6087
12383 2 2 1 1 2920 6778 6159
12384 2 2 1 1 3314 6574 3316
12385 2 2 1 1 3455 6682 3420
12386 2 2 1 1 4161 6501 3509
12387 2 2 1 1 3552 6867 3867
12388 2 2 1 1 3586 6861 5590
12389 2 2 1 1 5061 6331 3680
12390 2 2 1 1 6561 6606 3722
12391 2 2 1 1 5414 6466 3733
12392 2 2 1 1 3831 6801 6782
12393 2 2 1 1 3840 6631 6608
12394 2 2 1 1 3842 6428 4963
12395 2 2 1 1 3882 6782 6731
12396 2 2 1 1 3948 7037 5456
12397 2 2 1 1 4292 6944 6836
12398 2 2 1 1 4350 6901 4351
12399 2 2 1 1 4664 7075 6167
12400 2 2 1 1 7153 7307 4839
12401 2 2 1 1 5032 6786 6051
12402 2 2 1 1 5060 6424 6423
12403 2 2 1 1 5382 6869 6050
12404 2 2 1 1 6774 6907 6015
12405 2 2 1 1 7097 7172 6227
12406 2 2 1 1 1074 6269 1349
12407 2 2 1 1 6229 6498 1197
12408 2 2 1 1 1968 6627 3873
12409 2 2 1 1 3905 6945 3284
12410 2 2 1 1 3291 6828 5470
12411 2 2 1 1 3560 6779 3884
12412 2 2 1 1 3652 7057 6049
12413 2 2 1 1 6780 6841 3809
12414 2 2 1 1 4573 6823 4200
12415 2 2 1 1 5138 7251 7217
12416 2 2 1 1 6418 6618 5231
12417 2 2 1 1 5918 6342 5279
12418 2 2 1 1 682 6584 5975
12419 2 2 1 1 770 5807 755
12420 2 2 1 1 1163 6547 1165
12421 2 2 1 1 1694 6622 2405
12422 2 2 1 1 5422 7019 1744
12423 2 2 1 1 2232 6514 2071
12424 2 2 1 1 2129 6987 5748
12425 2 2 1 1 2180 7115 5683
12426 2 2 1 1 2236 6885 5569
12427 2 2 1 1 3506 6587 3241
12428 2 2 1 1 3576 5579 5507
12429 2 2 1 1 3669 6593 6482
12430 2 2 1 1 6190 6569 3750
12431 2 2 1 1 6698 6743 3854
12432 2 2 1 1 4929 6395 4928
12433 2 2 1 1 5307 6974 5306
12434 2 2 1 1 5576 7292 7190
12435 2 2 1 1 1072 6889 5836
12436 2 2 1 1 1396 6160 1521
12437 2 2 1 1 3155 6771 1514
12438 2 2 1 1 4103 6788 2466
12439 2 2 1 1 2701 6358 2471
12440 2 2 1 1 3885 6866 3279
12441 2 2 1 1 4951 6437 3308
12442 2 2 1 1 6462 6558 3832
12443 2 2 1 1 4293 6611 5311
12444 2 2 1 1 5381 6869 5382
12445 2 2 1 1 5425 6704 6598
12446 2 2 1 1 6066 6860 6698
12447 2 2 1 1 1004 6825 1884
12448 2 2 1 1 2012 6525 2800
12449 2 2 1 1 6705 7060 5671
12450 2 2 1 1 6749 6759 6145
12451 2 2 1 1 744 6987 2129
12452 2 2 1 1 2100 5807 770
12453 2 2 1 1 1882 6060 1689
12454 2 2 1 1 1884 6732 6481
12455 2 2 1 1 1985 6795 5164
12456 2 2 1 1 3702 6399 2246
12457 2 2 1 1 3857 6732 4314
12458 2 2 1 1 4666 6978 6545
12459 2 2 1 1 5568 7062 5567
12460 2 2 1 1 3159 6903 3508
12461 2 2 1 1 4166 6568 6255
12462 2 2 1 1 4270 6799 6789
12463 2 2 1 1 6409 6748 4334
12464 2 2 1 1 4343 6569 6190
12465 2 2 1 1 3561 6697 1035
12466 2 2 1 1 1780 7017 6520
12467 2 2 1 1 3625 5974 2017
12468 2 2 1 1 2020 6542 2023
12469 2 2 1 1 2025 6135 2027
12470 2 2 1 1 2258 6450 2259
12471 2 2 1 1 2308 6648 2307
12472 2 2 1 1 3669 6482 3114
12473 2 2 1 1 6230 6653 3182
12474 2 2 1 1 6571 6739 4248
12475 2 2 1 1 4640 7280 7264
12476 2 2 1 1 5707 6701 5706
12477 2 2 1 1 1025 6968 1027
12478 2 2 1 1 6150 6367 1039
12479 2 2 1 1 1069 6806 5331
12480 2 2 1 1 2099 5413 1288
12481 2 2 1 1 1377 6160 1396
12482 2 2 1 1 2198 6656 3855
12483 2 2 1 1 6994 7023 2412
12484 2 2 1 1 7012 7066 2630
12485 2 2 1 1 3683 6844 3685
12486 2 2 1 1 6480 6521 3724
12487 2 2 1 1 6180 6588 3792
12488 2 2 1 1 5248 6631 3840
12489 2 2 1 1 5230 6617 3866
12490 2 2 1 1 4009 6704 5425
12491 2 2 1 1 6159 6778 6158
12492 2 2 1 1 1708 7071 1894
12493 2 2 1 1 4326 6680 6030
12494 2 2 1 1 6455 6760 1096
12495 2 2 1 1 1333 6382 1423
12496 2 2 1 1 3221 6392 2168
12497 2 2 1 1 3271 6752 4959
12498 2 2 1 1 1543 6806 1069
12499 2 2 1 1 1300 6907 6830
12500 2 2 1 1 1904 6810 1666
12501 2 2 1 1 6379 6615 4247
12502 2 2 1 1 1143 7296 5700
12503 2 2 1 1 1923 6591 1639
12504 2 2 1 1 2017 5974 2019
12505 2 2 1 1 2027 6135 2795
12506 2 2 1 1 3074 6548 2503
12507 2 2 1 1 2507 4985 3067
12508 2 2 1 1 3114 6482 2541
12509 2 2 1 1 4263 6799 4265
12510 2 2 1 1 4281 6556 6316
12511 2 2 1 1 2584 6364 1955
12512 2 2 1 1 3207 6348 3206
12513 2 2 1 1 3952 7101 3953
12514 2 2 1 1 5745 6783 5619
12515 2 2 1 1 1142 6008 1126
12516 2 2 1 1 1564 7027 6622
12517 2 2 1 1 2473 6414 5201
12518 2 2 1 1 2630 6657 6589
12519 2 2 1 1 2992 6761 3259
12520 2 2 1 1 5209 7100 3155
12521 2 2 1 1 3259 6607 5869
12522 2 2 1 1 3293 6962 3767
12523 2 2 1 1 3379 6605 3900
12524 2 2 1 1 4812 6903 4146
12525 2 2 1 1 4249 7043 6805
12526 2 2 1 1 5900 6735 4324
12527 2 2 1 1 456 6301 6287
12528 2 2 1 1 4017 6856 3123
12529 2 2 1 1 4988 6428 3844
12530 2 2 1 1 4889 7126 3964
12531 2 2 1 1 5557 7238 3993
12532 2 2 1 1 1834 5580 3488
12533 2 2 1 1 6832 7012 2406
12534 2 2 1 1 2441 6710 2443
12535 2 2 1 1 3945 6747 3007
12536 2 2 1 1 4751 6632 3470
12537 2 2 1 1 4047 7186 7174
12538 2 2 1 1 5644 6661 5389
12539 2 2 1 1 6444 6770 143
12540 2 2 1 1 1245 5793 1248
12541 2 2 1 1 1767 6448 1755
12542 2 2 1 1 2666 6709 2261
12543 2 2 1 1 2653 6489 3331
12544 2 2 1 1 3050 6532 3861
12545 2 2 1 1 3461 6758 3059
12546 2 2 1 1 3232 7041 5252
12547 2 2 1 1 4223 6599 4222
12548 2 2 1 1 6462 6514 2232
12549 2 2 1 1 3432 6788 4624
12550 2 2 1 1 4365 7032 4364
12551 2 2 1 1 5991 7122 4390
12552 2 2 1 1 496 6966 2463
12553 2 2 1 1 1106 6728 1109
12554 2 2 1 1 1314 6553 1236
12555 2 2 1 1 1251 5859 1249
12556 2 2 1 1 6144 6305 1554
12557 2 2 1 1 1881 6718 6280
12558 2 2 1 1 3300 6877 2554
12559 2 2 1 1 3248 6777 3786
12560 2 2 1 1 3285 6467 3907
12561 2 2 1 1 4084 6822 3400
12562 2 2 1 1 3773 6601 4286
12563 2 2 1 1 3853 6619 6059
12564 2 2 1 1 6814 7095 4378
12565 2 2 1 1 6362 6363 5343
12566 2 2 1 1 1126 6008 1129
12567 2 2 1 1 1161 6738 6580
12568 2 2 1 1 1702 6627 1700
12569 2 2 1 1 2285 6313 2323
12570 2 2 1 1 6205 6610 2752
12571 2 2 1 1 3894 6925 6006
12572 2 2 1 1 4381 7156 7151
12573 2 2 1 1 6021 6333 5027
12574 2 2 1 1 5217 6750 5218
12575 2 2 1 1 6163 6600 6164
12576 2 2 1 1 3211 6746 3209
12577 2 2 1 1 3655 6667 5363
12578 2 2 1 1 4352 7152 5075
12579 2 2 1 1 2491 7135 3930
12580 2 2 1 1 3804 6736 6537
12581 2 2 1 1 3902 6655 1982
12582 2 2 1 1 6789 6799 5072
12583 2 2 1 1 847 6363 1541
12584 2 2 1 1 5036 6553 1314
12585 2 2 1 1 1577 4808 1536
12586 2 2 1 1 2107 6780 5315
12587 2 2 1 1 3123 6856 3122
12588 2 2 1 1 3895 6684 3288
12589 2 2 1 1 3625 6641 5974
12590 2 2 1 1 3723 6691 3721
12591 2 2 1 1 5401 6486 3827
12592 2 2 1 1 1225 6701 5707
12593 2 2 1 1 1271 6636 6446
12594 2 2 1 1 3891 6816 3892
12595 2 2 1 1 4046 6532 5767
12596 2 2 1 1 5915 7000 4097
12597 2 2 1 1 2377 6296 1768
12598 2 2 1 1 3933 6865 6783
12599 2 2 1 1 6604 6847 5448
12600 2 2 1 1 6782 6801 5489
12601 2 2 1 1 906 6756 905
12602 2 2 1 1 1731 6588 6180
12603 2 2 1 1 6655 6695 2778
12604 2 2 1 1 5501 6723 5502
12605 2 2 1 1 998 6229 977
12606 2 2 1 1 2496 6365 2419
12607 2 2 1 1 3387 6595 3970
12608 2 2 1 1 5481 5881 3649
12609 2 2 1 1 6354 6369 4303
12610 2 2 1 1 7077 7160 5572
12611 2 2 1 1 7314 7322 619
12612 2 2 1 1 2921 6745 2608
12613 2 2 1 1 6611 6612 2906
12614 2 2 1 1 3722 6606 4350
12615 2 2 1 1 6738 6760 4330
12616 2 2 1 1 6499 6920 6776
12617 2 2 1 1 186 6512 185
12618 2 2 1 1 821 6659 819
12619 2 2 1 1 5293 6906 2552
12620 2 2 1 1 3877 6838 4439
12621 2 2 1 1 4254 6678 6610
12622 2 2 1 1 6522 6523 4276
12623 2 2 1 1 5159 6819 4299
12624 2 2 1 1 5856 6845 1127
12625 2 2 1 1 1759 6251 1684
12626 2 2 1 1 2993 6804 6712
12627 2 2 1 1 5512 6560 3801
12628 2 2 1 1 3846 6507 4989
12629 2 2 1 1 6494 7146 3880
12630 2 2 1 1 4317 6762 6574
12631 2 2 1 1 1771 6805 1769
12632 2 2 1 1 1810 6690 2936
12633 2 2 1 1 3917 7158 6793
12634 2 2 1 1 1096 6760 1098
12635 2 2 1 1 4961 6431 1502
12636 2 2 1 1 1700 6627 1968
12637 2 2 1 1 5885 6371 2334
12638 2 2 1 1 5019 6898 2535
12639 2 2 1 1 4119 6702 2731
12640 2 2 1 1 3253 6513 2745
12641 2 2 1 1 6103 6745 3577
12642 2 2 1 1 5663 6820 3709
12643 2 2 1 1 7349 7380 4858
12644 2 2 1 1 1838 6525 2012
12645 2 2 1 1 6490 6616 4957
12646 2 2 1 1 7403 7405 5852
12647 2 2 1 1 6668 6669 2195
12648 2 2 1 1 6066 6698 1179
12649 2 2 1 1 3243 6683 5814
12650 2 2 1 1 6518 6878 3591
12651 2 2 1 1 4655 5939 4654
12652 2 2 1 1 1193 6782 5489
12653 2 2 1 1 1472 6843 5862
12654 2 2 1 1 5590 6861 2167
12655 2 2 1 1 4372 7023 6994
12656 2 2 1 1 6787 6819 5159
12657 2 2 1 1 722 6601 6549
12658 2 2 1 1 2389 6007 2391
12659 2 2 1 1 6572 6757 3887
12660 2 2 1 1 3960 7089 5414
12661 2 2 1 1 6804 6939 4332
12662 2 2 1 1 5182 7162 6616
12663 2 2 1 1 6171 6868 5886
12664 2 2 1 1 6692 6808 6807
12665 2 2 1 1 415 7348 5647
12666 2 2 1 1 598 6781 596
12667 2 2 1 1 883 6870 880
12668 2 2 1 1 1114 6679 1117
12669 2 2 1 1 1307 6442 1389
12670 2 2 1 1 2049 5934 2051
12671 2 2 1 1 6019 6558 2232
12672 2 2 1 1 2502 6720 3162
12673 2 2 1 1 6473 6474 2886
12674 2 2 1 1 6619 6774 2956
12675 2 2 1 1 3881 6746 3211
12676 2 2 1 1 3259 6761 6607
12677 2 2 1 1 6432 6674 3627
12678 2 2 1 1 3812 6738 4330
12679 2 2 1 1 6608 6626 3841
12680 2 2 1 1 6807 6808 3862
12681 2 2 1 1 4395 7281 4003
12682 2 2 1 1 4188 7160 4158
12683 2 2 1 1 6369 6370 4303
12684 2 2 1 1 5344 6633 5345
12685 2 2 1 1 4881 5602 3660
12686 2 2 1 1 3675 6412 5091
12687 2 2 1 1 7177 7185 3922
12688 2 2 1 1 7207 7215 4702
12689 2 2 1 1 155 6287 154
12690 2 2 1 1 932 6256 914
12691 2 2 1 1 1105 5592 1103
12692 2 2 1 1 1191 6577 2211
12693 2 2 1 1 1309 7005 1270
12694 2 2 1 1 3854 6743 6122
12695 2 2 1 1 3882 6731 5900
12696 2 2 1 1 4296 6818 5585
12697 2 2 1 1 4354 6888 4353
12698 2 2 1 1 5301 7060 6705
12699 2 2 1 1 6053 7042 587
12700 2 2 1 1 1179 6698 6567
12701 2 2 1 1 5489 6801 2879
12702 2 2 1 1 6773 6778 2920
12703 2 2 1 1 3685 6844 4656
12704 2 2 1 1 3883 6721 3793
12705 2 2 1 1 3831 6782 3882
12706 2 2 1 1 3844 6428 3842
12707 2 2 1 1 5630 7072 3956
12708 2 2 1 1 5896 7138 3966
12709 2 2 1 1 4055 6442 1307
12710 2 2 1 1 2417 6268 2495
12711 2 2 1 1 2495 6118 2714
12712 2 2 1 1 3917 7002 3295
12713 2 2 1 1 4366 7050 6707
12714 2 2 1 1 880 6870 882
12715 2 2 1 1 2251 6621 5879
12716 2 2 1 1 4443 6628 3360
12717 2 2 1 1 4265 6799 4270
12718 2 2 1 1 4325 6566 6507
12719 2 2 1 1 5450 6618 6418
12720 2 2 1 1 6620 6735 3570
12721 2 2 1 1 3787 6748 3917
12722 2 2 1 1 4893 6845 3870
12723 2 2 1 1 6751 7044 4302
12724 2 2 1 1 4315 6663 6515
12725 2 2 1 1 1001 6705 1003
12726 2 2 1 1 1006 6825 1004
12727 2 2 1 1 2275 5854 1115
12728 2 2 1 1 1267 6687 6017
12729 2 2 1 1 6959 7069 1392
12730 2 2 1 1 6671 6699 1418
12731 2 2 1 1 1586 5418 2122
12732 2 2 1 1 5120 6800 1809
12733 2 2 1 1 2336 7173 6282
12734 2 2 1 1 3153 6839 3154
12735 2 2 1 1 5366 6672 4096
12736 2 2 1 1 5647 7368 393
12737 2 2 1 1 526 7093 1365
12738 2 2 1 1 1117 6679 2238
12739 2 2 1 1 6015 6907 1300
12740 2 2 1 1 1300 6830 6104
12741 2 2 1 1 3298 6988 2767
12742 2 2 1 1 6565 6743 4356
12743 2 2 1 1 3921 6801 3831
12744 2 2 1 1 4851 7087 4850
12745 2 2 1 1 3661 6753 4883
12746 2 2 1 1 6507 6566 2100
12747 2 2 1 1 5301 6705 1001
12748 2 2 1 1 1791 6609 1793
12749 2 2 1 1 1798 6637 1803
12750 2 2 1 1 1932 6486 5401
12751 2 2 1 1 6189 6386 2242
12752 2 2 1 1 3093 6644 4423
12753 2 2 1 1 4380 7141 6919
12754 2 2 1 1 4945 7197 5077
12755 2 2 1 1 4977 6912 2569
12756 2 2 1 1 5498 6991 2764
12757 2 2 1 1 7016 7036 3088
12758 2 2 1 1 3860 6749 3973
12759 2 2 1 1 4297 6914 6637
12760 2 2 1 1 6541 7019 5422
12761 2 2 1 1 1666 6810 1522
12762 2 2 1 1 1678 6725 6258
12763 2 2 1 1 2769 6577 3788
12764 2 2 1 1 3899 6660 3739
12765 2 2 1 1 3889 7207 4702
12766 2 2 1 1 6731 6782 1193
12767 2 2 1 1 6038 6678 3691
12768 2 2 1 1 6515 6663 2880
12769 2 2 1 1 5064 6964 6949
12770 2 2 1 1 1022 6533 5692
12771 2 2 1 1 1272 7005 6707
12772 2 2 1 1 1367 6744 5962
12773 2 2 1 1 2870 6641 4905
12774 2 2 1 1 3134 6977 6594
12775 2 2 1 1 3717 6367 6150
12776 2 2 1 1 6629 6651 5246
12777 2 2 1 1 6122 6743 6565
12778 2 2 1 1 5578 5579 1182
12779 2 2 1 1 4013 7170 7125
12780 2 2 1 1 4085 7193 4489
12781 2 2 1 1 606 6811 6346
12782 2 2 1 1 1098 6760 1161
12783 2 2 1 1 3800 6910 1309
12784 2 2 1 1 5363 6819 1368
12785 2 2 1 1 1588 6312 5754
12786 2 2 1 1 2324 6463 2279
12787 2 2 1 1 3326 4925 2658
12788 2 2 1 1 3154 6839 3534
12789 2 2 1 1 4337 6581 6421
12790 2 2 1 1 4958 6863 6491
12791 2 2 1 1 6382 6740 1556
12792 2 2 1 1 5064 6949 6851
12793 2 2 1 1 2571 6573 6212
12794 2 2 1 1 3897 7167 5568
12795 2 2 1 1 3306 7061 3001
12796 2 2 1 1 3820 6759 3860
12797 2 2 1 1 2665 7048 2438
12798 2 2 1 1 6481 6732 3858
12799 2 2 1 1 4080 6765 4079
12800 2 2 1 1 4280 6897 4279
12801 2 2 1 1 4345 6946 6472
12802 2 2 1 1 4655 6662 6357
12803 2 2 1 1 5910 7118 2161
12804 2 2 1 1 5137 6878 4806
12805 2 2 1 1 3863 6517 2794
12806 2 2 1 1 2852 6806 1543
12807 2 2 1 1 6024 6796 1914
12808 2 2 1 1 2984 6824 2605
12809 2 2 1 1 2602 6813 5192
12810 2 2 1 1 2514 6559 2348
12811 2 2 1 1 3333 7188 4060
12812 2 2 1 1 3970 7204 7171
12813 2 2 1 1 6901 6924 4351
12814 2 2 1 1 4971 6996 4970
12815 2 2 1 1 7237 7247 5892
12816 2 2 1 1 6497 6762 5951
12817 2 2 1 1 5284 6736 3804
12818 2 2 1 1 4788 6665 4790
12819 2 2 1 1 7035 7102 4347
12820 2 2 1 1 1809 6800 1807
12821 2 2 1 1 2230 7056 4913
12822 2 2 1 1 2673 6788 3432
12823 2 2 1 1 7205 7213 5893
12824 2 2 1 1 1142 5412 4987
12825 2 2 1 1 2307 6648 3225
12826 2 2 1 1 5981 7080 4150
12827 2 2 1 1 5218 6750 4758
12828 2 2 1 1 1932 6803 1850
12829 2 2 1 1 6489 6495 3331
12830 2 2 1 1 3286 6827 3746
12831 2 2 1 1 6865 6867 4256
12832 2 2 1 1 1120 6456 2276
12833 2 2 1 1 2021 6638 2018
12834 2 2 1 1 5816 6978 3611
12835 2 2 1 1 1255 6143 1254
12836 2 2 1 1 2655 6586 2654
12837 2 2 1 1 2687 6260 2689
12838 2 2 1 1 6945 6993 5097
12839 2 2 1 1 5384 6869 5381
12840 2 2 1 1 478 5953 476
12841 2 2 1 1 6452 7314 619
12842 2 2 1 1 7165 7176 765
12843 2 2 1 1 1053 6279 1162
12844 2 2 1 1 1186 5397 1158
12845 2 2 1 1 1342 7007 1343
12846 2 2 1 1 1392 7069 6221
12847 2 2 1 1 1643 6303 1505
12848 2 2 1 1 1544 6859 6101
12849 2 2 1 1 1631 6497 5951
12850 2 2 1 1 4291 6304 1761
12851 2 2 1 1 1847 6933 1848
12852 2 2 1 1 6597 7008 1847
12853 2 2 1 1 2243 6854 2244
12854 2 2 1 1 2569 6753 6179
12855 2 2 1 1 2770 7046 3304
12856 2 2 1 1 2846 6882 3012
12857 2 2 1 1 3504 6640 2997
12858 2 2 1 1 3534 6839 4981
12859 2 2 1 1 3827 6486 3825
12860 2 2 1 1 4358 6855 3829
12861 2 2 1 1 3910 7103 3912
12862 2 2 1 1 3985 6965 3983
12863 2 2 1 1 5274 6858 4165
12864 2 2 1 1 6199 6677 4310
12865 2 2 1 1 6622 7027 4360
12866 2 2 1 1 4767 6703 4369
12867 2 2 1 1 4902 6454 5926
12868 2 2 1 1 5122 6777 6614
12869 2 2 1 1 6704 6802 5244
12870 2 2 1 1 5260 7019 6541
12871 2 2 1 1 5324 6958 6373
12872 2 2 1 1 5682 6960 5629
12873 2 2 1 1 5818 6974 6932
12874 2 2 1 1 490 5555 488
12875 2 2 1 1 975 7327 5753
12876 2 2 1 1 1254 5859 1251
12877 2 2 1 1 1570 7027 1562
12878 2 2 1 1 1870 6880 5773
12879 2 2 1 1 6623 6718 1881
12880 2 2 1 1 2172 7219 7054
12881 2 2 1 1 6583 6864 2560
12882 2 2 1 1 2887 6693 5695
12883 2 2 1 1 2894 6651 6629
12884 2 2 1 1 5999 6797 2904
12885 2 2 1 1 3577 6745 2921
12886 2 2 1 1 2960 6681 6293
12887 2 2 1 1 3028 7237 5892
12888 2 2 1 1 3175 6865 4256
12889 2 2 1 1 3916 6941 3262
12890 2 2 1 1 3307 6625 4020
12891 2 2 1 1 6499 6776 3725
12892 2 2 1 1 5654 6985 3822
12893 2 2 1 1 3866 6773 3865
12894 2 2 1 1 3867 6865 3933
12895 2 2 1 1 5906 6904 3883
12896 2 2 1 1 6830 6907 3918
12897 2 2 1 1 3968 6832 5787
12898 2 2 1 1 3986 7117 4379
12899 2 2 1 1 4987 5412 4240
12900 2 2 1 1 6836 6922 4292
12901 2 2 1 1 4293 6612 6611
12902 2 2 1 1 4324 6735 6620
12903 2 2 1 1 6962 7037 4370
12904 2 2 1 1 6518 6864 4806
12905 2 2 1 1 6696 7153 4840
12906 2 2 1 1 5902 6894 5048
12907 2 2 1 1 5416 6775 5415
12908 2 2 1 1 5866 6905 5701
12909 2 2 1 1 6718 6922 6280
12910 2 2 1 1 5443 6400 896
12911 2 2 1 1 5097 6993 1988
12912 2 2 1 1 4318 6719 3836
12913 2 2 1 1 3873 7085 4390
12914 2 2 1 1 3980 7169 6630
12915 2 2 1 1 6666 6688 4201
12916 2 2 1 1 6399 6726 5632
12917 2 2 1 1 5717 6987 693
12918 2 2 1 1 2957 6279 1053
12919 2 2 1 1 2908 6188 1275
12920 2 2 1 1 1423 6382 1556
12921 2 2 1 1 6812 6948 1556
12922 2 2 1 1 2100 6566 5807
12923 2 2 1 1 6592 6871 2908
12924 2 2 1 1 3731 6992 3651
12925 2 2 1 1 3738 6386 6189
12926 2 2 1 1 3845 6669 6668
12927 2 2 1 1 6656 6827 3855
12928 2 2 1 1 3948 7086 7037
12929 2 2 1 1 5108 6871 5106
12930 2 2 1 1 6472 6946 837
12931 2 2 1 1 1522 6345 1412
12932 2 2 1 1 1525 6372 1524
12933 2 2 1 1 1574 6431 1844
12934 2 2 1 1 2203 6766 1763
12935 2 2 1 1 4343 6875 6584
12936 2 2 1 1 5201 7378 7350
12937 2 2 1 1 1368 6819 6787
12938 2 2 1 1 1958 6476 6381
12939 2 2 1 1 4242 6780 2107
12940 2 2 1 1 5781 6836 2205
12941 2 2 1 1 2271 7110 7062
12942 2 2 1 1 2880 6663 5370
12943 2 2 1 1 5878 6614 3677
12944 2 2 1 1 6536 6642 3769
12945 2 2 1 1 4078 6898 3875
12946 2 2 1 1 1414 6478 1338
12947 2 2 1 1 3880 6793 2934
12948 2 2 1 1 4298 6667 6380
12949 2 2 1 1 1803 7081 5324
12950 2 2 1 1 5835 6931 2117
12951 2 2 1 1 6763 6881 2241
12952 2 2 1 1 6614 6777 3677
12953 2 2 1 1 1209 7341 7286
12954 2 2 1 1 3867 6867 6865
12955 2 2 1 1 3892 6816 6815
12956 2 2 1 1 4911 6742 1457
12957 2 2 1 1 4923 6938 4284
12958 2 2 1 1 4979 6912 4977
12959 2 2 1 1 106 7107 391
12960 2 2 1 1 6875 6885 2236
12961 2 2 1 1 4885 7011 4226
12962 2 2 1 1 7011 7067 4227
12963 2 2 1 1 4943 5528 4941
12964 2 2 1 1 2760 7038 3260
12965 2 2 1 1 4318 6772 6719
12966 2 2 1 1 4804 6864 6583
12967 2 2 1 1 905 6888 5923
12968 2 2 1 1 2010 6541 5422
12969 2 2 1 1 3785 7080 5981
12970 2 2 1 1 4009 6802 6704
12971 2 2 1 1 1368 6787 6010
12972 2 2 1 1 1822 7063 6494
12973 2 2 1 1 3419 6682 5069
12974 2 2 1 1 5403 6963 3514
12975 2 2 1 1 4752 6754 4119
12976 2 2 1 1 4960 7130 4287
12977 2 2 1 1 1158 5397 5396
12978 2 2 1 1 2470 6358 2814
12979 2 2 1 1 4297 6609 2924
12980 2 2 1 1 3218 6950 6761
12981 2 2 1 1 3545 7092 3964
12982 2 2 1 1 3091 6644 3093
12983 2 2 1 1 6380 6667 3655
12984 2 2 1 1 109 7123 335
12985 2 2 1 1 1418 6643 5570
12986 2 2 1 1 3254 6658 4141
12987 2 2 1 1 3420 6682 3419
12988 2 2 1 1 3705 6573 5720
12989 2 2 1 1 3866 6778 6773
12990 2 2 1 1 6807 6997 6302
12991 2 2 1 1 1109 6852 5122
12992 2 2 1 1 1541 6363 6362
12993 2 2 1 1 2327 6863 2367
12994 2 2 1 1 2689 6260 2825
12995 2 2 1 1 3235 7022 4128
12996 2 2 1 1 6309 6858 4189
12997 2 2 1 1 5226 6811 6095
12998 2 2 1 1 5690 6769 5436
12999 2 2 1 1 5546 6776 5544
13000 2 2 1 1 5136 6826 3896
13001 2 2 1 1 7056 7084 4913
13002 2 2 1 1 7103 7111 1365
13003 2 2 1 1 3009 7035 6119
13004 2 2 1 1 3814 6849 4321
13005 2 2 1 1 1275 6188 1198
13006 2 2 1 1 1622 7140 5400
13007 2 2 1 1 3576 5278 1465
13008 2 2 1 1 1744 6999 6306
13009 2 2 1 1 2359 6720 2361
13010 2 2 1 1 2407 6789 5072
13011 2 2 1 1 2552 6906 5322
13012 2 2 1 1 3147 6578 2717
13013 2 2 1 1 2848 6882 2846
13014 2 2 1 1 4366 6910 3895
13015 2 2 1 1 5236 6591 1923
13016 2 2 1 1 2244 6854 2539
13017 2 2 1 1 5319 6794 2909
13018 2 2 1 1 408 7305 5493
13019 2 2 1 1 6790 6791 4887
13020 2 2 1 1 3059 6758 3399
13021 2 2 1 1 3399 6758 4414
13022 2 2 1 1 3918 6907 3838
13023 2 2 1 1 2762 6816 5815
13024 2 2 1 1 4332 6939 5019
13025 2 2 1 1 5349 6881 5350
13026 2 2 1 1 4962 6976 3881
13027 2 2 1 1 6733 6962 4370
13028 2 2 1 1 2297 5881 5481
13029 2 2 1 1 2354 7053 2352
13030 2 2 1 1 3931 6695 3902
13031 2 2 1 1 6999 7019 4728
13032 2 2 1 1 5034 6829 6694
13033 2 2 1 1 2023 6542 2486
13034 2 2 1 1 2223 5953 478
13035 2 2 1 1 3784 6762 6497
13036 2 2 1 1 4152 6984 3949
13037 2 2 1 1 6356 6527 5166
13038 2 2 1 1 4294 6834 5272
13039 2 2 1 1 4717 6831 6203
13040 2 2 1 1 6616 7162 6900
13041 2 2 1 1 2654 6586 3021
13042 2 2 1 1 800 6368 4326
13043 2 2 1 1 5695 6693 3574
13044 2 2 1 1 3691 6809 5465
13045 2 2 1 1 4435 6140 5118
13046 2 2 1 1 5356 6722 5357
13047 2 2 1 1 5833 6889 1072
13048 2 2 1 1 3638 6755 5956
13049 2 2 1 1 6212 6573 3705
13050 2 2 1 1 6684 6910 3800
13051 2 2 1 1 6661 6668 5389
13052 2 2 1 1 4338 6916 4337
13053 2 2 1 1 6665 7083 4468
13054 2 2 1 1 2318 6877 5497
13055 2 2 1 1 2390 6517 2388
13056 2 2 1 1 3152 6739 6571
13057 2 2 1 1 3226 7257 3498
13058 2 2 1 1 4970 6996 3306
13059 2 2 1 1 2924 6609 1791
13060 2 2 1 1 2367 6862 2525
13061 2 2 1 1 3016 7116 3960
13062 2 2 1 1 6035 7059 3200
13063 2 2 1 1 3252 6658 3254
13064 2 2 1 1 4119 6754 6702
13065 2 2 1 1 5556 7148 7147
13066 2 2 1 1 5401 6803 1932
13067 2 2 1 1 5916 6883 2395
13068 2 2 1 1 4051 7334 4030
13069 2 2 1 1 4379 7117 7114
13070 2 2 1 1 6950 6973 5287
13071 2 2 1 1 913 6918 910
13072 2 2 1 1 1020 7110 1023
13073 2 2 1 1 1537 5631 1384
13074 2 2 1 1 2172 7054 5292
13075 2 2 1 1 3838 6907 6774
13076 2 2 1 1 3853 6774 6619
13077 2 2 1 1 3656 7093 528
13078 2 2 1 1 543 6919 541
13079 2 2 1 1 1524 6372 1627
13080 2 2 1 1 5615 6917 1646
13081 2 2 1 1 2211 6577 2769
13082 2 2 1 1 5893 7213 3992
13083 2 2 1 1 4184 7062 4658
13084 2 2 1 1 5064 6851 836
13085 2 2 1 1 2909 6138 4213
13086 2 2 1 1 6642 6643 3769
13087 2 2 1 1 6707 7005 4366
13088 2 2 1 1 1735 7059 6206
13089 2 2 1 1 2212 6915 5649
13090 2 2 1 1 6692 6807 2270
13091 2 2 1 1 6658 7078 4141
13092 2 2 1 1 6887 6986 3898
13093 2 2 1 1 5472 7309 408
13094 2 2 1 1 1761 6304 1451
13095 2 2 1 1 3032 7130 4960
13096 2 2 1 1 3547 6951 6602
13097 2 2 1 1 6857 6874 3596
13098 2 2 1 1 3838 6774 3853
13099 2 2 1 1 3860 6759 6749
13100 2 2 1 1 1284 7120 1353
13101 2 2 1 1 2495 6268 6118
13102 2 2 1 1 4323 6726 3702
13103 2 2 1 1 4362 7025 4361
13104 2 2 1 1 5908 6368 800
13105 2 2 1 1 2115 6879 1762
13106 2 2 1 1 2232 6558 6462
13107 2 2 1 1 1502 6431 1574
13108 2 2 1 1 6068 6812 3890
13109 2 2 1 1 6469 6470 5110
13110 2 2 1 1 1219 7006 6835
13111 2 2 1 1 1412 6345 1414
13112 2 2 1 1 2539 6846 2482
13113 2 2 1 1 6304 6891 2851
13114 2 2 1 1 3872 6834 3645
13115 2 2 1 1 4913 7084 3872
13116 2 2 1 1 6119 7035 4346
13117 2 2 1 1 1594 6308 1493
13118 2 2 1 1 3901 6887 3294
13119 2 2 1 1 6477 6600 4775
13120 2 2 1 1 3681 6928 3909
13121 2 2 1 1 5879 6937 4319
13122 2 2 1 1 4602 6823 4573
13123 2 2 1 1 3012 6544 2844
13124 2 2 1 1 5767 6532 3050
13125 2 2 1 1 5713 7126 4889
13126 2 2 1 1 1457 6742 5390
13127 2 2 1 1 6346 6973 3622
13128 2 2 1 1 4231 6479 5223
13129 2 2 1 1 1870 6904 6880
13130 2 2 1 1 3286 6945 6827
13131 2 2 1 1 3498 7095 5182
13132 2 2 1 1 7047 7064 4289
13133 2 2 1 1 1437 6201 1439
13134 2 2 1 1 6306 6961 2370
13135 2 2 1 1 3237 6645 6103
13136 2 2 1 1 3265 6814 2721
13137 2 2 1 1 6694 6829 3158
13138 2 2 1 1 5469 6872 2407
13139 2 2 1 1 6381 6579 2584
13140 2 2 1 1 6686 6779 3560
13141 2 2 1 1 4359 7256 6982
13142 2 2 1 1 5332 6924 6901
13143 2 2 1 1 909 6849 6756
13144 2 2 1 1 1505 6303 1431
13145 2 2 1 1 5818 6932 3918
13146 2 2 1 1 3967 7090 3969
13147 2 2 1 1 4333 6804 4332
13148 2 2 1 1 6909 7036 4369
13149 2 2 1 1 2361 6720 2502
13150 2 2 1 1 3962 7045 4381
13151 2 2 1 1 6958 6972 4216
13152 2 2 1 1 5867 6934 2372
13153 2 2 1 1 6280 6922 3610
13154 2 2 1 1 3822 6985 6828
13155 2 2 1 1 3934 6943 3906
13156 2 2 1 1 5048 6894 3916
13157 2 2 1 1 1465 5278 1533
13158 2 2 1 1 1503 7056 2230
13159 2 2 1 1 4360 7027 6981
13160 2 2 1 1 6622 6733 2405
13161 2 2 1 1 6167 7075 2809
13162 2 2 1 1 3508 6903 6366
13163 2 2 1 1 837 6946 851
13164 2 2 1 1 4223 7250 6599
13165 2 2 1 1 5375 6964 2999
13166 2 2 1 1 3040 6422 3639
13167 2 2 1 1 3709 6820 6420
13168 2 2 1 1 5488 7079 560
13169 2 2 1 1 907 7139 7114
13170 2 2 1 1 4121 6784 3700
13171 2 2 1 1 1914 6796 6727
13172 2 2 1 1 1518 7140 1622
13173 2 2 1 1 3875 6939 3266
13174 2 2 1 1 7128 7197 4019
13175 2 2 1 1 5880 6940 4855
13176 2 2 1 1 418 6287 155
13177 2 2 1 1 1504 6201 1437
13178 2 2 1 1 3953 7079 7026
13179 2 2 1 1 1005 6955 1007
13180 2 2 1 1 3947 6890 5044
13181 2 2 1 1 5138 7217 3990
13182 2 2 1 1 4376 7066 7012
13183 2 2 1 1 6621 6937 5879
13184 2 2 1 1 6202 6986 6981
13185 2 2 1 1 5099 7018 4639
13186 2 2 1 1 5188 6977 4757
13187 2 2 1 1 408 7309 7305
13188 2 2 1 1 464 6353 462
13189 2 2 1 1 474 7223 472
13190 2 2 1 1 1244 5793 1245
13191 2 2 1 1 1384 5631 1346
13192 2 2 1 1 5332 6901 1544
13193 2 2 1 1 6202 6981 1570
13194 2 2 1 1 1641 6092 1851
13195 2 2 1 1 1909 7082 4870
13196 2 2 1 1 2152 7070 2274
13197 2 2 1 1 5398 6839 3153
13198 2 2 1 1 6309 6857 3596
13199 2 2 1 1 5322 6906 3598
13200 2 2 1 1 4967 7050 3908
13201 2 2 1 1 4061 6140 4435
13202 2 2 1 1 6106 6841 4242
13203 2 2 1 1 5171 6929 4244
13204 2 2 1 1 6677 6767 4310
13205 2 2 1 1 4809 6947 6505
13206 2 2 1 1 6959 7007 4967
13207 2 2 1 1 5213 6951 5214
13208 2 2 1 1 5831 6840 5263
13209 2 2 1 1 6307 6881 5349
13210 2 2 1 1 518 7154 516
13211 2 2 1 1 524 7111 522
13212 2 2 1 1 5165 7142 767
13213 2 2 1 1 5701 6904 1870
13214 2 2 1 1 1962 7012 2630
13215 2 2 1 1 6934 6971 2372
13216 2 2 1 1 3079 6751 2779
13217 2 2 1 1 3279 6866 3289
13218 2 2 1 1 3767 6962 6733
13219 2 2 1 1 5741 6923 3772
13220 2 2 1 1 5414 7091 3960
13221 2 2 1 1 4256 6867 6654
13222 2 2 1 1 4331 7111 7103
13223 2 2 1 1 5423 6983 4339
13224 2 2 1 1 6606 6859 4350
13225 2 2 1 1 7262 7298 4387
13226 2 2 1 1 4394 7340 7298
13227 2 2 1 1 4607 7338 7322
13228 2 2 1 1 4806 6878 6518
13229 2 2 1 1 5057 6937 6621
13230 2 2 1 1 5612 6924 5332
13231 2 2 1 1 5511 7154 7131
13232 2 2 1 1 5473 7139 907
13233 2 2 1 1 6724 6725 1678
13234 2 2 1 1 2187 6927 5685
13235 2 2 1 1 5815 6979 2602
13236 2 2 1 1 3325 7265 3034
13237 2 2 1 1 4220 6895 3818
13238 2 2 1 1 4252 7214 3997
13239 2 2 1 1 7122 7168 4390
13240 2 2 1 1 5696 6645 6224
13241 2 2 1 1 5988 7122 5991
13242 2 2 1 1 1392 6221 1347
13243 2 2 1 1 2188 6908 5936
13244 2 2 1 1 2413 6994 2412
13245 2 2 1 1 2844 6544 2548
13246 2 2 1 1 2730 6975 3478
13247 2 2 1 1 5865 6947 2892
13248 2 2 1 1 6808 6935 3274
13249 2 2 1 1 3784 6730 3318
13250 2 2 1 1 3890 6812 6740
13251 2 2 1 1 6913 6990 4168
13252 2 2 1 1 4213 6138 6075
13253 2 2 1 1 4226 7011 4227
13254 2 2 1 1 6853 6888 4354
13255 2 2 1 1 5255 7078 6658
13256 2 2 1 1 5862 6843 5745
13257 2 2 1 1 1338 6478 1238
13258 2 2 1 1 5975 6875 2236
13259 2 2 1 1 6925 6926 3340
13260 2 2 1 1 3902 6695 6655
13261 2 2 1 1 6727 6796 4955
13262 2 2 1 1 4342 6885 4341
13263 2 2 1 1 7015 7077 6194
13264 2 2 1 1 1554 6305 1477
13265 2 2 1 1 4079 6765 4476
13266 2 2 1 1 7107 7392 4401
13267 2 2 1 1 6031 6930 4558
13268 2 2 1 1 4334 6952 6409
13269 2 2 1 1 6451 6842 3243
13270 2 2 1 1 3960 7091 3692
13271 2 2 1 1 6981 6986 3901
13272 2 2 1 1 7123 7379 4398
13273 2 2 1 1 5052 6884 5902
13274 2 2 1 1 793 7025 5577
13275 2 2 1 1 5577 7034 2128
13276 2 2 1 1 6392 6911 2252
13277 2 2 1 1 3746 6827 6656
13278 2 2 1 1 6815 6935 3892
13279 2 2 1 1 3444 6578 3147
13280 2 2 1 1 3516 7040 5021
13281 2 2 1 1 1807 6800 1810
13282 2 2 1 1 3548 7037 6962
13283 2 2 1 1 6333 6334 5027
13284 2 2 1 1 6186 7032 7003
13285 2 2 1 1 5923 6853 2237
13286 2 2 1 1 6793 7002 3917
13287 2 2 1 1 6995 6996 4971
13288 2 2 1 1 5037 6848 6767
13289 2 2 1 1 1624 7163 1350
13290 2 2 1 1 2252 6833 5587
13291 2 2 1 1 3284 6945 3286
13292 2 2 1 1 470 7230 1444
13293 2 2 1 1 4623 7175 3336
13294 2 2 1 1 4151 7108 3824
13295 2 2 1 1 4244 6929 4243
13296 2 2 1 1 6314 7172 7097
13297 2 2 1 1 6740 6812 1556
13298 2 2 1 1 1748 7078 5255
13299 2 2 1 1 2372 6971 5774
13300 2 2 1 1 4240 6412 3675
13301 2 2 1 1 4806 6864 4804
13302 2 2 1 1 2237 6860 6066
13303 2 2 1 1 3624 6700 2652
13304 2 2 1 1 3155 7100 6771
13305 2 2 1 1 3504 6818 6640
13306 2 2 1 1 5471 7208 4054
13307 2 2 1 1 4326 6752 6680
13308 2 2 1 1 2569 6912 6753
13309 2 2 1 1 6505 6947 5865
13310 2 2 1 1 7206 7220 1773
13311 2 2 1 1 4392 7241 3987
13312 2 2 1 1 4254 6809 6678
13313 2 2 1 1 6301 6892 369
13314 2 2 1 1 5888 6847 3125
13315 2 2 1 1 5203 6479 4231
13316 2 2 1 1 6006 6925 6895
13317 2 2 1 1 2558 6700 5574
13318 2 2 1 1 4216 7014 2883
13319 2 2 1 1 4407 6545 3863
13320 2 2 1 1 4242 6841 6780
13321 2 2 1 1 4821 7277 7273
13322 2 2 1 1 5746 6343 1494
13323 2 2 1 1 1556 6948 1555
13324 2 2 1 1 2443 6710 5253
13325 2 2 1 1 2497 6581 2713
13326 2 2 1 1 6900 7162 3265
13327 2 2 1 1 5183 7136 3940
13328 2 2 1 1 4870 7082 4871
13329 2 2 1 1 5570 6643 6642
13330 2 2 1 1 462 6353 2973
13331 2 2 1 1 1219 6835 6664
13332 2 2 1 1 2123 6541 2010
13333 2 2 1 1 4025 6422 3040
13334 2 2 1 1 5414 7089 6466
13335 2 2 1 1 4195 7174 3342
13336 2 2 1 1 6025 7080 3785
13337 2 2 1 1 7061 7067 3003
13338 2 2 1 1 6680 6752 3271
13339 2 2 1 1 6572 7157 6757
13340 2 2 1 1 3981 7129 3982
13341 2 2 1 1 6193 7077 5572
13342 2 2 1 1 1705 6983 5423
13343 2 2 1 1 5684 7090 2180
13344 2 2 1 1 5681 7106 2426
13345 2 2 1 1 2794 6517 2390
13346 2 2 1 1 2276 6456 2840
13347 2 2 1 1 2277 6463 3742
13348 2 2 1 1 3417 7016 3088
13349 2 2 1 1 6351 7268 4096
13350 2 2 1 1 1555 6948 1748
13351 2 2 1 1 4852 7128 3929
13352 2 2 1 1 6886 6989 4410
13353 2 2 1 1 1780 6520 1781
13354 2 2 1 1 4933 7283 2459
13355 2 2 1 1 3494 6890 3496
13356 2 2 1 1 4388 7210 4387
13357 2 2 1 1 1027 6968 1034
13358 2 2 1 1 1242 6817 1224
13359 2 2 1 1 2535 6711 2527
13360 2 2 1 1 3346 6100 3657
13361 2 2 1 1 4340 6950 5287
13362 2 2 1 1 6602 6951 5213
13363 2 2 1 1 4855 7009 3703
13364 2 2 1 1 3893 6926 3894
13365 2 2 1 1 4090 7044 6751
13366 2 2 1 1 5497 7097 6227
13367 2 2 1 1 3369 6916 4440
13368 2 2 1 1 6789 6872 4327
13369 2 2 1 1 5316 6976 883
13370 2 2 1 1 907 7114 908
13371 2 2 1 1 1642 6092 1641
13372 2 2 1 1 6853 6860 2237
13373 2 2 1 1 3243 6842 6683
13374 2 2 1 1 4947 7227 3250
13375 2 2 1 1 4367 7016 4368
13376 2 2 1 1 6885 7001 5569
13377 2 2 1 1 2412 7023 6089
13378 2 2 1 1 7070 7235 5177
13379 2 2 1 1 1343 7007 1392
13380 2 2 1 1 4984 7073 3067
13381 2 2 1 1 6712 6815 2762
13382 2 2 1 1 3014 7184 2911
13383 2 2 1 1 3125 6847 6604
13384 2 2 1 1 3548 6962 3293
13385 2 2 1 1 6744 7003 4730
13386 2 2 1 1 6716 6717 5074
13387 2 2 1 1 2370 7096 4912
13388 2 2 1 1 5375 6952 6949
13389 2 2 1 1 793 7049 7025
13390 2 2 1 1 3400 6822 4075
13391 2 2 1 1 7032 7055 4364
13392 2 2 1 1 3864 6579 5326
13393 2 2 1 1 3876 6942 4851
13394 2 2 1 1 4284 6938 4283
13395 2 2 1 1 4628 7224 4981
13396 2 2 1 1 2860 7325 7196
13397 2 2 1 1 6779 6797 3884
13398 2 2 1 1 4302 7044 4486
13399 2 2 1 1 4619 6874 6857
13400 2 2 1 1 4850 7087 4852
13401 2 2 1 1 5774 6967 1948
13402 2 2 1 1 3936 6957 3934
13403 2 2 1 1 4243 6929 6453
13404 2 2 1 1 4474 6989 4078
13405 2 2 1 1 5587 6833 4294
13406 2 2 1 1 4359 6982 4358
13407 2 2 1 1 6451 6909 6842
13408 2 2 1 1 693 6987 744
13409 2 2 1 1 6421 6581 2497
13410 2 2 1 1 5491 6911 6392
13411 2 2 1 1 4002 7141 3852
13412 2 2 1 1 5440 7222 4002
13413 2 2 1 1 2796 6821 3347
13414 2 2 1 1 6224 6645 3237
13415 2 2 1 1 4316 6972 3296
13416 2 2 1 1 3953 7026 5698
13417 2 2 1 1 765 7176 545
13418 2 2 1 1 2398 6955 1005
13419 2 2 1 1 2357 6582 2358
13420 2 2 1 1 3262 6941 3585
13421 2 2 1 1 4725 7043 4250
13422 2 2 1 1 5207 7099 5209
13423 2 2 1 1 104 7189 103
13424 2 2 1 1 2767 6988 2210
13425 2 2 1 1 2489 6846 2785
13426 2 2 1 1 3702 6726 6399
13427 2 2 1 1 3939 7170 4029
13428 2 2 1 1 4090 6751 3079
13429 2 2 1 1 6859 6901 4350
13430 2 2 1 1 6284 6980 4898
13431 2 2 1 1 6828 6985 5470
13432 2 2 1 1 2162 6970 5825
13433 2 2 1 1 2376 7112 5997
13434 2 2 1 1 2432 7127 7087
13435 2 2 1 1 3496 6890 3947
13436 2 2 1 1 2432 7020 2356
13437 2 2 1 1 7131 7154 767
13438 2 2 1 1 6678 6809 3691
13439 2 2 1 1 6216 7122 5446
13440 2 2 1 1 883 6976 6870
13441 2 2 1 1 2471 6358 2470
13442 2 2 1 1 5037 6767 3258
13443 2 2 1 1 3892 6692 3282
13444 2 2 1 1 7030 7031 4088
13445 2 2 1 1 4162 6768 4709
13446 2 2 1 1 340 7143 138
13447 2 2 1 1 4165 6858 6309
13448 2 2 1 1 4329 6597 6539
13449 2 2 1 1 6584 6875 5975
13450 2 2 1 1 6744 6969 5065
13451 2 2 1 1 5812 7132 7121
13452 2 2 1 1 445 7277 4821
13453 2 2 1 1 4042 7372 4818
13454 2 2 1 1 6637 6914 1803
13455 2 2 1 1 6747 6914 5927
13456 2 2 1 1 4227 7067 4721
13457 2 2 1 1 4259 7192 2916
13458 2 2 1 1 2241 6881 6307
13459 2 2 1 1 2845 7040 2847
13460 2 2 1 1 4374 7169 3169
13461 2 2 1 1 3667 7255 3670
13462 2 2 1 1 7273 7278 4012
13463 2 2 1 1 4991 7029 4741
13464 2 2 1 1 366 7355 4699
13465 2 2 1 1 3306 7137 7061
13466 2 2 1 1 5774 6971 6967
13467 2 2 1 1 5318 6852 6728
13468 2 2 1 1 340 7272 7143
13469 2 2 1 1 6851 6949 4335
13470 2 2 1 1 5140 6953 5141
13471 2 2 1 1 6409 6952 2940
13472 2 2 1 1 4569 6954 4117
13473 2 2 1 1 137 7143 430
13474 2 2 1 1 6728 6852 1109
13475 2 2 1 1 1270 7005 1272
13476 2 2 1 1 1347 6221 1385
13477 2 2 1 1 1494 6343 1491
13478 2 2 1 1 2193 6531 1925
13479 2 2 1 1 2482 6846 2489
13480 2 2 1 1 2847 7040 3516
13481 2 2 1 1 2851 6891 5076
13482 2 2 1 1 3274 6935 4333
13483 2 2 1 1 3851 6835 6067
13484 2 2 1 1 3959 6959 3886
13485 2 2 1 1 3895 6910 6684
13486 2 2 1 1 4360 6981 3901
13487 2 2 1 1 4766 6768 4162
13488 2 2 1 1 4336 7008 5919
13489 2 2 1 1 4666 6545 4407
13490 2 2 1 1 5141 6953 5144
13491 2 2 1 1 5173 7119 5171
13492 2 2 1 1 6594 6977 5188
13493 2 2 1 1 6881 7010 5350
13494 2 2 1 1 498 6966 496
13495 2 2 1 1 1330 6717 6716
13496 2 2 1 1 1894 7071 7045
13497 2 2 1 1 7045 7216 1894
13498 2 2 1 1 2630 7066 6657
13499 2 2 1 1 3290 7053 6942
13500 2 2 1 1 3613 6986 6202
13501 2 2 1 1 3883 6905 6721
13502 2 2 1 1 5470 6985 3898
13503 2 2 1 1 3934 6957 6943
13504 2 2 1 1 3971 7181 5897
13505 2 2 1 1 6415 7047 4289
13506 2 2 1 1 6670 7134 4319
13507 2 2 1 1 6761 6950 4340
13508 2 2 1 1 4376 7012 6832
13509 2 2 1 1 7173 7320 4395
13510 2 2 1 1 5892 7247 7184
13511 2 2 1 1 1726 7156 1712
13512 2 2 1 1 4168 6990 3071
13513 2 2 1 1 3657 6100 6002
13514 2 2 1 1 4339 6993 3905
13515 2 2 1 1 4381 7151 3961
13516 2 2 1 1 4117 7000 5915
13517 2 2 1 1 6954 7000 4117
13518 2 2 1 1 5234 7180 6026
13519 2 2 1 1 2764 6974 5818
13520 2 2 1 1 4348 7041 7010
13521 2 2 1 1 6870 6976 4962
13522 2 2 1 1 5569 7001 5717
13523 2 2 1 1 3561 7018 6697
13524 2 2 1 1 6307 6308 1594
13525 2 2 1 1 2940 6952 5375
13526 2 2 1 1 2367 6863 6862
13527 2 2 1 1 5287 6973 5288
13528 2 2 1 1 4731 7017 3732
13529 2 2 1 1 6830 6932 6120
13530 2 2 1 1 6480 6921 1862
13531 2 2 1 1 2665 7197 7128
13532 2 2 1 1 1504 6899 6201
13533 2 2 1 1 6753 6912 4883
13534 2 2 1 1 6164 6600 6477
13535 2 2 1 1 6390 6920 1424
13536 2 2 1 1 3012 6850 6544
13537 2 2 1 1 5326 6579 6381
13538 2 2 1 1 5456 7037 3548
13539 2 2 1 1 6972 7014 4216
13540 2 2 1 1 5272 7084 1778
13541 2 2 1 1 7238 7374 4043
13542 2 2 1 1 4291 6891 6304
13543 2 2 1 1 6763 7010 6881
13544 2 2 1 1 6862 6900 3265
13545 2 2 1 1 7147 7198 5556
13546 2 2 1 1 4181 7004 3157
13547 2 2 1 1 3157 7004 4346
13548 2 2 1 1 1471 7051 1490
13549 2 2 1 1 4312 6909 6703
13550 2 2 1 1 5117 6686 6685
13551 2 2 1 1 1544 6901 6859
13552 2 2 1 1 2279 6463 2277
13553 2 2 1 1 4267 7190 4260
13554 2 2 1 1 1781 6520 1813
13555 2 2 1 1 3959 7069 6959
13556 2 2 1 1 6895 6925 3818
13557 2 2 1 1 7133 7203 2463
13558 2 2 1 1 4342 7001 6885
13559 2 2 1 1 4141 7078 4306
13560 2 2 1 1 7116 7152 4352
13561 2 2 1 1 7163 7181 4371
13562 2 2 1 1 5289 7049 6680
13563 2 2 1 1 4364 7055 7034
13564 2 2 1 1 7219 7222 5440
13565 2 2 1 1 3958 7052 6139
13566 2 2 1 1 7087 7127 4852
13567 2 2 1 1 5306 7026 5305
13568 2 2 1 1 1562 7027 1564
13569 2 2 1 1 4475 6821 3403
13570 2 2 1 1 4663 7193 4085
13571 2 2 1 1 6712 6804 4333
13572 2 2 1 1 4333 6815 6712
13573 2 2 1 1 6334 7094 4924
13574 2 2 1 1 6708 7099 5207
13575 2 2 1 1 7171 7204 5323
13576 2 2 1 1 1424 6920 6499
13577 2 2 1 1 1703 6983 1705
13578 2 2 1 1 5449 6876 6155
13579 2 2 1 1 5548 7211 5929
13580 2 2 1 1 1367 7003 6744
13581 2 2 1 1 3451 7161 7129
13582 2 2 1 1 2407 6872 6789
13583 2 2 1 1 3963 7165 5896
13584 2 2 1 1 5567 7062 4184
13585 2 2 1 1 5993 7252 5992
13586 2 2 1 1 3088 7036 6451
13587 2 2 1 1 6949 6964 5375
13588 2 2 1 1 7186 7238 4043
13589 2 2 1 1 5747 6998 5282
13590 2 2 1 1 5892 7205 5891
13591 2 2 1 1 1810 6800 6690
13592 2 2 1 1 4727 7191 4725
13593 2 2 1 1 2535 6898 6886
13594 2 2 1 1 4364 7034 4362
13595 2 2 1 1 4660 7155 4998
13596 2 2 1 1 3949 6984 6967
13597 2 2 1 1 6364 6792 4971
13598 2 2 1 1 1575 7056 1503
13599 2 2 1 1 2771 7046 2770
13600 2 2 1 1 4346 7004 6119
13601 2 2 1 1 1991 7065 6239
13602 2 2 1 1 3336 7175 2704
13603 2 2 1 1 4386 7219 5440
13604 2 2 1 1 6133 7017 1780
13605 2 2 1 1 1908 7326 2474
13606 2 2 1 1 7043 7191 2204
13607 2 2 1 1 3320 6730 5663
13608 2 2 1 1 3880 7002 6793
13609 2 2 1 1 3357 7035 3009
13610 2 2 1 1 3323 7125 3939
13611 2 2 1 1 5697 6706 6660
13612 2 2 1 1 4097 7022 3235
13613 2 2 1 1 4349 7041 4348
13614 2 2 1 1 2205 6944 5444
13615 2 2 1 1 7054 7219 4386
13616 2 2 1 1 6335 7094 6334
13617 2 2 1 1 1220 7006 1219
13618 2 2 1 1 2460 7085 6627
13619 2 2 1 1 3582 7244 3581
13620 2 2 1 1 5698 6991 5498
13621 2 2 1 1 7271 7289 4748
13622 2 2 1 1 2535 6886 6711
13623 2 2 1 1 6660 6706 3739
13624 2 2 1 1 2652 6700 2558
13625 2 2 1 1 3549 7032 6186
13626 2 2 1 1 3732 7017 6133
13627 2 2 1 1 4158 7077 7015
13628 2 2 1 1 2129 7060 5301
13629 2 2 1 1 2438 7048 2436
13630 2 2 1 1 4245 7213 3014
13631 2 2 1 1 4279 6897 6817
13632 2 2 1 1 5664 7055 3549
13633 2 2 1 1 3651 6992 3652
13634 2 2 1 1 6795 6956 5164
13635 2 2 1 1 4489 7233 4516
13636 2 2 1 1 6403 7185 1965
13637 2 2 1 1 6186 7003 1367
13638 2 2 1 1 5905 7024 3614
13639 2 2 1 1 6282 7173 4121
13640 2 2 1 1 4333 6935 6815
13641 2 2 1 1 6630 7169 4374
13642 2 2 1 1 4316 7014 6972
13643 2 2 1 1 5923 6888 6853
13644 2 2 1 1 5990 7216 6562
13645 2 2 1 1 7264 7280 329
13646 2 2 1 1 471 7164 473
13647 2 2 1 1 6707 7050 1342
13648 2 2 1 1 3200 7059 1735
13649 2 2 1 1 3282 6692 2270
13650 2 2 1 1 2483 6978 5816
13651 2 2 1 1 3403 6821 2796
13652 2 2 1 1 3078 7030 4088
13653 2 2 1 1 3151 7249 4307
13654 2 2 1 1 3238 7089 4352
13655 2 2 1 1 3318 6730 3320
13656 2 2 1 1 5292 7054 3656
13657 2 2 1 1 4249 6956 3762
13658 2 2 1 1 6842 6909 4312
13659 2 2 1 1 4762 7261 7251
13660 2 2 1 1 5896 7165 7138
13661 2 2 1 1 6296 7228 7206
13662 2 2 1 1 1663 7109 4394
13663 2 2 1 1 5071 7361 1845
13664 2 2 1 1 6805 7043 2204
13665 2 2 1 1 3250 7227 2649
13666 2 2 1 1 3027 7225 3028
13667 2 2 1 1 7024 7042 3614
13668 2 2 1 1 6664 6835 3851
13669 2 2 1 1 3901 6986 6887
13670 2 2 1 1 3914 7234 4386
13671 2 2 1 1 3918 6932 6830
13672 2 2 1 1 5510 7131 3978
13673 2 2 1 1 3992 7213 5864
13674 2 2 1 1 4377 7066 4376
13675 2 2 1 1 4946 7376 7295
13676 2 2 1 1 6657 7024 5905
13677 2 2 1 1 5556 7198 2134
13678 2 2 1 1 5618 7194 2659
13679 2 2 1 1 3478 7029 6936
13680 2 2 1 1 6685 6686 3560
13681 2 2 1 1 1420 6496 1421
13682 2 2 1 1 4788 7083 6665
13683 2 2 1 1 5748 7001 4342
13684 2 2 1 1 6089 7063 1822
13685 2 2 1 1 2188 7160 6908
13686 2 2 1 1 2784 6136 2783
13687 2 2 1 1 4373 7023 4372
13688 2 2 1 1 3972 7336 4610
13689 2 2 1 1 4657 7013 4183
13690 2 2 1 1 4663 7257 7250
13691 2 2 1 1 6862 6863 4958
13692 2 2 1 1 3925 7039 3927
13693 2 2 1 1 6030 7049 793
13694 2 2 1 1 6904 6905 3883
13695 2 2 1 1 4840 7153 4839
13696 2 2 1 1 6697 7018 5099
13697 2 2 1 1 2274 7070 2544
13698 2 2 1 1 4648 7272 4308
13699 2 2 1 1 3900 6999 4728
13700 2 2 1 1 4144 7347 4780
13701 2 2 1 1 4702 7215 6785
13702 2 2 1 1 4728 7019 5260
13703 2 2 1 1 6155 6876 2923
13704 2 2 1 1 1880 6696 1922
13705 2 2 1 1 6680 7049 6030
13706 2 2 1 1 98 7246 351
13707 2 2 1 1 3222 6388 3760
13708 2 2 1 1 6306 6999 6961
13709 2 2 1 1 4852 7127 7048
13710 2 2 1 1 4300 7113 4836
13711 2 2 1 1 5518 7375 7360
13712 2 2 1 1 6194 7077 6193
13713 2 2 1 1 5305 7079 5488
13714 2 2 1 1 6039 6921 6480
13715 2 2 1 1 2203 7157 6766
13716 2 2 1 1 3299 7058 3393
13717 2 2 1 1 2722 6531 2193
13718 2 2 1 1 2665 7128 7048
13719 2 2 1 1 2360 6582 2357
13720 2 2 1 1 587 7068 5684
13721 2 2 1 1 1080 5578 1182
13722 2 2 1 1 3594 7247 5751
13723 2 2 1 1 5531 7332 5530
13724 2 2 1 1 3614 7042 6053
13725 2 2 1 1 4705 7028 5167
13726 2 2 1 1 6815 6816 2762
13727 2 2 1 1 6886 6898 4078
13728 2 2 1 1 4078 6989 6886
13729 2 2 1 1 4121 7173 6784
13730 2 2 1 1 4148 7074 3100
13731 2 2 1 1 4037 7337 6035
13732 2 2 1 1 6908 7160 4188
13733 2 2 1 1 1710 7071 1708
13734 2 2 1 1 2455 7276 2480
13735 2 2 1 1 3260 7094 6335
13736 2 2 1 1 2549 7235 2150
13737 2 2 1 1 4358 6982 6854
13738 2 2 1 1 4894 6791 6790
13739 2 2 1 1 4014 7315 4984
13740 2 2 1 1 4024 7203 7133
13741 2 2 1 1 5175 7275 5177
13742 2 2 1 1 3894 6926 6925
13743 2 2 1 1 4029 7341 4028
13744 2 2 1 1 1459 7076 1501
13745 2 2 1 1 6817 6997 4279
13746 2 2 1 1 6938 6980 4283
13747 2 2 1 1 4948 7220 7206
13748 2 2 1 1 2433 7127 2432
13749 2 2 1 1 4318 7134 6772
13750 2 2 1 1 2584 6792 6364
13751 2 2 1 1 3260 6388 3222
13752 2 2 1 1 5996 7231 2460
13753 2 2 1 1 7037 7086 4370
13754 2 2 1 1 1209 5578 1080
13755 2 2 1 1 5701 6905 6904
13756 2 2 1 1 1414 7215 6478
13757 2 2 1 1 3348 7195 4223
13758 2 2 1 1 6049 7057 4375
13759 2 2 1 1 4377 7042 7024
13760 2 2 1 1 5046 6582 2360
13761 2 2 1 1 5997 7112 3981
13762 2 2 1 1 2809 7075 4159
13763 2 2 1 1 1852 6873 2240
13764 2 2 1 1 7020 7087 4851
13765 2 2 1 1 7254 7263 578
13766 2 2 1 1 3565 7183 6872
13767 2 2 1 1 4017 7264 6856
13768 2 2 1 1 7145 7150 5053
13769 2 2 1 1 4011 7273 4012
13770 2 2 1 1 7048 7127 2436
13771 2 2 1 1 3762 6956 6795
13772 2 2 1 1 7048 7128 4852
13773 2 2 1 1 3824 7108 3998
13774 2 2 1 1 4158 7015 4156
13775 2 2 1 1 4005 7283 4933
13776 2 2 1 1 6322 7105 4554
13777 2 2 1 1 7072 7092 3954
13778 2 2 1 1 3989 7263 4038
13779 2 2 1 1 745 7201 7149
13780 2 2 1 1 4400 7292 3555
13781 2 2 1 1 3930 7104 3932
13782 2 2 1 1 1392 7007 6959
13783 2 2 1 1 4023 7310 4127
13784 2 2 1 1 1421 6496 1504
13785 2 2 1 1 1965 6873 1852
13786 2 2 1 1 2209 7240 2207
13787 2 2 1 1 4370 7086 2406
13788 2 2 1 1 6854 6982 2539
13789 2 2 1 1 2544 7255 5505
13790 2 2 1 1 2787 6136 2784
13791 2 2 1 1 4981 7224 3534
13792 2 2 1 1 6813 6979 3938
13793 2 2 1 1 4309 7052 3958
13794 2 2 1 1 7143 7272 4648
13795 2 2 1 1 6593 7155 4660
13796 2 2 1 1 5177 7235 7119
13797 2 2 1 1 6451 7036 6909
13798 2 2 1 1 510 7270 508
13799 2 2 1 1 528 7093 526
13800 2 2 1 1 543 7176 6919
13801 2 2 1 1 1922 6696 2521
13802 2 2 1 1 6967 6984 1948
13803 2 2 1 1 3030 7130 3032
13804 2 2 1 1 3312 7148 6405
13805 2 2 1 1 3956 7072 3954
13806 2 2 1 1 7026 7079 5305
13807 2 2 1 1 3700 7088 4138
13808 2 2 1 1 5583 7033 3816
13809 2 2 1 1 2329 7199 2332
13810 2 2 1 1 6854 6855 4358
13811 2 2 1 1 4568 7135 5276
13812 2 2 1 1 6592 7253 5107
13813 2 2 1 1 6757 7157 2203
13814 2 2 1 1 7045 7071 4381
13815 2 2 1 1 1501 7076 1991
13816 2 2 1 1 4183 7013 4645
13817 2 2 1 1 5732 7203 7201
13818 2 2 1 1 1459 7120 7076
13819 2 2 1 1 1965 7185 7052
13820 2 2 1 1 6919 7176 4380
13821 2 2 1 1 4858 7380 4859
13822 2 2 1 1 7090 7115 2180
13823 2 2 1 1 4782 7333 4786
13824 2 2 1 1 323 7277 123
13825 2 2 1 1 6562 7045 3962
13826 2 2 1 1 7305 7319 5493
13827 2 2 1 1 6914 7081 1803
13828 2 2 1 1 2702 7175 3334
13829 2 2 1 1 3068 7073 4637
13830 2 2 1 1 4313 6848 6639
13831 2 2 1 1 4396 7274 7266
13832 2 2 1 1 343 7221 5643
13833 2 2 1 1 6478 7215 3764
13834 2 2 1 1 2230 7080 6025
13835 2 2 1 1 6627 7085 3873
13836 2 2 1 1 7114 7139 4379
13837 2 2 1 1 5162 7248 6592
13838 2 2 1 1 5555 7149 5556
13839 2 2 1 1 4156 7015 6196
13840 2 2 1 1 4851 7053 7020
13841 2 2 1 1 2761 7038 2760
13842 2 2 1 1 6833 6834 4294
13843 2 2 1 1 2734 7099 6708
13844 2 2 1 1 5809 7121 5810
13845 2 2 1 1 4625 7202 6097
13846 2 2 1 1 5051 7145 5053
13847 2 2 1 1 89 7297 88
13848 2 2 1 1 579 7266 1500
13849 2 2 1 1 4000 7274 4396
13850 2 2 1 1 4738 7352 4036
13851 2 2 1 1 2376 7330 7112
13852 2 2 1 1 4308 7239 6137
13853 2 2 1 1 560 7101 5681
13854 2 2 1 1 3976 7147 3313
13855 2 2 1 1 6605 6961 3900
13856 2 2 1 1 1365 7111 524
13857 2 2 1 1 1757 7171 5323
13858 2 2 1 1 7134 7166 2601
13859 2 2 1 1 4912 7136 1757
13860 2 2 1 1 2772 7243 7188
13861 2 2 1 1 911 7117 5910
13862 2 2 1 1 6836 6944 2205
13863 2 2 1 1 3000 7158 6748
13864 2 2 1 1 6670 7166 7134
13865 2 2 1 1 107 7107 106
13866 2 2 1 1 3001 7061 3003
13867 2 2 1 1 4380 7176 7165
13868 2 2 1 1 4392 7230 7223
13869 2 2 1 1 3966 7115 3967
13870 2 2 1 1 4464 7047 6415
13871 2 2 1 1 3991 7106 3952
13872 2 2 1 1 7057 7098 5810
13873 2 2 1 1 1774 7220 1972
13874 2 2 1 1 4391 7172 6314
13875 2 2 1 1 3692 7091 4143
13876 2 2 1 1 7193 7250 4223
13877 2 2 1 1 1492 7082 1909
13878 2 2 1 1 7266 7274 1500
13879 2 2 1 1 5365 7153 2249
13880 2 2 1 1 4946 7295 4019
13881 2 2 1 1 131 7280 130
13882 2 2 1 1 7023 7063 6089
13883 2 2 1 1 3929 7128 4019
13884 2 2 1 1 1710 7156 7071
13885 2 2 1 1 578 7269 574
13886 2 2 1 1 4948 7206 3988
13887 2 2 1 1 5446 7122 5988
13888 2 2 1 1 506 7293 504
13889 2 2 1 1 5953 7242 1050
13890 2 2 1 1 6302 6997 1242
13891 2 2 1 1 1622 7126 5713
13892 2 2 1 1 3313 7147 3312
13893 2 2 1 1 3954 7092 3545
13894 2 2 1 1 3998 7177 3922
13895 2 2 1 1 4869 7069 3959
13896 2 2 1 1 3976 7198 7147
13897 2 2 1 1 6616 6900 4957
13898 2 2 1 1 5075 7152 5050
13899 2 2 1 1 6991 7026 5306
13900 2 2 1 1 5576 7294 644
13901 2 2 1 1 745 7149 5555
13902 2 2 1 1 5732 7201 745
13903 2 2 1 1 908 7114 911
13904 2 2 1 1 6966 7133 2463
13905 2 2 1 1 6314 7097 3300
13906 2 2 1 1 7071 7156 4381
13907 2 2 1 1 7184 7205 5892
13908 2 2 1 1 3034 7279 5653
13909 2 2 1 1 4375 7132 4374
13910 2 2 1 1 6466 7089 3238
13911 2 2 1 1 4331 7103 3910
13912 2 2 1 1 4614 7124 4151
13913 2 2 1 1 6657 7066 7024
13914 2 2 1 1 1023 7110 2271
13915 2 2 1 1 110 7123 109
13916 2 2 1 1 2625 7150 7145
13917 2 2 1 1 122 7277 445
13918 2 2 1 1 6785 7215 1414
13919 2 2 1 1 5568 7167 6968
13920 2 2 1 1 5177 7119 5173
13921 2 2 1 1 4613 7308 4592
13922 2 2 1 1 1134 7296 1143
13923 2 2 1 1 5986 7125 3323
13924 2 2 1 1 5511 7131 5510
13925 2 2 1 1 6961 7096 2370
13926 2 2 1 1 6595 7204 3970
13927 2 2 1 1 104 7399 7189
13928 2 2 1 1 1353 7120 1459
13929 2 2 1 1 5592 7295 1207
13930 2 2 1 1 3549 7055 7032
13931 2 2 1 1 7150 7166 5055
13932 2 2 1 1 4957 6900 4958
13933 2 2 1 1 5954 7232 7209
13934 2 2 1 1 767 7142 7131
13935 2 2 1 1 4283 6980 6284
13936 2 2 1 1 5698 7026 6991
13937 2 2 1 1 380 7357 134
13938 2 2 1 1 7024 7066 4377
13939 2 2 1 1 6968 7167 1034
13940 2 2 1 1 3014 7205 7184
13941 2 2 1 1 3478 6936 3479
13942 2 2 1 1 5755 7083 4788
13943 2 2 1 1 2377 7228 6296
13944 2 2 1 1 7229 7261 4761
13945 2 2 1 1 4859 7383 5976
13946 2 2 1 1 2342 6896 2512
13947 2 2 1 1 4617 7155 6593
13948 2 2 1 1 7141 7222 1194
13949 2 2 1 1 5572 7160 2188
13950 2 2 1 1 4007 7314 4385
13951 2 2 1 1 4034 7369 7351
13952 2 2 1 1 5998 7253 4384
13953 2 2 1 1 1448 7140 1518
13954 2 2 1 1 2332 7320 2333
13955 2 2 1 1 5050 7144 5051
13956 2 2 1 1 5394 7290 6040
13957 2 2 1 1 767 7154 518
13958 2 2 1 1 2436 7127 2433
13959 2 2 1 1 3479 6936 3897
13960 2 2 1 1 6405 7148 3996
13961 2 2 1 1 3017 7116 3016
13962 2 2 1 1 4012 7278 4669
13963 2 2 1 1 7063 7146 6494
13964 2 2 1 1 4911 6995 6742
13965 2 2 1 1 2243 6855 6854
13966 2 2 1 1 7283 7293 2459
13967 2 2 1 1 4348 7010 6763
13968 2 2 1 1 4390 7168 4389
13969 2 2 1 1 6961 6999 3900
13970 2 2 1 1 4958 6900 6862
13971 2 2 1 1 1712 7156 1710
13972 2 2 1 1 6784 7088 3700
13973 2 2 1 1 5810 7121 7057
13974 2 2 1 1 7348 7368 5647
13975 2 2 1 1 7039 7256 3927
13976 2 2 1 1 3970 7171 5183
13977 2 2 1 1 6982 7039 2539
13978 2 2 1 1 5077 7197 2665
13979 2 2 1 1 3067 7073 3068
13980 2 2 1 1 5418 7105 6322
13981 2 2 1 1 7236 7286 4029
13982 2 2 1 1 4385 7314 6452
13983 2 2 1 1 3940 7096 6605
13984 2 2 1 1 4821 7304 445
13985 2 2 1 1 3357 7102 7035
13986 2 2 1 1 6748 7158 3917
13987 2 2 1 1 3961 7151 3980
13988 2 2 1 1 4373 7063 7023
13989 2 2 1 1 7217 7251 1444
13990 2 2 1 1 2113 7261 7229
13991 2 2 1 1 6495 7354 3888
13992 2 2 1 1 2113 7229 6353
13993 2 2 1 1 5954 7209 2223
13994 2 2 1 1 2625 7145 6105
13995 2 2 1 1 6802 7179 3199
13996 2 2 1 1 3817 7033 4638
13997 2 2 1 1 3922 7185 6403
13998 2 2 1 1 4380 7165 3963
13999 2 2 1 1 4647 7118 3986
14000 2 2 1 1 3993 7238 7186
14001 2 2 1 1 4008 7282 4010
14002 2 2 1 1 4039 7311 4640
14003 2 2 1 1 5186 7258 4094
14004 2 2 1 1 4761 7261 4762
14005 2 2 1 1 7052 7185 6139
14006 2 2 1 1 593 7282 7270
14007 2 2 1 1 5907 7317 975
14008 2 2 1 1 6919 7141 1194
14009 2 2 1 1 1845 7289 7271
14010 2 2 1 1 6013 7150 2625
14011 2 2 1 1 6105 7144 3017
14012 2 2 1 1 3969 7090 7068
14013 2 2 1 1 5376 7226 3976
14014 2 2 1 1 5053 7150 5055
14015 2 2 1 1 5055 7166 6670
14016 2 2 1 1 6772 7134 2601
14017 2 2 1 1 3169 7169 5234
14018 2 2 1 1 7114 7117 911
14019 2 2 1 1 6532 7300 3861
14020 2 2 1 1 4379 7139 4771
14021 2 2 1 1 5066 7174 4195
14022 2 2 1 1 1448 7163 7140
14023 2 2 1 1 7265 7279 3034
14024 2 2 1 1 3626 7168 6216
14025 2 2 1 1 7054 7234 3656
14026 2 2 1 1 7061 7137 4909
14027 2 2 1 1 3816 7033 3817
14028 2 2 1 1 7144 7152 3017
14029 2 2 1 1 4786 7366 7297
14030 2 2 1 1 4013 7302 4014
14031 2 2 1 1 7387 7409 4623
14032 2 2 1 1 7329 7335 4397
14033 2 2 1 1 6532 7386 7300
14034 2 2 1 1 4819 7146 4373
14035 2 2 1 1 2734 7178 7099
14036 2 2 1 1 1847 7008 6933
14037 2 2 1 1 6470 7210 4388
14038 2 2 1 1 4385 7283 4004
14039 2 2 1 1 6975 7029 3478
14040 2 2 1 1 4607 7322 4027
14041 2 2 1 1 5641 7318 7208
14042 2 2 1 1 6220 7356 2698
14043 2 2 1 1 4010 7179 6802
14044 2 2 1 1 4383 7284 7279
14045 2 2 1 1 6747 7081 6914
14046 2 2 1 1 4047 7375 5518
14047 2 2 1 1 4976 7370 7353
14048 2 2 1 1 7149 7201 3996
14049 2 2 1 1 138 7143 137
14050 2 2 1 1 5683 7138 765
14051 2 2 1 1 7144 7145 5051
14052 2 2 1 1 4909 7137 4910
14053 2 2 1 1 7350 7378 6220
14054 2 2 1 1 1242 6997 6817
14055 2 2 1 1 5232 6896 2342
14056 2 2 1 1 4397 7343 5749
14057 2 2 1 1 2602 6979 6813
14058 2 2 1 1 2772 7188 3333
14059 2 2 1 1 1034 7167 5372
14060 2 2 1 1 4386 7234 7054
14061 2 2 1 1 1350 7163 1448
14062 2 2 1 1 2601 7166 6013
14063 2 2 1 1 6097 7202 2724
14064 2 2 1 1 3945 7081 6747
14065 2 2 1 1 2698 7360 5580
14066 2 2 1 1 7057 7121 4375
14067 2 2 1 1 4391 7199 7172
14068 2 2 1 1 7117 7118 5910
14069 2 2 1 1 4387 7298 3329
14070 2 2 1 1 4442 7102 3357
14071 2 2 1 1 3626 7194 7168
14072 2 2 1 1 5050 7152 7144
14073 2 2 1 1 6296 7206 1773
14074 2 2 1 1 3258 6767 6677
14075 2 2 1 1 7181 7187 5897
14076 2 2 1 1 3976 7226 7198
14077 2 2 1 1 3990 7217 4392
14078 2 2 1 1 7200 7218 3995
14079 2 2 1 1 5133 7182 5134
14080 2 2 1 1 2659 7194 3626
14081 2 2 1 1 7206 7228 3988
14082 2 2 1 1 6013 7166 7150
14083 2 2 1 1 6256 7098 6257
14084 2 2 1 1 4371 7181 3971
14085 2 2 1 1 7174 7186 3342
14086 2 2 1 1 7183 7196 4327
14087 2 2 1 1 2435 7389 2437
14088 2 2 1 1 3986 7118 7117
14089 2 2 1 1 3503 7410 7408
14090 2 2 1 1 6766 7157 3889
14091 2 2 1 1 4911 6996 6995
14092 2 2 1 1 1345 7164 471
14093 2 2 1 1 6933 7008 4336
14094 2 2 1 1 2911 7184 3594
14095 2 2 1 1 4151 7357 7108
14096 2 2 1 1 1662 7262 3224
14097 2 2 1 1 7068 7090 5684
14098 2 2 1 1 7239 7272 5943
14099 2 2 1 1 5359 7342 6154
14100 2 2 1 1 2463 7203 5732
14101 2 2 1 1 6139 7177 3151
14102 2 2 1 1 3967 7115 7090
14103 2 2 1 1 3995 7218 3977
14104 2 2 1 1 5183 7171 7136
14105 2 2 1 1 1581 7271 1530
14106 2 2 1 1 6508 7340 3975
14107 2 2 1 1 4016 7329 4397
14108 2 2 1 1 7168 7194 4389
14109 2 2 1 1 6469 7210 6470
14110 2 2 1 1 4289 7064 6386
14111 2 2 1 1 5810 7098 6256
14112 2 2 1 1 3565 7362 7183
14113 2 2 1 1 7380 7383 4859
14114 2 2 1 1 416 7370 4976
14115 2 2 1 1 6386 7064 2777
14116 2 2 1 1 5506 7236 2869
14117 2 2 1 1 4741 7029 6975
14118 2 2 1 1 1427 7331 6235
14119 2 2 1 1 3764 7215 7207
14120 2 2 1 1 7201 7203 3974
14121 2 2 1 1 7131 7142 3978
14122 2 2 1 1 5507 7286 7236
14123 2 2 1 1 1773 7220 1774
14124 2 2 1 1 6026 7180 1726
14125 2 2 1 1 6605 7096 6961
14126 2 2 1 1 7112 7129 3981
14127 2 2 1 1 4103 7303 6310
14128 2 2 1 1 5376 7232 7226
14129 2 2 1 1 4259 7292 7192
14130 2 2 1 1 4393 7330 6410
14131 2 2 1 1 4092 7195 3348
14132 2 2 1 1 3334 7208 5471
14133 2 2 1 1 2204 7191 6448
14134 2 2 1 1 7251 7261 5059
14135 2 2 1 1 804 7374 5149
14136 2 2 1 1 7225 7237 3028
14137 2 2 1 1 7125 7170 3939
14138 2 2 1 1 4260 7190 4259
14139 2 2 1 1 1209 7349 7341
14140 2 2 1 1 3975 7130 3030
14141 2 2 1 1 4896 7260 7209
14142 2 2 1 1 2432 7087 7020
14143 2 2 1 1 2916 7192 2915
14144 2 2 1 1 4952 7381 4694
14145 2 2 1 1 545 7176 543
14146 2 2 1 1 7356 7360 2698
14147 2 2 1 1 4384 7284 4383
14148 2 2 1 1 6105 7145 7144
14149 2 2 1 1 429 7355 129
14150 2 2 1 1 2127 7363 5359
14151 2 2 1 1 7138 7165 765
14152 2 2 1 1 5929 7187 1624
14153 2 2 1 1 6227 7172 2328
14154 2 2 1 1 3337 7345 4399
14155 2 2 1 1 5777 7373 4252
14156 2 2 1 1 5519 7344 415
14157 2 2 1 1 4650 7353 4136
14158 2 2 1 1 7328 7331 1427
14159 2 2 1 1 2699 7365 2700
14160 2 2 1 1 6076 7328 1427
14161 2 2 1 1 5149 7238 5557
14162 2 2 1 1 6942 7053 4851
14163 2 2 1 1 6877 7097 5497
14164 2 2 1 1 7172 7199 2328
14165 2 2 1 1 5377 7359 4267
14166 2 2 1 1 3338 7335 3339
14167 2 2 1 1 6250 7267 452
14168 2 2 1 1 7047 7182 5133
14169 2 2 1 1 5520 7358 7344
14170 2 2 1 1 5891 7205 5893
14171 2 2 1 1 6448 7178 2734
14172 2 2 1 1 4394 7298 7262
14173 2 2 1 1 4693 7364 3475
14174 2 2 1 1 1209 7286 5578
14175 2 2 1 1 7223 7241 4392
14176 2 2 1 1 7301 7393 4701
14177 2 2 1 1 4953 7324 7246
14178 2 2 1 1 1776 7301 1867
14179 2 2 1 1 2699 7377 7367
14180 2 2 1 1 111 7379 110
14181 2 2 1 1 7346 7371 3456
14182 2 2 1 1 5549 7211 5548
14183 2 2 1 1 6235 7331 7325
14184 2 2 1 1 7121 7132 4375
14185 2 2 1 1 1444 7230 7217
14186 2 2 1 1 7209 7260 2223
14187 2 2 1 1 128 7355 366
14188 2 2 1 1 500 7338 498
14189 2 2 1 1 2328 7199 2329
14190 2 2 1 1 3996 7201 3974
14191 2 2 1 1 3974 7203 4024
14192 2 2 1 1 5680 7226 810
14193 2 2 1 1 810 7232 5954
14194 2 2 1 1 2480 7243 2772
14195 2 2 1 1 4817 7358 6437
14196 2 2 1 1 5308 7222 7219
14197 2 2 1 1 3930 7135 7104
14198 2 2 1 1 5924 7369 4034
14199 2 2 1 1 4104 7303 4103
14200 2 2 1 1 1194 7222 5308
14201 2 2 1 1 4838 7313 5581
14202 2 2 1 1 6235 7325 5959
14203 2 2 1 1 7170 7236 4029
14204 2 2 1 1 5668 7367 4044
14205 2 2 1 1 7136 7171 1757
14206 2 2 1 1 3473 7390 3919
14207 2 2 1 1 4267 7294 7190
14208 2 2 1 1 1050 7223 474
14209 2 2 1 1 2474 7326 7214
14210 2 2 1 1 1894 7216 5996
14211 2 2 1 1 3605 7225 3027
14212 2 2 1 1 3224 7210 6469
14213 2 2 1 1 5945 7239 5943
14214 2 2 1 1 7129 7161 3982
14215 2 2 1 1 5578 7286 5507
14216 2 2 1 1 3997 7214 4016
14217 2 2 1 1 4327 7196 4285
14218 2 2 1 1 4835 7393 7301
14219 2 2 1 1 6076 7339 7328
14220 2 2 1 1 7209 7232 3979
14221 2 2 1 1 7253 7321 5107
14222 2 2 1 1 3265 7162 6814
14223 2 2 1 1 4031 7317 4033
14224 2 2 1 1 5308 7219 2172
14225 2 2 1 1 7226 7232 810
14226 2 2 1 1 7076 7336 1991
14227 2 2 1 1 4708 7234 3914
14228 2 2 1 1 5986 7302 7125
14229 2 2 1 1 1050 7242 7241
14230 2 2 1 1 3988 7228 6595
14231 2 2 1 1 366 7370 127
14232 2 2 1 1 5864 7213 4245
14233 2 2 1 1 5641 7387 444
14234 2 2 1 1 6872 7183 4327
14235 2 2 1 1 7125 7302 4013
14236 2 2 1 1 5749 7351 3330
14237 2 2 1 1 3764 7207 6572
14238 2 2 1 1 425 7388 100
14239 2 2 1 1 1078 7349 1209
14240 2 2 1 1 5323 7204 2377
14241 2 2 1 1 3300 7097 6877
14242 2 2 1 1 4046 7386 6532
14243 2 2 1 1 4699 7311 4041
14244 2 2 1 1 5177 7275 7070
14245 2 2 1 1 126 7370 416
14246 2 2 1 1 2150 7235 2152
14247 2 2 1 1 2724 7202 4105
14248 2 2 1 1 3987 7241 4025
14249 2 2 1 1 4025 7242 5554
14250 2 2 1 1 4096 7268 4095
14251 2 2 1 1 5554 7260 4896
14252 2 2 1 1 1907 7377 2699
14253 2 2 1 1 2134 7198 5680
14254 2 2 1 1 3952 7106 7101
14255 2 2 1 1 4026 7304 4821
14256 2 2 1 1 4052 7371 7346
14257 2 2 1 1 4464 7182 7047
14258 2 2 1 1 5550 7237 5549
14259 2 2 1 1 2187 7334 6927
14260 2 2 1 1 7151 7180 3980
14261 2 2 1 1 7074 7159 4732
14262 2 2 1 1 6625 7358 5520
14263 2 2 1 1 7109 7340 4394
14264 2 2 1 1 2918 7339 6076
14265 2 2 1 1 6927 7334 4051
14266 2 2 1 1 5991 7231 5990
14267 2 2 1 1 1726 7180 7151
14268 2 2 1 1 7198 7226 5680
14269 2 2 1 1 1867 7301 4701
14270 2 2 1 1 4834 7245 3994
14271 2 2 1 1 6250 7291 7267
14272 2 2 1 1 7183 7362 4403
14273 2 2 1 1 87 7366 403
14274 2 2 1 1 7101 7106 5681
14275 2 2 1 1 7381 7388 425
14276 2 2 1 1 5507 7236 5506
14277 2 2 1 1 103 7189 343
14278 2 2 1 1 4019 7295 3694
14279 2 2 1 1 3994 7245 4948
14280 2 2 1 1 4373 7146 7063
14281 2 2 1 1 5953 7260 7242
14282 2 2 1 1 7343 7351 5749
14283 2 2 1 1 6220 7378 7356
14284 2 2 1 1 5642 7382 425
14285 2 2 1 1 403 7291 6250
14286 2 2 1 1 4610 7336 7076
14287 2 2 1 1 5550 7247 7237
14288 2 2 1 1 2649 7227 2648
14289 2 2 1 1 576 7269 7266
14290 2 2 1 1 7112 7330 4393
14291 2 2 1 1 7192 7292 4400
14292 2 2 1 1 7189 7399 4404
14293 2 2 1 1 3324 7307 5365
14294 2 2 1 1 2704 7175 2702
14295 2 2 1 1 108 7392 107
14296 2 2 1 1 7195 7233 4489
14297 2 2 1 1 4043 7362 3341
14298 2 2 1 1 4378 7257 4663
14299 2 2 1 1 6448 7191 7178
14300 2 2 1 1 7248 7253 6592
14301 2 2 1 1 6414 7378 5201
14302 2 2 1 1 99 7246 98
14303 2 2 1 1 5505 7255 3667
14304 2 2 1 1 4640 7264 4017
14305 2 2 1 1 2207 7240 5982
14306 2 2 1 1 7108 7357 380
14307 2 2 1 1 472 7230 470
14308 2 2 1 1 1444 7251 5059
14309 2 2 1 1 3977 7229 4761
14310 2 2 1 1 4896 7209 3979
14311 2 2 1 1 4762 7251 5138
14312 2 2 1 1 7249 7332 5531
14313 2 2 1 1 5992 7252 593
14314 2 2 1 1 3979 7232 5376
14315 2 2 1 1 5751 7247 5550
14316 2 2 1 1 5638 7254 7240
14317 2 2 1 1 3308 7358 6625
14318 2 2 1 1 4267 7359 7294
14319 2 2 1 1 7270 7282 4933
14320 2 2 1 1 4038 7254 5638
14321 2 2 1 1 3932 7212 4469
14322 2 2 1 1 3334 7409 7208
14323 2 2 1 1 7240 7254 5982
14324 2 2 1 1 5982 7254 578
14325 2 2 1 1 7402 7403 1206
14326 2 2 1 1 7241 7242 4025
14327 2 2 1 1 7178 7191 4727
14328 2 2 1 1 7211 7225 3605
14329 2 2 1 1 3017 7152 7116
14330 2 2 1 1 5549 7225 7211
14331 2 2 1 1 7190 7294 5576
14332 2 2 1 1 351 7318 5640
14333 2 2 1 1 5359 7363 7342
14334 2 2 1 1 4821 7273 4011
14335 2 2 1 1 3581 7244 4437
14336 2 2 1 1 4059 7402 4207
14337 2 2 1 1 2494 7276 2455
14338 2 2 1 1 4054 7324 3965
14339 2 2 1 1 7266 7269 4396
14340 2 2 1 1 3425 7287 4774
14341 2 2 1 1 362 7310 5472
14342 2 2 1 1 4003 7281 4391
14343 2 2 1 1 1545 7248 5162
14344 2 2 1 1 7220 7245 1972
14345 2 2 1 1 3442 7393 3443
14346 2 2 1 1 4396 7263 3989
14347 2 2 1 1 2973 7218 7200
14348 2 2 1 1 2223 7260 5953
14349 2 2 1 1 7070 7275 2544
14350 2 2 1 1 2973 7200 5068
14351 2 2 1 1 6353 7218 2973
14352 2 2 1 1 3975 7340 7109
14353 2 2 1 1 4552 7256 4359
14354 2 2 1 1 4389 7259 3325
14355 2 2 1 1 4383 7265 4382
14356 2 2 1 1 574 7269 576
14357 2 2 1 1 4789 7267 4785
14358 2 2 1 1 576 7266 579
14359 2 2 1 1 6599 7250 3226
14360 2 2 1 1 391 7399 105
14361 2 2 1 1 1089 7400 1206
14362 2 2 1 1 4394 7262 1662
14363 2 2 1 1 5618 7259 7194
14364 2 2 1 1 7221 7390 5643
14365 2 2 1 1 7322 7338 619
14366 2 2 1 1 7302 7315 4014
14367 2 2 1 1 4748 7289 4015
14368 2 2 1 1 2869 7236 7170
14369 2 2 1 1 1624 7187 7181
14370 2 2 1 1 5556 7149 7148
14371 2 2 1 1 593 7270 510
14372 2 2 1 1 3534 7224 5352
14373 2 2 1 1 4043 7374 7362
14374 2 2 1 1 7326 7329 4016
14375 2 2 1 1 1845 7271 1581
14376 2 2 1 1 4049 7274 4000
14377 2 2 1 1 5180 7275 5175
14378 2 2 1 1 7263 7269 578
14379 2 2 1 1 7148 7149 3996
14380 2 2 1 1 4004 7283 4005
14381 2 2 1 1 4384 7253 7248
14382 2 2 1 1 7279 7284 6192
14383 2 2 1 1 5526 7159 4148
14384 2 2 1 1 7298 7340 3497
14385 2 2 1 1 4010 7282 7252
14386 2 2 1 1 5653 7279 6192
14387 2 2 1 1 5549 7237 7225
14388 2 2 1 1 7242 7260 5554
14389 2 2 1 1 4049 7285 7274
14390 2 2 1 1 7274 7285 1500
14391 2 2 1 1 4094 7258 4560
14392 2 2 1 1 4404 7396 4048
14393 2 2 1 1 4050 7405 7403
14394 2 2 1 1 7267 7291 4785
14395 2 2 1 1 4936 7391 4935
14396 2 2 1 1 1212 7397 1093
14397 2 2 1 1 4933 7282 4008
14398 2 2 1 1 7404 7411 4622
14399 2 2 1 1 4237 7285 4049
14400 2 2 1 1 7174 7375 4047
14401 2 2 1 1 123 7277 122
14402 2 2 1 1 5059 7261 2113
14403 2 2 1 1 7217 7230 4392
14404 2 2 1 1 4663 7250 7193
14405 2 2 1 1 4826 7304 4026
14406 2 2 1 1 4237 7290 7285
14407 2 2 1 1 4768 7346 3456
14408 2 2 1 1 7248 7284 4384
14409 2 2 1 1 4400 7369 7192
14410 2 2 1 1 3332 7350 6220
14411 2 2 1 1 5943 7272 340
14412 2 2 1 1 403 7333 7291
14413 2 2 1 1 4148 7159 7074
14414 2 2 1 1 644 7294 5935
14415 2 2 1 1 1500 7285 5832
14416 2 2 1 1 7289 7361 4768
14417 2 2 1 1 4095 7268 4605
14418 2 2 1 1 7285 7290 5832
14419 2 2 1 1 6676 7296 1136
14420 2 2 1 1 4383 7279 7265
14421 2 2 1 1 5679 7288 4349
14422 2 2 1 1 6595 7228 7204
14423 2 2 1 1 7192 7369 2915
14424 2 2 1 1 7317 7327 975
14425 2 2 1 1 1136 7296 1134
14426 2 2 1 1 4948 7245 7220
14427 2 2 1 1 5832 7290 5394
14428 2 2 1 1 3919 7390 7221
14429 2 2 1 1 7104 7212 3932
14430 2 2 1 1 3555 7292 5576
14431 2 2 1 1 5066 7375 7174
14432 2 2 1 1 6192 7284 1545
14433 2 2 1 1 4785 7291 4783
14434 2 2 1 1 329 7280 131
14435 2 2 1 1 7095 7257 4378
14436 2 2 1 1 5990 7231 7216
14437 2 2 1 1 7305 7309 4021
14438 2 2 1 1 4092 7233 7195
14439 2 2 1 1 4349 7288 6271
14440 2 2 1 1 4826 7323 7304
14441 2 2 1 1 4877 7326 1908
14442 2 2 1 1 4015 7289 4768
14443 2 2 1 1 2459 7293 506
14444 2 2 1 1 5998 7321 7253
14445 2 2 1 1 5852 7405 2197
14446 2 2 1 1 4052 7346 4018
14447 2 2 1 1 375 7401 7398
14448 2 2 1 1 1545 7284 7248
14449 2 2 1 1 4020 7305 4021
14450 2 2 1 1 4021 7309 4023
14451 2 2 1 1 3329 7298 3497
14452 2 2 1 1 7123 7300 335
14453 2 2 1 1 5581 7330 2376
14454 2 2 1 1 2700 7352 4738
14455 2 2 1 1 3498 7257 7095
14456 2 2 1 1 4839 7307 4838
14457 2 2 1 1 2464 7306 5907
14458 2 2 1 1 6040 7299 2464
14459 2 2 1 1 4036 7345 4037
14460 2 2 1 1 7214 7326 4016
14461 2 2 1 1 1207 7376 5853
14462 2 2 1 1 7299 7306 2464
14463 2 2 1 1 3694 7295 5592
14464 2 2 1 1 1050 7241 7223
14465 2 2 1 1 5513 7314 4007
14466 2 2 1 1 7216 7231 5996
14467 2 2 1 1 3335 7302 5986
14468 2 2 1 1 351 7324 7318
14469 2 2 1 1 3456 7371 4089
14470 2 2 1 1 7204 7228 2377
14471 2 2 1 1 5513 7322 7314
14472 2 2 1 1 7194 7259 4389
14473 2 2 1 1 6410 7313 3324
14474 2 2 1 1 1079 7380 7349
14475 2 2 1 1 7344 7348 415
14476 2 2 1 1 375 7297 89
14477 2 2 1 1 7401 7406 4058
14478 2 2 1 1 7294 7359 5935
14479 2 2 1 1 2333 7320 2336
14480 2 2 1 1 7318 7324 4054
14481 2 2 1 1 4786 7398 3999
14482 2 2 1 1 4592 7308 4593
14483 2 2 1 1 7189 7221 343
14484 2 2 1 1 5105 7303 4104
14485 2 2 1 1 7246 7324 351
14486 2 2 1 1 7391 7397 1212
14487 2 2 1 1 7199 7281 2332
14488 2 2 1 1 3140 7321 5998
14489 2 2 1 1 4030 7327 4031
14490 2 2 1 1 7252 7282 593
14491 2 2 1 1 3819 7335 7329
14492 2 2 1 1 4041 7311 4039
14493 2 2 1 1 99 7388 7246
14494 2 2 1 1 4127 7323 4826
14495 2 2 1 1 3497 7340 6508
14496 2 2 1 1 4145 7347 4144
14497 2 2 1 1 5520 7344 5519
14498 2 2 1 1 3819 7329 4877
14499 2 2 1 1 4940 7395 7394
14500 2 2 1 1 7246 7388 4953
14501 2 2 1 1 4149 7315 3335
14502 2 2 1 1 1345 7316 7164
14503 2 2 1 1 5753 7334 2187
14504 2 2 1 1 4027 7322 5513
14505 2 2 1 1 4128 7337 3337
14506 2 2 1 1 3339 7335 3819
14507 2 2 1 1 7360 7375 3488
14508 2 2 1 1 7351 7369 4400
14509 2 2 1 1 4266 7339 4268
14510 2 2 1 1 4269 7328 4266
14511 2 2 1 1 4269 7331 7328
14512 2 2 1 1 1079 7349 1078
14513 2 2 1 1 7328 7339 4266
14514 2 2 1 1 5851 7410 4055
14515 2 2 1 1 4285 7331 4269
14516 2 2 1 1 6353 7229 7218
14517 2 2 1 1 4783 7333 4782
14518 2 2 1 1 7177 7249 3151
14519 2 2 1 1 4034 7343 3338
14520 2 2 1 1 619 7338 500
14521 2 2 1 1 4033 7317 7306
14522 2 2 1 1 4936 7397 7391
14523 2 2 1 1 5201 7350 5202
14524 2 2 1 1 5518 7360 7356
14525 2 2 1 1 6442 7413 1486
14526 2 2 1 1 7291 7333 4783
14527 2 2 1 1 4396 7269 7263
14528 2 2 1 1 3998 7332 7249
14529 2 2 1 1 4976 7353 4650
14530 2 2 1 1 4268 7363 5377
14531 2 2 1 1 7341 7349 4858
14532 2 2 1 1 5973 7406 7401
14533 2 2 1 1 7391 7395 4938
14534 2 2 1 1 7325 7331 4285
14535 2 2 1 1 4391 7281 7199
14536 2 2 1 1 7208 7318 4054
14537 2 2 1 1 3998 7249 7177
14538 2 2 1 1 4940 7394 4942
14539 2 2 1 1 129 7355 128
14540 2 2 1 1 4816 7348 4817
14541 2 2 1 1 7218 7229 3977
14542 2 2 1 1 3330 7351 4400
14543 2 2 1 1 4034 7351 7343
14544 2 2 1 1 6154 7342 2918
14545 2 2 1 1 4028 7341 4858
14546 2 2 1 1 4694 7364 4693
14547 2 2 1 1 5518 7356 4035
14548 2 2 1 1 6625 7319 4020
14549 2 2 1 1 7367 7377 4402
14550 2 2 1 1 7397 7400 1091
14551 2 2 1 1 5202 7380 1079
14552 2 2 1 1 4020 7319 7305
14553 2 2 1 1 5472 7310 7309
14554 2 2 1 1 7107 7354 391
14555 2 2 1 1 7356 7378 4035
14556 2 2 1 1 5935 7359 2127
14557 2 2 1 1 4035 7378 6414
14558 2 2 1 1 4877 7329 7326
14559 2 2 1 1 127 7370 126
14560 2 2 1 1 3341 7362 3565
14561 2 2 1 1 7394 7395 5500
14562 2 2 1 1 1212 7395 7391
14563 2 2 1 1 7342 7363 4268
14564 2 2 1 1 7300 7386 335
14565 2 2 1 1 2474 7377 1907
14566 2 2 1 1 5853 7385 2120
14567 2 2 1 1 4402 7373 5777
14568 2 2 1 1 4044 7367 4402
14569 2 2 1 1 1991 7336 7065
14570 2 2 1 1 2915 7369 5924
14571 2 2 1 1 5580 7360 3488
14572 2 2 1 1 4398 7372 4042
14573 2 2 1 1 4060 7413 3503
14574 2 2 1 1 4399 7365 5668
14575 2 2 1 1 3488 7375 5066
14576 2 2 1 1 4411 7371 4052
14577 2 2 1 1 4953 7381 4952
14578 2 2 1 1 88 7366 87
14579 2 2 1 1 393 7379 111
14580 2 2 1 1 4018 7361 5071
14581 2 2 1 1 4944 7376 4946
14582 2 2 1 1 4403 7374 804
14583 2 2 1 1 4818 7368 4816
14584 2 2 1 1 5202 7383 7380
14585 2 2 1 1 7398 7401 4056
14586 2 2 1 1 5643 7382 5642
14587 2 2 1 1 3335 7315 7302
14588 2 2 1 1 4942 7385 4944
14589 2 2 1 1 416 7384 5941
14590 2 2 1 1 100 7388 99
14591 2 2 1 1 4935 7391 4938
14592 2 2 1 1 3343 7408 4050
14593 2 2 1 1 7385 7394 2120
14594 2 2 1 1 2499 7389 2435
14595 2 2 1 1 4401 7386 4046
14596 2 2 1 1 6437 7358 3308
14597 2 2 1 1 7108 7332 3998
14598 2 2 1 1 4058 7406 4099
14599 2 2 1 1 4942 7394 7385
14600 2 2 1 1 4953 7388 7381
14601 2 2 1 1 3475 7390 3473
14602 2 2 1 1 7196 7325 4285
14603 2 2 1 1 4936 7400 7397
14604 2 2 1 1 5976 7383 3332
14605 2 2 1 1 4938 7395 4940
14606 2 2 1 1 7362 7374 4403
14607 2 2 1 1 335 7392 108
14608 2 2 1 1 4701 7393 3442
14609 2 2 1 1 1093 7397 1091
14610 2 2 1 1 5500 7395 1212
14611 2 2 1 1 7124 7357 4151
14612 2 2 1 1 444 7387 5985
14613 2 2 1 1 7309 7310 4023
14614 2 2 1 1 4031 7327 7317
14615 2 2 1 1 5973 7401 375
14616 2 2 1 1 1091 7400 1089
14617 2 2 1 1 4768 7361 7346
14618 2 2 1 1 4789 7312 7267
14619 2 2 1 1 4816 7368 7348
14620 2 2 1 1 4048 7396 6495
14621 2 2 1 1 7297 7398 4786
14622 2 2 1 1 2120 7394 5500
14623 2 2 1 1 7306 7317 5907
14624 2 2 1 1 7267 7312 452
14625 2 2 1 1 4037 7345 7337
14626 2 2 1 1 4056 7401 4058
14627 2 2 1 1 7307 7313 4838
14628 2 2 1 1 7376 7385 5853
14629 2 2 1 1 105 7399 104
14630 2 2 1 1 7278 7384 4669
14631 2 2 1 1 4817 7348 7344
14632 2 2 1 1 7339 7342 4268
14633 2 2 1 1 4566 7407 7404
14634 2 2 1 1 2918 7342 7339
14635 2 2 1 1 3324 7313 7307
14636 2 2 1 1 7350 7383 5202
14637 2 2 1 1 375 7398 7297
14638 2 2 1 1 1206 7403 5852
14639 2 2 1 1 3999 7398 4056
14640 2 2 1 1 4099 7407 4566
14641 2 2 1 1 4050 7403 4059
14642 2 2 1 1 4944 7385 7376
14643 2 2 1 1 2197 7405 5851
14644 2 2 1 1 7346 7361 4018
14645 2 2 1 1 3503 7408 3343
14646 2 2 1 1 4398 7379 7372
14647 2 2 1 1 7406 7407 4099
14648 2 2 1 1 7337 7345 3337
14649 2 2 1 1 4207 7402 4936
14650 2 2 1 1 5941 7384 7278
14651 2 2 1 1 7404 7407 5646
14652 2 2 1 1 7372 7379 393
14653 2 2 1 1 7400 7402 1206
14654 2 2 1 1 361 7404 5646
14655 2 2 1 1 3332 7383 7350
14656 2 2 1 1 4694 7382 7364
14657 2 2 1 1 4401 7392 7386
14658 2 2 1 1 2700 7365 7352
14659 2 2 1 1 7386 7392 335
14660 2 2 1 1 7364 7382 5643
14661 2 2 1 1 7352 7365 4399
14662 2 2 1 1 447 7406 5973
14663 2 2 1 1 5646 7407 447
14664 2 2 1 1 6495 7396 7354
14665 2 2 1 1 7387 7411 5985
14666 2 2 1 1 4402 7377 7373
14667 2 2 1 1 7373 7377 2474
14668 2 2 1 1 7175 7409 3334
14669 2 2 1 1 447 7407 7406
14670 2 2 1 1 7354 7396 391
14671 2 2 1 1 361 7411 7404
14672 2 2 1 1 4055 7410 6442
14673 2 2 1 1 4623 7409 7175
14674 2 2 1 1 5985 7411 361
14675 2 2 1 1 4050 7408 7405
14676 2 2 1 1 3503 7413 7410
14677 2 2 1 1 4936 7402 7400
14678 2 2 1 1 7371 7412 4089
14679 2 2 1 1 4411 7412 7371
14680 2 2 1 1 7405 7408 5851
14681 2 2 1 1 7410 7413 6442
14682 2 2 1 1 346 7438 5789
14683 2 2 1 1 4620 7417 4432
14684 2 2 1 1 3085 7417 5482
14685 2 2 1 1 6254 7418 3394
14686 2 2 1 1 3087 7418 3417
14687 2 2 1 1 5482 7417 4620
14688 2 2 1 1 5947 7498 382
14689 2 2 1 1 7424 7539 4442
14690 2 2 1 1 7442 7542 4435
14691 2 2 1 1 4467 7541 7441
14692 2 2 1 1 3099 7420 3349
14693 2 2 1 1 4477 7420 3405
14694 2 2 1 1 3394 7418 3087
14695 2 2 1 1 4523 7531 5463
14696 2 2 1 1 7420 7425 3349
14697 2 2 1 1 3418 7419 4778
14698 2 2 1 1 5014 7419 3418
14699 2 2 1 1 4778 7419 4777
14700 2 2 1 1 76 7421 75
14701 2 2 1 1 171 7422 170
14702 2 2 1 1 3405 7420 3099
14703 2 2 1 1 402 7423 7
14704 2 2 1 1 6 7423 453
14705 2 2 1 1 4479 7425 7420
14706 2 2 1 1 4076 7452 4497
14707 2 2 1 1 216 7426 215
14708 2 2 1 1 5461 7427 5459
14709 2 2 1 1 7424 7532 4519
14710 2 2 1 1 5946 7428 4483
14711 2 2 1 1 162 7428 161
14712 2 2 1 1 75 7421 371
14713 2 2 1 1 372 7422 171
14714 2 2 1 1 5538 7497 4472
14715 2 2 1 1 7 7423 6
14716 2 2 1 1 5197 7429 4178
14717 2 2 1 1 5081 7429 5085
14718 2 2 1 1 7441 7541 379
14719 2 2 1 1 394 7542 7442
14720 2 2 1 1 64 7431 63
14721 2 2 1 1 183 7432 182
14722 2 2 1 1 5460 7434 5458
14723 2 2 1 1 3349 7425 5154
14724 2 2 1 1 7458 7544 5795
14725 2 2 1 1 3359 7454 4519
14726 2 2 1 1 6121 7487 5757
14727 2 2 1 1 5460 7537 7434
14728 2 2 1 1 5197 7538 7429
14729 2 2 1 1 4790 7495 398
14730 2 2 1 1 4550 7430 3393
14731 2 2 1 1 7426 7475 215
14732 2 2 1 1 344 7483 4479
14733 2 2 1 1 4528 7433 4530
14734 2 2 1 1 334 7426 216
14735 2 2 1 1 4549 7433 4528
14736 2 2 1 1 5087 7547 3856
14737 2 2 1 1 4067 7546 4503
14738 2 2 1 1 5459 7427 5463
14739 2 2 1 1 4516 7494 422
14740 2 2 1 1 4777 7509 413
14741 2 2 1 1 448 7510 4487
14742 2 2 1 1 446 7522 4635
14743 2 2 1 1 4466 7456 5604
14744 2 2 1 1 5536 7493 5485
14745 2 2 1 1 4848 7492 5387
14746 2 2 1 1 7422 7481 170
14747 2 2 1 1 76 7480 7421
14748 2 2 1 1 319 7439 318
14749 2 2 1 1 4461 7440 3365
14750 2 2 1 1 2718 7440 2807
14751 2 2 1 1 5118 7442 4435
14752 2 2 1 1 4467 7441 4468
14753 2 2 1 1 3417 7446 7016
14754 2 2 1 1 5802 7451 5803
14755 2 2 1 1 386 7499 5147
14756 2 2 1 1 5788 7486 438
14757 2 2 1 1 7102 7454 4347
14758 2 2 1 1 6741 7454 3359
14759 2 2 1 1 3393 7455 3104
14760 2 2 1 1 3410 7456 3103
14761 2 2 1 1 3351 7456 4466
14762 2 2 1 1 4434 7457 4828
14763 2 2 1 1 4112 7458 5795
14764 2 2 1 1 4462 7459 4409
14765 2 2 1 1 182 7461 181
14766 2 2 1 1 65 7462 64
14767 2 2 1 1 161 7428 5946
14768 2 2 1 1 4875 7464 4720
14769 2 2 1 1 5145 7500 5147
14770 2 2 1 1 5949 7491 4427
14771 2 2 1 1 4075 7466 4875
14772 2 2 1 1 4466 7467 4131
14773 2 2 1 1 4535 7442 4091
14774 2 2 1 1 342 7484 5761
14775 2 2 1 1 4093 7443 4092
14776 2 2 1 1 4429 7475 7426
14777 2 2 1 1 6989 7471 4462
14778 2 2 1 1 4088 7472 4434
14779 2 2 1 1 420 7482 5948
14780 2 2 1 1 4688 7474 7244
14781 2 2 1 1 4463 7473 4464
14782 2 2 1 1 4685 7474 4684
14783 2 2 1 1 214 7475 384
14784 2 2 1 1 402 7531 7423
14785 2 2 1 1 5016 7445 5058
14786 2 2 1 1 4430 7444 6682
14787 2 2 1 1 7429 7538 4530
14788 2 2 1 1 4426 7481 7422
14789 2 2 1 1 7421 7480 4469
14790 2 2 1 1 6821 7476 4093
14791 2 2 1 1 4431 7477 4415
14792 2 2 1 1 5239 7477 5240
14793 2 2 1 1 5058 7478 5008
14794 2 2 1 1 4089 7479 4430
14795 2 2 1 1 379 7480 77
14796 2 2 1 1 169 7481 394
14797 2 2 1 1 5010 7482 5013
14798 2 2 1 1 24 7483 344
14799 2 2 1 1 5756 7483 25
14800 2 2 1 1 4109 7484 4083
14801 2 2 1 1 5716 7485 406
14802 2 2 1 1 4920 7486 4919
14803 2 2 1 1 4498 7496 243
14804 2 2 1 1 7434 7537 3410
14805 2 2 1 1 320 7435 319
14806 2 2 1 1 407 7490 5135
14807 2 2 1 1 4686 7489 419
14808 2 2 1 1 443 7479 5386
14809 2 2 1 1 5537 7478 434
14810 2 2 1 1 5155 7487 6758
14811 2 2 1 1 405 7488 5725
14812 2 2 1 1 419 7489 177
14813 2 2 1 1 176 7489 353
14814 2 2 1 1 355 7490 70
14815 2 2 1 1 69 7490 407
14816 2 2 1 1 218 7491 5949
14817 2 2 1 1 389 7491 219
14818 2 2 1 1 4432 7453 4431
14819 2 2 1 1 5387 7492 54
14820 2 2 1 1 53 7492 331
14821 2 2 1 1 192 7493 5536
14822 2 2 1 1 332 7493 193
14823 2 2 1 1 228 7494 350
14824 2 2 1 1 422 7494 229
14825 2 2 1 1 398 7495 80
14826 2 2 1 1 79 7495 5393
14827 2 2 1 1 4178 7429 5081
14828 2 2 1 1 401 7497 238
14829 2 2 1 1 237 7497 5538
14830 2 2 1 1 5762 7476 421
14831 2 2 1 1 5147 7499 5146
14832 2 2 1 1 4405 7499 4792
14833 2 2 1 1 4436 7498 4822
14834 2 2 1 1 60 7500 339
14835 2 2 1 1 4665 7501 4433
14836 2 2 1 1 5431 7502 6361
14837 2 2 1 1 4417 7504 4734
14838 2 2 1 1 4706 7503 4406
14839 2 2 1 1 400 7505 165
14840 2 2 1 1 81 7506 398
14841 2 2 1 1 164 7505 450
14842 2 2 1 1 358 7507 231
14843 2 2 1 1 230 7507 422
14844 2 2 1 1 446 7508 16
14845 2 2 1 1 15 7508 368
14846 2 2 1 1 413 7509 203
14847 2 2 1 1 202 7509 324
14848 2 2 1 1 43 7510 448
14849 2 2 1 1 322 7510 44
14850 2 2 1 1 360 7511 205
14851 2 2 1 1 41 7512 365
14852 2 2 1 1 448 7512 42
14853 2 2 1 1 204 7511 413
14854 2 2 1 1 407 7513 68
14855 2 2 1 1 67 7513 5822
14856 2 2 1 1 178 7514 419
14857 2 2 1 1 4719 7515 4696
14858 2 2 1 1 223 7516 342
14859 2 2 1 1 421 7516 224
14860 2 2 1 1 344 7517 23
14861 2 2 1 1 4523 7465 3368
14862 2 2 1 1 5013 7447 5014
14863 2 2 1 1 6673 7434 3410
14864 2 2 1 1 4421 7518 4408
14865 2 2 1 1 4843 7519 4845
14866 2 2 1 1 4428 7520 6644
14867 2 2 1 1 4413 7521 7031
14868 2 2 1 1 17 7522 446
14869 2 2 1 1 349 7522 18
14870 2 2 1 1 4412 7523 7212
14871 2 2 1 1 4424 7524 4425
14872 2 2 1 1 5023 7525 5006
14873 2 2 1 1 4411 7526 7412
14874 2 2 1 1 4567 7448 4109
14875 2 2 1 1 384 7544 7458
14876 2 2 1 1 4487 7430 4550
14877 2 2 1 1 3368 7465 2782
14878 2 2 1 1 63 7431 386
14879 2 2 1 1 382 7432 183
14880 2 2 1 1 404 7433 4549
14881 2 2 1 1 5458 7434 5461
14882 2 2 1 1 400 7527 4531
14883 2 2 1 1 5769 7460 442
14884 2 2 1 1 5711 7485 4949
14885 2 2 1 1 4145 7545 4601
14886 2 2 1 1 7423 7531 4524
14887 2 2 1 1 6512 7528 5947
14888 2 2 1 1 84 7530 2
14889 2 2 1 1 3 7529 162
14890 2 2 1 1 163 7529 3
14891 2 2 1 1 2 7530 83
14892 2 2 1 1 7312 7530 452
14893 2 2 1 1 3363 7547 4071
14894 2 2 1 1 4458 7546 4068
14895 2 2 1 1 5822 7473 347
14896 2 2 1 1 6207 7450 4920
14897 2 2 1 1 4071 7545 3364
14898 2 2 1 1 3054 7543 5952
14899 2 2 1 1 22 7517 5240
14900 2 2 1 1 426 7472 5758
14901 2 2 1 1 5391 7463 5392
14902 2 2 1 1 5625 7471 360
14903 2 2 1 1 365 7470 5768
14904 2 2 1 1 242 7533 4
14905 2 2 1 1 4 7533 241
14906 2 2 1 1 166 7527 400
14907 2 2 1 1 4675 7451 4677
14908 2 2 1 1 5131 7450 6207
14909 2 2 1 1 4674 7488 5803
14910 2 2 1 1 437 7469 5388
14911 2 2 1 1 5804 7468 433
14912 2 2 1 1 5442 7466 358
14913 2 2 1 1 368 7467 5603
14914 2 2 1 1 7425 7449 5154
14915 2 2 1 1 5154 7449 5155
14916 2 2 1 1 5972 7448 4567
14917 2 2 1 1 6036 7464 414
14918 2 2 1 1 339 7463 5391
14919 2 2 1 1 4685 7514 179
14920 2 2 1 1 442 7460 5523
14921 2 2 1 1 5598 7459 435
14922 2 2 1 1 6682 7444 5069
14923 2 2 1 1 5486 7445 5016
14924 2 2 1 1 384 7458 5806
14925 2 2 1 1 392 7457 5752
14926 2 2 1 1 433 7468 5535
14927 2 2 1 1 5392 7469 437
14928 2 2 1 1 4092 7443 7233
14929 2 2 1 1 5014 7447 7419
14930 2 2 1 1 318 7439 399
14931 2 2 1 1 3365 7440 2718
14932 2 2 1 1 5 7535 1
14933 2 2 1 1 1 7535 320
14934 2 2 1 1 6117 7452 401
14935 2 2 1 1 5778 7453 349
14936 2 2 1 1 4468 7441 6665
14937 2 2 1 1 5393 7441 379
14938 2 2 1 1 4091 7442 5118
14939 2 2 1 1 2782 7465 3054
14940 2 2 1 1 350 7443 5763
14941 2 2 1 1 331 7444 5799
14942 2 2 1 1 5672 7445 332
14943 2 2 1 1 7016 7446 4368
14944 2 2 1 1 324 7447 5805
14945 2 2 1 1 5760 7448 389
14946 2 2 1 1 396 7449 5756
14947 2 2 1 1 4071 7547 7436
14948 2 2 1 1 7437 7546 4458
14949 2 2 1 1 5588 7450 355
14950 2 2 1 1 353 7451 5802
14951 2 2 1 1 5768 7470 5769
14952 2 2 1 1 4470 7452 4076
14953 2 2 1 1 4347 7454 6741
14954 2 2 1 1 7416 7453 4432
14955 2 2 1 1 4529 7538 3076
14956 2 2 1 1 6673 7543 7434
14957 2 2 1 1 3104 7455 3415
14958 2 2 1 1 7438 7545 4071
14959 2 2 1 1 3103 7456 3351
14960 2 2 1 1 4828 7457 5431
14961 2 2 1 1 4433 7458 4112
14962 2 2 1 1 4409 7459 4706
14963 2 2 1 1 4734 7460 4134
14964 2 2 1 1 181 7461 348
14965 2 2 1 1 347 7462 65
14966 2 2 1 1 7434 7543 5461
14967 2 2 1 1 5144 7463 5143
14968 2 2 1 1 4522 7534 4525
14969 2 2 1 1 4720 7464 4719
14970 2 2 1 1 5240 7517 4478
14971 2 2 1 1 6822 7466 4075
14972 2 2 1 1 4131 7467 4631
14973 2 2 1 1 6734 7468 4421
14974 2 2 1 1 4845 7469 4846
14975 2 2 1 1 7312 7506 82
14976 2 2 1 1 4090 7470 7044
14977 2 2 1 1 4474 7471 6989
14978 2 2 1 1 7031 7472 4088
14979 2 2 1 1 4464 7473 7182
14980 2 2 1 1 4684 7474 4688
14981 2 2 1 1 3054 7465 7427
14982 2 2 1 1 4524 7531 4523
14983 2 2 1 1 215 7475 214
14984 2 2 1 1 4683 7514 4685
14985 2 2 1 1 4475 7476 6821
14986 2 2 1 1 4415 7477 5239
14987 2 2 1 1 6254 7528 7418
14988 2 2 1 1 5008 7478 5023
14989 2 2 1 1 7412 7479 4089
14990 2 2 1 1 4949 7485 4419
14991 2 2 1 1 77 7480 76
14992 2 2 1 1 170 7481 169
14993 2 2 1 1 5635 7488 4674
14994 2 2 1 1 5009 7482 5010
14995 2 2 1 1 25 7483 24
14996 2 2 1 1 4083 7484 6765
14997 2 2 1 1 406 7485 5711
14998 2 2 1 1 7418 7528 5534
14999 2 2 1 1 4919 7486 4420
15000 2 2 1 1 4535 7527 167
15001 2 2 1 1 6758 7487 4414
15002 2 2 1 1 5803 7488 405
15003 2 2 1 1 177 7489 176
15004 2 2 1 1 70 7490 69
15005 2 2 1 1 219 7491 218
15006 2 2 1 1 451 7533 7496
15007 2 2 1 1 54 7492 53
15008 2 2 1 1 193 7493 192
15009 2 2 1 1 229 7494 228
15010 2 2 1 1 80 7495 79
15011 2 2 1 1 243 7496 242
15012 2 2 1 1 238 7497 237
15013 2 2 1 1 5146 7499 4405
15014 2 2 1 1 4822 7498 6254
15015 2 2 1 1 61 7500 60
15016 2 2 1 1 4519 7532 4518
15017 2 2 1 1 4422 7501 4665
15018 2 2 1 1 6361 7502 4418
15019 2 2 1 1 4406 7503 4422
15020 2 2 1 1 4418 7504 4417
15021 2 2 1 1 165 7505 164
15022 2 2 1 1 82 7506 81
15023 2 2 1 1 4789 7506 7312
15024 2 2 1 1 231 7507 230
15025 2 2 1 1 16 7508 15
15026 2 2 1 1 203 7509 202
15027 2 2 1 1 44 7510 43
15028 2 2 1 1 42 7512 41
15029 2 2 1 1 205 7511 204
15030 2 2 1 1 4530 7538 4529
15031 2 2 1 1 68 7513 67
15032 2 2 1 1 179 7514 178
15033 2 2 1 1 4696 7515 4473
15034 2 2 1 1 224 7516 223
15035 2 2 1 1 23 7517 22
15036 2 2 1 1 7496 7540 451
15037 2 2 1 1 4521 7534 4522
15038 2 2 1 1 4408 7518 5484
15039 2 2 1 1 4844 7519 4843
15040 2 2 1 1 6644 7520 4423
15041 2 2 1 1 4414 7521 4413
15042 2 2 1 1 18 7522 17
15043 2 2 1 1 167 7527 166
15044 2 2 1 1 4420 7523 4412
15045 2 2 1 1 4425 7524 5635
15046 2 2 1 1 5006 7525 5009
15047 2 2 1 1 4419 7526 4411
15048 2 2 1 1 4518 7532 411
15049 2 2 1 1 4531 7527 4535
15050 2 2 1 1 399 7534 4521
15051 2 2 1 1 4525 7534 7439
15052 2 2 1 1 162 7529 7428
15053 2 2 1 1 5534 7528 6512
15054 2 2 1 1 453 7535 5
15055 2 2 1 1 241 7533 451
15056 2 2 1 1 452 7530 84
15057 2 2 1 1 450 7529 163
15058 2 2 1 1 7436 7547 5087
15059 2 2 1 1 4503 7546 7437
15060 2 2 1 1 5463 7531 402
15061 2 2 1 1 411 7532 5605
15062 2 2 1 1 4497 7540 4498
15063 2 2 1 1 3410 7537 7456
15064 2 2 1 1 7481 7542 394
15065 2 2 1 1 379 7541 7480
15066 2 2 1 1 7475 7544 384
15067 2 2 1 1 5604 7537 5460
15068 2 2 1 1 3417 7536 7446
15069 2 2 1 1 7102 7539 7454
15070 2 2 1 1 5533 7536 5534
15071 2 2 1 1 5795 7544 4429
15072 2 2 1 1 3076 7538 5197
15073 2 2 1 1 4435 7542 4426
15074 2 2 1 1 4469 7541 4467
15075 2 2 1 1 5952 7543 6673
15076 2 2 1 1 3364 7545 4145
15077 2 2 1 1 4068 7546 4067
15078 2 2 1 1 3856 7547 3363
15079 2 2 1 1 7428 7529 450
15080 2 2 1 1 4601 7545 7438
15081 2 2 1 1 4519 7539 7424
15082 2 2 1 1 7435 7535 453
15083 2 2 1 1 320 7535 7435
15084 2 2 1 1 7439 7534 399
15085 2 2 1 1 7446 7536 5533
15086 2 2 1 1 7456 7537 5604
15087 2 2 1 1 7454 7539 4519
15088 2 2 1 1 7496 7533 242
15089 2 2 1 1 4429 7544 7475
15090 2 2 1 1 4426 7542 7481
15091 2 2 1 1 7480 7541 4469
15092 2 2 1 1 4498 7540 7496
$EndElements
